elapsed_s,lat_deg,lon_deg,yaw_rad,speed_mps,depth_m,alt_asf_m
1.088e-06,39,-76.5,0,0,0,60
0.050173974,39,-76.5,0,0,0,60
0.10048544,39,-76.5,0,0,0,60
0.150683475,39.00000002,-76.5,6.235012506e-13,0.049999008,0,60
0.200907859,39.00000007,-76.5,-4.935777448e-12,0.100000337,0,60
0.251186703,39.00000014,-76.5,-1.146317409e-13,0.15004363,0,60
0.301393829,39.00000023,-76.5,6.189545103e-13,0.200031481,0,60
0.35160803,39.00000034,-76.5,-6.200526864e-12,0.250006399,0,60
0.401852004,39.00000047,-76.5,-6.035450362e-12,0.299987658,0,60
0.452040831,39.00000063,-76.5,4.371085183e-12,0.350115253,0,60
0.502253371,39.00000081,-76.5,-1.403686274e-13,0.399993362,0,60
0.552420572,39.00000101,-76.5,-1.67510536e-12,0.450027769,0,60
0.602616621,39.00000124,-76.5,-1.712274523e-12,0.500037771,0,60
0.652832762,39.00000149,-76.5,-1.536280278e-12,0.550063566,0,60
0.703030579,39.00000176,-76.5,4.009077493e-12,0.600045626,0,60
0.753196574,39.00000205,-76.5,-2.799663558e-12,0.650060206,0,60
0.803440393,39.00000236,-76.5,-8.239754291e-12,0.699985293,0,60
0.853611387,39.0000027,-76.5,4.324122063e-12,0.750006247,0,60
0.903801832,39.00000306,-76.5,-4.864852558e-12,0.799988793,0,60
0.953972624,39.00000345,-76.5,-4.699578867e-12,0.84999819,0,60
1.004129711,39.00000385,-76.5,-6.641529584e-12,0.900027842,0,60
1.054330928,39.00000428,-76.5,-2.099797886e-13,0.950029644,0,60
1.104492979,39.00000473,-76.5,-3.599419156e-12,0.999992501,0,60
1.15467178,39.0000052,-76.5,3.364024099e-12,1.04999639,0,60
1.204840712,39.0000057,-76.5,-1.462219392e-12,1.100001028,0,60
1.254991316,39.00000622,-76.5,-8.050491652e-12,1.150041598,0,60
1.305136098,39.00000676,-76.5,-3.167346859e-12,1.199996289,0,60
1.355296741,39.00000732,-76.5,-4.370406355e-14,1.249999538,0,60
1.405455092,39.0000079,-76.5,4.015789336e-12,1.299987958,0,60
1.455666754,39.00000851,-76.5,-1.177574149e-11,1.349995052,0,60
1.505923694,39.00000914,-76.5,-1.468238452e-11,1.39999108,0,60
1.556083684,39.0000098,-76.5,2.102172818e-12,1.449997481,0,60
1.606242732,39.00001047,-76.5,-1.25673571e-12,1.500010084,0,60
1.656385897,39.00001117,-76.5,-1.054137733e-11,1.549987566,0,60
1.706539271,39.00001189,-76.5,9.236005881e-12,1.599988635,0,60
1.75669397,39.00001263,-76.5,-1.149626755e-11,1.650050146,0,60
1.806848409,39.0000134,-76.5,5.321620278e-12,1.699982176,0,60
1.857011338,39.00001419,-76.5,-6.653637965e-12,1.749995739,0,60
1.90719675,39.000015,-76.5,1.007085523e-11,1.799991893,0,60
1.957368028,39.00001583,-76.5,-7.762152762e-12,1.850009976,0,60
2.007581858,39.00001669,-76.5,2.251244423e-12,1.900026116,0,60
2.057786353,39.00001757,-76.5,7.159959966e-12,1.950019136,0,60
2.107954809,39.00001847,-76.5,6.14127554e-12,2.000011164,0,60
2.158149635,39.00001939,-76.5,5.643784724e-12,2.050017627,0,60
2.208318322,39.00002034,-76.5,-1.070604187e-11,2.100030413,0,60
2.258485132,39.0000213,-76.5,-1.144610135e-12,2.149995692,0,60
2.308630278,39.00002229,-76.5,-1.745708017e-12,2.200019218,0,60
2.358849774,39.00002331,-76.5,-1.757401965e-13,2.250028589,0,60
2.409058912,39.00002434,-76.5,-2.413868105e-12,2.299985895,0,60
2.459250424,39.0000254,-76.5,1.035202805e-12,2.35001563,0,60
2.509440909,39.00002648,-76.5,1.035202805e-12,2.400006938,0,60
2.55964511,39.00002759,-76.5,-4.416274041e-13,2.450000327,0,60
2.609838212,39.00002871,-76.5,-7.125439011e-13,2.499996137,0,60
2.660012613,39.00002986,-76.5,4.056375662e-12,2.550012628,0,60
2.710227535,39.00003103,-76.5,1.601238746e-12,2.599988956,0,60
2.760402752,39.00003223,-76.5,-1.607299254e-11,2.649994566,0,60
2.810573445,39.00003344,-76.5,-3.680700644e-13,2.699985719,0,60
2.860782596,39.00003468,-76.5,-9.018894767e-12,2.749984447,0,60
2.911017703,39.00003594,-76.5,-1.230301547e-11,2.799998371,0,60
2.961212579,39.00003722,-76.5,4.78062404e-12,2.84999793,0,60
3.011392496,39.00003853,-76.5,-2.142157328e-12,2.89998541,0,60
3.061562523,39.00003986,-76.5,6.93427582e-12,2.950008195,0,60
3.1117811,39.00004121,-76.5,-6.103455005e-12,3,0,60
3.162017963,39.00004256,-76.5,-4.202732861e-12,3,0,60
3.212261431,39.00004391,-76.5,-5.645272888e-12,3,0,60
3.262521034,39.00004527,-76.5,-4.117537991e-13,3,0,60
3.312790719,39.00004662,-76.5,-6.307959583e-13,3,0,60
3.362991353,39.00004797,-76.5,-4.601538076e-12,3,0,60
3.413201755,39.00004932,-76.5,-7.12807041e-12,3,0,60
3.463401895,39.00005067,-76.5,1.658519962e-12,3,0,60
3.513602841,39.00005202,-76.5,6.810225195e-12,3,0,60
3.563822433,39.00005337,-76.5,5.825894143e-12,3,0,60
3.614035364,39.00005472,-76.5,2.597713688e-12,3,0,60
3.66425125,39.00005607,-76.5,1.115174673e-11,3,0,60
3.714575506,39.00005742,-76.5,1.014076506e-11,3,0,60
3.764819432,39.00005878,-76.5,-1.023161851e-12,3,0,60
3.815045145,39.00006013,-76.5,8.13801363e-12,3,0,60
3.865252035,39.00006148,-76.5,1.012357615e-11,3,0,60
3.915499792,39.00006283,-76.5,-1.099387367e-11,3,0,60
3.965708664,39.00006418,-76.5,-7.18927036e-12,3,0,60
4.015924694,39.00006553,-76.5,4.194014905e-12,3,0,60
4.066131983,39.00006688,-76.5,1.338891932e-12,3,0,60
4.116347531,39.00006823,-76.5,3.601411897e-12,3,0,60
4.166564095,39.00006958,-76.5,5.691271097e-12,3,0,60
4.216772949,39.00007094,-76.5,6.255832102e-12,3,0,60
4.26693702,39.00007229,-76.5,6.992194986e-12,3,0,60
4.317087488,39.00007364,-76.5,-1.155072706e-12,3,0,60
4.367250406,39.00007499,-76.5,1.840731471e-12,3,0,60
4.417412185,39.00007634,-76.5,5.058062978e-12,3,0,60
4.467579151,39.00007769,-76.5,-3.030429207e-12,3,0,60
4.517735738,39.00007904,-76.5,2.504198978e-12,3,0,60
4.567891551,39.00008039,-76.5,1.95085526e-12,3,0,60
4.618044804,39.00008174,-76.5,-5.589758794e-12,3,0,60
4.668235293,39.0000831,-76.5,-9.67063421e-12,3,0,60
4.718410413,39.00008445,-76.5,-7.411911948e-12,3,0,60
4.768572461,39.0000858,-76.5,-4.980096826e-12,3,0,60
4.818730791,39.00008715,-76.5,-4.155170341e-12,3,0,60
4.868873751,39.0000885,-76.5,8.170242386e-12,3,0,60
4.919028205,39.00008985,-76.5,-8.631443949e-12,3,0,60
4.969199063,39.0000912,-76.5,-1.765408939e-12,3,0,60
5.019406486,39.00009255,-76.5,-1.170830899e-11,3,0,60
5.069640011,39.00009391,-76.5,7.486231054e-12,3,0,60
5.119828,39.00009526,-76.5,3.567973251e-12,3,0,60
5.170006618,39.00009661,-76.5,-5.446416771e-12,3,0,60
5.220153825,39.00009796,-76.5,1.313089464e-12,3,0,60
5.270314934,39.00009931,-76.5,-3.455022206e-12,3,0,60
5.320464916,39.00010066,-76.5,-1.657350013e-12,3,0,60
5.370635765,39.00010201,-76.5,-6.844723821e-12,3,0,60
5.420815115,39.00010336,-76.5,4.826371973e-12,3,0,60
5.470974155,39.00010471,-76.5,7.928229355e-12,3,0,60
5.521144469,39.00010607,-76.5,9.769041696e-12,3,0,60
5.571312618,39.00010742,-76.5,-1.176569581e-11,3,0,60
5.621468702,39.00010877,-76.5,9.146933733e-12,3,0,60
5.671623192,39.00011012,-76.5,3.682476015e-12,3,0,60
5.721835708,39.00011147,-76.5,-2.952637627e-12,3,0,60
5.772002254,39.00011282,-76.5,9.897925998e-12,3,0,60
5.822169697,39.00011417,-76.5,9.615243056e-12,3,0,60
5.872317246,39.00011552,-76.5,9.664563069e-13,3,0,60
5.922498057,39.00011688,-76.5,-7.262417334e-12,3,0,60
5.972827237,39.00011823,-76.5,3.337398198e-12,3,0,60
6.023041667,39.00011958,-76.5,-6.666828321e-12,3,0,60
6.073317447,39.00012228,-76.5,6.223145398e-12,3,0,60
6.123485688,39.00012363,-76.5,-1.149716631e-12,3,0,60
6.173639372,39.00012498,-76.5,6.147861229e-12,3,0,60
6.223783269,39.00012633,-76.5,5.052825854e-12,3,0,60
6.273962548,39.00012769,-76.5,7.702030748e-12,3,0,60
6.324117071,39.00012904,-76.5,1.841706094e-12,3,0,60
6.374270812,39.00013039,-76.5,-3.960358561e-13,3,0,60
6.424453301,39.00013174,-76.5,-8.257660657e-12,3,0,60
6.474626204,39.00013309,-76.5,4.884244317e-12,3,0,60
6.524802404,39.00013444,-76.5,-7.922599307e-12,3,0,60
6.574958305,39.00013579,-76.5,9.370653989e-12,3,0,60
6.625107734,39.00013714,-76.5,4.178044823e-12,3,0,60
6.675281915,39.00013849,-76.5,-2.474010664e-12,3,0,60
6.725443854,39.00013985,-76.5,-8.0031035e-13,3,0,60
6.775625395,39.0001412,-76.5,3.01241286e-12,3,0,60
6.825816024,39.00014255,-76.5,1.86289074e-12,3,0,60
6.875967777,39.0001439,-76.5,4.969005877e-12,3,0,60
6.926118613,39.00014525,-76.5,-8.712604459e-13,3,0,60
6.976268325,39.0001466,-76.5,-7.153351691e-12,3,0,60
7.026461511,39.00014795,-76.5,-2.873759754e-12,3,0,60
7.076615264,39.0001493,-76.5,-7.627883908e-12,3,0,60
7.126839816,39.00015066,-76.5,5.166351954e-12,3,0,60
7.177000536,39.00015201,-76.5,-1.625565953e-12,3,0,60
7.227180422,39.00015336,-76.5,-1.527423822e-12,3,0,60
7.277324762,39.00015471,-76.5,4.919958046e-12,3,0,60
7.327490254,39.00015606,-76.5,-3.802008334e-12,3,0,60
7.377638342,39.00015741,-76.5,2.852972311e-12,3,0,60
7.42780063,39.00015876,-76.5,2.284823373e-12,3,0,60
7.477966332,39.00016011,-76.5,-5.454428619e-12,3,0,60
7.528117734,39.00016146,-76.5,5.020047312e-12,3,0,60
7.578272422,39.00016281,-76.5,-1.568648288e-12,3,0,60
7.628420608,39.00016417,-76.5,5.180509387e-13,3,0,60
7.678565958,39.00016552,-76.5,4.261631136e-12,3,0,60
7.728697503,39.00016687,-76.5,-3.493433893e-12,3,0,60
7.778842891,39.00016822,-76.5,-7.032997886e-13,3,0,60
7.829029047,39.00016957,-76.5,-5.579986659e-13,3,0,60
7.879194802,39.00017092,-76.5,2.662595995e-12,3,0,60
7.929391543,39.00017227,-76.5,-1.234363567e-11,3,0,60
7.97959916,39.00017362,-76.5,-1.642528998e-12,3,0,60
8.02983337,39.00017498,-76.5,1.766305085e-12,3,0,60
8.080001592,39.00017633,-76.5,8.132526335e-12,3,0,60
8.13020802,39.00017768,-76.5,-3.467357905e-12,3,0,60
8.180387225,39.00017903,-76.5,-4.991742811e-12,3,0,60
8.230590179,39.00018038,-76.5,-5.014265923e-12,3,0,60
8.280767018,39.00018173,-76.5,9.961927336e-12,3,0,60
8.330952622,39.00018308,-76.5,-8.337941432e-13,3,0,60
8.381182256,39.00018443,-76.5,-9.260723064e-13,3,0,60
8.43138901,39.00018579,-76.5,1.466564797e-12,3,0,60
8.481592433,39.00018714,-76.5,5.827492752e-12,3,0,60
8.531832313,39.00018849,-76.5,-8.376891119e-13,3,0,60
8.582031074,39.00018984,-76.5,-5.674501513e-12,3,0,60
8.632269171,39.00019119,-76.5,-7.30860312e-12,3,0,60
8.682430208,39.00019254,-76.5,5.57606532e-12,3,0,60
8.732587704,39.00019389,-76.5,-6.582579325e-13,3,0,60
8.782749084,39.00019524,-76.5,-6.235067006e-13,3,0,60
8.832900705,39.00019659,-76.5,-1.081869902e-11,3,0,60
8.883074932,39.00019794,-76.5,-9.838247854e-13,3,0,60
8.933294388,39.0001993,-76.5,-7.690174612e-12,3,0,60
8.983467806,39.00020065,-76.5,6.372199186e-13,3,0,60
9.033613109,39.000202,-76.5,1.349228507e-13,3,0,60
9.083789064,39.00020335,-76.5,3.040204452e-12,3,0,60
9.133938036,39.0002047,-76.5,-4.053838141e-12,3,0,60
9.184099976,39.00020605,-76.5,-5.102352272e-12,3,0,60
9.23430081,39.0002074,-76.5,6.447839352e-12,3,0,60
9.284495535,39.00020876,-76.5,-1.713210239e-12,3,0,60
9.334716992,39.00021011,-76.5,7.726035802e-13,3,0,60
9.384937376,39.00021146,-76.5,3.256444445e-12,3,0,60
9.435092857,39.00021281,-76.5,-9.932086191e-13,3,0,60
9.485255285,39.00021416,-76.5,-5.799282569e-12,3,0,60
9.535407273,39.00021551,-76.5,-6.224823334e-13,3,0,60
9.585572665,39.00021686,-76.5,7.792094845e-12,3,0,60
9.635794828,39.00021821,-76.5,3.66426606e-12,3,0,60
9.685957246,39.00021956,-76.5,1.288500424e-12,3,0,60
9.7361034,39.00022091,-76.5,5.235243952e-12,3,0,60
9.78624502,39.00022227,-76.5,-3.821900646e-12,3,0,60
9.836382902,39.00022362,-76.5,-7.356263402e-12,3,0,60
9.886543138,39.00022497,-76.5,-1.82822281e-12,3,0,60
9.936685546,39.00022632,-76.5,-1.82822281e-12,3,0,60
9.986853448,39.00022767,-76.5,-1.302079489e-11,3,0,60
10.03702888,39.00022902,-76.5,2.345109816e-12,3,0,60
10.08723102,39.00023037,-76.5,-2.846728183e-12,3,0,60
10.13741643,39.00023172,-76.5,8.682381775e-12,3,0,60
10.18764422,39.00023308,-76.5,6.442814297e-12,3,0,60
10.23782783,39.00023443,-76.5,3.502940898e-12,3,0,60
10.28797148,39.00023578,-76.5,-1.590765912e-12,3,0,60
10.33811441,39.00023713,-76.5,1.187437506e-13,3,0,60
10.38825788,39.00023848,-76.5,1.177298539e-11,3,0,60
10.43848098,39.00023983,-76.5,3.848982814e-12,3,0,60
10.48863239,39.00024118,-76.5,-5.406547565e-12,3,0,60
10.53883442,39.00024253,-76.5,1.150612997e-12,3,0,60
10.58899881,39.00024389,-76.5,-3.296829111e-13,3,0,60
10.63914968,39.00024524,-76.5,7.103787586e-13,3,0,60
10.68930576,39.00024659,-76.5,2.972957668e-12,3,0,60
10.73951986,39.00024794,-76.5,-1.064808626e-12,3,0,60
10.78973082,39.00024929,-76.5,2.40284519e-12,3,0,60
10.83988142,39.00025064,-76.5,-5.995634747e-12,3,0,60
10.89003606,39.00025199,-76.5,-1.554538513e-12,3,0,60
10.94019263,39.00025334,-76.5,4.345692923e-12,3,0,60
10.9903486,39.0002547,-76.5,1.612842257e-13,3,0,60
11.04049045,39.00025605,-76.5,1.084092764e-12,3,0,60
11.09063817,39.0002574,-76.5,4.678137469e-12,3,0,60
11.14079929,39.00025875,-76.5,-7.23655554e-12,3,0,60
11.19094017,39.0002601,-76.5,-2.563397761e-12,3,0,60
11.2410838,39.00026145,-76.5,-1.30631944e-12,3,0,60
11.29128241,39.0002628,-76.5,-9.998395302e-12,3,0,60
11.34146841,39.00026415,-76.5,-1.699442072e-13,3,0,60
11.39167542,39.0002655,-76.5,-4.599807704e-12,3,0,60
11.44187804,39.00026686,-76.5,-4.185152296e-12,3,0,60
11.49202324,39.00026821,-76.5,3.149024626e-12,3,0,60
11.54220488,39.00026956,-76.5,-1.49978728e-12,3,0,60
11.59238245,39.00027091,-76.5,-4.427038612e-12,3,0,60
11.64256412,39.00027226,-76.5,1.43013018e-12,3,0,60
11.6927197,39.00027361,-76.5,6.154810188e-12,3,0,60
11.74295009,39.00027496,-76.5,5.027965012e-13,3,0,60
11.79311688,39.00027631,-76.5,-6.756180294e-12,3,0,60
11.84329345,39.00027766,-76.5,-5.016939242e-12,3,0,60
11.89348727,39.00027902,-76.5,8.909661373e-12,3,0,60
11.94367213,39.00028037,-76.5,3.643635914e-12,3,0,60
11.99386646,39.00028172,-76.5,7.101706637e-12,3,0,60
12.0440333,39.00028307,-76.5,3.18147662e-12,3,0,60
12.0941944,39.00028442,-76.5,1.314290125e-12,3,0,60
12.14438005,39.00028577,-76.5,-3.572502159e-12,3,0,60
12.19455718,39.00028712,-76.5,-1.438522979e-12,3,0,60
12.24470206,39.00028847,-76.5,6.768665244e-13,3,0,60
12.29490838,39.00028982,-76.5,-9.34346944e-12,3,0,60
12.34511264,39.00029118,-76.5,-1.594580026e-11,3,0,60
12.39530394,39.00029253,-76.5,-1.262279783e-12,3,0,60
12.44548074,39.00029388,-76.5,4.199908924e-12,3,0,60
12.4957107,39.00029523,-76.5,-8.964078211e-13,3,0,60
12.54601257,39.00029658,-76.5,-6.722033402e-12,3,0,60
12.59627483,39.00029793,-76.5,-5.142401986e-12,3,0,60
12.64654498,39.00029928,-76.5,-1.984034851e-13,3,0,60
12.69674259,39.00030063,-76.5,1.240714761e-11,3,0,60
12.74692834,39.00030199,-76.5,-5.441829545e-12,3,0,60
12.79710497,39.00030334,-76.5,-9.679039691e-13,3,0,60
12.84728408,39.00030469,-76.5,-3.108731262e-12,3,0,60
12.89747895,39.00030604,-76.5,-2.306902126e-12,3,0,60
12.94772568,39.00030739,-76.5,-1.558064676e-13,3,0,60
12.99797018,39.00030874,-76.5,9.542486267e-12,3,0,60
13.04813154,39.00031009,-76.5,-5.225008597e-12,3,0,60
13.09835799,39.00031144,-76.5,-5.799418508e-12,3,0,60
13.14856958,39.0003128,-76.5,1.548020488e-12,3,0,60
13.19877903,39.00031415,-76.5,7.83310907e-12,3,0,60
13.24899663,39.0003155,-76.5,-1.318218847e-11,3,0,60
13.29918819,39.00031685,-76.5,-4.878783434e-12,3,0,60
13.34940621,39.0003182,-76.5,-2.517122219e-12,3,0,60
13.39957894,39.00031955,-76.5,5.618607531e-12,3,0,60
13.44979594,39.0003209,-76.5,-4.090688646e-12,3,0,60
13.49997628,39.00032225,-76.5,-2.206157417e-12,3,0,60
13.55015718,39.0003236,-76.5,-1.093407365e-11,3,0,60
13.60035897,39.00032495,-76.5,-7.551780022e-12,3,0,60
13.6505387,39.00032631,-76.5,-9.529472126e-13,3,0,60
13.7006916,39.00032766,-76.5,-4.043839496e-12,3,0,60
13.75087521,39.00032901,-76.5,1.101772865e-11,3,0,60
13.80103757,39.00033036,-76.5,-2.337437691e-12,3,0,60
13.85119915,39.00033171,-76.5,-1.407454344e-11,3,0,60
13.90136676,39.00033306,-76.5,3.302542373e-12,3,0,60
13.95157121,39.00033441,-76.5,1.869153298e-12,3,0,60
14.00172501,39.00033576,-76.5,1.194488773e-11,3,0,60
14.0518764,39.00033711,-76.5,-2.991267594e-12,3,0,60
14.10202932,39.00033847,-76.5,-3.274927391e-12,3,0,60
14.15223751,39.00033982,-76.5,3.996927694e-12,3,0,60
14.20238003,39.00034117,-76.5,8.971868018e-12,3,0,60
14.25271049,39.00034252,-76.5,5.218946231e-12,3,0,60
14.3029501,39.00034387,-76.5,-8.758226079e-14,3,0,60
14.35316868,39.00034522,-76.5,-4.808071873e-12,3,0,60
14.40335726,39.00034657,-76.5,1.079799821e-12,3,0,60
14.45358792,39.00034792,-76.5,-4.647606731e-14,3,0,60
14.50380063,39.00034928,-76.5,-7.840572453e-12,3,0,60
14.5539971,39.00035063,-76.5,2.697484487e-12,3,0,60
14.60428661,39.00035198,-76.5,-1.013159074e-12,3,0,60
14.6544841,39.00035333,-76.5,8.478468233e-12,3,0,60
14.70467232,39.00035468,-76.5,8.748278773e-12,3,0,60
14.75486444,39.00035603,-76.5,2.501865689e-12,3,0,60
14.8050404,39.00035738,-76.5,-3.610485866e-12,3,0,60
14.85522099,39.00035873,-76.5,-3.103855836e-15,3,0,60
14.90539777,39.00036008,-76.5,6.791113905e-12,3,0,60
14.95562548,39.00036144,-76.5,-5.433240226e-12,3,0,60
15.00582696,39.00036279,-76.5,1.096457431e-11,3,0,60
15.05604946,39.00036414,-76.5,1.098251479e-13,3,0,60
15.10623943,39.00036549,-76.5,-4.602287692e-12,3,0,60
15.15642605,39.00036684,-76.5,1.118340805e-12,3,0,60
15.20659987,39.00036819,-76.5,-7.603805551e-12,3,0,60
15.25681266,39.00036954,-76.5,-1.282562408e-11,3,0,60
15.30712738,39.0003709,-76.5,-6.868367423e-12,3,0,60
15.35734635,39.00037225,-76.5,-4.932746067e-12,3,0,60
15.407583,39.0003736,-76.5,-1.107350477e-11,3,0,60
15.45780052,39.00037495,-76.5,-3.470287716e-12,3,0,60
15.50796332,39.0003763,-76.5,-9.672611796e-12,3,0,60
15.55816973,39.00037765,-76.5,-5.708008595e-12,3,0,60
15.60834632,39.000379,-76.5,5.384887169e-12,3,0,60
15.65859047,39.00038035,-76.5,9.914242526e-13,3,0,60
15.70885017,39.0003817,-76.5,-6.853582326e-12,3,0,60
15.75905318,39.00038305,-76.5,1.054700189e-11,3,0,60
15.80923871,39.00038441,-76.5,3.002605596e-12,3,0,60
15.85941986,39.00038576,-76.5,-1.855167518e-12,3,0,60
15.90963822,39.00038711,-76.5,3.053118739e-12,3,0,60
15.95988358,39.00038846,-76.5,6.929917052e-12,3,0,60
16.01008474,39.00038981,-76.5,-1.014174881e-12,3,0,60
16.0603036,39.00039116,-76.5,1.038807087e-11,3,0,60
16.11049886,39.00039251,-76.5,-2.655639863e-12,3,0,60
16.16073215,39.00039386,-76.5,-3.615114854e-12,3,0,60
16.2109734,39.00039522,-76.5,1.366009876e-11,3,0,60
16.2611702,39.00039657,-76.5,-2.661844664e-12,3,0,60
16.31138519,39.00039792,-76.5,3.979027447e-12,3,0,60
16.3616212,39.00039927,-76.5,-3.815380064e-12,3,0,60
16.41182703,39.00040062,-76.5,-1.262711407e-13,3,0,60
16.46202954,39.00040197,-76.5,-2.634424798e-12,3,0,60
16.51223157,39.00040332,-76.5,-1.333938698e-12,3,0,60
16.56243471,39.00040467,-76.5,-6.645909697e-12,3,0,60
16.6126321,39.00040603,-76.5,4.586624299e-12,3,0,60
16.66283126,39.00040738,-76.5,6.103466225e-13,3,0,60
16.71303275,39.00040873,-76.5,-4.629819631e-12,3,0,60
16.7632494,39.00041008,-76.5,3.673199038e-12,3,0,60
16.8134419,39.00041143,-76.5,6.567013039e-12,3,0,60
16.86361314,39.00041278,-76.5,-1.432455528e-12,3,0,60
16.91385215,39.00041413,-76.5,4.280798708e-12,3,0,60
16.96407183,39.00041548,-76.5,5.139919946e-12,3,0,60
17.0142669,39.00041683,-76.5,-6.059104875e-13,3,0,60
17.06446194,39.00041818,-76.5,-4.087444559e-12,3,0,60
17.1146872,39.00041954,-76.5,3.809632619e-13,3,0,60
17.16488842,39.00042089,-76.5,-7.565175334e-12,3,0,60
17.2151168,39.00042224,-76.5,-7.565175334e-12,3,0,60
17.26531252,39.00042359,-76.5,-6.127263665e-12,3,0,60
17.31550977,39.00042494,-76.5,-6.522412791e-12,3,0,60
17.36574304,39.00042629,-76.5,-6.657131391e-12,3,0,60
17.41593956,39.00042764,-76.5,-6.407291496e-13,3,0,60
17.46617169,39.000429,-76.5,8.620305257e-12,3,0,60
17.51637352,39.00043035,-76.5,1.188969425e-11,3,0,60
17.5665715,39.0004317,-76.5,-9.582902188e-12,3,0,60
17.61677097,39.00043305,-76.5,-9.120686717e-12,3,0,60
17.66697277,39.0004344,-76.5,-1.317934457e-13,3,0,60
17.71716223,39.00043575,-76.5,-7.148353352e-13,3,0,60
17.76735818,39.0004371,-76.5,1.787341523e-12,3,0,60
17.81755906,39.00043845,-76.5,-5.852236958e-12,3,0,60
17.86772896,39.0004398,-76.5,7.048275487e-12,3,0,60
17.91794806,39.00044115,-76.5,-1.185370339e-11,3,0,60
17.96815973,39.00044251,-76.5,-5.927764734e-12,3,0,60
18.01835411,39.00044386,-76.5,6.781082947e-12,3,0,60
18.06855959,39.00044521,-76.5,8.30938529e-12,3,0,60
18.11878963,39.00044656,-76.5,-2.776584487e-13,3,0,60
18.16902811,39.00044791,-76.5,-2.830703303e-12,3,0,60
18.21924923,39.00044926,-76.5,6.284864008e-12,3,0,60
18.26946578,39.00045061,-76.5,-9.701130038e-12,3,0,60
18.3196705,39.00045196,-76.5,-2.347551086e-12,3,0,60
18.36992451,39.00045331,-76.5,8.135705502e-13,3,0,60
18.42012565,39.00045467,-76.5,-1.257992779e-12,3,0,60
18.47031029,39.00045602,-76.5,-1.595165548e-12,3,0,60
18.5204802,39.00045737,-76.5,4.070528596e-12,3,0,60
18.57064467,39.00045872,-76.5,1.020549044e-11,3,0,60
18.62084578,39.00046007,-76.5,-4.052682077e-12,3,0,60
18.67101491,39.00046142,-76.5,1.833945126e-12,3,0,60
18.72117508,39.00046277,-76.5,-6.669698162e-12,3,0,60
18.77133767,39.00046413,-76.5,-1.462043069e-12,3,0,60
18.82152649,39.00046548,-76.5,-8.448934689e-12,3,0,60
18.87170418,39.00046683,-76.5,-1.124381128e-11,3,0,60
18.921936,39.00046818,-76.5,6.385702472e-12,3,0,60
18.97209378,39.00046953,-76.5,9.880978987e-12,3,0,60
19.02224035,39.00047088,-76.5,-9.148635102e-13,3,0,60
19.07245594,39.00047223,-76.5,2.507736909e-12,3,0,60
19.12262147,39.00047358,-76.5,-4.393897744e-12,3,0,60
19.17278667,39.00047494,-76.5,-5.254038281e-12,3,0,60
19.22293742,39.00047629,-76.5,7.181001885e-12,3,0,60
19.27313309,39.00047764,-76.5,-1.22761239e-11,3,0,60
19.3233394,39.00048034,-76.5,4.970143422e-12,3,0,60
19.37346869,39.00048169,-76.5,-6.616658727e-12,3,0,60
19.42359333,39.00048304,-76.5,2.178579047e-12,3,0,60
19.47371851,39.00048439,-76.5,-1.145617794e-11,3,0,60
19.62408579,39.00048845,-76.5,5.60395862e-12,3,0,60
19.67421379,39.0004898,-76.5,-2.08545767e-12,3,0,60
19.7243403,39.00049115,-76.5,-1.815529209e-12,3,0,60
19.77448414,39.0004925,-76.5,-1.09889506e-12,3,0,60
19.8246095,39.00049385,-76.5,6.720850599e-12,3,0,60
19.87475582,39.0004952,-76.5,5.212060577e-12,3,0,60
19.92488809,39.00049655,-76.5,-4.107586174e-12,3,0,60
19.97501447,39.0004979,-76.5,1.628793334e-12,3,0,60
20.02513866,39.00049926,-76.5,-7.701829923e-12,3,0,60
20.07528327,39.00050061,-76.5,-2.358903129e-13,3,0,60
20.12546243,39.00050196,-76.5,-8.360384971e-13,3,0,60
20.17567965,39.00050331,-76.5,-8.8114454e-12,3,0,60
20.22590432,39.00050466,-76.5,-2.34369413e-12,3,0,60
20.27606539,39.00050601,-76.5,-4.21987251e-12,3,0,60
20.32625754,39.00050736,-76.5,3.712724878e-12,3,0,60
20.37642833,39.00050871,-76.5,2.574991591e-12,3,0,60
20.42663747,39.00051007,-76.5,8.276456928e-12,3,0,60
20.4768946,39.00051142,-76.5,1.350643815e-11,3,0,60
20.52705048,39.00051277,-76.5,3.943276072e-13,3,0,60
20.577217,39.00051412,-76.5,7.584334772e-12,3,0,60
20.6273994,39.00051547,-76.5,-5.982153601e-12,3,0,60
20.67758886,39.00051682,-76.5,1.354643579e-11,3,0,60
20.72786629,39.00051817,-76.5,6.255645782e-12,3,0,60
20.77802884,39.00051952,-76.5,-7.720581379e-12,3,0,60
20.82818953,39.00052088,-76.5,3.356871417e-12,3,0,60
20.8784084,39.00052223,-76.5,-5.798204075e-12,3,0,60
20.92857181,39.00052358,-76.5,-4.722060125e-12,3,0,60
20.97876735,39.00052493,-76.5,5.439177325e-12,3,0,60
21.02893165,39.00052628,-76.5,-2.017663215e-12,3,0,60
21.07912521,39.00052763,-76.5,8.606393882e-12,3,0,60
21.1292904,39.00052898,-76.5,-8.936991791e-13,3,0,60
21.17947078,39.00053033,-76.5,7.332812406e-12,3,0,60
21.22968301,39.00053168,-76.5,1.226788103e-11,3,0,60
21.27991254,39.00053304,-76.5,1.303511424e-11,3,0,60
21.33006544,39.00053439,-76.5,3.294814198e-12,3,0,60
21.38024581,39.00053574,-76.5,1.154215833e-11,3,0,60
21.43040436,39.00053709,-76.5,-5.083126302e-12,3,0,60
21.48055044,39.00053844,-76.5,-1.256290502e-11,3,0,60
21.53070531,39.00053979,-76.5,3.404019875e-12,3,0,60
21.58087074,39.00054114,-76.5,9.354390278e-12,3,0,60
21.63107563,39.00054249,-76.5,2.269087343e-12,3,0,60
21.68128478,39.00054384,-76.5,-6.015420444e-12,3,0,60
21.73148358,39.0005452,-76.5,7.858537442e-12,3,0,60
21.78167699,39.00054655,-76.5,3.125273749e-12,3,0,60
21.83180902,39.0005479,-76.5,1.023169032e-11,3,0,60
21.8820329,39.00054925,-76.5,4.838676621e-12,3,0,60
21.93221903,39.0005506,-76.5,1.010806947e-13,3,0,60
21.98238676,39.00055195,-76.5,3.365315944e-12,3,0,60
22.03255,39.0005533,-76.5,-2.704073168e-12,3,0,60
22.08271103,39.00055465,-76.5,5.160821895e-12,3,0,60
22.13289604,39.000556,-76.5,-1.307892765e-12,3,0,60
22.18309569,39.00055736,-76.5,-4.412106131e-12,3,0,60
22.23325533,39.00055871,-76.5,-1.051410345e-11,3,0,60
22.2834397,39.00056006,-76.5,-9.867538513e-12,3,0,60
22.3337243,39.00056141,-76.5,1.271190245e-11,3,0,60
22.38385477,39.00056276,-76.5,1.067432295e-11,3,0,60
22.43402461,39.00056411,-76.5,-1.577373819e-12,3,0,60
22.48420642,39.00056546,-76.5,1.484354366e-12,3,0,60
22.5344098,39.00056681,-76.5,-9.804254257e-12,3,0,60
22.58459385,39.00056816,-76.5,5.806382797e-12,3,0,60
22.63485017,39.00056952,-76.5,1.105085734e-11,3,0,60
22.68503648,39.00057087,-76.5,7.625426786e-13,3,0,60
22.73525299,39.00057222,-76.5,-8.107368157e-13,3,0,60
22.78545426,39.00057357,-76.5,2.675229511e-13,3,0,60
22.83568655,39.00057492,-76.5,-8.94486202e-12,3,0,60
22.88592325,39.00057627,-76.5,-7.007368217e-13,3,0,60
22.93609998,39.00057762,-76.5,6.94191566e-12,3,0,60
22.98628909,39.00057897,-76.5,1.333947977e-11,3,0,60
23.03645758,39.00058033,-76.5,-2.629273796e-12,3,0,60
23.08666557,39.00058168,-76.5,-2.179891368e-12,3,0,60
23.13684355,39.00058303,-76.5,-2.795040221e-12,3,0,60
23.18705636,39.00058438,-76.5,-2.998220645e-12,3,0,60
23.2372283,39.00058573,-76.5,1.080442659e-11,3,0,60
23.28741927,39.00058708,-76.5,5.208156543e-12,3,0,60
23.33761833,39.00058843,-76.5,6.754190426e-12,3,0,60
23.38782642,39.00058978,-76.5,6.243837842e-12,3,0,60
23.4380137,39.00059113,-76.5,-3.179861978e-12,3,0,60
23.48822032,39.00059249,-76.5,-3.283085701e-12,3,0,60
23.53838582,39.00059384,-76.5,2.364820931e-12,3,0,60
23.58854664,39.00059519,-76.5,2.597913649e-12,3,0,60
23.63872245,39.00059654,-76.5,6.043580364e-12,3,0,60
23.68892373,39.00059789,-76.5,-3.399832631e-12,3,0,60
23.73915133,39.00059924,-76.5,4.279789785e-12,3,0,60
23.7893332,39.00060059,-76.5,8.218399522e-12,3,0,60
23.83952738,39.00060194,-76.5,-5.831493034e-12,3,0,60
23.88969164,39.00060329,-76.5,4.972422234e-13,3,0,60
23.93991711,39.00060465,-76.5,-5.073980984e-12,3,0,60
23.99010578,39.000606,-76.5,3.109249842e-12,3,0,60
24.04033828,39.00060735,-76.5,-4.603900672e-13,3,0,60
24.09052331,39.0006087,-76.5,2.562887821e-12,3,0,60
24.14074076,39.00061005,-76.5,2.881299511e-12,3,0,60
24.19095747,39.0006114,-76.5,-3.040736497e-12,3,0,60
24.2411237,39.00061275,-76.5,1.358332955e-11,3,0,60
24.29128889,39.0006141,-76.5,1.035757655e-11,3,0,60
24.34150503,39.00061546,-76.5,-2.059185596e-12,3,0,60
24.39177226,39.00061681,-76.5,9.565545741e-12,3,0,60
24.44212975,39.00061816,-76.5,1.054085885e-12,3,0,60
24.49228732,39.00061951,-76.5,5.909539277e-12,3,0,60
24.5424271,39.00062086,-76.5,5.519969868e-12,3,0,60
24.59257707,39.00062221,-76.5,2.028613845e-13,3,0,60
24.64276726,39.00062356,-76.5,3.251556202e-12,3,0,60
24.69293564,39.00062491,-76.5,3.251556202e-12,3,0,60
24.74313994,39.00062626,-76.5,-5.212692586e-12,3,0,60
24.79332055,39.00062761,-76.5,2.585971392e-12,3,0,60
24.84355014,39.00062897,-76.5,6.737655223e-13,3,0,60
24.89381908,39.00063032,-76.5,1.290628234e-11,3,0,60
24.944004,39.00063167,-76.5,-1.107772895e-12,3,0,60
24.99420082,39.00063302,-76.5,-2.511520591e-12,3,0,60
25.04439504,39.00063437,-76.5,7.56080169e-12,3,0,60
25.0945749,39.00063572,-76.5,6.580567493e-13,3,0,60
25.14479546,39.00063707,-76.5,1.270132555e-11,3,0,60
25.19501923,39.00063842,-76.5,-8.166085169e-12,3,0,60
25.24519853,39.00063978,-76.5,1.398588847e-11,3,0,60
25.2953704,39.00064113,-76.5,3.47967973e-12,3,0,60
25.34554621,39.00064248,-76.5,8.833797253e-12,3,0,60
25.395817,39.00064383,-76.5,5.887071611e-12,3,0,60
25.44602218,39.00064518,-76.5,4.782807662e-12,3,0,60
25.4961865,39.00064653,-76.5,3.596701891e-12,3,0,60
25.5463954,39.00064788,-76.5,-7.319370738e-12,3,0,60
25.5965558,39.00064923,-76.5,-2.655768135e-12,3,0,60
25.64670694,39.00065058,-76.5,-3.666886369e-12,3,0,60
25.69691566,39.00065194,-76.5,2.888908684e-12,3,0,60
25.7470926,39.00065329,-76.5,-5.415070338e-12,3,0,60
25.79725881,39.00065464,-76.5,5.738778725e-12,3,0,60
25.84744227,39.00065599,-76.5,-5.412798564e-12,3,0,60
25.89773334,39.00065734,-76.5,-3.801406917e-12,3,0,60
25.9479043,39.00065869,-76.5,-4.76640272e-12,3,0,60
25.99809112,39.00066004,-76.5,-5.01930068e-12,3,0,60
26.04825687,39.0006614,-76.5,1.357665667e-12,3,0,60
26.09844246,39.00066275,-76.5,-2.391168922e-12,3,0,60
26.1486341,39.0006641,-76.5,-6.142620596e-12,3,0,60
26.19882855,39.00066545,-76.5,-1.092587476e-12,3,0,60
26.24904903,39.0006668,-76.5,-5.31777026e-12,3,0,60
26.29927777,39.00066815,-76.5,-1.122482189e-11,3,0,60
26.3494421,39.0006695,-76.5,-7.857853031e-13,3,0,60
26.39961035,39.00067085,-76.5,-7.088179172e-13,3,0,60
26.44980551,39.0006722,-76.5,7.102491971e-12,3,0,60
26.49997561,39.00067356,-76.5,-4.496268841e-12,3,0,60
26.55016125,39.00067491,-76.5,1.080458308e-11,3,0,60
26.60033416,39.00067626,-76.5,1.123310672e-12,3,0,60
26.65055403,39.00067761,-76.5,-6.767897241e-13,3,0,60
26.70074278,39.00067896,-76.5,-9.264504507e-12,3,0,60
26.75106851,39.00068031,-76.5,5.665663798e-12,3,0,60
26.80132056,39.00068166,-76.5,-2.099105369e-12,3,0,60
26.85153999,39.00068301,-76.5,6.182595721e-12,3,0,60
26.90175691,39.00068436,-76.5,3.81178449e-12,3,0,60
26.95193659,39.00068571,-76.5,2.569126773e-12,3,0,60
27.00211135,39.00068707,-76.5,-4.390795389e-12,3,0,60
27.05232069,39.00068842,-76.5,1.129425025e-11,3,0,60
27.10253021,39.00068977,-76.5,-3.699505327e-12,3,0,60
27.15273123,39.00069112,-76.5,9.358937109e-12,3,0,60
27.20296404,39.00069247,-76.5,5.464998353e-12,3,0,60
27.25322543,39.00069382,-76.5,2.857448182e-12,3,0,60
27.30345024,39.00069517,-76.5,-4.970316022e-13,3,0,60
27.35361237,39.00069653,-76.5,-1.306757169e-12,3,0,60
27.40377671,39.00069788,-76.5,1.144451007e-11,3,0,60
27.45390501,39.00069923,-76.5,7.931408856e-12,3,0,60
27.50412476,39.00070058,-76.5,1.012144582e-11,3,0,60
27.55431293,39.00070193,-76.5,-3.064322981e-12,3,0,60
27.60448232,39.00070328,-76.5,9.117538192e-13,3,0,60
27.65467186,39.00070463,-76.5,-3.731972506e-12,3,0,60
27.70480168,39.00070598,-76.5,-1.223164349e-11,3,0,60
27.75499773,39.00070733,-76.5,-8.693314643e-13,3,0,60
27.80520374,39.00070869,-76.5,3.229019064e-12,3,0,60
27.85540491,39.00071004,-76.5,7.943223765e-12,3,0,60
27.90563462,39.00071139,-76.5,5.152754606e-12,3,0,60
27.95588941,39.00071274,-76.5,-7.92243023e-13,3,0,60
28.00779798,39.00071409,-76.5,-7.394552597e-13,3,0,60
28.05798176,39.00071544,-76.5,2.224054779e-12,3,0,60
28.10833174,39.00071679,-76.5,-1.045586577e-11,3,0,60
28.15850298,39.00071814,-76.5,-3.107248487e-12,3,0,60
28.20867793,39.0007195,-76.5,-2.509297995e-12,3,0,60
28.25884196,39.00072085,-76.5,-3.614914173e-12,3,0,60
28.30901287,39.0007222,-76.5,3.074320162e-12,3,0,60
28.35916243,39.00072355,-76.5,-5.144463909e-12,3,0,60
28.40931546,39.0007249,-76.5,-1.279503304e-12,3,0,60
28.45946932,39.00072625,-76.5,1.359580848e-12,3,0,60
28.50963032,39.0007276,-76.5,3.499018734e-12,3,0,60
28.55979439,39.00072895,-76.5,6.258892138e-12,3,0,60
28.60995161,39.0007303,-76.5,6.861855229e-13,3,0,60
28.66010286,39.00073165,-76.5,-2.53946127e-12,3,0,60
28.71035915,39.00073301,-76.5,-1.146087723e-12,3,0,60
28.7605185,39.00073436,-76.5,-5.889392283e-13,3,0,60
28.81069376,39.00073571,-76.5,1.871817477e-12,3,0,60
28.86086855,39.00073706,-76.5,-1.082831447e-11,3,0,60
28.91103478,39.00073841,-76.5,-7.89444586e-12,3,0,60
28.96118944,39.00073976,-76.5,-1.801126693e-13,3,0,60
29.01136314,39.00074111,-76.5,6.03006708e-12,3,0,60
29.0615265,39.00074246,-76.5,-4.582055371e-12,3,0,60
29.11169212,39.00074382,-76.5,3.673599381e-12,3,0,60
29.16193382,39.00074517,-76.5,1.050917519e-11,3,0,60
29.21208638,39.00074652,-76.5,3.738622015e-12,3,0,60
29.26227508,39.00074787,-76.5,-7.219371999e-12,3,0,60
29.31242498,39.00074922,-76.5,9.923332597e-12,3,0,60
29.36263165,39.00075057,-76.5,1.888334735e-12,3,0,60
29.4128198,39.00075192,-76.5,1.124560257e-11,3,0,60
29.46298581,39.00075327,-76.5,-2.416746185e-12,3,0,60
29.51316467,39.00075462,-76.5,-2.106510953e-12,3,0,60
29.56333765,39.00075598,-76.5,-1.009036261e-12,3,0,60
29.61352987,39.00075733,-76.5,-6.541069021e-12,3,0,60
29.66368028,39.00075868,-76.5,8.157081963e-12,3,0,60
29.71388744,39.00076003,-76.5,1.338291614e-12,3,0,60
29.76403361,39.00076138,-76.5,-4.876813732e-12,3,0,60
29.81423242,39.00076273,-76.5,-1.089683808e-11,3,0,60
29.8643898,39.00076408,-76.5,1.258927023e-11,3,0,60
29.9145386,39.00076543,-76.5,-5.021163338e-12,3,0,60
29.96468872,39.00076678,-76.5,-6.16064847e-12,3,0,60
30.01485021,39.00076814,-76.5,1.86487428e-12,3,0,60
30.06498743,39.00076949,-76.5,-2.796039756e-12,3,0,60
30.1152348,39.00077084,-76.5,-1.497242211e-12,3,0,60
30.16535152,39.00077219,-76.5,-1.183607052e-12,3,0,60
30.2162408,39.00077354,-76.5,5.507912854e-12,3,0,60
30.26641551,39.00077489,-76.5,-4.695273555e-13,3,0,60
30.31663826,39.00077624,-76.5,-3.031390718e-12,3,0,60
30.36689777,39.00077759,-76.5,4.18123346e-12,3,0,60
30.41710798,39.00077895,-76.5,-5.205086869e-12,3,0,60
30.46733929,39.0007803,-76.5,7.095186719e-12,3,0,60
30.5175571,39.00078165,-76.5,9.219293632e-13,3,0,60
30.56779806,39.000783,-76.5,-7.759326974e-13,3,0,60
30.61796817,39.00078435,-76.5,-4.8800266e-12,3,0,60
30.66813814,39.0007857,-76.5,-1.10778195e-12,3,0,60
30.71831592,39.00078705,-76.5,2.790088272e-12,3,0,60
30.76854472,39.0007884,-76.5,1.426542478e-11,3,0,60
30.81872824,39.00078976,-76.5,6.88328488e-12,3,0,60
30.86890017,39.00079111,-76.5,2.073554768e-12,3,0,60
30.91908128,39.00079246,-76.5,-4.055801844e-12,3,0,60
30.96925316,39.00079381,-76.5,9.879588322e-12,3,0,60
31.01940289,39.00079516,-76.5,2.255374276e-12,3,0,60
31.06955066,39.00079651,-76.5,8.524132528e-12,3,0,60
31.11969391,39.00079786,-76.5,3.316319431e-12,3,0,60
31.16987594,39.00079921,-76.5,4.676875646e-12,3,0,60
31.22002441,39.00080056,-76.5,1.055846409e-11,3,0,60
31.27017042,39.00080191,-76.5,-7.501352897e-12,3,0,60
31.32032879,39.00080327,-76.5,2.0801751e-12,3,0,60
31.37050179,39.00080462,-76.5,7.866025205e-12,3,0,60
31.42071673,39.00080597,-76.5,-4.222422929e-12,3,0,60
31.47090616,39.00080732,-76.5,-1.003120493e-11,3,0,60
31.52106957,39.00080867,-76.5,9.011304756e-12,3,0,60
31.57127563,39.00081002,-76.5,-5.102902143e-12,3,0,60
31.62150803,39.00081137,-76.5,-3.028344932e-13,3,0,60
31.67176172,39.00081272,-76.5,4.876321611e-13,3,0,60
31.72196691,39.00081408,-76.5,1.894445373e-12,3,0,60
31.7721956,39.00081543,-76.5,9.672198578e-12,3,0,60
31.8223806,39.00081678,-76.5,4.50642602e-12,3,0,60
31.87257655,39.00081813,-76.5,-3.887291122e-12,3,0,60
31.92281092,39.00081948,-76.5,4.197395231e-12,3,0,60
31.97298275,39.00082083,-76.5,1.231744263e-12,3,0,60
32.02324807,39.00082218,-76.5,-1.872116787e-13,3,0,60
32.07337708,39.00082488,-76.5,3.655265941e-13,3,0,60
32.12355018,39.00082624,-76.5,-4.263143964e-12,3,0,60
32.17372253,39.00082759,-76.5,3.156830608e-12,3,0,60
32.22389331,39.00082894,-76.5,5.283665576e-12,3,0,60
32.27413209,39.00083029,-76.5,-1.100288391e-11,3,0,60
32.32423302,39.00083164,-76.5,-1.100288391e-11,3,0,60
32.37438959,39.00083299,-76.5,-3.531319769e-12,3,0,60
32.42455978,39.00083434,-76.5,-1.193048821e-11,3,0,60
32.47471414,39.00083569,-76.5,-4.186342629e-12,3,0,60
32.52490825,39.00083705,-76.5,9.817502932e-12,3,0,60
32.57515205,39.0008384,-76.5,-1.291859467e-12,3,0,60
32.62543307,39.00083975,-76.5,3.656776218e-12,3,0,60
32.67556836,39.0008411,-76.5,-9.259337295e-12,3,0,60
32.7256931,39.00084245,-76.5,2.649798057e-12,3,0,60
32.77597779,39.0008438,-76.5,2.233573224e-13,3,0,60
32.82612932,39.00084515,-76.5,2.230023312e-12,3,0,60
32.87641584,39.0008465,-76.5,-5.417947275e-13,3,0,60
32.92672274,39.00084785,-76.5,-1.077611864e-11,3,0,60
32.97689173,39.00084921,-76.5,1.922733996e-12,3,0,60
33.02703719,39.00085056,-76.5,-1.01681944e-11,3,0,60
33.07715999,39.00085191,-76.5,9.699252362e-12,3,0,60
33.12730347,39.00085326,-76.5,6.323737136e-12,3,0,60
33.17752375,39.00085461,-76.5,1.425315872e-11,3,0,60
33.22778787,39.00085596,-76.5,1.110818439e-11,3,0,60
33.27799803,39.00085731,-76.5,1.043826933e-11,3,0,60
33.32820764,39.00085866,-76.5,1.242819351e-11,3,0,60
33.37844785,39.00086001,-76.5,-3.029698483e-12,3,0,60
33.42870062,39.00086137,-76.5,1.394922835e-11,3,0,60
33.47888452,39.00086272,-76.5,4.166561219e-12,3,0,60
33.52900468,39.00086407,-76.5,9.826289703e-12,3,0,60
33.57921557,39.00086542,-76.5,3.789323071e-12,3,0,60
33.62945771,39.00086677,-76.5,-6.855113132e-12,3,0,60
33.67959679,39.00086812,-76.5,-3.970928374e-12,3,0,60
33.72977684,39.00086947,-76.5,-7.516589983e-12,3,0,60
33.77999081,39.00087082,-76.5,-1.629172911e-12,3,0,60
33.83024929,39.00087218,-76.5,-1.167487245e-11,3,0,60
33.88048771,39.00087353,-76.5,-7.945908466e-12,3,0,60
33.93070835,39.00087488,-76.5,6.566888048e-12,3,0,60
33.98090047,39.00087623,-76.5,-3.380344857e-12,3,0,60
34.03112271,39.00087758,-76.5,8.786862365e-12,3,0,60
34.08130138,39.00087893,-76.5,-1.08748356e-11,3,0,60
34.13147882,39.00088028,-76.5,8.772983448e-12,3,0,60
34.18168004,39.00088163,-76.5,7.172595919e-12,3,0,60
34.23183718,39.00088299,-76.5,-8.942219219e-13,3,0,60
34.28198655,39.00088434,-76.5,-3.179039369e-12,3,0,60
34.33214136,39.00088569,-76.5,5.736111666e-13,3,0,60
34.38231942,39.00088704,-76.5,-5.21185631e-12,3,0,60
34.43250086,39.00088839,-76.5,5.856592256e-12,3,0,60
34.4827394,39.00088974,-76.5,-1.252330329e-11,3,0,60
34.53298636,39.00089109,-76.5,5.015047964e-12,3,0,60
34.58324708,39.00089244,-76.5,1.376004274e-12,3,0,60
34.63344977,39.00089379,-76.5,-1.009175683e-11,3,0,60
34.68372624,39.00089514,-76.5,2.656205105e-12,3,0,60
34.73394253,39.0008965,-76.5,-1.951755218e-12,3,0,60
34.78413476,39.00089785,-76.5,1.25201205e-12,3,0,60
34.83431913,39.0008992,-76.5,9.38617975e-12,3,0,60
34.88450975,39.00090055,-76.5,-6.017295537e-13,3,0,60
34.93468837,39.0009019,-76.5,-3.817143493e-12,3,0,60
34.98484033,39.00090325,-76.5,4.033777615e-12,3,0,60
35.03501301,39.0009046,-76.5,3.033523575e-12,3,0,60
35.08522502,39.00090595,-76.5,-4.253006653e-12,3,0,60
35.13541737,39.00090731,-76.5,1.455064859e-11,3,0,60
35.18560539,39.00090866,-76.5,-3.045983024e-12,3,0,60
35.23579718,39.00091001,-76.5,-9.051950965e-12,3,0,60
35.28598169,39.00091136,-76.5,1.16476755e-11,3,0,60
35.33616201,39.00091271,-76.5,1.402405446e-11,3,0,60
35.38639433,39.00091406,-76.5,-2.681629553e-12,3,0,60
35.43660927,39.00091541,-76.5,-4.608017064e-12,3,0,60
35.48680111,39.00091676,-76.5,-1.884275539e-12,3,0,60
35.53697539,39.00091812,-76.5,2.41827951e-12,3,0,60
35.58716908,39.00091947,-76.5,1.266730683e-13,3,0,60
35.63736483,39.00092082,-76.5,-1.424079516e-12,3,0,60
35.68761651,39.00092217,-76.5,-7.340332448e-13,3,0,60
35.7378335,39.00092352,-76.5,3.116119337e-12,3,0,60
35.78804116,39.00092487,-76.5,7.939781567e-12,3,0,60
35.83823331,39.00092622,-76.5,-1.463128139e-12,3,0,60
35.88847098,39.00092757,-76.5,-1.281411317e-12,3,0,60
35.9386829,39.00092893,-76.5,-9.313972983e-12,3,0,60
35.98887296,39.00093028,-76.5,-3.525237484e-12,3,0,60
36.03908136,39.00093163,-76.5,-2.924483105e-12,3,0,60
36.08923878,39.00093298,-76.5,1.848581195e-12,3,0,60
36.1394844,39.00093433,-76.5,9.097391575e-14,3,0,60
36.18970153,39.00093568,-76.5,-7.478146511e-12,3,0,60
36.23989492,39.00093703,-76.5,1.004031284e-12,3,0,60
36.29011572,39.00093838,-76.5,1.127460931e-11,3,0,60
36.34032045,39.00093973,-76.5,3.194426225e-12,3,0,60
36.39059619,39.00094109,-76.5,6.980962801e-12,3,0,60
36.44088914,39.00094244,-76.5,-8.011972339e-12,3,0,60
36.49108006,39.00094379,-76.5,5.016167158e-12,3,0,60
36.54123196,39.00094514,-76.5,-1.246226838e-12,3,0,60
36.59137652,39.00094649,-76.5,-6.149803209e-12,3,0,60
36.64151688,39.00094784,-76.5,1.116547308e-12,3,0,60
36.6917315,39.00094919,-76.5,-1.237508007e-11,3,0,60
36.7419121,39.00095054,-76.5,6.868979188e-12,3,0,60
36.79215066,39.0009519,-76.5,2.01559643e-13,3,0,60
36.84232114,39.00095325,-76.5,-5.504136381e-12,3,0,60
36.89245551,39.0009546,-76.5,-7.401753088e-12,3,0,60
36.94265966,39.00095595,-76.5,7.153735042e-12,3,0,60
36.99281029,39.0009573,-76.5,1.505875523e-11,3,0,60
37.04299208,39.00095865,-76.5,5.57015556e-12,3,0,60
37.09319158,39.00096,-76.5,-1.233759295e-11,3,0,60
37.14337886,39.00096135,-76.5,1.149111845e-11,3,0,60
37.19355879,39.0009627,-76.5,1.189233833e-11,3,0,60
37.24373136,39.00096406,-76.5,-9.603859466e-12,3,0,60
37.29399517,39.00096541,-76.5,3.356443474e-12,3,0,60
37.3441767,39.00096676,-76.5,-4.853580187e-12,3,0,60
37.39435691,39.00096811,-76.5,2.612435644e-12,3,0,60
37.44453859,39.00096946,-76.5,-3.23054548e-12,3,0,60
37.49472588,39.00097081,-76.5,7.558655173e-12,3,0,60
37.54491512,39.00097216,-76.5,-3.822596697e-13,3,0,60
37.59514085,39.00097351,-76.5,9.82432823e-12,3,0,60
37.64530942,39.00097486,-76.5,8.041421827e-12,3,0,60
37.69549147,39.00097622,-76.5,-9.310353551e-13,3,0,60
37.74569213,39.00097757,-76.5,6.906771048e-12,3,0,60
37.79586695,39.00097892,-76.5,3.41024881e-12,3,0,60
37.84606015,39.00098027,-76.5,7.906884976e-12,3,0,60
37.89624778,39.00098162,-76.5,1.315219276e-11,3,0,60
37.94658043,39.00098297,-76.5,-7.5979411e-12,3,0,60
37.99682917,39.00098432,-76.5,4.387740415e-12,3,0,60
38.04697385,39.00098567,-76.5,6.909340636e-12,3,0,60
38.09712521,39.00098703,-76.5,6.383906555e-13,3,0,60
38.14731609,39.00098838,-76.5,-1.243320492e-11,3,0,60
38.19751803,39.00098973,-76.5,5.426123696e-12,3,0,60
38.24770125,39.00099108,-76.5,-1.350801997e-12,3,0,60
38.29798451,39.00099243,-76.5,-6.180467737e-12,3,0,60
38.34824212,39.00099378,-76.5,-3.867085854e-12,3,0,60
38.39840942,39.00099513,-76.5,-9.084635428e-13,3,0,60
38.4485826,39.00099648,-76.5,-9.946399704e-12,3,0,60
38.49883316,39.00099783,-76.5,-1.331277851e-12,3,0,60
38.54901805,39.00099919,-76.5,-9.309224012e-14,3,0,60
38.59922407,39.00100054,-76.5,4.555212506e-12,3,0,60
38.64941273,39.00100189,-76.5,-4.702475055e-12,3,0,60
38.69961888,39.00100324,-76.5,4.588022558e-12,3,0,60
38.74990488,39.00100459,-76.5,2.762457352e-12,3,0,60
38.80012229,39.00100594,-76.5,6.443454144e-13,3,0,60
38.85034172,39.00100729,-76.5,6.565352111e-13,3,0,60
38.90054919,39.00100864,-76.5,-4.938048602e-12,3,0,60
38.95080791,39.00101,-76.5,-4.154743524e-12,3,0,60
39.00098184,39.00101135,-76.5,-2.232871866e-12,3,0,60
39.05119955,39.0010127,-76.5,-6.261411572e-12,3,0,60
39.10137533,39.00101405,-76.5,7.889915007e-12,3,0,60
39.15158072,39.0010154,-76.5,3.912468717e-12,3,0,60
39.20187135,39.00101675,-76.5,-3.440072154e-13,3,0,60
39.25211836,39.0010181,-76.5,1.304265643e-11,3,0,60
39.3023729,39.00101945,-76.5,-1.301814623e-12,3,0,60
39.35273227,39.0010208,-76.5,1.142881552e-11,3,0,60
39.40285644,39.00102216,-76.5,7.480503107e-14,3,0,60
39.45310196,39.00102351,-76.5,-1.777795865e-12,3,0,60
39.50335094,39.00102486,-76.5,3.673495809e-12,3,0,60
39.55357171,39.00102621,-76.5,1.687952301e-12,3,0,60
39.60376899,39.00102756,-76.5,-8.001797696e-12,3,0,60
39.65400721,39.00102891,-76.5,4.18069254e-12,3,0,60
39.70423087,39.00103026,-76.5,7.821141767e-12,3,0,60
39.75442338,39.00103161,-76.5,2.909601131e-13,3,0,60
39.80461874,39.00103296,-76.5,5.038104588e-12,3,0,60
39.85481018,39.00103432,-76.5,4.479212049e-12,3,0,60
39.90495465,39.00103567,-76.5,1.101859758e-11,3,0,60
39.95533737,39.00103702,-76.5,-5.033276316e-13,3,0,60
40.00556139,39.00103837,-76.5,1.49364993e-11,3,0,60
40.05584734,39.00103972,-76.5,-5.187986806e-12,3,0,60
40.10593198,39.00104107,-76.5,1.035030814e-11,3,0,60
40.15617617,39.00104242,-76.5,8.110288515e-12,3,0,60
40.20645346,39.00104377,-76.5,-7.629579287e-12,3,0,60
40.25668342,39.00104512,-76.5,-1.616754315e-12,3,0,60
40.30690418,39.00104648,-76.5,-1.616754315e-12,3,0,60
40.35709279,39.00104783,-76.5,3.662566228e-12,3,0,60
40.40740173,39.00104918,-76.5,1.294240278e-11,3,0,60
40.4575814,39.00105053,-76.5,-3.693093028e-12,3,0,60
40.50790045,39.00105188,-76.5,-5.302378835e-12,3,0,60
40.55807655,39.00105323,-76.5,5.092961248e-13,3,0,60
40.60823978,39.00105458,-76.5,-2.411556165e-12,3,0,60
40.65842253,39.00105593,-76.5,1.319916056e-11,3,0,60
40.70859694,39.00105728,-76.5,2.774259304e-12,3,0,60
40.75880729,39.00105864,-76.5,-4.38561887e-12,3,0,60
40.80900577,39.00105999,-76.5,-5.532829727e-12,3,0,60
40.85920114,39.00106134,-76.5,-5.703994699e-13,3,0,60
40.90940663,39.00106269,-76.5,8.428669357e-12,3,0,60
40.95962648,39.00106404,-76.5,-1.196099795e-12,3,0,60
41.00989902,39.00106539,-76.5,9.793878196e-12,3,0,60
41.06014046,39.00106674,-76.5,9.287566729e-12,3,0,60
41.11033037,39.00106809,-76.5,3.001241092e-12,3,0,60
41.16054247,39.00106945,-76.5,7.627094426e-13,3,0,60
41.21075259,39.0010708,-76.5,4.699302923e-12,3,0,60
41.26096748,39.00107215,-76.5,1.099934261e-11,3,0,60
41.31121421,39.0010735,-76.5,1.206180015e-11,3,0,60
41.36142671,39.00107485,-76.5,1.602989317e-11,3,0,60
41.41178221,39.0010762,-76.5,-3.305383974e-13,3,0,60
41.46197441,39.00107755,-76.5,-9.281914682e-12,3,0,60
41.51219313,39.0010789,-76.5,7.855160579e-12,3,0,60
41.56238912,39.00108026,-76.5,-8.958097742e-13,3,0,60
41.61263138,39.00108161,-76.5,9.497665704e-12,3,0,60
41.66285708,39.00108296,-76.5,3.766668788e-12,3,0,60
41.71313317,39.00108431,-76.5,-1.055919912e-11,3,0,60
41.76335539,39.00108566,-76.5,3.466979368e-13,3,0,60
41.81359537,39.00108701,-76.5,3.386675086e-12,3,0,60
41.86380879,39.00108836,-76.5,3.790621052e-12,3,0,60
41.91402428,39.00108971,-76.5,-9.097930101e-12,3,0,60
41.96423701,39.00109106,-76.5,-3.440279539e-12,3,0,60
42.0144571,39.00109242,-76.5,-4.798315537e-12,3,0,60
42.06470702,39.00109377,-76.5,1.108399102e-11,3,0,60
42.11491771,39.00109512,-76.5,6.797258388e-12,3,0,60
42.16516567,39.00109647,-76.5,5.930249333e-13,3,0,60
42.21535517,39.00109782,-76.5,1.945674581e-12,3,0,60
42.26556353,39.00109917,-76.5,1.418124314e-11,3,0,60
42.31578169,39.00110052,-76.5,-1.755309941e-12,3,0,60
42.36618867,39.00110187,-76.5,-3.908767292e-12,3,0,60
42.4163599,39.00110322,-76.5,1.098118461e-11,3,0,60
42.46657357,39.00110458,-76.5,2.279075877e-12,3,0,60
42.51686791,39.00110593,-76.5,1.138560674e-12,3,0,60
42.56705712,39.00110728,-76.5,1.133758985e-12,3,0,60
42.61719874,39.00110863,-76.5,7.026539561e-12,3,0,60
42.66743471,39.00110998,-76.5,8.364462841e-13,3,0,60
42.71774524,39.00111133,-76.5,-9.280406494e-12,3,0,60
42.76796601,39.00111268,-76.5,2.557575433e-12,3,0,60
42.81817076,39.00111403,-76.5,6.151891702e-13,3,0,60
42.86844632,39.00111539,-76.5,6.367585633e-12,3,0,60
42.91856351,39.00111674,-76.5,3.754287779e-12,3,0,60
42.96880528,39.00111809,-76.5,1.04558831e-11,3,0,60
43.01904397,39.00111944,-76.5,-1.828476839e-12,3,0,60
43.06928148,39.00112079,-76.5,6.074311853e-12,3,0,60
43.11950219,39.00112214,-76.5,2.200542129e-12,3,0,60
43.16971207,39.00112349,-76.5,3.099301336e-12,3,0,60
43.2199383,39.00112484,-76.5,8.407978855e-12,3,0,60
43.27018611,39.00112619,-76.5,1.310898988e-11,3,0,60
43.32041918,39.00112754,-76.5,4.65614894e-12,3,0,60
43.37061978,39.0011289,-76.5,1.483301246e-12,3,0,60
43.42087169,39.00113025,-76.5,-1.006069736e-11,3,0,60
43.47107892,39.0011316,-76.5,1.508175119e-12,3,0,60
43.5213104,39.00113295,-76.5,-1.008888295e-12,3,0,60
43.57149517,39.0011343,-76.5,-1.34425598e-11,3,0,60
43.62170644,39.00113565,-76.5,6.362042659e-12,3,0,60
43.67192019,39.001137,-76.5,1.474377049e-11,3,0,60
43.72221151,39.00113835,-76.5,2.507331377e-13,3,0,60
43.77236218,39.00113971,-76.5,-5.859247259e-12,3,0,60
43.82249333,39.00114106,-76.5,-5.629662764e-12,3,0,60
43.8727919,39.00114241,-76.5,-1.055889355e-12,3,0,60
43.92303496,39.00114376,-76.5,5.063834959e-12,3,0,60
43.97320213,39.00114511,-76.5,5.242821524e-12,3,0,60
44.02336558,39.00114781,-76.5,-9.63784674e-14,3,0,60
44.07351703,39.00114916,-76.5,-2.88900129e-12,3,0,60
44.12367324,39.00115052,-76.5,-7.339857284e-13,3,0,60
44.1738763,39.00115187,-76.5,4.205877729e-12,3,0,60
44.2240348,39.00115322,-76.5,2.726061335e-12,3,0,60
44.27425545,39.00115457,-76.5,-2.037629947e-12,3,0,60
44.32442294,39.00115592,-76.5,1.246167869e-11,3,0,60
44.37459992,39.00115727,-76.5,-8.956265357e-12,3,0,60
44.42480656,39.00115862,-76.5,-1.629643869e-12,3,0,60
44.47496493,39.00115997,-76.5,9.345454266e-12,3,0,60
44.52512248,39.00116133,-76.5,-4.699897226e-12,3,0,60
44.57528189,39.00116268,-76.5,5.758560543e-12,3,0,60
44.62544224,39.00116403,-76.5,-9.763291863e-12,3,0,60
44.67567838,39.00116538,-76.5,3.040505963e-12,3,0,60
44.72590247,39.00116673,-76.5,-3.895442526e-13,3,0,60
44.77608059,39.00116808,-76.5,-6.812286835e-12,3,0,60
44.82630336,39.00116943,-76.5,5.895523444e-12,3,0,60
44.87653143,39.00117078,-76.5,-3.618373591e-12,3,0,60
44.92676691,39.00117213,-76.5,3.332735219e-12,3,0,60
44.97703983,39.00117348,-76.5,-2.07235302e-12,3,0,60
45.02721583,39.00117484,-76.5,-7.245289205e-12,3,0,60
45.07738969,39.00117619,-76.5,-6.067744292e-12,3,0,60
45.1275528,39.00117754,-76.5,6.846671142e-12,3,0,60
45.17777078,39.00117889,-76.5,-2.163236852e-12,3,0,60
45.22796791,39.00118024,-76.5,6.14234886e-12,3,0,60
45.27819868,39.00118159,-76.5,1.153407422e-14,3,0,60
45.32836271,39.00118294,-76.5,6.181855435e-12,3,0,60
45.37855086,39.0011843,-76.5,-2.120681138e-12,3,0,60
45.42873576,39.00118565,-76.5,1.281937113e-11,3,0,60
45.47892509,39.001187,-76.5,-4.413122678e-12,3,0,60
45.52909341,39.00118835,-76.5,3.924707602e-12,3,0,60
45.5792616,39.0011897,-76.5,-8.022088909e-12,3,0,60
45.62943086,39.00119105,-76.5,2.475802556e-12,3,0,60
45.67962299,39.0011924,-76.5,1.57615166e-11,3,0,60
45.72987946,39.00119375,-76.5,3.071292769e-13,3,0,60
45.78005705,39.0011951,-76.5,7.246085209e-12,3,0,60
45.83024802,39.00119646,-76.5,-7.115251244e-12,3,0,60
45.88043447,39.00119781,-76.5,4.783009027e-12,3,0,60
45.93061689,39.00119916,-76.5,-2.716425169e-12,3,0,60
45.98084035,39.00120051,-76.5,-2.193424907e-12,3,0,60
46.03109849,39.00120186,-76.5,9.616529409e-12,3,0,60
46.08128039,39.00120321,-76.5,-5.794205747e-12,3,0,60
46.13144946,39.00120456,-76.5,4.407789804e-12,3,0,60
46.18169788,39.00120591,-76.5,2.712193335e-12,3,0,60
46.23179947,39.00120726,-76.5,8.83786771e-12,3,0,60
46.28201807,39.00120861,-76.5,2.345926122e-12,3,0,60
46.33226226,39.00120997,-76.5,7.392686529e-12,3,0,60
46.38244854,39.00121132,-76.5,2.883719699e-12,3,0,60
46.43270321,39.00121267,-76.5,-9.391959045e-12,3,0,60
46.48295713,39.00121402,-76.5,-2.909618764e-12,3,0,60
46.53310429,39.00121537,-76.5,-9.92117723e-12,3,0,60
46.58333633,39.00121672,-76.5,1.028423702e-11,3,0,60
46.63343845,39.00121807,-76.5,-1.681966058e-13,3,0,60
46.68369491,39.00121942,-76.5,1.120275071e-11,3,0,60
46.73396042,39.00122078,-76.5,-6.903789359e-12,3,0,60
46.78413825,39.00122213,-76.5,-3.962279591e-12,3,0,60
46.83439758,39.00122348,-76.5,7.412121407e-13,3,0,60
46.88451542,39.00122483,-76.5,-7.72750347e-12,3,0,60
46.93473929,39.00122618,-76.5,-1.086389077e-11,3,0,60
46.98490618,39.00122753,-76.5,-7.943462221e-12,3,0,60
47.03508436,39.00122888,-76.5,-8.108986611e-12,3,0,60
47.08531106,39.00123023,-76.5,-1.329754711e-11,3,0,60
47.13551798,39.00123158,-76.5,9.777288501e-12,3,0,60
47.18577892,39.00123294,-76.5,1.787761256e-12,3,0,60
47.23600593,39.00123429,-76.5,3.889203568e-12,3,0,60
47.28621641,39.00123564,-76.5,5.521627248e-12,3,0,60
47.33642482,39.00123699,-76.5,-1.698022268e-12,3,0,60
47.38667476,39.00123834,-76.5,5.617436431e-12,3,0,60
47.43689104,39.00123969,-76.5,5.617436431e-12,3,0,60
47.48710389,39.00124104,-76.5,-9.60786397e-12,3,0,60
47.53729066,39.00124239,-76.5,-4.995150024e-12,3,0,60
47.58747143,39.00124375,-76.5,-3.684417434e-12,3,0,60
47.63762672,39.0012451,-76.5,6.787928642e-12,3,0,60
47.68782987,39.00124645,-76.5,-2.316974165e-12,3,0,60
47.73799229,39.0012478,-76.5,9.616023452e-13,3,0,60
47.78814475,39.00124915,-76.5,8.519138015e-12,3,0,60
47.83829918,39.0012505,-76.5,-1.028460494e-11,3,0,60
47.88845987,39.00125185,-76.5,2.576735692e-12,3,0,60
47.93862505,39.0012532,-76.5,1.096670952e-12,3,0,60
47.9888079,39.00125455,-76.5,9.83183807e-12,3,0,60
48.03897295,39.00125591,-76.5,-1.038466547e-11,3,0,60
48.08913905,39.00125726,-76.5,-2.456080407e-12,3,0,60
48.1393732,39.00125861,-76.5,-5.072852597e-12,3,0,60
48.18957243,39.00125996,-76.5,8.390278077e-13,3,0,60
48.23986144,39.00126131,-76.5,1.417336614e-13,3,0,60
48.29004829,39.00126266,-76.5,-7.61439869e-12,3,0,60
48.34027791,39.00126401,-76.5,5.092916665e-12,3,0,60
48.39043555,39.00126536,-76.5,6.270459811e-12,3,0,60
48.44068953,39.00126672,-76.5,-4.647971841e-13,3,0,60
48.49093807,39.00126807,-76.5,7.22692098e-12,3,0,60
48.54109558,39.00126942,-76.5,-1.11457514e-11,3,0,60
48.59124771,39.00127077,-76.5,1.161855383e-11,3,0,60
48.64143799,39.00127212,-76.5,3.349747715e-12,3,0,60
48.6916645,39.00127347,-76.5,8.512833369e-12,3,0,60
48.74187799,39.00127482,-76.5,-4.957835939e-12,3,0,60
48.79207667,39.00127617,-76.5,6.587720304e-12,3,0,60
48.84220545,39.00127753,-76.5,1.884796366e-12,3,0,60
48.89240827,39.00127888,-76.5,-2.423268482e-12,3,0,60
48.94264303,39.00128023,-76.5,-6.064886474e-12,3,0,60
48.99280724,39.00128158,-76.5,1.1638928e-11,3,0,60
49.0429433,39.00128293,-76.5,-9.185240521e-12,3,0,60
49.09308716,39.00128428,-76.5,5.921733727e-12,3,0,60
49.14322543,39.00128563,-76.5,9.768293809e-12,3,0,60
49.193363,39.00128698,-76.5,7.408478441e-12,3,0,60
49.24353331,39.00128833,-76.5,4.354436699e-12,3,0,60
49.29368495,39.00128969,-76.5,-2.630830792e-12,3,0,60
49.34383734,39.00129104,-76.5,2.257193335e-12,3,0,60
49.39397944,39.00129239,-76.5,-5.754904865e-12,3,0,60
49.44411602,39.00129374,-76.5,2.051152129e-12,3,0,60
49.49425635,39.00129509,-76.5,5.298230542e-12,3,0,60
49.54440147,39.00129644,-76.5,-3.865951958e-12,3,0,60
49.59456936,39.00129779,-76.5,-6.938596285e-12,3,0,60
49.64475915,39.00129914,-76.5,6.354063833e-12,3,0,60
49.69499668,39.0013005,-76.5,8.989507069e-12,3,0,60
49.74516713,39.00130185,-76.5,-5.895411359e-12,3,0,60
49.79541137,39.0013032,-76.5,1.693374062e-12,3,0,60
49.84558093,39.00130455,-76.5,1.461101611e-11,3,0,60
49.89578458,39.0013059,-76.5,1.687492774e-12,3,0,60
49.94595239,39.00130725,-76.5,1.923279194e-12,3,0,60
49.99610796,39.0013086,-76.5,-4.211009043e-12,3,0,60
50.04627846,39.00130995,-76.5,-6.316844984e-12,3,0,60
50.09644633,39.0013113,-76.5,7.532883381e-12,3,0,60
50.14661059,39.00131265,-76.5,1.261486253e-11,3,0,60
50.19679152,39.00131401,-76.5,-3.753811716e-13,3,0,60
50.24696318,39.00131536,-76.5,-6.789938368e-12,3,0,60
50.29713187,39.00131671,-76.5,-3.554517347e-12,3,0,60
50.34736411,39.00131806,-76.5,-2.331586034e-12,3,0,60
50.39758103,39.00131941,-76.5,2.741465347e-12,3,0,60
50.44782872,39.00132076,-76.5,1.039573182e-11,3,0,60
50.49805991,39.00132211,-76.5,-1.809008962e-12,3,0,60
50.54822622,39.00132346,-76.5,9.064644083e-12,3,0,60
50.59839827,39.00132481,-76.5,5.04478436e-12,3,0,60
50.64856572,39.00132617,-76.5,1.537029838e-11,3,0,60
50.6987566,39.00132752,-76.5,-2.495158974e-12,3,0,60
50.74893401,39.00132887,-76.5,1.025109692e-11,3,0,60
50.79914907,39.00133022,-76.5,8.30623025e-12,3,0,60
50.84933831,39.00133157,-76.5,6.148362652e-14,3,0,60
50.89953764,39.00133292,-76.5,1.048621004e-11,3,0,60
50.94969992,39.00133427,-76.5,9.562964641e-12,3,0,60
50.99993498,39.00133562,-76.5,2.801913915e-12,3,0,60
51.05023868,39.00133698,-76.5,-5.144456968e-12,3,0,60
51.10049807,39.00133833,-76.5,-1.80486389e-12,3,0,60
51.15060676,39.00133968,-76.5,4.897227787e-12,3,0,60
51.20080023,39.00134103,-76.5,8.070619908e-14,3,0,60
51.25096255,39.00134238,-76.5,-6.212983836e-13,3,0,60
51.30112592,39.00134373,-76.5,3.587379534e-12,3,0,60
51.35133688,39.00134508,-76.5,2.877905839e-13,3,0,60
51.40150825,39.00134643,-76.5,-1.262060368e-11,3,0,60
51.45169463,39.00134778,-76.5,7.283705212e-12,3,0,60
51.50190386,39.00134914,-76.5,-7.271338814e-12,3,0,60
51.55217282,39.00135049,-76.5,-1.89270607e-13,3,0,60
51.60235438,39.00135184,-76.5,2.087527418e-12,3,0,60
51.65251652,39.00135319,-76.5,-1.043156089e-12,3,0,60
51.70276291,39.00135454,-76.5,-7.388263864e-12,3,0,60
51.75296007,39.00135589,-76.5,-4.587883553e-12,3,0,60
51.80312037,39.00135724,-76.5,4.226902717e-12,3,0,60
51.85327538,39.00135859,-76.5,4.902934002e-12,3,0,60
51.90346875,39.00135995,-76.5,-4.209659596e-12,3,0,60
51.95369304,39.0013613,-76.5,1.455184177e-12,3,0,60
52.00392774,39.00136265,-76.5,1.112144399e-11,3,0,60
52.05408705,39.001364,-76.5,-3.708660996e-12,3,0,60
52.10425243,39.00136535,-76.5,-6.070956511e-12,3,0,60
52.15444203,39.0013667,-76.5,-3.74863552e-13,3,0,60
52.20462066,39.00136805,-76.5,2.122681003e-12,3,0,60
52.2548638,39.0013694,-76.5,1.345617247e-11,3,0,60
52.30507546,39.00137075,-76.5,1.128609806e-11,3,0,60
52.35528726,39.00137211,-76.5,1.081351793e-11,3,0,60
52.40553594,39.00137346,-76.5,4.804733949e-12,3,0,60
52.45577634,39.00137481,-76.5,9.762951325e-12,3,0,60
52.50601518,39.00137616,-76.5,-4.28884812e-12,3,0,60
52.55629338,39.00137751,-76.5,4.996193453e-12,3,0,60
52.60650299,39.00137886,-76.5,-5.439871479e-12,3,0,60
52.65679927,39.00138021,-76.5,4.05450638e-12,3,0,60
52.70705228,39.00138156,-76.5,1.126654157e-11,3,0,60
52.75729702,39.00138292,-76.5,9.25619504e-12,3,0,60
52.80751558,39.00138427,-76.5,-3.737767813e-12,3,0,60
52.85770805,39.00138562,-76.5,8.753266938e-12,3,0,60
52.90792933,39.00138697,-76.5,3.631674581e-12,3,0,60
52.95812863,39.00138832,-76.5,-2.01201656e-12,3,0,60
53.0083302,39.00138967,-76.5,-8.905263679e-12,3,0,60
53.05852259,39.00139102,-76.5,1.414203955e-11,3,0,60
53.10877802,39.00139237,-76.5,2.130156305e-13,3,0,60
53.15902521,39.00139373,-76.5,1.69439142e-12,3,0,60
53.20919228,39.00139508,-76.5,2.110492329e-12,3,0,60
53.25942269,39.00139643,-76.5,-1.56314653e-13,3,0,60
53.30961919,39.00139778,-76.5,-2.877255694e-12,3,0,60
53.35988002,39.00139913,-76.5,-4.398741689e-12,3,0,60
53.41018626,39.00140048,-76.5,7.049839238e-12,3,0,60
53.46035321,39.00140183,-76.5,-7.43600755e-12,3,0,60
53.51060159,39.00140318,-76.5,1.043547393e-11,3,0,60
53.56087244,39.00140453,-76.5,9.818294417e-12,3,0,60
53.61109832,39.00140589,-76.5,-3.277109679e-12,3,0,60
53.66137609,39.00140724,-76.5,5.88739113e-12,3,0,60
53.7116907,39.00140859,-76.5,-1.440895817e-12,3,0,60
53.76198828,39.00140994,-76.5,1.044739163e-12,3,0,60
53.81216991,39.00141129,-76.5,7.385855238e-13,3,0,60
53.8623258,39.00141264,-76.5,4.136215132e-12,3,0,60
53.91260853,39.00141399,-76.5,8.455016932e-12,3,0,60
53.96284032,39.00141534,-76.5,-3.557271645e-13,3,0,60
54.0130378,39.00141669,-76.5,1.599138187e-11,3,0,60
54.06321328,39.00141805,-76.5,8.099081799e-12,3,0,60
54.11337717,39.0014194,-76.5,6.656964539e-12,3,0,60
54.16367737,39.00142075,-76.5,-2.531524036e-12,3,0,60
54.21385781,39.0014221,-76.5,4.72044298e-12,3,0,60
54.26401923,39.00142345,-76.5,1.943618437e-13,3,0,60
54.31427404,39.0014248,-76.5,5.183331091e-12,3,0,60
54.36452694,39.00142615,-76.5,1.418165374e-11,3,0,60
54.41487391,39.0014275,-76.5,-8.54339238e-12,3,0,60
54.46512934,39.00142885,-76.5,9.60439145e-12,3,0,60
54.51538265,39.00143021,-76.5,1.757479228e-12,3,0,60
54.56567425,39.00143156,-76.5,1.205034867e-12,3,0,60
54.61587442,39.00143291,-76.5,5.081607459e-12,3,0,60
54.66608582,39.00143426,-76.5,3.08986112e-12,3,0,60
54.71629748,39.00143561,-76.5,5.421969583e-12,3,0,60
54.76645467,39.00143696,-76.5,9.537636714e-12,3,0,60
54.8166368,39.00143831,-76.5,6.744768497e-12,3,0,60
54.86683321,39.00143967,-76.5,4.690024206e-12,3,0,60
54.91704233,39.00144101,-76.5,4.690024206e-12,3,0,60
54.9672682,39.00144237,-76.5,7.304049884e-12,3,0,60
55.01751965,39.00144372,-76.5,5.459139443e-12,3,0,60
55.0677155,39.00144507,-76.5,-6.775367285e-12,3,0,60
55.11796635,39.00144642,-76.5,-6.996695534e-12,3,0,60
55.16818701,39.00144777,-76.5,1.46859649e-11,3,0,60
55.21843415,39.00144912,-76.5,1.157752463e-12,3,0,60
55.26870779,39.00145047,-76.5,5.870668326e-12,3,0,60
55.3189485,39.00145182,-76.5,1.040550207e-11,3,0,60
55.36927168,39.00145318,-76.5,5.433719641e-13,3,0,60
55.41955953,39.00145453,-76.5,-3.044422684e-12,3,0,60
55.46974443,39.00145588,-76.5,7.691469146e-13,3,0,60
55.51998151,39.00145723,-76.5,-5.563560841e-12,3,0,60
55.57018661,39.00145858,-76.5,1.536366118e-12,3,0,60
55.62035413,39.00145993,-76.5,7.5943309e-12,3,0,60
55.67055705,39.00146128,-76.5,4.466085481e-13,3,0,60
55.72074066,39.00146263,-76.5,8.086489458e-12,3,0,60
55.7709238,39.00146399,-76.5,-2.414807877e-12,3,0,60
55.82119962,39.00146534,-76.5,-9.651776451e-13,3,0,60
55.87144182,39.00146669,-76.5,5.892672658e-12,3,0,60
55.92171315,39.00146804,-76.5,-6.942628687e-13,3,0,60
55.97198494,39.00146939,-76.5,6.26552769e-12,3,0,60
56.02213404,39.00147074,-76.5,6.699555291e-13,3,0,60
56.07229078,39.00147209,-76.5,-5.91524488e-12,3,0,60
56.1225703,39.00147344,-76.5,1.409847836e-13,3,0,60
56.17278258,39.00147479,-76.5,3.768040036e-12,3,0,60
56.22300283,39.00147614,-76.5,3.070996301e-12,3,0,60
56.27316461,39.0014775,-76.5,-8.151758536e-13,3,0,60
56.32334514,39.00147885,-76.5,9.013290644e-13,3,0,60
56.37353748,39.00148155,-76.5,9.146059672e-12,3,0,60
56.4237132,39.0014829,-76.5,-2.652167033e-12,3,0,60
56.47399272,39.00148425,-76.5,3.076421792e-12,3,0,60
56.52416179,39.0014856,-76.5,8.764080131e-12,3,0,60
56.57437114,39.00148695,-76.5,-2.440865956e-12,3,0,60
56.62454851,39.00148831,-76.5,-9.070463245e-12,3,0,60
56.67471822,39.00148966,-76.5,9.76956381e-12,3,0,60
56.7249541,39.00149101,-76.5,2.339087947e-12,3,0,60
56.77518582,39.00149236,-76.5,-1.766338043e-12,3,0,60
56.82538383,39.00149371,-76.5,-2.157814328e-12,3,0,60
56.87555406,39.00149506,-76.5,1.5483622e-12,3,0,60
56.92577595,39.00149642,-76.5,1.544099713e-11,3,0,60
56.97594608,39.00149776,-76.5,-1.886238431e-12,3,0,60
57.02615456,39.00149912,-76.5,-4.087072716e-12,3,0,60
57.07634398,39.00150047,-76.5,2.292088549e-12,3,0,60
57.12653168,39.00150182,-76.5,-1.539022389e-12,3,0,60
57.17669515,39.00150317,-76.5,1.417618206e-12,3,0,60
57.22693354,39.00150452,-76.5,3.544853354e-12,3,0,60
57.27715431,39.00150587,-76.5,-2.886320898e-12,3,0,60
57.3273593,39.00150722,-76.5,3.73838518e-12,3,0,60
57.37751299,39.00150857,-76.5,-4.006090672e-12,3,0,60
57.42768071,39.00150993,-76.5,9.53062571e-12,3,0,60
57.47781835,39.00151128,-76.5,5.978300482e-12,3,0,60
57.5279704,39.00151263,-76.5,6.485425435e-12,3,0,60
57.57812903,39.00151398,-76.5,1.311931115e-11,3,0,60
57.62831564,39.00151533,-76.5,1.425748781e-12,3,0,60
57.67848603,39.00151668,-76.5,1.961150817e-12,3,0,60
57.72867702,39.00151803,-76.5,-1.742226137e-12,3,0,60
57.778845,39.00151938,-76.5,1.197158492e-11,3,0,60
57.82905306,39.00152073,-76.5,5.320049373e-13,3,0,60
57.87918195,39.00152208,-76.5,2.821202097e-12,3,0,60
57.92937442,39.00152344,-76.5,7.024796853e-14,3,0,60
57.97962598,39.00152479,-76.5,-3.522259194e-12,3,0,60
58.02984985,39.00152614,-76.5,-6.359774084e-12,3,0,60
58.08001424,39.00152749,-76.5,9.450220289e-13,3,0,60
58.13016419,39.00152884,-76.5,2.845066291e-12,3,0,60
58.1803114,39.00153019,-76.5,1.958284235e-12,3,0,60
58.23047051,39.00153154,-76.5,-7.135213376e-12,3,0,60
58.28069714,39.00153289,-76.5,6.968991092e-12,3,0,60
58.33089813,39.00153425,-76.5,7.128134292e-12,3,0,60
58.38103967,39.0015356,-76.5,-4.161389098e-12,3,0,60
58.43124196,39.00153695,-76.5,-9.826905291e-12,3,0,60
58.48140353,39.0015383,-76.5,4.719779371e-12,3,0,60
58.53167129,39.00153965,-76.5,1.238049139e-11,3,0,60
58.58181416,39.001541,-76.5,-8.128186534e-12,3,0,60
58.6319616,39.00154235,-76.5,-1.97125946e-12,3,0,60
58.68212884,39.0015437,-76.5,-1.131277875e-11,3,0,60
58.73230066,39.00154506,-76.5,6.921564951e-12,3,0,60
58.78246863,39.00154641,-76.5,4.154242117e-12,3,0,60
58.83263508,39.00154776,-76.5,5.299540368e-12,3,0,60
58.88281231,39.00154911,-76.5,1.854111524e-12,3,0,60
58.93302892,39.00155046,-76.5,-2.906849525e-12,3,0,60
58.98321012,39.00155181,-76.5,1.520794559e-11,3,0,60
59.03341651,39.00155316,-76.5,8.747005081e-12,3,0,60
59.08369006,39.00155451,-76.5,9.868496339e-12,3,0,60
59.13385091,39.00155587,-76.5,2.94920242e-12,3,0,60
59.18407525,39.00155722,-76.5,3.225667448e-12,3,0,60
59.23425948,39.00155857,-76.5,8.360474812e-12,3,0,60
59.28440526,39.00155992,-76.5,4.431230683e-13,3,0,60
59.33457066,39.00156127,-76.5,3.39951387e-12,3,0,60
59.384756,39.00156262,-76.5,5.73757384e-12,3,0,60
59.43492356,39.00156397,-76.5,1.325096096e-11,3,0,60
59.48516934,39.00156532,-76.5,3.293588899e-12,3,0,60
59.53538281,39.00156667,-76.5,2.008473107e-12,3,0,60
59.58561639,39.00156802,-76.5,1.109112591e-11,3,0,60
59.63580336,39.00156938,-76.5,1.409563362e-11,3,0,60
59.68601652,39.00157073,-76.5,6.291134811e-12,3,0,60
59.73627673,39.00157208,-76.5,-3.873091943e-12,3,0,60
59.78636475,39.00157343,-76.5,1.197481677e-12,3,0,60
59.83660964,39.00157478,-76.5,3.231210866e-12,3,0,60
59.88689493,39.00157613,-76.5,4.506973349e-12,3,0,60
59.93714968,39.00157748,-76.5,-7.07596701e-12,3,0,60
59.9872742,39.00157883,-76.5,1.119930157e-11,3,0,60
60.03740917,39.00158018,-76.5,6.599804403e-12,3,0,60
60.08768143,39.00158154,-76.5,-4.960824708e-13,3,0,60
60.13794894,39.00158289,-76.5,1.020017141e-12,3,0,60
60.18812204,39.00158424,-76.5,-5.348655529e-12,3,0,60
60.23831621,39.00158559,-76.5,6.123986646e-12,3,0,60
60.2884928,39.00158694,-76.5,1.407563341e-11,3,0,60
60.33864287,39.00158829,-76.5,1.173317979e-11,3,0,60
60.38882239,39.00158964,-76.5,4.697812232e-12,3,0,60
60.43898885,39.001591,-76.5,2.844218828e-12,3,0,60
60.48912384,39.00159235,-76.5,-4.915795424e-13,3,0,60
60.53936803,39.0015937,-76.5,3.754798392e-12,3,0,60
60.58953397,39.00159505,-76.5,-9.669241681e-12,3,0,60
60.63972371,39.0015964,-76.5,1.139176875e-12,3,0,60
60.68991124,39.00159775,-76.5,-1.261065821e-12,3,0,60
60.74000149,39.0015991,-76.5,1.282056505e-11,3,0,60
60.79020568,39.00160045,-76.5,6.005197235e-12,3,0,60
60.84047563,39.0016018,-76.5,5.591844133e-13,3,0,60
60.89074156,39.00160315,-76.5,1.023933366e-11,3,0,60
60.94089365,39.00160451,-76.5,2.52536373e-12,3,0,60
60.99105233,39.00160586,-76.5,-4.254288396e-12,3,0,60
61.04124282,39.00160721,-76.5,4.642839272e-12,3,0,60
61.09141383,39.00160856,-76.5,-4.072661995e-12,3,0,60
61.14168148,39.00160991,-76.5,-8.764298672e-13,3,0,60
61.19180731,39.00161126,-76.5,1.458696017e-11,3,0,60
61.24194767,39.00161261,-76.5,4.777660359e-12,3,0,60
61.29208075,39.00161397,-76.5,5.886477218e-13,3,0,60
61.34224115,39.00161532,-76.5,8.775130848e-13,3,0,60
61.39243125,39.00161667,-76.5,1.142749157e-11,3,0,60
61.44259892,39.00161802,-76.5,4.556870553e-13,3,0,60
61.49277037,39.00161937,-76.5,1.735417022e-12,3,0,60
61.54303558,39.00162072,-76.5,-1.168341417e-11,3,0,60
61.59325438,39.00162207,-76.5,8.699337164e-12,3,0,60
61.64349427,39.00162342,-76.5,5.66984831e-12,3,0,60
61.69369272,39.00162477,-76.5,-4.477263835e-12,3,0,60
61.7438684,39.00162612,-76.5,1.234109563e-11,3,0,60
61.79404613,39.00162747,-76.5,6.222435781e-12,3,0,60
61.84422147,39.00162883,-76.5,2.690692436e-12,3,0,60
61.89439866,39.00163018,-76.5,1.000020225e-11,3,0,60
61.94456615,39.00163153,-76.5,2.37973796e-12,3,0,60
61.99472548,39.00163288,-76.5,3.687991021e-12,3,0,60
62.04491481,39.00163423,-76.5,1.839606495e-12,3,0,60
62.0950642,39.00163558,-76.5,1.618774607e-12,3,0,60
62.1452424,39.00163693,-76.5,4.257195538e-12,3,0,60
62.19542018,39.00163828,-76.5,3.191831144e-12,3,0,60
62.24558891,39.00163964,-76.5,-2.2864248e-12,3,0,60
62.29581475,39.00164099,-76.5,-2.2864248e-12,3,0,60
62.34601672,39.00164234,-76.5,-6.412190828e-12,3,0,60
62.39620139,39.00164369,-76.5,6.461962018e-12,3,0,60
62.44637349,39.00164504,-76.5,5.727463316e-12,3,0,60
62.49659359,39.00164639,-76.5,4.974614527e-12,3,0,60
62.54689727,39.00164774,-76.5,6.23554854e-14,3,0,60
62.59710506,39.00164909,-76.5,8.795162104e-13,3,0,60
62.64732537,39.00165045,-76.5,-1.219654652e-11,3,0,60
62.69750129,39.0016518,-76.5,-5.59837769e-12,3,0,60
62.74772996,39.00165315,-76.5,-3.855582683e-12,3,0,60
62.79800004,39.0016545,-76.5,-9.774083494e-12,3,0,60
62.84817367,39.00165585,-76.5,-2.31923224e-12,3,0,60
62.89845209,39.0016572,-76.5,-9.8915149e-13,3,0,60
62.94860455,39.00165855,-76.5,1.693415585e-12,3,0,60
62.99880408,39.0016599,-76.5,9.976141185e-13,3,0,60
63.04897754,39.00166125,-76.5,5.275738172e-12,3,0,60
63.09918712,39.00166261,-76.5,1.404488351e-11,3,0,60
63.1494404,39.00166396,-76.5,3.337727172e-12,3,0,60
63.19968514,39.00166531,-76.5,-1.915817401e-12,3,0,60
63.24994262,39.00166666,-76.5,6.958494811e-12,3,0,60
63.30015575,39.00166801,-76.5,1.186214204e-11,3,0,60
63.35045981,39.00166936,-76.5,5.768285507e-12,3,0,60
63.40053812,39.00167071,-76.5,3.135144281e-12,3,0,60
63.45077817,39.00167207,-76.5,1.0259126e-11,3,0,60
63.50109256,39.00167341,-76.5,-4.976252009e-12,3,0,60
63.55118102,39.00167477,-76.5,1.586906768e-11,3,0,60
63.60135325,39.00167612,-76.5,6.150838777e-13,3,0,60
63.65155299,39.00167747,-76.5,-4.809101257e-12,3,0,60
63.70173769,39.00167882,-76.5,-9.414599748e-13,3,0,60
63.7519476,39.00168017,-76.5,1.428754387e-11,3,0,60
63.80216178,39.00168152,-76.5,-2.335213617e-13,3,0,60
63.85236008,39.00168287,-76.5,5.576169231e-12,3,0,60
63.90256384,39.00168423,-76.5,-2.014588606e-14,3,0,60
63.9528412,39.00168558,-76.5,2.423573227e-12,3,0,60
64.00304107,39.00168693,-76.5,1.085713828e-11,3,0,60
64.05327149,39.00168828,-76.5,5.220641548e-12,3,0,60
64.10345563,39.00168963,-76.5,9.185260785e-12,3,0,60
64.15362094,39.00169098,-76.5,-7.809871544e-12,3,0,60
64.20379517,39.00169233,-76.5,2.080108025e-12,3,0,60
64.25399067,39.00169368,-76.5,5.933611521e-12,3,0,60
64.30420874,39.00169503,-76.5,-1.524145736e-12,3,0,60
64.35440286,39.00169638,-76.5,-1.024212815e-12,3,0,60
64.40456918,39.00169774,-76.5,2.353576077e-12,3,0,60
64.45480457,39.00169909,-76.5,-2.932068821e-13,3,0,60
64.50506334,39.00170044,-76.5,1.703075025e-12,3,0,60
64.5552428,39.00170179,-76.5,1.024031401e-11,3,0,60
64.60547154,39.00170314,-76.5,6.874764101e-13,3,0,60
64.65575892,39.00170449,-76.5,1.096511977e-11,3,0,60
64.7059452,39.00170584,-76.5,-7.071068806e-13,3,0,60
64.75612732,39.00170719,-76.5,-2.158898398e-12,3,0,60
64.80632638,39.00170855,-76.5,-3.146381401e-12,3,0,60
64.85652095,39.0017099,-76.5,8.59907426e-13,3,0,60
64.90676675,39.00171125,-76.5,1.006334964e-11,3,0,60
64.95694401,39.0017126,-76.5,2.544327473e-12,3,0,60
65.00714714,39.00171395,-76.5,3.099324256e-12,3,0,60
65.05739714,39.0017153,-76.5,3.612897712e-12,3,0,60
65.10764157,39.00171665,-76.5,1.550966174e-11,3,0,60
65.15790903,39.001718,-76.5,3.993193406e-12,3,0,60
65.20815595,39.00171935,-76.5,-8.998289633e-12,3,0,60
65.25837332,39.00172071,-76.5,5.310038707e-12,3,0,60
65.30856551,39.00172206,-76.5,7.76888809e-12,3,0,60
65.35880352,39.00172341,-76.5,2.441653923e-13,3,0,60
65.40906693,39.00172476,-76.5,7.267353583e-13,3,0,60
65.45926992,39.00172611,-76.5,-8.994265302e-12,3,0,60
65.50950047,39.00172746,-76.5,1.103064447e-12,3,0,60
65.55970181,39.00172881,-76.5,2.830480838e-12,3,0,60
65.60992451,39.00173017,-76.5,3.021126533e-12,3,0,60
65.66013774,39.00173152,-76.5,1.333845634e-11,3,0,60
65.71031848,39.00173287,-76.5,1.355985454e-11,3,0,60
65.76051954,39.00173422,-76.5,1.012013125e-11,3,0,60
65.81068703,39.00173557,-76.5,-7.125013026e-12,3,0,60
65.86088424,39.00173692,-76.5,4.640544703e-12,3,0,60
65.91105982,39.00173827,-76.5,-1.100780063e-11,3,0,60
65.96124831,39.00173962,-76.5,-1.079873577e-12,3,0,60
66.01142143,39.00174097,-76.5,1.950430496e-12,3,0,60
66.06161757,39.00174232,-76.5,4.865895528e-12,3,0,60
66.1118375,39.00174368,-76.5,6.914756745e-12,3,0,60
66.16204115,39.00174503,-76.5,1.689700264e-11,3,0,60
66.21225122,39.00174638,-76.5,9.091014401e-12,3,0,60
66.26246497,39.00174773,-76.5,-8.771465574e-12,3,0,60
66.3126697,39.00174908,-76.5,4.431408028e-12,3,0,60
66.36289436,39.00175043,-76.5,-6.766843862e-12,3,0,60
66.41309696,39.00175178,-76.5,-6.436466926e-13,3,0,60
66.46328536,39.00175313,-76.5,1.320918972e-13,3,0,60
66.51348659,39.00175449,-76.5,1.358051208e-11,3,0,60
66.56369929,39.00175584,-76.5,5.829340243e-12,3,0,60
66.61392527,39.00175719,-76.5,1.339481118e-11,3,0,60
66.66411164,39.00175854,-76.5,1.513934306e-11,3,0,60
66.71434784,39.00175989,-76.5,4.035841482e-12,3,0,60
66.76458601,39.00176124,-76.5,1.939180126e-12,3,0,60
66.81480152,39.00176259,-76.5,-9.609777279e-12,3,0,60
66.86502428,39.00176394,-76.5,1.266467346e-11,3,0,60
66.91526629,39.00176529,-76.5,9.713066874e-12,3,0,60
66.96548664,39.00176665,-76.5,-7.277353261e-12,3,0,60
67.01572063,39.001768,-76.5,-1.104050364e-11,3,0,60
67.06600624,39.00176935,-76.5,4.810551063e-12,3,0,60
67.11623235,39.0017707,-76.5,6.831385301e-12,3,0,60
67.1665207,39.00177205,-76.5,9.22177831e-12,3,0,60
67.2167116,39.0017734,-76.5,6.017682148e-13,3,0,60
67.26692411,39.00177475,-76.5,-2.46839687e-12,3,0,60
67.31720904,39.0017761,-76.5,-1.012815706e-12,3,0,60
67.36745125,39.00177746,-76.5,9.309226294e-12,3,0,60
67.41771475,39.00177881,-76.5,7.430381008e-13,3,0,60
67.46791896,39.00178016,-76.5,-3.154543996e-12,3,0,60
67.51811858,39.00178151,-76.5,9.944902824e-12,3,0,60
67.56839209,39.00178286,-76.5,8.095527318e-12,3,0,60
67.61862695,39.00178421,-76.5,1.499752791e-11,3,0,60
67.66885478,39.00178556,-76.5,4.913428353e-13,3,0,60
67.71909675,39.00178691,-76.5,1.061843675e-11,3,0,60
67.76928851,39.00178827,-76.5,8.171315264e-12,3,0,60
67.81948046,39.00178961,-76.5,6.887690963e-12,3,0,60
67.86969932,39.00179097,-76.5,1.247222581e-12,3,0,60
67.91996856,39.00179232,-76.5,2.150945573e-12,3,0,60
67.97022567,39.00179367,-76.5,-2.712949425e-12,3,0,60
68.02046394,39.00179502,-76.5,-5.749381969e-12,3,0,60
68.07079655,39.00179637,-76.5,7.762532844e-12,3,0,60
68.12099937,39.00179772,-76.5,2.324457064e-12,3,0,60
68.17117043,39.00179907,-76.5,-3.184802376e-12,3,0,60
68.22137294,39.00180043,-76.5,3.088202478e-12,3,0,60
68.27156579,39.00180178,-76.5,1.587802091e-12,3,0,60
68.32174351,39.00180313,-76.5,-4.742674759e-12,3,0,60
68.37192118,39.00180448,-76.5,-3.926232224e-13,3,0,60
68.42209953,39.00180583,-76.5,4.607756254e-12,3,0,60
68.47230809,39.00180718,-76.5,9.527030995e-12,3,0,60
68.52255232,39.00180853,-76.5,-4.49723578e-12,3,0,60
68.57281119,39.00180988,-76.5,-6.826543483e-12,3,0,60
68.62305263,39.00181123,-76.5,-7.998806033e-12,3,0,60
68.67339232,39.00181394,-76.5,1.289231251e-11,3,0,60
68.72359458,39.00181529,-76.5,-2.075691487e-12,3,0,60
68.77377115,39.00181664,-76.5,6.825399816e-12,3,0,60
68.82391527,39.00181799,-76.5,6.959247408e-12,3,0,60
68.87411365,39.00181934,-76.5,8.916336902e-12,3,0,60
68.9243613,39.00182069,-76.5,1.513130403e-11,3,0,60
68.97458021,39.00182204,-76.5,3.277766299e-12,3,0,60
69.02476288,39.00182339,-76.5,1.00203392e-12,3,0,60
69.07497505,39.00182475,-76.5,4.671005013e-12,3,0,60
69.12514894,39.0018261,-76.5,-2.405102078e-13,3,0,60
69.17531822,39.00182745,-76.5,-4.170582572e-12,3,0,60
69.22553718,39.0018288,-76.5,3.558837359e-12,3,0,60
69.27570658,39.00183015,-76.5,1.442207294e-11,3,0,60
69.32595737,39.0018315,-76.5,5.490788629e-12,3,0,60
69.37611524,39.00183285,-76.5,5.490788629e-12,3,0,60
69.42630158,39.0018342,-76.5,-9.411581982e-12,3,0,60
69.47650412,39.00183555,-76.5,6.48387048e-12,3,0,60
69.52667439,39.00183691,-76.5,5.82898973e-12,3,0,60
69.57684755,39.00183826,-76.5,-1.443274913e-13,3,0,60
69.62706939,39.00183961,-76.5,-1.768496141e-12,3,0,60
69.67723954,39.00184096,-76.5,1.651570253e-11,3,0,60
69.72742917,39.00184231,-76.5,-3.693608686e-12,3,0,60
69.77763753,39.00184366,-76.5,5.419550913e-12,3,0,60
69.82785219,39.00184501,-76.5,8.716731432e-12,3,0,60
69.87801169,39.00184636,-76.5,2.468903817e-15,3,0,60
69.92815798,39.00184772,-76.5,6.840231027e-12,3,0,60
69.97830817,39.00184907,-76.5,-1.027320882e-11,3,0,60
70.02850355,39.00185042,-76.5,-8.515052596e-13,3,0,60
70.07871059,39.00185177,-76.5,-8.796634769e-12,3,0,60
70.12887033,39.00185312,-76.5,6.677418714e-12,3,0,60
70.17904484,39.00185447,-76.5,7.830658726e-12,3,0,60
70.22921499,39.00185582,-76.5,-8.597486615e-12,3,0,60
70.27943221,39.00185717,-76.5,6.94576795e-12,3,0,60
70.32982664,39.00185853,-76.5,5.700337396e-12,3,0,60
70.37997431,39.00185988,-76.5,-6.562939589e-12,3,0,60
70.43019228,39.00186123,-76.5,1.667757778e-11,3,0,60
70.48041364,39.00186258,-76.5,4.553692486e-12,3,0,60
70.53060124,39.00186393,-76.5,1.745074702e-11,3,0,60
70.58082228,39.00186528,-76.5,-8.261530996e-12,3,0,60
70.63104017,39.00186663,-76.5,1.20172951e-11,3,0,60
70.68130038,39.00186798,-76.5,-6.873007757e-12,3,0,60
70.73147943,39.00186933,-76.5,9.14174615e-12,3,0,60
70.78172453,39.00187069,-76.5,-1.055737618e-11,3,0,60
70.83189187,39.00187204,-76.5,1.270769617e-11,3,0,60
70.88212114,39.00187339,-76.5,4.80398703e-12,3,0,60
70.9322994,39.00187474,-76.5,1.313416582e-12,3,0,60
70.98248848,39.00187609,-76.5,9.695889096e-12,3,0,60
71.03265941,39.00187744,-76.5,-4.194442333e-12,3,0,60
71.08284328,39.00187879,-76.5,8.242772574e-12,3,0,60
71.13301201,39.00188014,-76.5,2.539307116e-12,3,0,60
71.1831777,39.00188149,-76.5,-6.917049468e-12,3,0,60
71.23334079,39.00188285,-76.5,-9.730754734e-12,3,0,60
71.28354714,39.0018842,-76.5,3.804722318e-12,3,0,60
71.33374127,39.00188555,-76.5,-2.640838391e-12,3,0,60
71.3839102,39.0018869,-76.5,-8.709642952e-12,3,0,60
71.43413083,39.00188825,-76.5,7.291962946e-12,3,0,60
71.4842933,39.0018896,-76.5,-8.533264844e-13,3,0,60
71.5344821,39.00189095,-76.5,9.498479369e-12,3,0,60
71.58466297,39.0018923,-76.5,1.112941417e-11,3,0,60
71.63483124,39.00189365,-76.5,5.279172825e-13,3,0,60
71.68498437,39.00189501,-76.5,6.963627092e-12,3,0,60
71.73515062,39.00189636,-76.5,6.310731877e-12,3,0,60
71.78533291,39.00189771,-76.5,8.77801379e-12,3,0,60
71.83550387,39.00189906,-76.5,4.228867958e-12,3,0,60
71.88570503,39.00190041,-76.5,-1.322767511e-13,3,0,60
71.93584886,39.00190176,-76.5,2.563437756e-12,3,0,60
71.98600753,39.00190311,-76.5,8.956737104e-12,3,0,60
72.03616334,39.00190446,-76.5,7.948417944e-12,3,0,60
72.08638501,39.00190582,-76.5,4.990363158e-12,3,0,60
72.13653685,39.00190717,-76.5,-5.117808774e-12,3,0,60
72.18675273,39.00190852,-76.5,1.155495825e-11,3,0,60
72.23698966,39.00190987,-76.5,8.996224901e-12,3,0,60
72.28720399,39.00191122,-76.5,9.547500454e-12,3,0,60
72.33739644,39.00191257,-76.5,3.134430891e-12,3,0,60
72.38760158,39.00191392,-76.5,-7.823231692e-12,3,0,60
72.43781837,39.00191527,-76.5,9.623130444e-12,3,0,60
72.48799147,39.00191662,-76.5,-1.863326264e-12,3,0,60
72.53825059,39.00191798,-76.5,2.857527197e-12,3,0,60
72.58841055,39.00191933,-76.5,2.488871952e-12,3,0,60
72.63861906,39.00192068,-76.5,4.864386868e-12,3,0,60
72.68883302,39.00192203,-76.5,-9.692645365e-12,3,0,60
72.73902838,39.00192338,-76.5,6.37518718e-12,3,0,60
72.7892259,39.00192473,-76.5,6.3706338e-12,3,0,60
72.83944515,39.00192608,-76.5,1.083110096e-12,3,0,60
72.88973023,39.00192744,-76.5,1.208025818e-12,3,0,60
72.93995886,39.00192878,-76.5,1.159554975e-11,3,0,60
72.99013257,39.00193014,-76.5,1.394610967e-12,3,0,60
73.04031651,39.00193149,-76.5,6.558444265e-12,3,0,60
73.09052585,39.00193284,-76.5,7.903403092e-12,3,0,60
73.14071037,39.00193419,-76.5,-8.969232655e-13,3,0,60
73.19092608,39.00193554,-76.5,2.263841505e-12,3,0,60
73.24113235,39.00193689,-76.5,8.290062476e-12,3,0,60
73.29133765,39.00193825,-76.5,4.674236107e-12,3,0,60
73.34154985,39.00193959,-76.5,-6.182442942e-13,3,0,60
73.3917905,39.00194095,-76.5,1.251195414e-11,3,0,60
73.4419731,39.0019423,-76.5,-4.771878812e-12,3,0,60
73.49213131,39.00194365,-76.5,-1.821193589e-12,3,0,60
73.54230575,39.001945,-76.5,7.473768156e-12,3,0,60
73.59248725,39.00194635,-76.5,-1.672828567e-14,3,0,60
73.6426696,39.0019477,-76.5,9.702856409e-12,3,0,60
73.69287603,39.00194905,-76.5,2.798447364e-12,3,0,60
73.74308761,39.0019504,-76.5,1.370384802e-11,3,0,60
73.79326874,39.00195176,-76.5,-1.750788563e-12,3,0,60
73.84346151,39.00195311,-76.5,2.716332928e-12,3,0,60
73.89364082,39.00195446,-76.5,4.974774922e-12,3,0,60
73.94385524,39.00195581,-76.5,-3.181424232e-12,3,0,60
73.99406797,39.00195716,-76.5,4.204972402e-12,3,0,60
74.04422713,39.00195851,-76.5,6.57403616e-12,3,0,60
74.09440217,39.00195986,-76.5,-8.983534358e-12,3,0,60
74.14455933,39.00196121,-76.5,4.212394042e-12,3,0,60
74.19471598,39.00196256,-76.5,1.456976041e-12,3,0,60
74.24486362,39.00196392,-76.5,-9.913830093e-13,3,0,60
74.29505729,39.00196527,-76.5,2.793664986e-12,3,0,60
74.34523217,39.00196662,-76.5,1.120884505e-12,3,0,60
74.39541542,39.00196797,-76.5,1.951189384e-12,3,0,60
74.44557448,39.00196932,-76.5,6.481309709e-12,3,0,60
74.49587982,39.00197067,-76.5,1.054811608e-11,3,0,60
74.5460452,39.00197202,-76.5,-2.602351899e-12,3,0,60
74.59620721,39.00197337,-76.5,-5.508075152e-12,3,0,60
74.64639797,39.00197472,-76.5,1.339487351e-13,3,0,60
74.69655717,39.00197608,-76.5,-5.546945207e-12,3,0,60
74.74672935,39.00197743,-76.5,7.450065862e-12,3,0,60
74.79702863,39.00197878,-76.5,-2.908363397e-12,3,0,60
74.84721633,39.00198013,-76.5,6.829737555e-13,3,0,60
74.89741527,39.00198148,-76.5,4.522342666e-12,3,0,60
74.9476043,39.00198283,-76.5,-3.495708272e-12,3,0,60
74.99784123,39.00198419,-76.5,1.227623567e-12,3,0,60
75.04799266,39.00198553,-76.5,1.161589365e-11,3,0,60
75.09815757,39.00198688,-76.5,4.969922916e-12,3,0,60
75.14831422,39.00198824,-76.5,3.798403306e-12,3,0,60
75.19851892,39.00198959,-76.5,7.817590024e-12,3,0,60
75.24870261,39.00199094,-76.5,-3.949881553e-12,3,0,60
75.29886594,39.00199229,-76.5,2.92012337e-12,3,0,60
75.34901409,39.00199364,-76.5,8.396962153e-12,3,0,60
75.39919468,39.00199499,-76.5,2.162968644e-12,3,0,60
75.44939731,39.00199634,-76.5,-4.126335306e-12,3,0,60
75.49956609,39.00199769,-76.5,-9.577058892e-12,3,0,60
75.54975698,39.00199904,-76.5,-8.821162214e-12,3,0,60
75.59987037,39.0020004,-76.5,3.577238175e-13,3,0,60
75.65006789,39.00200175,-76.5,8.747142402e-12,3,0,60
75.70023731,39.0020031,-76.5,-6.908645388e-12,3,0,60
75.75040009,39.00200445,-76.5,8.990279947e-12,3,0,60
75.80056274,39.0020058,-76.5,5.775266823e-12,3,0,60
75.85076598,39.00200715,-76.5,1.238658069e-11,3,0,60
75.90093407,39.0020085,-76.5,2.956840976e-13,3,0,60
75.95111979,39.00200985,-76.5,-8.471657077e-12,3,0,60
76.0012853,39.00201121,-76.5,-2.502485195e-12,3,0,60
76.05146115,39.00201256,-76.5,-6.496626429e-14,3,0,60
76.10173121,39.00201391,-76.5,1.183576612e-11,3,0,60
76.15189562,39.00201526,-76.5,9.228420369e-12,3,0,60
76.2020801,39.00201661,-76.5,6.463568697e-13,3,0,60
76.25224189,39.00201796,-76.5,-3.250724712e-12,3,0,60
76.30242431,39.00201931,-76.5,1.011460254e-11,3,0,60
76.35259516,39.00202066,-76.5,1.565526868e-12,3,0,60
76.40279661,39.00202201,-76.5,4.573507122e-12,3,0,60
76.45296053,39.00202337,-76.5,-5.824359929e-12,3,0,60
76.50311763,39.00202472,-76.5,1.290256727e-11,3,0,60
76.55327859,39.00202607,-76.5,-6.809697713e-12,3,0,60
76.60343512,39.00202742,-76.5,6.287020046e-12,3,0,60
76.65367292,39.00202877,-76.5,7.302352807e-12,3,0,60
76.7037802,39.00203012,-76.5,2.840995339e-13,3,0,60
76.75392312,39.00203147,-76.5,-4.458263107e-12,3,0,60
76.80406263,39.00203282,-76.5,2.599996316e-12,3,0,60
76.85419945,39.00203418,-76.5,6.330229354e-12,3,0,60
76.90434226,39.00203553,-76.5,3.734788706e-12,3,0,60
76.95448582,39.00203688,-76.5,4.004552454e-12,3,0,60
77.00462401,39.00203823,-76.5,1.361987701e-12,3,0,60
77.05482788,39.00203958,-76.5,1.361987701e-12,3,0,60
77.10496898,39.00204093,-76.5,8.133525813e-12,3,0,60
77.15510973,39.00204228,-76.5,-1.150303954e-13,3,0,60
77.20525184,39.00204363,-76.5,1.517126791e-11,3,0,60
77.25538949,39.00204499,-76.5,5.673241724e-12,3,0,60
77.30552658,39.00204634,-76.5,-4.371930182e-12,3,0,60
77.35567029,39.00204769,-76.5,7.242578769e-12,3,0,60
77.40580916,39.00204904,-76.5,3.486373258e-12,3,0,60
77.45595512,39.00205039,-76.5,5.68628115e-12,3,0,60
77.50611436,39.00205174,-76.5,-2.657924168e-12,3,0,60
77.55625933,39.00205309,-76.5,5.617152939e-12,3,0,60
77.60640075,39.00205444,-76.5,1.866899255e-12,3,0,60
77.65653519,39.00205579,-76.5,5.151677664e-12,3,0,60
77.70675255,39.00205714,-76.5,4.087058278e-12,3,0,60
77.7569447,39.0020585,-76.5,-3.220891622e-12,3,0,60
77.80716333,39.00205985,-76.5,1.389634082e-11,3,0,60
77.85733466,39.0020612,-76.5,1.162680683e-11,3,0,60
77.90754367,39.00206255,-76.5,1.072737343e-11,3,0,60
77.95771256,39.0020639,-76.5,3.851486279e-12,3,0,60
78.00784674,39.00206525,-76.5,-2.621604165e-12,3,0,60
78.05803466,39.0020666,-76.5,1.108079367e-11,3,0,60
78.10819244,39.00206795,-76.5,2.803558258e-12,3,0,60
78.15841531,39.00206931,-76.5,7.784837008e-12,3,0,60
78.2085964,39.00207066,-76.5,8.49311491e-12,3,0,60
78.25878675,39.00207201,-76.5,-2.270985726e-13,3,0,60
78.308985,39.00207336,-76.5,4.528477831e-12,3,0,60
78.35922568,39.00207471,-76.5,4.867689803e-12,3,0,60
78.40939531,39.00207606,-76.5,1.589834492e-11,3,0,60
78.45962235,39.00207741,-76.5,-5.637777852e-13,3,0,60
78.50991682,39.00207876,-76.5,6.097951974e-13,3,0,60
78.56012393,39.00208011,-76.5,2.510087464e-12,3,0,60
78.61033735,39.00208147,-76.5,-3.813691412e-12,3,0,60
78.66054163,39.00208282,-76.5,6.683209924e-12,3,0,60
78.71075453,39.00208417,-76.5,1.230043193e-11,3,0,60
78.76097502,39.00208552,-76.5,1.243576572e-11,3,0,60
78.81118547,39.00208687,-76.5,1.117917477e-11,3,0,60
78.86141732,39.00208822,-76.5,4.249216806e-12,3,0,60
78.91169504,39.00208957,-76.5,-1.15983839e-12,3,0,60
78.96192851,39.00209092,-76.5,4.704913404e-12,3,0,60
79.01212161,39.00209228,-76.5,-1.013064883e-11,3,0,60
79.06233088,39.00209363,-76.5,2.75177298e-12,3,0,60
79.11256686,39.00209498,-76.5,3.021043252e-12,3,0,60
79.16274906,39.00209633,-76.5,-3.073560019e-12,3,0,60
79.2129397,39.00209768,-76.5,1.4499546e-11,3,0,60
79.26312243,39.00209903,-76.5,-3.467603611e-12,3,0,60
79.31340493,39.00210038,-76.5,1.779961198e-11,3,0,60
79.36355373,39.00210173,-76.5,7.628440637e-12,3,0,60
79.41379186,39.00210308,-76.5,1.184121628e-12,3,0,60
79.46402632,39.00210444,-76.5,-6.62583562e-12,3,0,60
79.51424606,39.00210579,-76.5,3.073907482e-12,3,0,60
79.56447241,39.00210714,-76.5,-9.367204743e-12,3,0,60
79.61474663,39.00210849,-76.5,7.047616494e-12,3,0,60
79.66494203,39.00210984,-76.5,-6.995253445e-12,3,0,60
79.7151489,39.00211119,-76.5,3.907915714e-12,3,0,60
79.76535937,39.00211254,-76.5,6.03490514e-12,3,0,60
79.81558268,39.00211389,-76.5,1.854077559e-12,3,0,60
79.865838,39.00211525,-76.5,1.462538332e-11,3,0,60
79.91606047,39.0021166,-76.5,9.375064146e-12,3,0,60
79.96625674,39.00211795,-76.5,-1.021315251e-12,3,0,60
80.01644803,39.0021193,-76.5,1.500509692e-11,3,0,60
80.06667064,39.00212065,-76.5,7.358837429e-12,3,0,60
80.11687314,39.002122,-76.5,-6.054041958e-12,3,0,60
80.16706075,39.00212335,-76.5,4.813410003e-12,3,0,60
80.21728015,39.0021247,-76.5,4.225002153e-12,3,0,60
80.26746137,39.00212605,-76.5,-9.109502998e-12,3,0,60
80.31775283,39.00212741,-76.5,4.369671746e-12,3,0,60
80.36793222,39.00212876,-76.5,3.212909747e-13,3,0,60
80.41811267,39.00213011,-76.5,1.404154932e-11,3,0,60
80.46830405,39.00213146,-76.5,1.403848359e-11,3,0,60
80.51848179,39.00213281,-76.5,1.698048938e-11,3,0,60
80.56870651,39.00213416,-76.5,-2.571055878e-12,3,0,60
80.61887906,39.00213551,-76.5,7.862350189e-12,3,0,60
80.66903796,39.00213686,-76.5,-2.309317271e-12,3,0,60
80.71922052,39.00213821,-76.5,4.659651138e-12,3,0,60
80.76941237,39.00213957,-76.5,8.623030474e-12,3,0,60
80.8196221,39.00214092,-76.5,8.093654287e-12,3,0,60
80.86981859,39.00214227,-76.5,-1.420246944e-12,3,0,60
80.92006659,39.00214362,-76.5,-4.655596831e-12,3,0,60
80.97029554,39.00214497,-76.5,-3.551966117e-12,3,0,60
81.02049952,39.00214632,-76.5,5.814430517e-12,3,0,60
81.07072636,39.00214767,-76.5,1.216035413e-11,3,0,60
81.12094691,39.00214902,-76.5,4.811232519e-12,3,0,60
81.1711582,39.00215038,-76.5,-4.644629786e-12,3,0,60
81.22132348,39.00215173,-76.5,-1.376220086e-12,3,0,60
81.27148849,39.00215308,-76.5,2.368894876e-12,3,0,60
81.32165985,39.00215443,-76.5,1.195702524e-11,3,0,60
81.37178785,39.00215578,-76.5,4.4695053e-12,3,0,60
81.4219587,39.00215713,-76.5,9.72238303e-13,3,0,60
81.4721592,39.00215848,-76.5,2.192441097e-12,3,0,60
81.52233188,39.00215983,-76.5,-2.2190517e-12,3,0,60
81.57253627,39.00216118,-76.5,6.776294978e-12,3,0,60
81.62271943,39.00216254,-76.5,9.57394973e-12,3,0,60
81.67292751,39.00216389,-76.5,-1.552123134e-12,3,0,60
81.72314788,39.00216524,-76.5,1.227672925e-12,3,0,60
81.77338061,39.00216794,-76.5,4.940454665e-12,3,0,60
81.82362229,39.00216929,-76.5,1.4551404e-11,3,0,60
81.87389108,39.00217064,-76.5,4.277550591e-12,3,0,60
81.92417784,39.00217199,-76.5,7.040976118e-12,3,0,60
81.97439434,39.00217334,-76.5,2.323419186e-12,3,0,60
82.02455014,39.0021747,-76.5,6.761024521e-12,3,0,60
82.07472515,39.00217605,-76.5,1.5200296e-11,3,0,60
82.12489201,39.0021774,-76.5,7.935505172e-12,3,0,60
82.17509286,39.00217875,-76.5,-1.195008381e-13,3,0,60
82.22527146,39.0021801,-76.5,-1.518462076e-12,3,0,60
82.27546598,39.00218145,-76.5,-7.863569255e-12,3,0,60
82.32573159,39.0021828,-76.5,2.87044196e-12,3,0,60
82.37592278,39.00218415,-76.5,4.185391536e-12,3,0,60
82.42615688,39.00218551,-76.5,6.75723634e-13,3,0,60
82.47631943,39.00218686,-76.5,1.64542013e-12,3,0,60
82.52653712,39.00218821,-76.5,3.14986176e-12,3,0,60
82.57675278,39.00218956,-76.5,-4.322288665e-13,3,0,60
82.62690825,39.00219091,-76.5,1.784051314e-12,3,0,60
82.67711228,39.00219226,-76.5,1.22784725e-11,3,0,60
82.72731466,39.00219361,-76.5,4.804839047e-12,3,0,60
82.77751749,39.00219496,-76.5,6.950680278e-12,3,0,60
82.82770924,39.00219631,-76.5,-3.517132887e-12,3,0,60
82.87797887,39.00219767,-76.5,1.630822774e-12,3,0,60
82.92816213,39.00219902,-76.5,4.707754879e-12,3,0,60
82.97834526,39.00220037,-76.5,-7.908960213e-12,3,0,60
83.02850001,39.00220172,-76.5,9.871794162e-13,3,0,60
83.07866074,39.00220307,-76.5,-8.939481488e-13,3,0,60
83.12884429,39.00220442,-76.5,5.549202896e-12,3,0,60
83.17900085,39.00220577,-76.5,-1.88573597e-12,3,0,60
83.22916758,39.00220712,-76.5,6.527740335e-12,3,0,60
83.27933671,39.00220848,-76.5,3.611353049e-12,3,0,60
83.32954059,39.00220983,-76.5,-6.277067809e-12,3,0,60
83.37972065,39.00221118,-76.5,1.034113467e-11,3,0,60
83.42994552,39.00221253,-76.5,5.115617935e-12,3,0,60
83.48009955,39.00221388,-76.5,-8.61721535e-12,3,0,60
83.53027027,39.00221523,-76.5,8.930336142e-13,3,0,60
83.58042828,39.00221658,-76.5,-2.119588679e-12,3,0,60
83.6306036,39.00221793,-76.5,-2.707004928e-12,3,0,60
83.68081756,39.00221928,-76.5,-8.446929348e-12,3,0,60
83.7310169,39.00222064,-76.5,-5.628441723e-12,3,0,60
83.7812144,39.00222199,-76.5,4.816374019e-12,3,0,60
83.83145116,39.00222334,-76.5,2.965014469e-12,3,0,60
83.88170383,39.00222469,-76.5,8.503363223e-12,3,0,60
83.93183464,39.00222604,-76.5,1.07290666e-11,3,0,60
83.98203195,39.00222739,-76.5,2.813452024e-12,3,0,60
84.03219661,39.00222874,-76.5,7.412771657e-12,3,0,60
84.08240348,39.00223009,-76.5,7.730075643e-13,3,0,60
84.13258835,39.00223145,-76.5,3.476410766e-12,3,0,60
84.18278434,39.0022328,-76.5,5.107358487e-14,3,0,60
84.23295625,39.00223415,-76.5,4.747618948e-12,3,0,60
84.28316216,39.0022355,-76.5,-4.618457179e-12,3,0,60
84.33332306,39.00223685,-76.5,3.354028036e-12,3,0,60
84.38348407,39.0022382,-76.5,-1.266304366e-12,3,0,60
84.43366464,39.00223955,-76.5,-3.141475697e-12,3,0,60
84.48381048,39.0022409,-76.5,-3.141475697e-12,3,0,60
84.53399648,39.00224225,-76.5,1.762323825e-11,3,0,60
84.58415006,39.00224361,-76.5,6.740141774e-12,3,0,60
84.63434823,39.00224496,-76.5,5.021227836e-12,3,0,60
84.68450293,39.00224631,-76.5,1.034925078e-11,3,0,60
84.73468162,39.00224766,-76.5,-1.342819243e-12,3,0,60
84.78483109,39.00224901,-76.5,-2.778983828e-12,3,0,60
84.83509875,39.00225036,-76.5,-2.323199467e-12,3,0,60
84.88529293,39.00225171,-76.5,2.442795004e-12,3,0,60
84.93546011,39.00225306,-76.5,-4.951964323e-12,3,0,60
84.985636,39.00225441,-76.5,4.466020393e-12,3,0,60
85.03580414,39.00225577,-76.5,5.135108525e-12,3,0,60
85.08597772,39.00225712,-76.5,3.937546267e-12,3,0,60
85.13613786,39.00225847,-76.5,1.554163921e-11,3,0,60
85.18633387,39.00225982,-76.5,4.420029632e-12,3,0,60
85.2364907,39.00226117,-76.5,4.347021631e-12,3,0,60
85.28666798,39.00226252,-76.5,5.004203778e-12,3,0,60
85.33687842,39.00226387,-76.5,6.216469833e-12,3,0,60
85.38709599,39.00226522,-76.5,9.307788378e-12,3,0,60
85.43729332,39.00226658,-76.5,5.294626351e-12,3,0,60
85.48750054,39.00226793,-76.5,3.47947709e-12,3,0,60
85.53771081,39.00226928,-76.5,9.088388716e-13,3,0,60
85.5879203,39.00227063,-76.5,1.033674498e-11,3,0,60
85.63811769,39.00227198,-76.5,3.884487086e-12,3,0,60
85.68835402,39.00227333,-76.5,3.460770357e-12,3,0,60
85.73858579,39.00227468,-76.5,1.638634822e-11,3,0,60
85.78885458,39.00227604,-76.5,3.098474951e-12,3,0,60
85.83908315,39.00227739,-76.5,-8.627675981e-14,3,0,60
85.88932428,39.00227874,-76.5,1.292809549e-11,3,0,60
85.93951822,39.00228009,-76.5,-2.070174426e-12,3,0,60
85.98971506,39.00228144,-76.5,8.955519831e-12,3,0,60
86.03991866,39.00228279,-76.5,2.764186309e-12,3,0,60
86.09006615,39.00228414,-76.5,6.834218091e-12,3,0,60
86.14033764,39.00228549,-76.5,7.241388861e-12,3,0,60
86.19059428,39.00228684,-76.5,9.910069427e-12,3,0,60
86.24082847,39.00228819,-76.5,8.460893804e-13,3,0,60
86.29104861,39.00228954,-76.5,4.893302498e-12,3,0,60
86.34127381,39.0022909,-76.5,2.233654672e-13,3,0,60
86.39152914,39.00229225,-76.5,4.624761388e-12,3,0,60
86.44178146,39.0022936,-76.5,-2.450863388e-13,3,0,60
86.49198834,39.00229495,-76.5,-5.455719071e-12,3,0,60
86.54218268,39.0022963,-76.5,-8.168227611e-12,3,0,60
86.59238732,39.00229765,-76.5,1.058775943e-12,3,0,60
86.64261576,39.002299,-76.5,1.970430926e-12,3,0,60
86.69287456,39.00230036,-76.5,7.172954329e-12,3,0,60
86.74304658,39.00230171,-76.5,-4.336199171e-13,3,0,60
86.79321546,39.00230306,-76.5,1.139567957e-11,3,0,60
86.84341989,39.00230441,-76.5,-8.477307243e-12,3,0,60
86.89360154,39.00230576,-76.5,2.628253881e-12,3,0,60
86.94385995,39.00230711,-76.5,6.0816885e-12,3,0,60
86.99405356,39.00230846,-76.5,-1.028419946e-11,3,0,60
87.04422162,39.00230981,-76.5,1.182928463e-11,3,0,60
87.09443258,39.00231117,-76.5,4.82095185e-12,3,0,60
87.14459989,39.00231252,-76.5,-1.893716813e-12,3,0,60
87.19478553,39.00231387,-76.5,1.064791671e-11,3,0,60
87.24497006,39.00231522,-76.5,2.758591915e-12,3,0,60
87.295142,39.00231657,-76.5,1.357644019e-11,3,0,60
87.34530579,39.00231792,-76.5,-2.997792518e-12,3,0,60
87.39547491,39.00231927,-76.5,3.863036341e-12,3,0,60
87.44571078,39.00232062,-76.5,-3.91318806e-12,3,0,60
87.49582755,39.00232197,-76.5,5.089601057e-12,3,0,60
87.54603936,39.00232333,-76.5,-9.336222816e-12,3,0,60
87.59620544,39.00232468,-76.5,3.394410802e-12,3,0,60
87.64641244,39.00232603,-76.5,-6.15371815e-12,3,0,60
87.69658458,39.00232738,-76.5,-6.330898778e-12,3,0,60
87.74678722,39.00232873,-76.5,-1.118536821e-11,3,0,60
87.79696944,39.00233008,-76.5,1.171287409e-11,3,0,60
87.84715852,39.00233143,-76.5,3.113198712e-12,3,0,60
87.89731861,39.00233278,-76.5,-3.768143909e-12,3,0,60
87.9474873,39.00233413,-76.5,-3.555922102e-12,3,0,60
87.99769843,39.00233548,-76.5,8.529839916e-12,3,0,60
88.04779426,39.00233684,-76.5,3.319700025e-12,3,0,60
88.09795026,39.00233819,-76.5,-6.666441993e-12,3,0,60
88.14810243,39.00233954,-76.5,1.096023695e-11,3,0,60
88.1983157,39.00234089,-76.5,7.313162573e-12,3,0,60
88.24847603,39.00234224,-76.5,1.934860185e-12,3,0,60
88.29863625,39.00234359,-76.5,2.035968267e-12,3,0,60
88.34882204,39.00234494,-76.5,1.164889986e-11,3,0,60
88.39901701,39.00234629,-76.5,-1.2609809e-12,3,0,60
88.44920375,39.00234765,-76.5,1.251929687e-11,3,0,60
88.49937891,39.002349,-76.5,4.423121467e-12,3,0,60
88.54962798,39.00235035,-76.5,1.20066962e-11,3,0,60
88.59982023,39.0023517,-76.5,7.813964957e-12,3,0,60
88.64998186,39.00235305,-76.5,2.439633329e-12,3,0,60
88.70013458,39.0023544,-76.5,-1.414223373e-13,3,0,60
88.7503165,39.00235575,-76.5,-2.308274011e-12,3,0,60
88.80047022,39.0023571,-76.5,1.107069735e-11,3,0,60
88.85063765,39.00235846,-76.5,-8.491758832e-12,3,0,60
88.90085269,39.00235981,-76.5,-7.596966595e-12,3,0,60
88.95100818,39.00236116,-76.5,1.403286382e-11,3,0,60
89.0012114,39.00236251,-76.5,9.656592662e-12,3,0,60
89.0514161,39.00236386,-76.5,-1.617803451e-12,3,0,60
89.10163289,39.00236521,-76.5,1.351982787e-12,3,0,60
89.1518087,39.00236656,-76.5,9.021872585e-12,3,0,60
89.20201798,39.00236791,-76.5,8.231076279e-12,3,0,60
89.25224284,39.00236927,-76.5,1.500707974e-11,3,0,60
89.3024087,39.00237062,-76.5,-1.315650404e-12,3,0,60
89.35257071,39.00237197,-76.5,2.857062248e-12,3,0,60
89.40275864,39.00237332,-76.5,7.688040771e-12,3,0,60
89.45295154,39.00237467,-76.5,3.962587435e-12,3,0,60
89.50312598,39.00237602,-76.5,-4.236272616e-12,3,0,60
89.55330169,39.00237737,-76.5,-1.294268289e-12,3,0,60
89.60344927,39.00237872,-76.5,-5.452277469e-12,3,0,60
89.65360474,39.00238007,-76.5,-1.0829588e-11,3,0,60
89.70383556,39.00238142,-76.5,8.718307436e-12,3,0,60
89.75403575,39.00238278,-76.5,9.087778427e-12,3,0,60
89.80424587,39.00238413,-76.5,6.777568207e-12,3,0,60
89.85441576,39.00238548,-76.5,1.697336442e-11,3,0,60
89.90456941,39.00238683,-76.5,1.205342017e-11,3,0,60
89.95470718,39.00238818,-76.5,1.505991099e-11,3,0,60
90.00486861,39.00238953,-76.5,1.113355718e-11,3,0,60
90.05502983,39.00239088,-76.5,1.49600264e-11,3,0,60
90.1052536,39.00239223,-76.5,7.306421065e-13,3,0,60
90.15542056,39.00239359,-76.5,-8.465289268e-12,3,0,60
90.20557704,39.00239494,-76.5,-3.38281083e-12,3,0,60
90.2557263,39.00239629,-76.5,1.110682414e-11,3,0,60
90.30593187,39.00239764,-76.5,1.407760136e-11,3,0,60
90.35607471,39.00239899,-76.5,1.821516688e-12,3,0,60
90.40622992,39.00240034,-76.5,2.235137413e-12,3,0,60
90.45638334,39.00240169,-76.5,9.889650739e-12,3,0,60
90.50653958,39.00240304,-76.5,2.800129362e-13,3,0,60
90.55670443,39.00240439,-76.5,1.754853951e-11,3,0,60
90.60685599,39.00240574,-76.5,2.680238081e-12,3,0,60
90.65701214,39.0024071,-76.5,1.247546371e-12,3,0,60
90.70716306,39.00240845,-76.5,1.370634004e-11,3,0,60
90.75737025,39.0024098,-76.5,1.211094337e-11,3,0,60
90.80754703,39.00241115,-76.5,2.344551866e-12,3,0,60
90.85771474,39.0024125,-76.5,-4.919249196e-12,3,0,60
90.90792354,39.00241385,-76.5,-5.122718791e-12,3,0,60
90.95813238,39.0024152,-76.5,-4.998296498e-12,3,0,60
91.00830083,39.00241655,-76.5,-2.758705135e-12,3,0,60
91.05849019,39.00241791,-76.5,2.696119245e-13,3,0,60
91.10870553,39.00241926,-76.5,-5.862192689e-12,3,0,60
91.15887288,39.00242061,-76.5,5.83069401e-12,3,0,60
91.20904901,39.00242196,-76.5,-3.905933949e-12,3,0,60
91.25921898,39.00242331,-76.5,1.575368987e-12,3,0,60
91.30939284,39.00242466,-76.5,1.528155903e-12,3,0,60
91.35956507,39.00242601,-76.5,9.169277537e-12,3,0,60
91.40974826,39.00242736,-76.5,-8.718999405e-12,3,0,60
91.45992303,39.00242871,-76.5,1.211912968e-11,3,0,60
91.51016873,39.00243007,-76.5,1.024494995e-11,3,0,60
91.56037134,39.00243142,-76.5,3.340788341e-12,3,0,60
91.61058693,39.00243277,-76.5,1.863454368e-12,3,0,60
91.66082458,39.00243412,-76.5,1.569383482e-11,3,0,60
91.71103989,39.00243547,-76.5,3.590039749e-12,3,0,60
91.76123865,39.00243682,-76.5,1.329325276e-11,3,0,60
91.81143065,39.00243817,-76.5,3.880548572e-12,3,0,60
91.86163978,39.00243953,-76.5,1.242944341e-12,3,0,60
91.91187989,39.00244088,-76.5,-9.179537454e-13,3,0,60
91.96207476,39.00244223,-76.5,2.894127841e-12,3,0,60
92.01231119,39.00244358,-76.5,2.894127841e-12,3,0,60
92.06249246,39.00244493,-76.5,-8.052462407e-12,3,0,60
92.11266769,39.00244628,-76.5,1.037236637e-11,3,0,60
92.16290791,39.00244763,-76.5,1.567112389e-11,3,0,60
92.21313052,39.00244898,-76.5,1.979955463e-12,3,0,60
92.26331911,39.00245033,-76.5,4.736933098e-12,3,0,60
92.31353507,39.00245169,-76.5,2.873667491e-12,3,0,60
92.36379285,39.00245304,-76.5,3.460410114e-12,3,0,60
92.41404284,39.00245439,-76.5,1.512814917e-12,3,0,60
92.46425738,39.00245574,-76.5,9.291344213e-12,3,0,60
92.51449993,39.00245709,-76.5,-1.788598429e-12,3,0,60
92.5647141,39.00245844,-76.5,4.825195245e-12,3,0,60
92.6149718,39.00245979,-76.5,-8.080769841e-13,3,0,60
92.66517506,39.00246114,-76.5,-9.926127218e-12,3,0,60
92.71540482,39.00246249,-76.5,1.781210789e-11,3,0,60
92.76561558,39.00246385,-76.5,7.848783081e-12,3,0,60
92.81591107,39.0024652,-76.5,8.034715668e-12,3,0,60
92.86611454,39.00246655,-76.5,-5.012076961e-12,3,0,60
92.91634689,39.0024679,-76.5,4.497677703e-12,3,0,60
92.96655976,39.00246925,-76.5,1.421527684e-11,3,0,60
93.0167981,39.0024706,-76.5,1.658483814e-11,3,0,60
93.06702365,39.00247195,-76.5,-3.821903092e-12,3,0,60
93.11722198,39.0024733,-76.5,4.549407494e-12,3,0,60
93.16744952,39.00247465,-76.5,4.232341761e-12,3,0,60
93.21765642,39.00247601,-76.5,1.843823458e-11,3,0,60
93.26778039,39.00247736,-76.5,3.505453843e-13,3,0,60
93.31799973,39.00247871,-76.5,-1.039753675e-11,3,0,60
93.36822329,39.00248006,-76.5,1.02798714e-11,3,0,60
93.41844196,39.00248141,-76.5,6.848085131e-12,3,0,60
93.46861972,39.00248276,-76.5,-7.317023418e-13,3,0,60
93.51882086,39.00248411,-76.5,1.517912751e-11,3,0,60
93.56898586,39.00248546,-76.5,-1.000740718e-12,3,0,60
93.61915844,39.00248681,-76.5,5.582297807e-12,3,0,60
93.66931234,39.00248817,-76.5,2.782978959e-12,3,0,60
93.71947588,39.00248952,-76.5,2.857568231e-13,3,0,60
93.7696397,39.00249087,-76.5,5.059159253e-13,3,0,60
93.81981227,39.00249222,-76.5,-1.431261765e-12,3,0,60
93.86998399,39.00249357,-76.5,-1.363390744e-12,3,0,60
93.92014897,39.00249492,-76.5,6.662171652e-12,3,0,60
93.97040532,39.00249627,-76.5,9.423613454e-12,3,0,60
94.0205714,39.00249762,-76.5,8.269704489e-12,3,0,60
94.07071011,39.00249898,-76.5,6.291353891e-12,3,0,60
94.12085924,39.00250033,-76.5,-6.566085985e-14,3,0,60
94.17100948,39.00250168,-76.5,1.099624488e-11,3,0,60
94.22116182,39.00250303,-76.5,7.99304816e-12,3,0,60
94.27133206,39.00250438,-76.5,-7.348489242e-12,3,0,60
94.32150988,39.00250573,-76.5,6.664439835e-12,3,0,60
94.37173033,39.00250708,-76.5,3.286227441e-12,3,0,60
94.42193755,39.00250843,-76.5,8.142998491e-12,3,0,60
94.47211396,39.00250978,-76.5,-5.512450411e-12,3,0,60
94.52229617,39.00251114,-76.5,-2.159715293e-12,3,0,60
94.57250816,39.00251249,-76.5,6.670448662e-12,3,0,60
94.62268808,39.00251384,-76.5,-7.873103917e-13,3,0,60
94.67284844,39.00251519,-76.5,9.861382009e-12,3,0,60
94.72302433,39.00251654,-76.5,7.721034605e-13,3,0,60
94.7731996,39.00251789,-76.5,1.128090988e-11,3,0,60
94.82340914,39.00252059,-76.5,4.00114844e-12,3,0,60
94.87354845,39.00252195,-76.5,4.538782236e-12,3,0,60
94.92371218,39.0025233,-76.5,-4.820348393e-12,3,0,60
94.97392405,39.00252465,-76.5,-3.818905411e-12,3,0,60
95.0241001,39.002526,-76.5,5.641242295e-12,3,0,60
95.07424056,39.00252735,-76.5,-2.078927277e-12,3,0,60
95.12439362,39.0025287,-76.5,1.246676461e-11,3,0,60
95.174539,39.00253005,-76.5,1.030161094e-12,3,0,60
95.2246754,39.0025314,-76.5,6.122558209e-12,3,0,60
95.27482278,39.00253276,-76.5,6.302058947e-13,3,0,60
95.32501543,39.00253411,-76.5,1.134586644e-11,3,0,60
95.37516879,39.00253546,-76.5,1.233143646e-11,3,0,60
95.42530962,39.00253681,-76.5,4.763057716e-12,3,0,60
95.47552518,39.00253816,-76.5,8.271556188e-12,3,0,60
95.52568484,39.00253951,-76.5,2.141733833e-12,3,0,60
95.57580094,39.00254086,-76.5,7.432056169e-12,3,0,60
95.62595746,39.00254221,-76.5,7.126894655e-12,3,0,60
95.6761036,39.00254356,-76.5,1.309092103e-12,3,0,60
95.72623658,39.00254491,-76.5,2.307558572e-12,3,0,60
95.77637164,39.00254627,-76.5,-3.319763911e-12,3,0,60
95.82651579,39.00254762,-76.5,-1.583663399e-12,3,0,60
95.8766689,39.00254897,-76.5,5.974122323e-12,3,0,60
95.92678617,39.00255032,-76.5,6.76374856e-12,3,0,60
95.97692073,39.00255167,-76.5,1.301840122e-11,3,0,60
96.02705893,39.00255302,-76.5,1.100532792e-11,3,0,60
96.07719173,39.00255437,-76.5,3.6507485e-12,3,0,60
96.12733075,39.00255573,-76.5,-7.686816781e-13,3,0,60
96.17748134,39.00255708,-76.5,3.853457803e-12,3,0,60
96.22769471,39.00255843,-76.5,-2.802183363e-12,3,0,60
96.27789823,39.00255978,-76.5,-6.647182654e-12,3,0,60
96.32805543,39.00256113,-76.5,1.620492442e-11,3,0,60
96.37820858,39.00256248,-76.5,-1.804387642e-12,3,0,60
96.42835775,39.00256383,-76.5,3.931885753e-12,3,0,60
96.47853404,39.00256518,-76.5,1.388064918e-11,3,0,60
96.52867948,39.00256653,-76.5,-2.944585891e-12,3,0,60
96.57882347,39.00256788,-76.5,6.051258336e-12,3,0,60
96.62895527,39.00256924,-76.5,2.477733241e-12,3,0,60
96.67908986,39.00257059,-76.5,2.970319726e-12,3,0,60
96.72923092,39.00257194,-76.5,4.717425693e-12,3,0,60
96.77944851,39.00257329,-76.5,-2.292798053e-12,3,0,60
96.82961689,39.00257464,-76.5,-5.281019455e-12,3,0,60
96.87982197,39.00257599,-76.5,8.254052684e-13,3,0,60
96.92998334,39.00257734,-76.5,-1.049056345e-11,3,0,60
96.98015977,39.00257869,-76.5,-5.712074132e-12,3,0,60
97.03032599,39.00258005,-76.5,1.002126219e-11,3,0,60
97.08048049,39.0025814,-76.5,-8.918553816e-12,3,0,60
97.13066864,39.00258275,-76.5,2.594358751e-12,3,0,60
97.18086576,39.0025841,-76.5,1.75305719e-12,3,0,60
97.23103791,39.00258545,-76.5,-9.912629289e-12,3,0,60
97.28119875,39.0025868,-76.5,2.182154111e-12,3,0,60
97.33137185,39.00258815,-76.5,9.161137055e-12,3,0,60
97.38154484,39.0025895,-76.5,-4.027704524e-13,3,0,60
97.431708,39.00259086,-76.5,-3.281860076e-12,3,0,60
97.48192652,39.00259221,-76.5,7.898696603e-12,3,0,60
97.53208248,39.00259356,-76.5,-4.11273922e-12,3,0,60
97.58224942,39.00259491,-76.5,7.868943968e-12,3,0,60
97.63240105,39.00259626,-76.5,3.762617823e-12,3,0,60
97.68256066,39.00259761,-76.5,2.805735784e-12,3,0,60
97.73271614,39.00259896,-76.5,9.09867664e-12,3,0,60
97.78286818,39.00260031,-76.5,5.586622665e-12,3,0,60
97.83301331,39.00260166,-76.5,6.749377522e-12,3,0,60
97.88324167,39.00260302,-76.5,4.118024227e-13,3,0,60
97.93340853,39.00260437,-76.5,-3.218555129e-13,3,0,60
97.98357522,39.00260572,-76.5,1.634585052e-12,3,0,60
98.03375393,39.00260707,-76.5,3.666774274e-13,3,0,60
98.08390696,39.00260842,-76.5,2.380164149e-12,3,0,60
98.13406518,39.00260977,-76.5,1.123472564e-11,3,0,60
98.1842338,39.00261112,-76.5,8.698409035e-12,3,0,60
98.23444499,39.00261247,-76.5,3.565251998e-12,3,0,60
98.28460226,39.00261382,-76.5,4.380273305e-12,3,0,60
98.33479286,39.00261518,-76.5,1.05253902e-11,3,0,60
98.3849604,39.00261653,-76.5,7.033178377e-12,3,0,60
98.4351187,39.00261788,-76.5,3.239365971e-12,3,0,60
98.4853256,39.00261923,-76.5,1.019751468e-11,3,0,60
98.53550872,39.00262058,-76.5,1.476319701e-11,3,0,60
98.58568161,39.00262193,-76.5,1.301796607e-12,3,0,60
98.63582282,39.00262328,-76.5,1.409551949e-11,3,0,60
98.68599341,39.00262463,-76.5,9.872124695e-12,3,0,60
98.73619696,39.00262598,-76.5,3.343568977e-12,3,0,60
98.78637719,39.00262734,-76.5,1.219465809e-11,3,0,60
98.83653947,39.00262869,-76.5,9.798724645e-12,3,0,60
98.88676666,39.00263004,-76.5,1.719505463e-12,3,0,60
98.9369488,39.00263139,-76.5,-5.841337732e-12,3,0,60
98.98710561,39.00263274,-76.5,-1.165954475e-11,3,0,60
99.03735189,39.00263409,-76.5,-3.656211186e-12,3,0,60
99.08752659,39.00263544,-76.5,-4.363578282e-12,3,0,60
99.13775641,39.00263679,-76.5,-3.603618925e-12,3,0,60
99.18793081,39.00263815,-76.5,4.919082729e-12,3,0,60
99.23811933,39.0026395,-76.5,-6.310572662e-12,3,0,60
99.2882855,39.00264085,-76.5,1.320517212e-11,3,0,60
99.33843011,39.0026422,-76.5,4.019257437e-12,3,0,60
99.38857662,39.00264355,-76.5,-3.279173432e-12,3,0,60
99.43877524,39.0026449,-76.5,-1.393172467e-12,3,0,60
99.48893948,39.00264625,-76.5,3.266760043e-12,3,0,60
99.5391395,39.0026476,-76.5,1.221606777e-11,3,0,60
99.58935585,39.00264896,-76.5,-5.592905511e-13,3,0,60
99.63952824,39.00265031,-76.5,4.417508494e-13,3,0,60
99.68970555,39.00265166,-76.5,1.141942161e-11,3,0,60
99.7398435,39.00265301,-76.5,1.037622625e-11,3,0,60
99.7900115,39.00265436,-76.5,-6.290176259e-12,3,0,60
99.84018468,39.00265571,-76.5,1.169127484e-11,3,0,60
99.89036193,39.00265706,-76.5,-1.718039934e-12,3,0,60
99.94055985,39.00265841,-76.5,3.534676595e-12,3,0,60
99.99073007,39.00265976,-76.5,4.988118847e-12,3,0,60
100.0408916,39.00266111,-76.5,3.291124878e-12,3,0,60
100.0910678,39.00266247,-76.5,3.291124878e-12,3,0,60
100.1412509,39.00266382,-76.5,9.760481644e-13,3,0,60
100.1914207,39.00266517,-76.5,1.131530328e-11,3,0,60
100.241576,39.00266652,-76.5,6.905392344e-12,3,0,60
100.2917855,39.00266787,-76.5,-2.204130096e-12,3,0,60
100.3419641,39.00266922,-76.5,-2.282997321e-12,3,0,60
100.3921948,39.00267057,-76.5,1.761520478e-11,3,0,60
100.4423822,39.00267193,-76.5,-2.048640536e-14,3,0,60
100.4925915,39.00267328,-76.5,5.909343243e-12,3,0,60
100.5428451,39.00267463,-76.5,-9.721299415e-12,3,0,60
100.593027,39.00267598,-76.5,-5.120596201e-13,3,0,60
100.6432357,39.00267733,-76.5,1.302822388e-11,3,0,60
100.6934167,39.00267868,-76.5,-4.444265678e-12,3,0,60
100.7435812,39.00268003,-76.5,-3.457113786e-12,3,0,60
100.7938005,39.00268138,-76.5,9.82770213e-12,3,0,60
100.843951,39.00268273,-76.5,4.478265734e-12,3,0,60
100.8941167,39.00268408,-76.5,5.340908187e-12,3,0,60
100.9442674,39.00268544,-76.5,-7.792600808e-12,3,0,60
100.9944405,39.00268679,-76.5,8.725492266e-12,3,0,60
101.0445798,39.00268814,-76.5,4.799729616e-12,3,0,60
101.0947489,39.00268949,-76.5,1.058498892e-12,3,0,60
101.1448949,39.00269084,-76.5,3.670226224e-12,3,0,60
101.1950709,39.00269219,-76.5,2.642904575e-12,3,0,60
101.2452488,39.00269354,-76.5,3.752581702e-12,3,0,60
101.2954173,39.00269489,-76.5,3.030829054e-12,3,0,60
101.345574,39.00269625,-76.5,-9.85711407e-13,3,0,60
101.3957794,39.0026976,-76.5,-3.874655044e-13,3,0,60
101.4459406,39.00269895,-76.5,-3.719452039e-12,3,0,60
101.4962176,39.0027003,-76.5,1.335868552e-11,3,0,60
101.5464473,39.00270165,-76.5,-7.608997484e-12,3,0,60
101.5966155,39.002703,-76.5,5.779989675e-12,3,0,60
101.6468081,39.00270435,-76.5,-1.174508155e-11,3,0,60
101.6969905,39.0027057,-76.49999998,0.01309274679,3,0,60
101.7471626,39.00270705,-76.49999993,0.02618246274,3,0,60
101.7973582,39.0027084,-76.49999986,0.03926842971,3,0,60
101.8475656,39.00270975,-76.49999977,0.05236537265,3,0,60
101.8978045,39.0027111,-76.49999966,0.06546504825,3,0,60
101.9479949,39.00271245,-76.49999952,0.07855444061,3,0,60
101.9982064,39.00271379,-76.49999937,0.09162782548,3,0,60
102.0484109,39.00271514,-76.49999918,0.1047264942,3,0,60
102.0985836,39.00271648,-76.49999898,0.1178197272,3,0,60
102.1487718,39.00271782,-76.49999876,0.1309018279,3,0,60
102.1989611,39.00271916,-76.49999851,0.1439892251,3,0,60
102.2491259,39.00272049,-76.49999824,0.1570800434,3,0,60
102.2993313,39.00272182,-76.49999794,0.170179706,3,0,60
102.3495611,39.00272315,-76.49999763,0.1832609001,3,0,60
102.3997942,39.00272448,-76.49999729,0.1963516886,3,0,60
102.4500049,39.0027258,-76.49999693,0.2094428785,3,0,60
102.5002152,39.00272712,-76.49999655,0.2225392101,3,0,60
102.5504428,39.00272843,-76.49999614,0.2356327913,3,0,60
102.6006827,39.00272974,-76.49999572,0.2487084983,3,0,60
102.6508841,39.00273104,-76.49999527,0.2618030785,3,0,60
102.7010638,39.00273235,-76.4999948,0.2749013006,3,0,60
102.7512339,39.00273364,-76.49999431,0.2879930575,3,0,60
102.8014116,39.00273493,-76.49999379,0.3010740377,3,0,60
102.8515893,39.00273622,-76.49999326,0.3141648148,3,0,60
102.901828,39.0027375,-76.4999927,0.3272600277,3,0,60
102.951994,39.00273877,-76.49999212,0.3403429206,3,0,60
103.0021583,39.00274004,-76.49999152,0.3534421815,3,0,60
103.0524063,39.0027413,-76.4999909,0.3665224041,3,0,60
103.1025838,39.00274255,-76.49999026,0.3796095023,3,0,60
103.1528053,39.0027438,-76.4999896,0.3926997489,3,0,60
103.2030101,39.00274504,-76.49998892,0.4057888329,3,0,60
103.2531879,39.00274628,-76.49998821,0.4188948582,3,0,60
103.3034337,39.0027475,-76.49998749,0.4319718449,3,0,60
103.3536601,39.00274872,-76.49998674,0.4450683878,3,0,60
103.4038386,39.00274994,-76.49998597,0.4581521122,3,0,60
103.4540103,39.00275114,-76.49998519,0.471238825,3,0,60
103.5041875,39.00275233,-76.49998438,0.4843319135,3,0,60
103.5544031,39.00275352,-76.49998356,0.497420993,3,0,60
103.6045646,39.0027547,-76.49998271,0.510517798,3,0,60
103.6547405,39.00275587,-76.49998184,0.5236050441,3,0,60
103.7049434,39.00275703,-76.49998096,0.5366921787,3,0,60
103.7551801,39.00275819,-76.49998005,0.5497923857,3,0,60
103.8053636,39.00275933,-76.49997913,0.5628721266,3,0,60
103.8555353,39.00276046,-76.49997819,0.5759627777,3,0,60
103.9057007,39.00276158,-76.49997722,0.5890489567,3,0,60
103.9559577,39.0027627,-76.49997624,0.6021449331,3,0,60
104.0061706,39.0027638,-76.49997524,0.6152393858,3,0,60
104.0563355,39.00276489,-76.49997423,0.6283249263,3,0,60
104.1064879,39.00276598,-76.49997319,0.641405374,3,0,60
104.1566768,39.00276706,-76.49997215,0.6421549552,3,0,60
104.2068418,39.00276814,-76.49997112,0.6412804638,3,0,60
104.2570025,39.00276922,-76.49997008,0.6404144531,3,0,60
104.3071715,39.00277031,-76.49996905,0.6395591873,3,0,60
104.3573833,39.00277139,-76.49996802,0.6387123435,3,0,60
104.4075379,39.00277248,-76.49996699,0.6378741683,3,0,60
104.4576973,39.00277357,-76.49996596,0.6370448,3,0,60
104.5079228,39.00277465,-76.49996493,0.6362241249,3,0,60
104.5580797,39.00277574,-76.4999639,0.6354121768,3,0,60
104.6082374,39.00277683,-76.49996287,0.6362109165,3,0,60
104.6583901,39.00277791,-76.49996184,0.6365658336,3,0,60
104.7085772,39.002779,-76.49996081,0.6369177164,3,0,60
104.758786,39.00278008,-76.49995978,0.6372652006,3,0,60
104.8089428,39.00278117,-76.49995875,0.6376093347,3,0,60
104.8591193,39.00278226,-76.49995772,0.6379501618,3,0,60
104.9093032,39.00278334,-76.49995669,0.6382869089,3,0,60
104.9594741,39.00278443,-76.49995565,0.6386204043,3,0,60
105.0096359,39.00278551,-76.49995462,0.6389505821,3,0,60
105.0598729,39.0027866,-76.49995359,0.6392773495,3,0,60
105.1100662,39.00278768,-76.49995256,0.6396001983,3,0,60
105.1602468,39.00278876,-76.49995152,0.639920056,3,0,60
105.2104324,39.00278985,-76.49995049,0.6402367457,3,0,60
105.2606123,39.00279093,-76.49994945,0.6405496891,3,0,60
105.3108085,39.00279201,-76.49994842,0.6408597312,3,0,60
105.3609712,39.0027931,-76.49994738,0.641166183,3,0,60
105.4111379,39.00279418,-76.49994634,0.6414696834,3,0,60
105.4613316,39.00279526,-76.49994531,0.64176986,3,0,60
105.5115164,39.00279634,-76.49994427,0.6420670255,3,0,60
105.561702,39.00279743,-76.49994323,0.6423612517,3,0,60
105.6118884,39.00279851,-76.4999422,0.6426522461,3,0,60
105.6621191,39.00279959,-76.49994116,0.6429400208,3,0,60
105.7123592,39.00280067,-76.49994012,0.6432249101,3,0,60
105.7625723,39.00280175,-76.49993908,0.6435071407,3,0,60
105.8128095,39.00280283,-76.49993804,0.6437861787,3,0,60
105.8630946,39.00280391,-76.499937,0.6440620269,3,0,60
105.9132658,39.00280499,-76.49993596,0.644335375,3,0,60
105.9634566,39.00280607,-76.49993492,0.644605504,3,0,60
106.0136182,39.00280715,-76.49993388,0.6448732242,3,0,60
106.0638272,39.00280823,-76.49993284,0.6451380042,3,0,60
106.1139806,39.00280931,-76.4999318,0.6453999338,3,0,60
106.1641708,39.00281039,-76.49993075,0.6456591617,3,0,60
106.2143313,39.00281147,-76.49992971,0.6459154694,3,0,60
106.2645234,39.00281255,-76.49992867,0.6461692898,3,0,60
106.314736,39.00281363,-76.49992763,0.6464204579,3,0,60
106.3649022,39.0028147,-76.49992658,0.6466690685,3,0,60
106.4151121,39.00281578,-76.49992554,0.6469150258,3,0,60
106.4652832,39.00281686,-76.4999245,0.6471585512,3,0,60
106.5154679,39.00281794,-76.49992345,0.6473992555,3,0,60
106.5657139,39.00281902,-76.49992241,0.6476375561,3,0,60
106.6159061,39.00282009,-76.49992136,0.6478734736,3,0,60
106.6661105,39.00282117,-76.49992032,0.6481069255,3,0,60
106.7162961,39.00282225,-76.49991927,0.6483376976,3,0,60
106.7664712,39.00282332,-76.49991822,0.6485662448,3,0,60
106.8166393,39.0028244,-76.49991718,0.6487924525,3,0,60
106.8668179,39.00282548,-76.49991613,0.6490160895,3,0,60
106.9170284,39.00282655,-76.49991508,0.6492376014,3,0,60
106.9672001,39.00282763,-76.49991404,0.6494565871,3,0,60
107.0173971,39.0028287,-76.49991299,0.6496735348,3,0,60
107.0675841,39.00282978,-76.49991194,0.6498879456,3,0,60
107.1177891,39.00283086,-76.49991089,0.6501003023,3,0,60
107.1680259,39.00283193,-76.49990984,0.6503106747,3,0,60
107.218217,39.00283301,-76.4999088,0.6505184292,3,0,60
107.2684321,39.00283408,-76.49990775,0.6507240154,3,0,60
107.3186586,39.00283516,-76.4999067,0.6509276998,3,0,60
107.3688447,39.00283623,-76.49990565,0.6511291818,3,0,60
107.4190367,39.00283731,-76.4999046,0.6513285079,3,0,60
107.4691969,39.00283838,-76.49990355,0.6513285079,3,0,60
107.5193836,39.00283945,-76.4999025,0.6517232959,3,0,60
107.5695534,39.00284053,-76.49990145,0.6519158802,3,0,60
107.6197268,39.0028416,-76.4999004,0.6521070467,3,0,60
107.6699299,39.00284268,-76.49989935,0.6522961297,3,0,60
107.7201376,39.00284375,-76.49989829,0.6524833451,3,0,60
107.770343,39.00284482,-76.49989724,0.6526685913,3,0,60
107.8205159,39.0028459,-76.49989619,0.6528516655,3,0,60
107.8706909,39.00284697,-76.49989514,0.6530329548,3,0,60
107.9208577,39.00284804,-76.49989409,0.6532125815,3,0,60
107.9710257,39.00284912,-76.49989303,0.6533900724,3,0,60
108.0211924,39.00285019,-76.49989198,0.6535655993,3,0,60
108.0713538,39.00285126,-76.49989093,0.6537397036,3,0,60
108.1215706,39.00285233,-76.49988988,0.653911441,3,0,60
108.1717923,39.00285341,-76.49988882,0.6540816925,3,0,60
108.2219539,39.00285448,-76.49988777,0.65425018,3,0,60
108.2721103,39.00285555,-76.49988671,0.6544168228,3,0,60
108.3223107,39.00285662,-76.49988566,0.6545817177,3,0,60
108.3725097,39.00285769,-76.4998846,0.6547449383,3,0,60
108.4227069,39.00285877,-76.49988355,0.6549065182,3,0,60
108.4729207,39.00285984,-76.4998825,0.655066349,3,0,60
108.5231356,39.00286091,-76.49988144,0.6552243747,3,0,60
108.5733064,39.00286305,-76.49987933,0.6555357494,3,0,60
108.6235255,39.00286412,-76.49987827,0.6556890166,3,0,60
108.6736807,39.00286519,-76.49987722,0.6558405721,3,0,60
108.7238504,39.00286626,-76.49987616,0.655990571,3,0,60
108.7740978,39.00286733,-76.49987511,0.6561390522,3,0,60
108.8242481,39.0028684,-76.49987405,0.6562859507,3,0,60
108.8743863,39.00286947,-76.49987299,0.6564313379,3,0,60
108.9245405,39.00287054,-76.49987193,0.6565751797,3,0,60
108.9747292,39.00287161,-76.49987088,0.6567175969,3,0,60
109.0248982,39.00287269,-76.49986982,0.6568584057,3,0,60
109.075114,39.00287375,-76.49986876,0.65699793,3,0,60
109.1252549,39.00287483,-76.4998677,0.6571357096,3,0,60
109.1754164,39.00287589,-76.49986665,0.6572723756,3,0,60
109.2255833,39.00287697,-76.49986559,0.6574074024,3,0,60
109.2757697,39.00287803,-76.49986452,0.6661692398,3,0,60
109.3259067,39.00287909,-76.49986345,0.6662110941,3,0,60
109.3760431,39.00288015,-76.49986238,0.6662525805,3,0,60
109.4261772,39.00288121,-76.49986131,0.6662935905,3,0,60
109.4763228,39.00288227,-76.49986024,0.6663342221,3,0,60
109.5264702,39.00288334,-76.49985917,0.6663743415,3,0,60
109.5766242,39.0028844,-76.4998581,0.6664141451,3,0,60
109.6268009,39.00288546,-76.49985702,0.6664534686,3,0,60
109.6769409,39.00288652,-76.49985596,0.6664924098,3,0,60
109.727092,39.00288758,-76.49985488,0.6665308975,3,0,60
109.7772749,39.00288865,-76.49985381,0.6665690273,3,0,60
109.8274322,39.00288971,-76.49985274,0.6666067565,3,0,60
109.8775827,39.00289077,-76.49985167,0.6666440671,3,0,60
109.9277336,39.00289182,-76.49985058,0.6797366778,3,0,60
109.9779201,39.00289286,-76.49984948,0.6928301644,3,0,60
110.0280678,39.00289389,-76.49984835,0.7059133498,3,0,60
110.0782529,39.00289491,-76.49984721,0.7190132427,3,0,60
110.1284281,39.00289591,-76.49984606,0.7321083818,3,0,60
110.1786278,39.0028969,-76.49984488,0.7451968974,3,0,60
110.22881,39.00289789,-76.49984369,0.7582763354,3,0,60
110.2789656,39.00289885,-76.49984248,0.771364496,3,0,60
110.3291158,39.00289981,-76.49984126,0.7844680431,3,0,60
110.3792761,39.00290075,-76.49984002,0.7975597044,3,0,60
110.4294811,39.0029017,-76.49983878,0.799148444,3,0,60
110.4796598,39.00290264,-76.49983754,0.7978022663,3,0,60
110.5298025,39.00290359,-76.4998363,0.7964701384,3,0,60
110.5799547,39.00290452,-76.49983505,0.8095432191,3,0,60
110.6301127,39.00290544,-76.49983378,0.8226467732,3,0,60
110.680265,39.00290634,-76.4998325,0.8357214281,3,0,60
110.7304068,39.00290723,-76.4998312,0.8488185564,3,0,60
110.7805435,39.00290811,-76.49982988,0.8619037264,3,0,60
110.8306845,39.00290898,-76.49982855,0.8750059496,3,0,60
110.8808295,39.00290983,-76.49982721,0.8880950865,3,0,60
110.9310346,39.00291067,-76.49982585,0.901177022,3,0,60
110.9812794,39.0029115,-76.49982448,0.9142747016,3,0,60
111.0314213,39.00291232,-76.4998231,0.9170931026,3,0,60
111.0816187,39.00291314,-76.49982173,0.9146279394,3,0,60
111.1318599,39.00291397,-76.49982036,0.9121844325,3,0,60
111.1820288,39.0029148,-76.499819,0.9097681856,3,0,60
111.2321478,39.00291563,-76.49981763,0.9073779021,3,0,60
111.2823131,39.00291645,-76.49981625,0.920471676,3,0,60
111.3325044,39.00291725,-76.49981486,0.9335545529,3,0,60
111.3826789,39.00291804,-76.49981346,0.9466373958,3,0,60
111.4329462,39.00291882,-76.49981204,0.9597299434,3,0,60
111.4831455,39.00291958,-76.49981061,0.9728232923,3,0,60
111.5333293,39.00292032,-76.49980916,0.9859099999,3,0,60
111.5835266,39.00292106,-76.49980771,0.9989987548,3,0,60
111.6337842,39.00292177,-76.49980624,1.012095366,3,0,60
111.6839621,39.00292247,-76.49980476,1.025180042,3,0,60
111.7341632,39.00292317,-76.49980327,1.031475734,3,0,60
111.7843486,39.00292386,-76.49980179,1.029269308,3,0,60
111.8345476,39.00292456,-76.49980031,1.027089998,3,0,60
111.8847279,39.00292525,-76.49979881,1.040182289,3,0,60
111.9349114,39.00292591,-76.49979731,1.053268113,3,0,60
111.9850991,39.00292657,-76.49979579,1.066357884,3,0,60
112.0352908,39.0029272,-76.49979427,1.079447696,3,0,60
112.0855246,39.00292783,-76.49979273,1.092532689,3,0,60
112.1357117,39.00292843,-76.49979118,1.105626863,3,0,60
112.1859491,39.00292902,-76.49978962,1.118715548,3,0,60
112.2361406,39.0029296,-76.49978806,1.131808085,3,0,60
112.2863544,39.00293016,-76.49978648,1.144895498,3,0,60
112.33657,39.0029307,-76.4997849,1.152260656,3,0,60
112.3868335,39.00293126,-76.49978332,1.150253321,3,0,60
112.4370763,39.00293181,-76.49978173,1.148268892,3,0,60
112.4872873,39.00293237,-76.49978016,1.146302985,3,0,60
112.5375758,39.00293291,-76.49977857,1.159393547,3,0,60
112.5878382,39.00293343,-76.49977698,1.172474679,3,0,60
112.6380125,39.00293394,-76.49977537,1.185580625,3,0,60
112.6882136,39.00293443,-76.49977376,1.198656573,3,0,60
112.7384543,39.0029349,-76.49977214,1.211746759,3,0,60
112.7886944,39.00293536,-76.49977051,1.224837747,3,0,60
112.8388659,39.0029358,-76.49976887,1.237936118,3,0,60
112.8890406,39.00293623,-76.49976723,1.251023916,3,0,60
112.9392093,39.00293664,-76.49976557,1.264117735,3,0,60
112.989413,39.00293703,-76.49976392,1.27447626,3,0,60
113.0395746,39.00293743,-76.49976226,1.272654558,3,0,60
113.0898061,39.00293783,-76.49976061,1.270850717,3,0,60
113.1399825,39.00293821,-76.49975895,1.283935914,3,0,60
113.1902149,39.00293858,-76.49975728,1.297031934,3,0,60
113.240393,39.00293892,-76.49975561,1.310116129,3,0,60
113.2905824,39.00293926,-76.49975393,1.323208539,3,0,60
113.3407993,39.00293957,-76.49975224,1.336296999,3,0,60
113.3909958,39.00293987,-76.49975056,1.349379085,3,0,60
113.4411939,39.00294015,-76.49974886,1.362480487,3,0,60
113.4914691,39.00294041,-76.49974716,1.37555981,3,0,60
113.5416859,39.00294065,-76.49974546,1.388649433,3,0,60
113.5918823,39.00294088,-76.49974375,1.400425639,3,0,60
113.6420784,39.00294111,-76.49974205,1.3987475,3,0,60
113.6922499,39.00294135,-76.49974034,1.397088283,3,0,60
113.7639337,39.00294156,-76.49973863,1.4101798,3,0,60
113.8142189,39.00294176,-76.49973692,1.423285683,3,0,60
113.8644664,39.00294194,-76.4997352,1.43635394,3,0,60
113.9147155,39.00294211,-76.49973349,1.449443171,3,0,60
113.964909,39.00294225,-76.49973176,1.462550218,3,0,60
114.0151281,39.00294238,-76.49973004,1.475647496,3,0,60
114.0653621,39.00294249,-76.49972831,1.488718239,3,0,60
114.1155655,39.00294258,-76.49972659,1.501801586,3,0,60
114.1658308,39.00294266,-76.49972486,1.51490143,3,0,60
114.2160758,39.00294272,-76.49972313,1.527997597,3,0,60
114.2663157,39.00294278,-76.4997214,1.526636397,3,0,60
114.3165629,39.00294284,-76.49971967,1.525101583,3,0,60
114.3667999,39.00294288,-76.49971794,1.538188833,3,0,60
114.4170156,39.00294291,-76.49971621,1.551276876,3,0,60
114.4672639,39.00294292,-76.49971447,1.564369059,3,0,60
114.5174828,39.00294291,-76.49971274,1.577454593,3,0,60
114.5677229,39.00294288,-76.49971101,1.590548055,3,0,60
114.6179764,39.00294284,-76.49970928,1.603648465,3,0,60
114.6682012,39.00294278,-76.49970755,1.616729524,3,0,60
114.7184577,39.0029427,-76.49970582,1.629816955,3,0,60
114.7686782,39.0029426,-76.49970409,1.642919056,3,0,60
114.8189108,39.00294248,-76.49970237,1.655999396,3,0,60
114.8691467,39.00294237,-76.49970064,1.656372218,3,0,60
114.9193463,39.00294223,-76.49969892,1.669459201,3,0,60
114.969585,39.00294208,-76.4996972,1.682551002,3,0,60
115.0198042,39.00294192,-76.49969548,1.695628034,3,0,60
115.0701186,39.00294173,-76.49969377,1.708726027,3,0,60
115.1203504,39.00294153,-76.49969206,1.721801032,3,0,60
115.1705981,39.00294131,-76.49969035,1.734897945,3,0,60
115.2208315,39.00294107,-76.49968864,1.74799377,3,0,60
115.2710036,39.00294081,-76.49968694,1.761080583,3,0,60
115.3212129,39.00294054,-76.49968525,1.774166784,3,0,60
115.3713994,39.00294025,-76.49968355,1.787259789,3,0,60
115.4216665,39.00293996,-76.49968186,1.787778903,3,0,60
115.4718182,39.00293967,-76.49968017,1.786435342,3,0,60
115.5220468,39.00293936,-76.49967849,1.799519813,3,0,60
115.5722077,39.00293904,-76.4996768,1.812612939,3,0,60
115.622422,39.0029387,-76.49967513,1.825699037,3,0,60
115.6726268,39.00293834,-76.49967346,1.8387935,3,0,60
115.7228633,39.00293797,-76.4996718,1.851877065,3,0,60
115.7730607,39.00293757,-76.49967014,1.864973733,3,0,60
115.8234134,39.00293674,-76.49966684,1.891169369,3,0,60
115.8736131,39.0029363,-76.49966521,1.90425182,3,0,60
115.9238799,39.00293584,-76.49966358,1.917338199,3,0,60
115.973963,39.00293538,-76.49966195,1.919715361,3,0,60
116.0240971,39.0029349,-76.49966033,1.932809196,3,0,60
116.0743194,39.0029344,-76.49965872,1.945895648,3,0,60
116.1244737,39.00293389,-76.49965712,1.958992556,3,0,60
116.1746251,39.00293336,-76.49965552,1.97207479,3,0,60
116.2248415,39.00293282,-76.49965394,1.985190199,3,0,60
116.2750327,39.00293226,-76.49965236,1.9982634,3,0,60
116.3251909,39.00293168,-76.4996508,2.011355885,3,0,60
116.3753625,39.00293109,-76.49964924,2.024443073,3,0,60
116.4255355,39.00293048,-76.49964769,2.037528017,3,0,60
116.4757781,39.00292986,-76.49964616,2.050629393,3,0,60
116.5259982,39.00292923,-76.49964462,2.053245126,3,0,60
116.5762131,39.00292859,-76.4996431,2.066329685,3,0,60
116.626451,39.00292793,-76.49964159,2.079427517,3,0,60
116.676714,39.00292726,-76.49964009,2.092509517,3,0,60
116.7269579,39.00292657,-76.4996386,2.105603566,3,0,60
116.7772044,39.00292587,-76.49963712,2.118691452,3,0,60
116.827419,39.00292515,-76.49963565,2.131790661,3,0,60
116.8776915,39.00292441,-76.4996342,2.144881261,3,0,60
116.9279481,39.00292366,-76.49963275,2.157975211,3,0,60
116.9782051,39.0029229,-76.49963133,2.171048324,3,0,60
117.0284823,39.00292212,-76.49962991,2.184144841,3,0,60
117.0786926,39.00292134,-76.4996285,2.187128864,3,0,60
117.128882,39.00292055,-76.4996271,2.200239019,3,0,60
117.179061,39.00291974,-76.49962571,2.213314887,3,0,60
117.2292636,39.00291891,-76.49962434,2.22641535,3,0,60
117.2794651,39.00291808,-76.49962298,2.2394895,3,0,60
117.3296862,39.00291722,-76.49962164,2.252593128,3,0,60
117.3798896,39.00291636,-76.49962031,2.265669644,3,0,60
117.4300767,39.00291548,-76.49961899,2.27876886,3,0,60
117.4802377,39.00291459,-76.49961769,2.291857093,3,0,60
117.5303974,39.00291368,-76.4996164,2.304960869,3,0,60
117.5805654,39.00291277,-76.49961513,2.318035173,3,0,60
117.630779,39.00291184,-76.49961387,2.321445124,3,0,60
117.680959,39.00291091,-76.49961262,2.334529769,3,0,60
117.7312013,39.00290996,-76.49961138,2.347635683,3,0,60
117.7814216,39.002909,-76.49961016,2.360711544,3,0,60
117.8316281,39.00290803,-76.49960896,2.373804344,3,0,60
117.8818609,39.00290705,-76.49960777,2.386890138,3,0,60
117.9320395,39.00290605,-76.4996066,2.399985981,3,0,60
117.9822498,39.00290504,-76.49960545,2.413064605,3,0,60
118.0324343,39.00290402,-76.49960432,2.426161625,3,0,60
118.0826086,39.00290299,-76.4996032,2.439250462,3,0,60
118.1327801,39.00290195,-76.4996021,2.452340035,3,0,60
118.182968,39.0029009,-76.499601,2.456258301,3,0,60
118.2331846,39.00289984,-76.49959992,2.469347154,3,0,60
118.2833915,39.00289878,-76.49959886,2.482439851,3,0,60
118.3336099,39.0028977,-76.49959782,2.495537753,3,0,60
118.3838264,39.00289661,-76.49959679,2.508611481,3,0,60
118.4340564,39.00289551,-76.49959579,2.521712167,3,0,60
118.4842623,39.0028944,-76.4995948,2.534794446,3,0,60
118.5344986,39.00289328,-76.49959383,2.547889133,3,0,60
118.5846977,39.00289215,-76.49959288,2.560973004,3,0,60
118.6348783,39.00289101,-76.49959195,2.574070264,3,0,60
118.685073,39.00288986,-76.49959104,2.587153692,3,0,60
118.7353054,39.00288871,-76.49959013,2.591612217,3,0,60
118.7855164,39.00288755,-76.49958925,2.604695352,3,0,60
118.8357169,39.00288638,-76.49958838,2.617791349,3,0,60
118.8859717,39.0028852,-76.49958754,2.630872306,3,0,60
118.936155,39.00288401,-76.49958671,2.643978897,3,0,60
118.9863249,39.00288282,-76.4995859,2.657052991,3,0,60
119.0364953,39.00288161,-76.49958512,2.670146192,3,0,60
119.0866849,39.0028804,-76.49958435,2.683232469,3,0,60
119.1368645,39.00287918,-76.4995836,2.696338362,3,0,60
119.1870415,39.00287795,-76.49958288,2.709412602,3,0,60
119.2372666,39.00287672,-76.49958217,2.722509296,3,0,60
119.2874931,39.00287548,-76.49958148,2.727534653,3,0,60
119.3377341,39.00287424,-76.4995808,2.740613197,3,0,60
119.3879408,39.00287299,-76.49958015,2.753701226,3,0,60
119.4381208,39.00287173,-76.49957951,2.766798572,3,0,60
119.4883294,39.00287047,-76.4995789,2.779880361,3,0,60
119.538547,39.0028692,-76.49957831,2.792974083,3,0,60
119.5887581,39.00286792,-76.49957774,2.806061129,3,0,60
119.6389575,39.00286664,-76.49957719,2.819152856,3,0,60
119.6891613,39.00286535,-76.49957666,2.832242593,3,0,60
119.739374,39.00286406,-76.49957616,2.845335252,3,0,60
119.7895418,39.00286276,-76.49957567,2.858432312,3,0,60
119.8397049,39.00286146,-76.4995752,2.864039623,3,0,60
119.889905,39.00286016,-76.49957475,2.877146445,3,0,60
119.9400863,39.00285885,-76.49957432,2.890220839,3,0,60
119.9903044,39.00285754,-76.49957391,2.903310174,3,0,60
120.0405181,39.00285622,-76.49957352,2.916400954,3,0,60
120.0906799,39.0028549,-76.49957316,2.929487005,3,0,60
120.1408884,39.00285358,-76.49957281,2.942582027,3,0,60
120.1910673,39.00285225,-76.49957249,2.953160607,3,0,60
120.2412577,39.00285092,-76.49957216,2.952753177,3,0,60
120.2914544,39.00284959,-76.49957184,2.952349678,3,0,60
120.3417268,39.00284827,-76.49957151,2.951950548,3,0,60
120.3919574,39.00284694,-76.49957119,2.951555377,3,0,60
120.4421883,39.00284561,-76.49957086,2.952164905,3,0,60
120.4923736,39.00284429,-76.49957053,2.953176868,3,0,60
120.5425665,39.00284296,-76.49957021,2.95417899,3,0,60
120.5927358,39.00284163,-76.49956989,2.955171137,3,0,60
120.6429252,39.0028403,-76.49956957,2.95615333,3,0,60
120.6931342,39.00283897,-76.49956925,2.957126143,3,0,60
120.7433246,39.00283764,-76.49956894,2.958089445,3,0,60
120.7935191,39.00283632,-76.49956862,2.959043759,3,0,60
120.8437008,39.00283499,-76.49956831,2.959988582,3,0,60
120.8939256,39.00283366,-76.499568,2.960923691,3,0,60
120.9441461,39.00283233,-76.49956769,2.96185023,3,0,60
120.9943186,39.002831,-76.49956739,2.965275998,3,0,60
121.0444747,39.00282967,-76.49956709,2.967056037,3,0,60
121.0946602,39.00282834,-76.49956679,2.968820362,3,0,60
121.1448595,39.002827,-76.49956649,2.970566757,3,0,60
121.1950295,39.00282568,-76.4995662,2.972300213,3,0,60
121.2451813,39.00282434,-76.49956591,2.974011716,3,0,60
121.295345,39.00282301,-76.49956563,2.975710587,3,0,60
121.3454941,39.00282168,-76.49956534,2.97739297,3,0,60
121.3956589,39.00282034,-76.49956506,2.979059608,3,0,60
121.445805,39.00281901,-76.49956479,2.980709983,3,0,60
121.4959498,39.00281768,-76.49956451,2.982345173,3,0,60
121.5460849,39.00281634,-76.49956424,2.983963648,3,0,60
121.59625,39.00281501,-76.49956397,2.983963648,3,0,60
121.6464243,39.00281367,-76.4995637,2.985570369,3,0,60
121.6965893,39.00281234,-76.49956344,2.988761688,3,0,60
121.7468172,39.002811,-76.49956317,2.990320998,3,0,60
121.7969879,39.00280967,-76.49956292,2.991862832,3,0,60
121.8471843,39.00280833,-76.49956266,2.993389067,3,0,60
121.8973717,39.00280699,-76.49956241,2.994904093,3,0,60
121.9475368,39.00280565,-76.49956216,2.99640174,3,0,60
121.9977041,39.00280432,-76.49956191,2.997885864,3,0,60
122.047879,39.00280298,-76.49956166,2.999355795,3,0,60
122.0980475,39.00280164,-76.49956142,3.000809237,3,0,60
122.1482229,39.0028003,-76.49956118,3.002249195,3,0,60
122.1983915,39.00279897,-76.49956094,3.003676682,3,0,60
122.2485944,39.00279763,-76.49956071,3.005088758,3,0,60
122.2987862,39.00279629,-76.49956047,3.006488571,3,0,60
122.3489588,39.00279495,-76.49956024,3.007872791,3,0,60
122.3991377,39.00279361,-76.49956001,3.009244953,3,0,60
122.4493167,39.00279227,-76.49955979,3.010602553,3,0,60
122.4995357,39.00279093,-76.49955956,3.011947391,3,0,60
122.5498035,39.00278959,-76.49955934,3.013279686,3,0,60
122.599978,39.00278825,-76.49955912,3.014597453,3,0,60
122.6501948,39.00278691,-76.49955891,3.015902182,3,0,60
122.7003754,39.00278557,-76.49955869,3.017194736,3,0,60
122.7505395,39.00278423,-76.49955848,3.018474173,3,0,60
122.8007487,39.00278289,-76.49955827,3.01974126,3,0,60
122.8509339,39.00278155,-76.49955806,3.020995192,3,0,60
122.9010808,39.00278021,-76.49955785,3.022237211,3,0,60
122.9512442,39.00277886,-76.49955765,3.023466265,3,0,60
123.0014013,39.00277752,-76.49955745,3.024684726,3,0,60
123.051556,39.00277618,-76.49955725,3.025888575,3,0,60
123.1017494,39.00277484,-76.49955705,3.027081774,3,0,60
123.1519,39.00277349,-76.49955685,3.028263883,3,0,60
123.2020403,39.00277215,-76.49955666,3.029432643,3,0,60
123.2521732,39.00277081,-76.49955647,3.030589844,3,0,60
123.3023741,39.00276946,-76.49955628,3.031735338,3,0,60
123.3525406,39.00276812,-76.49955609,3.03287059,3,0,60
123.4027515,39.00276678,-76.4995559,3.033993921,3,0,60
123.4529598,39.00276544,-76.49955572,3.035104582,3,0,60
123.5031453,39.00276409,-76.49955554,3.036205561,3,0,60
123.553323,39.00276275,-76.49955536,3.03729476,3,0,60
123.6035031,39.0027614,-76.49955518,3.038373506,3,0,60
123.6537017,39.00276006,-76.499555,3.039441921,3,0,60
123.7038666,39.00275872,-76.49955483,3.040498155,3,0,60
123.7540276,39.00275737,-76.49955466,3.041544271,3,0,60
123.8041982,39.00275603,-76.49955448,3.042581587,3,0,60
123.8543824,39.00275468,-76.49955431,3.04360607,3,0,60
123.9045557,39.00275334,-76.49955415,3.044619837,3,0,60
123.9547431,39.00275199,-76.49955398,3.045624164,3,0,60
124.0049766,39.00275065,-76.49955382,3.046619348,3,0,60
124.0551595,39.0027493,-76.49955365,3.047603164,3,0,60
124.1053309,39.00274796,-76.49955349,3.048577759,3,0,60
124.155523,39.00274661,-76.49955333,3.049541312,3,0,60
124.2057173,39.00274526,-76.49955318,3.050496093,3,0,60
124.2559341,39.00274392,-76.49955302,3.051442106,3,0,60
124.3061454,39.00274257,-76.49955287,3.052376215,3,0,60
124.3563341,39.00274123,-76.49955271,3.053303428,3,0,60
124.4065222,39.00273988,-76.49955256,3.054218273,3,0,60
124.4567074,39.00273854,-76.49955241,3.055124883,3,0,60
124.5068948,39.00273719,-76.49955227,3.056022877,3,0,60
124.5570773,39.00273584,-76.49955212,3.056912017,3,0,60
124.607286,39.0027345,-76.49955197,3.057790725,3,0,60
124.6574934,39.00273315,-76.49955183,3.058661157,3,0,60
124.7076788,39.0027318,-76.49955169,3.059522688,3,0,60
124.7578982,39.00273046,-76.49955155,3.060375274,3,0,60
124.8081217,39.00272911,-76.49955141,3.0612196,3,0,60
124.8583359,39.00272776,-76.49955127,3.06205477,3,0,60
124.9085672,39.00272642,-76.49955114,3.062881997,3,0,60
124.9587642,39.00272507,-76.499551,3.063700091,3,0,60
125.0089605,39.00272372,-76.49955087,3.064510143,3,0,60
125.059166,39.00272237,-76.49955074,3.065311825,3,0,60
125.1093689,39.00272103,-76.49955061,3.066105653,3,0,60
125.1595607,39.00271968,-76.49955048,3.066890477,3,0,60
125.2097335,39.00271833,-76.49955035,3.067668353,3,0,60
125.2598523,39.00271699,-76.49955022,3.068437695,3,0,60
125.3100289,39.00271564,-76.4995501,3.069198553,3,0,60
125.3601959,39.00271429,-76.49954997,3.069952585,3,0,60
125.4104247,39.00271294,-76.49954985,3.070697692,3,0,60
125.4606066,39.00271159,-76.49954973,3.071435735,3,0,60
125.5108215,39.00271025,-76.49954961,3.072167036,3,0,60
125.5609989,39.0027089,-76.49954949,3.072889324,3,0,60
125.6111884,39.00270755,-76.49954937,3.073605367,3,0,60
125.6613734,39.0027062,-76.49954926,3.074313051,3,0,60
125.7116255,39.00270485,-76.49954914,3.0750141,3,0,60
125.7619277,39.00270351,-76.49954903,3.075707655,3,0,60
125.8120873,39.00270216,-76.49954891,3.076394162,3,0,60
125.8623214,39.00270081,-76.4995488,3.077073313,3,0,60
125.9124921,39.00269946,-76.49954869,3.0777458,3,0,60
125.9627215,39.00269811,-76.49954858,3.078411245,3,0,60
126.0128844,39.00269676,-76.49954847,3.079069924,3,0,60
126.0631633,39.00269541,-76.49954837,3.079721702,3,0,60
126.1133899,39.00269407,-76.49954826,3.080367261,3,0,60
126.1635529,39.00269272,-76.49954816,3.081004997,3,0,60
126.2137173,39.00269137,-76.49954805,3.081637433,3,0,60
126.2639332,39.00269002,-76.49954795,3.082262603,3,0,60
126.31411,39.00268867,-76.49954785,3.082880966,3,0,60
126.3642875,39.00268732,-76.49954775,3.083493557,3,0,60
126.4144578,39.00268597,-76.49954765,3.084099407,3,0,60
126.4646972,39.00268462,-76.49954755,3.084699019,3,0,60
126.5149819,39.00268327,-76.49954745,3.085292835,3,0,60
126.5651689,39.00268193,-76.49954736,3.08588089,3,0,60
126.61538,39.00268058,-76.49954726,3.086461717,3,0,60
126.6655779,39.00267923,-76.49954717,3.087036908,3,0,60
126.7158332,39.00267788,-76.49954707,3.087606419,3,0,60
126.7660123,39.00267653,-76.49954698,3.088169842,3,0,60
126.8161964,39.00267518,-76.49954689,3.088727533,3,0,60
126.866371,39.00267383,-76.4995468,3.089279439,3,0,60
126.916543,39.00267248,-76.49954671,3.089825522,3,0,60
126.9667385,39.00267113,-76.49954662,3.09036569,3,0,60
127.0169617,39.00266978,-76.49954653,3.090900862,3,0,60
127.0671644,39.00266843,-76.49954644,3.091430192,3,0,60
127.1173793,39.00266708,-76.49954636,3.091954157,3,0,60
127.1676078,39.00266573,-76.49954627,3.092471833,3,0,60
127.2178479,39.00266439,-76.49954619,3.092984729,3,0,60
127.268029,39.00266304,-76.49954611,3.093492335,3,0,60
127.3182542,39.00266169,-76.49954602,3.093994888,3,0,60
127.368475,39.00266034,-76.49954594,3.094491792,3,0,60
127.4186941,39.00265899,-76.49954586,3.09498378,3,0,60
127.4688863,39.00265764,-76.49954578,3.095470531,3,0,60
127.5190843,39.00265629,-76.4995457,3.095952416,3,0,60
127.5692598,39.00265494,-76.49954562,3.096429305,3,0,60
127.6194296,39.00265359,-76.49954555,3.096901089,3,0,60
127.6696172,39.00265224,-76.49954547,3.097368276,3,0,60
127.7198233,39.00265089,-76.4995454,3.097830604,3,0,60
127.7700146,39.00264954,-76.49954532,3.098287433,3,0,60
127.8201714,39.00264819,-76.49954525,3.09874033,3,0,60
127.8703813,39.00264684,-76.49954517,3.099188145,3,0,60
127.9205822,39.00264549,-76.4995451,3.09963089,3,0,60
127.9707808,39.00264414,-76.49954503,3.100069375,3,0,60
128.0209566,39.00264279,-76.49954496,3.100503689,3,0,60
128.0711116,39.00264144,-76.49954489,3.100932769,3,0,60
128.1212751,39.00264009,-76.49954482,3.101357855,3,0,60
128.1714752,39.00263874,-76.49954475,3.10177825,3,0,60
128.2216811,39.00263739,-76.49954468,3.102194503,3,0,60
128.2718062,39.00263604,-76.49954461,3.102606449,3,0,60
128.3219652,39.00263469,-76.49954455,3.103014257,3,0,60
128.3721136,39.00263334,-76.49954448,3.103417503,3,0,60
128.4222829,39.00263199,-76.49954441,3.103816611,3,0,60
128.4724215,39.00263064,-76.49954435,3.104211397,3,0,60
128.5225903,39.00262929,-76.49954429,3.104602506,3,0,60
128.5727748,39.00262794,-76.49954422,3.104988884,3,0,60
128.6229879,39.00262659,-76.49954416,3.10537147,3,0,60
128.6733347,39.00262389,-76.49954404,3.106125338,3,0,60
128.7234832,39.00262254,-76.49954398,3.106496053,3,0,60
128.7736272,39.00262118,-76.49954392,3.10686291,3,0,60
128.8238133,39.00261983,-76.49954385,3.10686291,3,0,60
128.8739623,39.00261848,-76.4995438,3.107589269,3,0,60
128.9241153,39.00261713,-76.49954374,3.107945616,3,0,60
128.9742652,39.00261578,-76.49954368,3.108296826,3,0,60
129.0244099,39.00261443,-76.49954362,3.10864502,3,0,60
129.0745582,39.00261308,-76.49954357,3.10898964,3,0,60
129.1247088,39.00261173,-76.49954351,3.109330585,3,0,60
129.1748734,39.00261038,-76.49954346,3.109668079,3,0,60
129.2250237,39.00260903,-76.4995434,3.110001943,3,0,60
129.275188,39.00260768,-76.49954335,3.110332371,3,0,60
129.3254033,39.00260633,-76.49954329,3.110659324,3,0,60
129.3756306,39.00260498,-76.49954324,3.110983097,3,0,60
129.4259317,39.00260363,-76.49954319,3.111303431,3,0,60
129.476098,39.00260228,-76.49954314,3.111620131,3,0,60
129.5262674,39.00260093,-76.49954308,3.111933538,3,0,60
129.576424,39.00259958,-76.49954303,3.112243863,3,0,60
129.6265827,39.00259823,-76.49954298,3.112550854,3,0,60
129.6767549,39.00259688,-76.49954293,3.112854683,3,0,60
129.7269093,39.00259553,-76.49954288,3.113155325,3,0,60
129.7770565,39.00259418,-76.49954284,3.113452899,3,0,60
129.8272688,39.00259282,-76.49954279,3.113747248,3,0,60
129.877579,39.00259147,-76.49954274,3.114038601,3,0,60
129.9278327,39.00259012,-76.49954269,3.114326947,3,0,60
129.9780073,39.00258877,-76.49954265,3.114612261,3,0,60
130.0282198,39.00258742,-76.4995426,3.11489456,3,0,60
130.0784068,39.00258607,-76.49954255,3.115173872,3,0,60
130.1285688,39.00258472,-76.49954251,3.11545025,3,0,60
130.1787898,39.00258337,-76.49954246,3.115723992,3,0,60
130.228951,39.00258202,-76.49954242,3.115994838,3,0,60
130.2791264,39.00258067,-76.49954238,3.116262347,3,0,60
130.3293041,39.00257931,-76.49954233,3.116527469,3,0,60
130.379486,39.00257797,-76.49954229,3.116790345,3,0,60
130.4297184,39.00257661,-76.49954225,3.117049525,3,0,60
130.4799017,39.00257526,-76.4995422,3.117306359,3,0,60
130.530079,39.00257391,-76.49954216,3.117560556,3,0,60
130.5802428,39.00257256,-76.49954212,3.117812021,3,0,60
130.63041,39.00257121,-76.49954208,3.118060874,3,0,60
130.6806232,39.00256986,-76.49954204,3.118307219,3,0,60
130.7308074,39.00256851,-76.499542,3.118551498,3,0,60
130.78099,39.00256716,-76.49954196,3.118792167,3,0,60
130.8311942,39.00256581,-76.49954192,3.119030596,3,0,60
130.8813702,39.00256446,-76.49954188,3.119266763,3,0,60
130.9315521,39.00256311,-76.49954185,3.119500337,3,0,60
130.9817244,39.00256176,-76.49954181,3.119731659,3,0,60
131.0318344,39.00256041,-76.49954177,3.119960278,3,0,60
131.0820018,39.00255906,-76.49954173,3.120186804,3,0,60
131.1322201,39.0025577,-76.4995417,3.120410666,3,0,60
131.1824198,39.00255635,-76.49954166,3.120632689,3,0,60
131.2325839,39.002555,-76.49954162,3.12085181,3,0,60
131.2827824,39.00255365,-76.49954159,3.121069015,3,0,60
131.3329581,39.0025523,-76.49954155,3.121283769,3,0,60
131.3831302,39.00255095,-76.49954152,3.121496227,3,0,60
131.4333899,39.0025496,-76.49954148,3.121706657,3,0,60
131.4835843,39.00254825,-76.49954145,3.121914824,3,0,60
131.5338109,39.0025469,-76.49954142,3.122120679,3,0,60
131.5840366,39.00254555,-76.49954138,3.122324584,3,0,60
131.6342341,39.0025442,-76.49954135,3.122526207,3,0,60
131.6844407,39.00254284,-76.49954132,3.122725852,3,0,60
131.7346795,39.00254149,-76.49954129,3.122923263,3,0,60
131.7848555,39.00254014,-76.49954125,3.123118784,3,0,60
131.8350902,39.00253879,-76.49954122,3.123312087,3,0,60
131.8853535,39.00253744,-76.49954119,3.123503511,3,0,60
131.9355634,39.00253609,-76.49954116,3.123693,3,0,60
131.9858306,39.00253474,-76.49954113,3.123880221,3,0,60
132.0360477,39.00253339,-76.4995411,3.124065753,3,0,60
132.0862765,39.00253204,-76.49954107,3.124249151,3,0,60
132.1364991,39.00253069,-76.49954104,3.124430655,3,0,60
132.1866757,39.00252934,-76.49954101,3.124610439,3,0,60
132.236886,39.00252798,-76.49954098,3.124788095,3,0,60
132.2870749,39.00252663,-76.49954095,3.124964224,3,0,60
132.3372474,39.00252528,-76.49954092,3.125138082,3,0,60
132.3874337,39.00252393,-76.4995409,3.125310374,3,0,60
132.4375764,39.00252258,-76.49954087,3.125480825,3,0,60
132.4877649,39.00252123,-76.49954084,3.125649635,3,0,60
132.5379413,39.00251988,-76.49954081,3.125816415,3,0,60
132.5881127,39.00251853,-76.49954079,3.125981569,3,0,60
132.638276,39.00251718,-76.49954076,3.12614506,3,0,60
132.6884325,39.00251582,-76.49954073,3.126306758,3,0,60
132.7385882,39.00251447,-76.49954071,3.126466816,3,0,60
132.7887881,39.00251312,-76.49954068,3.126625113,3,0,60
132.8390086,39.00251177,-76.49954065,3.126781863,3,0,60
132.8891683,39.00251042,-76.49954063,3.126936945,3,0,60
132.9393367,39.00250907,-76.4995406,3.127090279,3,0,60
132.9895121,39.00250772,-76.49954058,3.127242143,3,0,60
133.0396885,39.00250637,-76.49954055,3.127392516,3,0,60
133.0898905,39.00250502,-76.49954053,3.127541039,3,0,60
133.1400523,39.00250367,-76.49954051,3.127688265,3,0,60
133.1902234,39.00250231,-76.49954048,3.127833725,3,0,60
133.2404185,39.00250096,-76.49954046,3.127977926,3,0,60
133.2906003,39.00249961,-76.49954044,3.128120417,3,0,60
133.3407778,39.00249826,-76.49954041,3.128261365,3,0,60
133.3909502,39.00249691,-76.49954039,3.128401075,3,0,60
133.441115,39.00249556,-76.49954037,3.128539064,3,0,60
133.4912832,39.00249421,-76.49954034,3.128675777,3,0,60
133.5414591,39.00249286,-76.49954032,3.128810965,3,0,60
133.5916301,39.00249151,-76.4995403,3.128944782,3,0,60
133.6418321,39.00249016,-76.49954028,3.129077208,3,0,60
133.6919948,39.0024888,-76.49954026,3.129208243,3,0,60
133.7421719,39.00248745,-76.49954024,3.129337903,3,0,60
133.792338,39.0024861,-76.49954022,3.12946623,3,0,60
133.8425782,39.00248475,-76.49954019,3.129593183,3,0,60
133.8927932,39.0024834,-76.49954017,3.129718878,3,0,60
133.942963,39.00248205,-76.49954015,3.129843205,3,0,60
133.9931327,39.0024807,-76.49954013,3.129966185,3,0,60
134.043327,39.00247935,-76.49954011,3.130087902,3,0,60
134.0935383,39.002478,-76.49954009,3.130208464,3,0,60
134.1437198,39.00247664,-76.49954007,3.13032755,3,0,60
134.1939312,39.00247529,-76.49954005,3.130445542,3,0,60
134.2441051,39.00247394,-76.49954004,3.130562367,3,0,60
134.2942941,39.00247259,-76.49954002,3.130677783,3,0,60
134.3444647,39.00247124,-76.49954,3.130792105,3,0,60
134.3947244,39.00246989,-76.49953998,3.130905166,3,0,60
134.4449544,39.00246854,-76.49953996,3.13101701,3,0,60
134.4952007,39.00246719,-76.49953994,3.13112776,3,0,60
134.5453946,39.00246584,-76.49953993,3.131237309,3,0,60
134.5955892,39.00246448,-76.49953991,3.131345757,3,0,60
134.6457995,39.00246313,-76.49953989,3.13145307,3,0,60
134.6959605,39.00246178,-76.49953987,3.131559218,3,0,60
134.7461665,39.00246043,-76.49953986,3.131664263,3,0,60
134.7963787,39.00245908,-76.49953984,3.13176825,3,0,60
134.8465753,39.00245773,-76.49953982,3.131871083,3,0,60
134.896815,39.00245638,-76.49953981,3.131972912,3,0,60
134.9470547,39.00245503,-76.49953979,3.132073615,3,0,60
134.9972899,39.00245368,-76.49953977,3.132173288,3,0,60
135.0474803,39.00245233,-76.49953976,3.132271927,3,0,60
135.0976948,39.00245097,-76.49953974,3.132369526,3,0,60
135.1478848,39.00244962,-76.49953972,3.132466078,3,0,60
135.1980943,39.00244827,-76.49953971,3.132561658,3,0,60
135.2482991,39.00244692,-76.49953969,3.132656224,3,0,60
135.2984905,39.00244557,-76.49953968,3.132749828,3,0,60
135.3486822,39.00244422,-76.49953966,3.132842395,3,0,60
135.3988711,39.00244287,-76.49953965,3.132934108,3,0,60
135.4490398,39.00244152,-76.49953963,3.133024702,3,0,60
135.4991862,39.00244017,-76.49953962,3.133114432,3,0,60
135.5494107,39.00243881,-76.4995396,3.133203162,3,0,60
135.5996023,39.00243746,-76.49953959,3.133291112,3,0,60
135.649856,39.00243611,-76.49953958,3.133377936,3,0,60
135.7000514,39.00243476,-76.49953956,3.133377936,3,0,60
135.7502702,39.00243341,-76.49953955,3.133464069,3,0,60
135.8004656,39.00243206,-76.49953953,3.133635182,3,0,60
135.8506068,39.00243071,-76.49953952,3.133718415,3,0,60
135.9008395,39.00242936,-76.49953951,3.13380089,3,0,60
135.9510295,39.00242801,-76.49953949,3.133882459,3,0,60
136.0012459,39.00242665,-76.49953948,3.133963211,3,0,60
136.0514271,39.0024253,-76.49953947,3.134043096,3,0,60
136.1016859,39.00242395,-76.49953945,3.134122166,3,0,60
136.1520146,39.0024226,-76.49953944,3.134200357,3,0,60
136.202249,39.00242125,-76.49953943,3.134277803,3,0,60
136.2524042,39.0024199,-76.49953942,3.134354374,3,0,60
136.3025711,39.00241855,-76.4995394,3.134430181,3,0,60
136.3527355,39.0024172,-76.49953939,3.134505164,3,0,60
136.4029654,39.00241584,-76.49953938,3.134579449,3,0,60
136.4531209,39.00241449,-76.49953937,3.134652869,3,0,60
136.5032916,39.00241314,-76.49953936,3.134725503,3,0,60
136.5534292,39.00241179,-76.49953934,3.134797406,3,0,60
136.6036553,39.00241044,-76.49953933,3.134868591,3,0,60
136.6538573,39.00240909,-76.49953932,3.134938984,3,0,60
136.7040586,39.00240774,-76.49953931,3.135008653,3,0,60
136.7542317,39.00240639,-76.4995393,3.135077609,3,0,60
136.8044085,39.00240504,-76.49953929,3.135145818,3,0,60
136.8546569,39.00240368,-76.49953928,3.135213324,3,0,60
136.9048951,39.00240233,-76.49953926,3.135280165,3,0,60
136.9551194,39.00240098,-76.49953925,3.135346225,3,0,60
137.0052863,39.00239963,-76.49953924,3.135411689,3,0,60
137.0554564,39.00239828,-76.49953923,3.13547637,3,0,60
137.1056546,39.00239693,-76.49953922,3.135540415,3,0,60
137.1558888,39.00239558,-76.49953921,3.135603838,3,0,60
137.2060866,39.00239423,-76.4995392,3.13566652,3,0,60
137.2562605,39.00239288,-76.49953919,3.135728594,3,0,60
137.3065098,39.00239152,-76.49953918,3.135789993,3,0,60
137.3567467,39.00239017,-76.49953917,3.135850716,3,0,60
137.406949,39.00238882,-76.49953916,3.135910907,3,0,60
137.4571605,39.00238747,-76.49953915,3.135970336,3,0,60
137.5073398,39.00238612,-76.49953914,3.136029258,3,0,60
137.5575731,39.00238477,-76.49953913,3.136087472,3,0,60
137.6078289,39.00238342,-76.49953912,3.136145149,3,0,60
137.658041,39.00238207,-76.49953911,3.136202171,3,0,60
137.7082558,39.00238071,-76.4995391,3.136258632,3,0,60
137.7584492,39.00237936,-76.4995391,3.136314534,3,0,60
137.8086999,39.00237801,-76.49953909,3.136369767,3,0,60
137.8589336,39.00237666,-76.49953908,3.136424442,3,0,60
137.9091356,39.00237531,-76.49953907,3.136478568,3,0,60
137.9593679,39.00237396,-76.49953906,3.136532101,3,0,60
138.0095386,39.00237261,-76.49953905,3.136585113,3,0,60
138.0597335,39.00237126,-76.49953904,3.136637551,3,0,60
138.1099736,39.00236991,-76.49953903,3.136689461,3,0,60
138.1601793,39.00236856,-76.49953903,3.136740779,3,0,60
138.2105449,39.0023672,-76.49953902,3.136791581,3,0,60
138.2607773,39.00236585,-76.49953901,3.136841862,3,0,60
138.3110221,39.0023645,-76.499539,3.136891631,3,0,60
138.3612141,39.00236315,-76.49953899,3.136940845,3,0,60
138.4114186,39.0023618,-76.49953898,3.136989558,3,0,60
138.4616756,39.00236045,-76.49953898,3.137037746,3,0,60
138.5119011,39.0023591,-76.49953897,3.137085476,3,0,60
138.5620788,39.00235775,-76.49953896,3.137132647,3,0,60
138.6123499,39.00235639,-76.49953895,3.137179386,3,0,60
138.6625282,39.00235504,-76.49953895,3.137225578,3,0,60
138.7126905,39.00235369,-76.49953894,3.137271294,3,0,60
138.762872,39.00235234,-76.49953893,3.137316545,3,0,60
138.8130522,39.00235099,-76.49953892,3.137361331,3,0,60
138.8632299,39.00234964,-76.49953892,3.137405636,3,0,60
138.9134466,39.00234829,-76.49953891,3.137449481,3,0,60
138.9637084,39.00234694,-76.4995389,3.137492882,3,0,60
139.0139151,39.00234558,-76.4995389,3.137535844,3,0,60
139.0641179,39.00234423,-76.49953889,3.13757832,3,0,60
139.1144654,39.00234288,-76.49953888,3.137620329,3,0,60
139.1646829,39.00234153,-76.49953887,3.137661934,3,0,60
139.2149244,39.00234018,-76.49953887,3.137703127,3,0,60
139.2650937,39.00233883,-76.49953886,3.137743809,3,0,60
139.3152982,39.00233748,-76.49953886,3.137784168,3,0,60
139.3654879,39.00233613,-76.49953885,3.137823995,3,0,60
139.4157205,39.00233478,-76.49953884,3.137863492,3,0,60
139.4659375,39.00233343,-76.49953884,3.137902512,3,0,60
139.516136,39.00233207,-76.49953883,3.13794117,3,0,60
139.5663877,39.00233072,-76.49953882,3.13797939,3,0,60
139.6165841,39.00232937,-76.49953882,3.138017247,3,0,60
139.6667914,39.00232802,-76.49953881,3.138054695,3,0,60
139.7169971,39.00232667,-76.4995388,3.138091743,3,0,60
139.7672002,39.00232532,-76.4995388,3.138128377,3,0,60
139.8174288,39.00232397,-76.49953879,3.138164672,3,0,60
139.867665,39.00232261,-76.49953879,3.13820057,3,0,60
139.917843,39.00232126,-76.49953878,3.138236149,3,0,60
139.9680178,39.00231991,-76.49953878,3.138271234,3,0,60
140.0182067,39.00231856,-76.49953877,3.138306015,3,0,60
140.0684115,39.00231721,-76.49953876,3.138340438,3,0,60
140.1186277,39.00231586,-76.49953876,3.138374492,3,0,60
140.168835,39.00231451,-76.49953875,3.138408192,3,0,60
140.219028,39.00231316,-76.49953875,3.138441556,3,0,60
140.2692536,39.00231181,-76.49953874,3.138474537,3,0,60
140.319463,39.00231045,-76.49953874,3.138507186,3,0,60
140.3697219,39.0023091,-76.49953873,3.138539516,3,0,60
140.41994,39.00230775,-76.49953873,3.138571538,3,0,60
140.4701388,39.0023064,-76.49953872,3.138603111,3,0,60
140.5203483,39.00230505,-76.49953872,3.138634446,3,0,60
140.5706045,39.0023037,-76.49953871,3.138665392,3,0,60
140.6208523,39.00230235,-76.49953871,3.138696045,3,0,60
140.6710911,39.002301,-76.4995387,3.138726382,3,0,60
140.7212771,39.00229965,-76.4995387,3.138756403,3,0,60
140.7714938,39.00229829,-76.49953869,3.138786114,3,0,60
140.8217163,39.00229694,-76.49953869,3.138815507,3,0,60
140.871896,39.00229559,-76.49953868,3.138844571,3,0,60
140.9220956,39.00229424,-76.49953868,3.138873375,3,0,60
140.9722675,39.00229289,-76.49953867,3.138901823,3,0,60
141.0224796,39.00229154,-76.49953867,3.138929998,3,0,60
141.0726954,39.00229019,-76.49953866,3.138957884,3,0,60
141.1229004,39.00228884,-76.49953866,3.138985485,3,0,60
141.1731165,39.00228749,-76.49953865,3.139012776,3,0,60
141.2233972,39.00228478,-76.49953865,3.139066557,3,0,60
141.2735905,39.00228343,-76.49953864,3.139092986,3,0,60
141.3237711,39.00228208,-76.49953864,3.139119171,3,0,60
141.3739251,39.00228073,-76.49953863,3.139145083,3,0,60
141.4240751,39.00227938,-76.49953863,3.139170696,3,0,60
141.4742758,39.00227803,-76.49953862,3.13919607,3,0,60
141.524533,39.00227668,-76.49953862,3.139221163,3,0,60
141.5747559,39.00227533,-76.49953862,3.139246008,3,0,60
141.6249072,39.00227397,-76.49953861,3.139270562,3,0,60
141.6750677,39.00227262,-76.49953861,3.139294879,3,0,60
141.7252256,39.00227127,-76.4995386,3.139318939,3,0,60
141.7753955,39.00226992,-76.4995386,3.139342777,3,0,60
141.8255635,39.00226857,-76.4995386,3.139366306,3,0,60
141.8757291,39.00226722,-76.49953859,3.139389622,3,0,60
141.9259294,39.00226587,-76.49953859,3.139412687,3,0,60
141.9760834,39.00226452,-76.49953859,3.139435522,3,0,60
142.02628,39.00226317,-76.49953858,3.139458102,3,0,60
142.0764452,39.00226181,-76.49953858,3.139480462,3,0,60
142.1266153,39.00226046,-76.49953857,3.139502574,3,0,60
142.1767977,39.00225911,-76.49953857,3.139524471,3,0,60
142.2269555,39.00225776,-76.49953857,3.139546121,3,0,60
142.2771048,39.00225641,-76.49953856,3.139567557,3,0,60
142.3272613,39.00225506,-76.49953856,3.139588759,3,0,60
142.3774231,39.00225371,-76.49953856,3.139609754,3,0,60
142.4275916,39.00225236,-76.49953855,3.139630514,3,0,60
142.4778023,39.002251,-76.49953855,3.139651072,3,0,60
142.5279674,39.00224965,-76.49953855,3.139671397,3,0,60
142.5781385,39.0022483,-76.49953854,3.139691524,3,0,60
142.6283,39.00224695,-76.49953854,3.139711418,3,0,60
142.6784949,39.0022456,-76.49953854,3.139731127,3,0,60
142.7287096,39.00224425,-76.49953853,3.139750629,3,0,60
142.7789164,39.0022429,-76.49953853,3.139769926,3,0,60
142.8290935,39.00224155,-76.49953853,3.139788992,3,0,60
142.8792821,39.00224019,-76.49953852,3.139788992,3,0,60
142.9294693,39.00223884,-76.49953852,3.139807881,3,0,60
142.9796739,39.00223749,-76.49953852,3.139845467,3,0,60
143.0298884,39.00223614,-76.49953852,3.139863757,3,0,60
143.0800418,39.00223479,-76.49953851,3.139881862,3,0,60
143.130206,39.00223344,-76.49953851,3.139899775,3,0,60
143.1803683,39.00223209,-76.49953851,3.139917517,3,0,60
143.2305469,39.00223074,-76.4995385,3.139935051,3,0,60
143.2806974,39.00222939,-76.4995385,3.139952414,3,0,60
143.3308748,39.00222803,-76.4995385,3.139969579,3,0,60
143.3810526,39.00222668,-76.4995385,3.139986607,3,0,60
143.4312324,39.00222533,-76.49953849,3.140003397,3,0,60
143.4814109,39.00222398,-76.49953849,3.140020045,3,0,60
143.5315904,39.00222263,-76.49953849,3.140036512,3,0,60
143.5818654,39.00222128,-76.49953848,3.140052818,3,0,60
143.6320315,39.00221993,-76.49953848,3.140068937,3,0,60
143.6822156,39.00221858,-76.49953848,3.140084897,3,0,60
143.7324182,39.00221723,-76.49953848,3.140100673,3,0,60
143.7826084,39.00221587,-76.49953847,3.1401163,3,0,60
143.8328042,39.00221452,-76.49953847,3.140131757,3,0,60
143.8830462,39.00221317,-76.49953847,3.140147058,3,0,60
143.9332139,39.00221182,-76.49953847,3.140162194,3,0,60
143.983432,39.00221047,-76.49953846,3.140177178,3,0,60
144.0336245,39.00220912,-76.49953846,3.140192003,3,0,60
144.0838326,39.00220777,-76.49953846,3.140206661,3,0,60
144.1339942,39.00220641,-76.49953846,3.140221176,3,0,60
144.184243,39.00220507,-76.49953845,3.140235557,3,0,60
144.2344201,39.00220371,-76.49953845,3.140249752,3,0,60
144.2845578,39.00220236,-76.49953845,3.140263842,3,0,60
144.3347649,39.00220101,-76.49953845,3.140277743,3,0,60
144.3849537,39.00219966,-76.49953845,3.140291502,3,0,60
144.4351615,39.00219831,-76.49953844,3.140305124,3,0,60
144.4853854,39.00219696,-76.49953844,3.140318617,3,0,60
144.5355569,39.00219561,-76.49953844,3.140331948,3,0,60
144.5857372,39.00219426,-76.49953844,3.140345156,3,0,60
144.6358963,39.0021929,-76.49953843,3.140358226,3,0,60
144.6861018,39.00219155,-76.49953843,3.140371147,3,0,60
144.7363125,39.0021902,-76.49953843,3.140383938,3,0,60
144.7865016,39.00218885,-76.49953843,3.140396593,3,0,60
144.8367369,39.0021875,-76.49953843,3.140409121,3,0,60
144.8869434,39.00218615,-76.49953842,3.140421511,3,0,60
144.9371155,39.0021848,-76.49953842,3.140433791,3,0,60
144.9873395,39.00218345,-76.49953842,3.140445912,3,0,60
145.0375084,39.0021821,-76.49953842,3.140457922,3,0,60
145.0877379,39.00218074,-76.49953842,3.140469803,3,0,60
145.1380175,39.00217939,-76.49953841,3.140481562,3,0,60
145.1881854,39.00217804,-76.49953841,3.140493202,3,0,60
145.238327,39.00217669,-76.49953841,3.140504713,3,0,60
145.2884926,39.00217534,-76.49953841,3.140516109,3,0,60
145.3387106,39.00217399,-76.49953841,3.140527381,3,0,60
145.3888651,39.00217264,-76.49953841,3.140538545,3,0,60
145.4390257,39.00217129,-76.4995384,3.140549571,3,0,60
145.489177,39.00216994,-76.4995384,3.140560496,3,0,60
145.5393718,39.00216858,-76.4995384,3.140571304,3,0,60
145.5895337,39.00216723,-76.4995384,3.140582001,3,0,60
145.6397005,39.00216588,-76.4995384,3.140592583,3,0,60
145.6899177,39.00216453,-76.49953839,3.140603055,3,0,60
145.7401035,39.00216318,-76.49953839,3.140613419,3,0,60
145.7902656,39.00216183,-76.49953839,3.140623672,3,0,60
145.8403939,39.00216048,-76.49953839,3.140633821,3,0,60
145.8905521,39.00215913,-76.49953839,3.140643862,3,0,60
145.9407078,39.00215777,-76.49953839,3.1406538,3,0,60
145.9908936,39.00215642,-76.49953839,3.140663631,3,0,60
146.041057,39.00215507,-76.49953838,3.14067336,3,0,60
146.0912238,39.00215372,-76.49953838,3.140682986,3,0,60
146.1413813,39.00215237,-76.49953838,3.140692511,3,0,60
146.1916205,39.00215102,-76.49953838,3.140701939,3,0,60
146.2418455,39.00214967,-76.49953838,3.140711265,3,0,60
146.2919958,39.00214832,-76.49953838,3.140720494,3,0,60
146.3421803,39.00214696,-76.49953837,3.140729627,3,0,60
146.392342,39.00214561,-76.49953837,3.14073867,3,0,60
146.4425209,39.00214426,-76.49953837,3.140747609,3,0,60
146.4926892,39.00214291,-76.49953837,3.14075646,3,0,60
146.5428748,39.00214156,-76.49953837,3.140765216,3,0,60
146.5930398,39.00214021,-76.49953837,3.14077388,3,0,60
146.6432705,39.00213886,-76.49953837,3.140782453,3,0,60
146.6934995,39.00213751,-76.49953836,3.140790945,3,0,60
146.7437759,39.00213615,-76.49953836,3.140799337,3,0,60
146.7940224,39.0021348,-76.49953836,3.140807656,3,0,60
146.8442152,39.00213345,-76.49953836,3.140815861,3,0,60
146.8944237,39.0021321,-76.49953836,3.140823996,3,0,60
146.9445838,39.00213075,-76.49953836,3.140832047,3,0,60
146.9947652,39.0021294,-76.49953836,3.14084002,3,0,60
147.0449366,39.00212805,-76.49953836,3.140847891,3,0,60
147.0951344,39.0021267,-76.49953835,3.140855701,3,0,60
147.1452952,39.00212535,-76.49953835,3.14086342,3,0,60
147.195457,39.002124,-76.49953835,3.140871045,3,0,60
147.2456115,39.00212264,-76.49953835,3.1408786,3,0,60
147.2958292,39.00212129,-76.49953835,3.140886079,3,0,60
147.3459906,39.00211994,-76.49953835,3.140893478,3,0,60
147.3961454,39.00211859,-76.49953835,3.140900806,3,0,60
147.4463055,39.00211724,-76.49953835,3.140908044,3,0,60
147.4964619,39.00211589,-76.49953834,3.140915214,3,0,60
147.5466284,39.00211454,-76.49953834,3.140922308,3,0,60
147.5968016,39.00211319,-76.49953834,3.140929328,3,0,60
147.6469657,39.00211184,-76.49953834,3.140936274,3,0,60
147.6971235,39.00211048,-76.49953834,3.140943149,3,0,60
147.7472851,39.00210913,-76.49953834,3.14094995,3,0,60
147.797441,39.00210778,-76.49953834,3.140956681,3,0,60
147.8476788,39.00210643,-76.49953834,3.140963339,3,0,60
147.8979285,39.00210508,-76.49953834,3.140969941,3,0,60
147.9480957,39.00210373,-76.49953833,3.140976458,3,0,60
147.9982598,39.00210237,-76.49953833,3.140982905,3,0,60
148.0484261,39.00210103,-76.49953833,3.140989303,3,0,60
148.0985789,39.00209967,-76.49953833,3.140995609,3,0,60
148.1487283,39.00209832,-76.49953833,3.14100186,3,0,60
148.1989558,39.00209697,-76.49953833,3.141008053,3,0,60
148.2491316,39.00209562,-76.49953833,3.141014174,3,0,60
148.2993054,39.00209427,-76.49953833,3.141020231,3,0,60
148.3494755,39.00209292,-76.49953833,3.141026228,3,0,60
148.3996965,39.00209157,-76.49953833,3.141032157,3,0,60
148.4499324,39.00209022,-76.49953832,3.141038031,3,0,60
148.5001054,39.00208887,-76.49953832,3.141043833,3,0,60
148.5502758,39.00208751,-76.49953832,3.14104958,3,0,60
148.6004322,39.00208616,-76.49953832,3.141055265,3,0,60
148.6506001,39.00208481,-76.49953832,3.141060892,3,0,60
148.70079,39.00208346,-76.49953832,3.141066465,3,0,60
148.7509639,39.00208211,-76.49953832,3.141071974,3,0,60
148.8011349,39.00208076,-76.49953832,3.141077425,3,0,60
148.8513069,39.00207941,-76.49953832,3.141082821,3,0,60
148.9015145,39.00207805,-76.49953832,3.141088164,3,0,60
148.9517883,39.0020767,-76.49953832,3.14109345,3,0,60
149.0019954,39.00207535,-76.49953831,3.141098672,3,0,60
149.0521915,39.002074,-76.49953831,3.141103845,3,0,60
149.1023871,39.00207265,-76.49953831,3.141108962,3,0,60
149.1525727,39.0020713,-76.49953831,3.141114027,3,0,60
149.2028113,39.00206995,-76.49953831,3.141119039,3,0,60
149.2530681,39.0020686,-76.49953831,3.141124002,3,0,60
149.303268,39.00206725,-76.49953831,3.141128906,3,0,60
149.353472,39.0020659,-76.49953831,3.141133763,3,0,60
149.4037268,39.00206454,-76.49953831,3.141138569,3,0,60
149.4539506,39.00206319,-76.49953831,3.141143327,3,0,60
149.5041356,39.00206184,-76.49953831,3.14114803,3,0,60
149.5543048,39.00206049,-76.49953831,3.141152684,3,0,60
149.6044749,39.00205914,-76.4995383,3.141157292,3,0,60
149.6547295,39.00205779,-76.4995383,3.141161851,3,0,60
149.7049383,39.00205644,-76.4995383,3.141166363,3,0,60
149.755176,39.00205509,-76.4995383,3.141170827,3,0,60
149.805344,39.00205374,-76.4995383,3.141175246,3,0,60
149.855507,39.00205238,-76.4995383,3.141179614,3,0,60
149.905736,39.00205103,-76.4995383,3.141183942,3,0,60
149.955939,39.00204968,-76.4995383,3.141188221,3,0,60
150.0061243,39.00204833,-76.4995383,3.141192456,3,0,60
150.0563317,39.00204698,-76.4995383,3.141196645,3,0,60
150.1065193,39.00204563,-76.4995383,3.141200795,3,0,60
150.1567379,39.00204428,-76.4995383,3.141204896,3,0,60
150.2069932,39.00204293,-76.4995383,3.14120896,3,0,60
150.2572163,39.00204157,-76.4995383,3.141212976,3,0,60
150.307451,39.00204022,-76.4995383,3.141212976,3,0,60
150.3577092,39.00203887,-76.49953829,3.141216952,3,0,60
150.4079538,39.00203752,-76.49953829,3.141224862,3,0,60
150.4582116,39.00203617,-76.49953829,3.141228724,3,0,60
150.5083796,39.00203482,-76.49953829,3.141232528,3,0,60
150.5585966,39.00203347,-76.49953829,3.141236298,3,0,60
150.6087977,39.00203212,-76.49953829,3.141240027,3,0,60
150.6590262,39.00203076,-76.49953829,3.141243723,3,0,60
150.7092249,39.00202941,-76.49953829,3.141247379,3,0,60
150.7594736,39.00202806,-76.49953829,3.141250991,3,0,60
150.8096924,39.00202671,-76.49953829,3.141254568,3,0,60
150.8598237,39.00202536,-76.49953829,3.141258108,3,0,60
150.9100137,39.00202401,-76.49953829,3.141261617,3,0,60
150.9602008,39.00202266,-76.49953829,3.14126508,3,0,60
151.010413,39.00202131,-76.49953829,3.141268512,3,0,60
151.0606348,39.00201995,-76.49953829,3.141271906,3,0,60
151.1109218,39.0020186,-76.49953829,3.141275267,3,0,60
151.1611376,39.00201725,-76.49953829,3.141278591,3,0,60
151.2113722,39.0020159,-76.49953828,3.141281878,3,0,60
151.2616583,39.00201455,-76.49953828,3.141285134,3,0,60
151.3119222,39.0020132,-76.49953828,3.141288353,3,0,60
151.3621579,39.00201185,-76.49953828,3.141291541,3,0,60
151.4123886,39.0020105,-76.49953828,3.141294693,3,0,60
151.4626598,39.00200915,-76.49953828,3.141297813,3,0,60
151.5128819,39.0020078,-76.49953828,3.141300901,3,0,60
151.563122,39.00200644,-76.49953828,3.141303954,3,0,60
151.6133148,39.00200509,-76.49953828,3.141306978,3,0,60
151.6635323,39.00200374,-76.49953828,3.141309968,3,0,60
151.7138248,39.00200239,-76.49953828,3.141312929,3,0,60
151.7640397,39.00200104,-76.49953828,3.141315858,3,0,60
151.8142345,39.00199969,-76.49953828,3.141318761,3,0,60
151.8644471,39.00199834,-76.49953828,3.141321627,3,0,60
151.9147155,39.00199699,-76.49953828,3.141324464,3,0,60
151.9649282,39.00199563,-76.49953828,3.141327273,3,0,60
152.0151609,39.00199428,-76.49953828,3.141330052,3,0,60
152.0654006,39.00199293,-76.49953828,3.1413328,3,0,60
152.115616,39.00199158,-76.49953828,3.141335522,3,0,60
152.1658185,39.00199023,-76.49953828,3.141338214,3,0,60
152.2160192,39.00198888,-76.49953828,3.141340878,3,0,60
152.2661912,39.00198753,-76.49953827,3.141343516,3,0,60
152.3163532,39.00198618,-76.49953827,3.141346124,3,0,60
152.3665445,39.00198483,-76.49953827,3.141348705,3,0,60
152.4167163,39.00198348,-76.49953827,3.141351261,3,0,60
152.4669541,39.00198212,-76.49953827,3.141353788,3,0,60
152.5171655,39.00198077,-76.49953827,3.141356289,3,0,60
152.567347,39.00197942,-76.49953827,3.141358765,3,0,60
152.6175738,39.00197807,-76.49953827,3.141361215,3,0,60
152.6678569,39.00197672,-76.49953827,3.141363638,3,0,60
152.7180851,39.00197537,-76.49953827,3.141366037,3,0,60
152.7682751,39.00197402,-76.49953827,3.141368409,3,0,60
152.8184563,39.00197266,-76.49953827,3.141370758,3,0,60
152.8686733,39.00197131,-76.49953827,3.141373082,3,0,60
152.9188716,39.00196996,-76.49953827,3.141375381,3,0,60
152.9690799,39.00196861,-76.49953827,3.141377655,3,0,60
153.0192917,39.00196726,-76.49953827,3.141379908,3,0,60
153.0695523,39.00196591,-76.49953827,3.141382135,3,0,60
153.1197887,39.00196456,-76.49953827,3.141384342,3,0,60
153.1700986,39.00196321,-76.49953827,3.141386522,3,0,60
153.2203819,39.00196186,-76.49953827,3.14138868,3,0,60
153.2705313,39.0019605,-76.49953827,3.141390816,3,0,60
153.3206777,39.00195915,-76.49953827,3.14139293,3,0,60
153.3708445,39.0019578,-76.49953827,3.141395021,3,0,60
153.4210043,39.00195645,-76.49953827,3.141397091,3,0,60
153.4712144,39.0019551,-76.49953827,3.141399141,3,0,60
153.5213883,39.00195375,-76.49953827,3.141401165,3,0,60
153.5716142,39.0019524,-76.49953827,3.14140317,3,0,60
153.6218396,39.00195105,-76.49953827,3.141405156,3,0,60
153.6720103,39.0019497,-76.49953826,3.141407119,3,0,60
153.7221586,39.00194834,-76.49953826,3.141409061,3,0,60
153.772321,39.00194699,-76.49953826,3.141410984,3,0,60
153.8225081,39.00194564,-76.49953826,3.141412886,3,0,60
153.8727276,39.00194429,-76.49953826,3.141414768,3,0,60
153.9229281,39.00194294,-76.49953826,3.141416631,3,0,60
153.9731799,39.00194159,-76.49953826,3.141418476,3,0,60
154.0233485,39.00194024,-76.49953826,3.141420302,3,0,60
154.0735271,39.00193754,-76.49953826,3.141423891,3,0,60
154.1236853,39.00193618,-76.49953826,3.141425657,3,0,60
154.1739261,39.00193483,-76.49953826,3.141427407,3,0,60
154.2240947,39.00193348,-76.49953826,3.141429137,3,0,60
154.2742686,39.00193213,-76.49953826,3.14143085,3,0,60
154.3244785,39.00193078,-76.49953826,3.141432543,3,0,60
154.3746741,39.00192943,-76.49953826,3.141434222,3,0,60
154.4248298,39.00192808,-76.49953826,3.14143588,3,0,60
154.47502,39.00192672,-76.49953826,3.141437521,3,0,60
154.5251887,39.00192537,-76.49953826,3.141439147,3,0,60
154.5753821,39.00192402,-76.49953826,3.141440754,3,0,60
154.6255507,39.00192267,-76.49953826,3.141442345,3,0,60
154.6757858,39.00192132,-76.49953826,3.141443918,3,0,60
154.7258888,39.00191997,-76.49953826,3.141445475,3,0,60
154.7760478,39.00191862,-76.49953826,3.141447016,3,0,60
154.8262095,39.00191727,-76.49953826,3.141448541,3,0,60
154.8763723,39.00191592,-76.49953826,3.141450051,3,0,60
154.9265383,39.00191457,-76.49953826,3.141451544,3,0,60
154.9766809,39.00191321,-76.49953826,3.141453022,3,0,60
155.0268372,39.00191186,-76.49953826,3.141454483,3,0,60
155.0770154,39.00191051,-76.49953826,3.14145593,3,0,60
155.1271939,39.00190916,-76.49953826,3.141457362,3,0,60
155.1773822,39.00190781,-76.49953826,3.141458779,3,0,60
155.2275798,39.00190646,-76.49953826,3.141460181,3,0,60
155.2778056,39.00190511,-76.49953826,3.141461569,3,0,60
155.3279966,39.00190375,-76.49953826,3.141462941,3,0,60
155.3781791,39.0019024,-76.49953826,3.141464301,3,0,60
155.4283645,39.00190105,-76.49953826,3.141465645,3,0,60
155.4785911,39.0018997,-76.49953826,3.141466974,3,0,60
155.5288033,39.00189835,-76.49953826,3.141468291,3,0,60
155.5790034,39.001897,-76.49953825,3.141469592,3,0,60
155.6291848,39.00189565,-76.49953825,3.141470882,3,0,60
155.6793552,39.0018943,-76.49953825,3.141472157,3,0,60
155.7295428,39.00189295,-76.49953825,3.141473419,3,0,60
155.7797743,39.00189159,-76.49953825,3.141474667,3,0,60
155.8299469,39.00189024,-76.49953825,3.141475903,3,0,60
155.8800853,39.00188889,-76.49953825,3.141477124,3,0,60
155.9302381,39.00188754,-76.49953825,3.141478334,3,0,60
155.9804336,39.00188619,-76.49953825,3.141479531,3,0,60
156.0306182,39.00188484,-76.49953825,3.141480717,3,0,60
156.0807928,39.00188349,-76.49953825,3.141481889,3,0,60
156.1309514,39.00188214,-76.49953825,3.141483049,3,0,60
156.181115,39.00188079,-76.49953825,3.141484196,3,0,60
156.2312909,39.00187944,-76.49953825,3.141485332,3,0,60
156.2814574,39.00187808,-76.49953825,3.141486456,3,0,60
156.3316118,39.00187673,-76.49953825,3.141487569,3,0,60
156.3817915,39.00187538,-76.49953825,3.141488668,3,0,60
156.4319459,39.00187403,-76.49953825,3.141489757,3,0,60
156.4821122,39.00187268,-76.49953825,3.141490836,3,0,60
156.5322706,39.00187133,-76.49953825,3.141491901,3,0,60
156.5824815,39.00186998,-76.49953825,3.141492956,3,0,60
156.6326606,39.00186863,-76.49953825,3.141494,3,0,60
156.6828293,39.00186727,-76.49953825,3.141495033,3,0,60
156.7330214,39.00186592,-76.49953825,3.141496056,3,0,60
156.7832023,39.00186457,-76.49953825,3.141497067,3,0,60
156.8333623,39.00186322,-76.49953825,3.141498068,3,0,60
156.8835477,39.00186187,-76.49953825,3.141499058,3,0,60
156.9337092,39.00186052,-76.49953825,3.141500039,3,0,60
156.9838848,39.00185917,-76.49953825,3.141501008,3,0,60
157.0340374,39.00185782,-76.49953825,3.141501968,3,0,60
157.0841843,39.00185647,-76.49953825,3.141502918,3,0,60
157.1343508,39.00185511,-76.49953825,3.141503857,3,0,60
157.1845366,39.00185376,-76.49953825,3.141504787,3,0,60
157.2346786,39.00185241,-76.49953825,3.141505708,3,0,60
157.2848472,39.00185106,-76.49953825,3.141506619,3,0,60
157.3350303,39.00184971,-76.49953825,3.141507519,3,0,60
157.3852116,39.00184836,-76.49953825,3.14150841,3,0,60
157.4354074,39.00184701,-76.49953825,3.141509293,3,0,60
157.4856342,39.00184566,-76.49953825,3.141510166,3,0,60
157.5358282,39.0018443,-76.49953825,3.14151103,3,0,60
157.5860312,39.00184295,-76.49953825,3.141511884,3,0,60
157.6362064,39.0018416,-76.49953825,3.141511884,3,0,60
157.6864347,39.00184025,-76.49953825,3.141513576,3,0,60
157.7365962,39.0018389,-76.49953825,3.141514405,3,0,60
157.7867925,39.00183755,-76.49953825,3.141515224,3,0,60
157.8370314,39.0018362,-76.49953825,3.141516034,3,0,60
157.8871969,39.00183485,-76.49953825,3.141516837,3,0,60
157.9374747,39.0018335,-76.49953825,3.141517631,3,0,60
157.9875918,39.00183214,-76.49953825,3.141518416,3,0,60
158.0377925,39.00183079,-76.49953825,3.141519194,3,0,60
158.0879804,39.00182944,-76.49953825,3.141519963,3,0,60
158.1381617,39.00182809,-76.49953825,3.141520724,3,0,60
158.1883271,39.00182674,-76.49953825,3.141521478,3,0,60
158.2384878,39.00182539,-76.49953825,3.141522223,3,0,60
158.2886957,39.00182404,-76.49953825,3.14152296,3,0,60
158.3388506,39.00182269,-76.49953825,3.14152369,3,0,60
158.3890134,39.00182133,-76.49953825,3.141524412,3,0,60
158.4392089,39.00181998,-76.49953825,3.141525128,3,0,60
158.4893807,39.00181863,-76.49953825,3.141525834,3,0,60
158.5395687,39.00181728,-76.49953825,3.141526534,3,0,60
158.5897271,39.00181593,-76.49953825,3.141527226,3,0,60
158.6398851,39.00181458,-76.49953825,3.141527911,3,0,60
158.6900728,39.00181323,-76.49953825,3.141528589,3,0,60
158.7402423,39.00181188,-76.49953825,3.141529261,3,0,60
158.7904108,39.00181053,-76.49953825,3.141529924,3,0,60
158.840563,39.00180917,-76.49953825,3.141530581,3,0,60
158.8907164,39.00180782,-76.49953825,3.141531231,3,0,60
158.9408943,39.00180647,-76.49953825,3.141531874,3,0,60
158.9910552,39.00180512,-76.49953825,3.141532511,3,0,60
159.0412096,39.00180377,-76.49953825,3.141533141,3,0,60
159.0913865,39.00180242,-76.49953824,3.141533764,3,0,60
159.141565,39.00180107,-76.49953824,3.141534381,3,0,60
159.1917709,39.00179972,-76.49953824,3.141534991,3,0,60
159.2419707,39.00179837,-76.49953824,3.141535595,3,0,60
159.2921306,39.00179701,-76.49953824,3.141536192,3,0,60
159.3422893,39.00179566,-76.49953824,3.141536783,3,0,60
159.3924448,39.00179431,-76.49953824,3.141537368,3,0,60
159.4425952,39.00179296,-76.49953824,3.141537947,3,0,60
159.4928129,39.00179161,-76.49953824,3.14153852,3,0,60
159.5429785,39.00179026,-76.49953824,3.141539087,3,0,60
159.5931347,39.00178891,-76.49953824,3.141539648,3,0,60
159.6432959,39.00178756,-76.49953824,3.141540203,3,0,60
159.6934552,39.0017862,-76.49953824,3.141540752,3,0,60
159.7436234,39.00178485,-76.49953824,3.141541296,3,0,60
159.7938034,39.0017835,-76.49953824,3.141541834,3,0,60
159.8439581,39.00178215,-76.49953824,3.141542366,3,0,60
159.894122,39.0017808,-76.49953824,3.141542893,3,0,60
159.9442785,39.00177945,-76.49953824,3.141543414,3,0,60
159.9944474,39.0017781,-76.49953824,3.141543929,3,0,60
160.0445989,39.00177675,-76.49953824,3.14154444,3,0,60
160.0948175,39.0017754,-76.49953824,3.141544944,3,0,60
160.1450008,39.00177404,-76.49953824,3.141545444,3,0,60
160.1951752,39.00177269,-76.49953824,3.141545939,3,0,60
160.2453388,39.00177134,-76.49953824,3.141546428,3,0,60
160.2955115,39.00176999,-76.49953824,3.141546912,3,0,60
160.3457171,39.00176864,-76.49953824,3.141547391,3,0,60
160.395835,39.00176729,-76.49953824,3.141547865,3,0,60
160.4460572,39.00176594,-76.49953824,3.141548334,3,0,60
160.4962231,39.00176459,-76.49953824,3.141548798,3,0,60
160.5463807,39.00176324,-76.49953824,3.141549257,3,0,60
160.5965506,39.00176188,-76.49953824,3.141549712,3,0,60
160.6467239,39.00176053,-76.49953824,3.141550161,3,0,60
160.6969132,39.00175918,-76.49953824,3.141550607,3,0,60
160.7470914,39.00175783,-76.49953824,3.141551047,3,0,60
160.7972551,39.00175648,-76.49953824,3.141551482,3,0,60
160.8474252,39.00175513,-76.49953824,3.141551914,3,0,60
160.8975968,39.00175378,-76.49953824,3.14155234,3,0,60
160.9478044,39.00175243,-76.49953824,3.141552762,3,0,60
160.9979761,39.00175107,-76.49953824,3.14155318,3,0,60
161.0481204,39.00174972,-76.49953824,3.141553593,3,0,60
161.098279,39.00174837,-76.49953824,3.141554002,3,0,60
161.148435,39.00174702,-76.49953824,3.141554407,3,0,60
161.1986019,39.00174567,-76.49953824,3.141554808,3,0,60
161.2487768,39.00174432,-76.49953824,3.141555204,3,0,60
161.2989431,39.00174297,-76.49953824,3.141555596,3,0,60
161.3491097,39.00174162,-76.49953824,3.141555984,3,0,60
161.3992834,39.00174027,-76.49953824,3.141556369,3,0,60
161.4494577,39.00173891,-76.49953824,3.141556748,3,0,60
161.4996253,39.00173756,-76.49953824,3.141557124,3,0,60
161.5497985,39.00173621,-76.49953824,3.141557496,3,0,60
161.5999584,39.00173486,-76.49953824,3.141557864,3,0,60
161.6501706,39.00173351,-76.49953824,3.141558229,3,0,60
161.7003913,39.00173216,-76.49953824,3.141558589,3,0,60
161.7508409,39.00173081,-76.49953824,3.141558947,3,0,60
161.8009865,39.00172946,-76.49953824,3.141559299,3,0,60
161.8511891,39.0017281,-76.49953824,3.141559648,3,0,60
161.9013591,39.00172675,-76.49953824,3.141559994,3,0,60
161.95155,39.0017254,-76.49953824,3.141560336,3,0,60
162.0017534,39.00172405,-76.49953824,3.141560675,3,0,60
162.0519788,39.0017227,-76.49953824,3.141561009,3,0,60
162.1022189,39.00172135,-76.49953824,3.141561341,3,0,60
162.1524014,39.00172,-76.49953824,3.141561669,3,0,60
162.202551,39.00171865,-76.49953824,3.141561993,3,0,60
162.2528188,39.0017173,-76.49953824,3.141562314,3,0,60
162.3030157,39.00171594,-76.49953824,3.141562632,3,0,60
162.3532508,39.00171459,-76.49953824,3.141562946,3,0,60
162.4034946,39.00171324,-76.49953824,3.141563257,3,0,60
162.453763,39.00171189,-76.49953824,3.141563565,3,0,60
162.5039296,39.00171054,-76.49953824,3.14156387,3,0,60
162.5541214,39.00170919,-76.49953824,3.141564171,3,0,60
162.6043053,39.00170784,-76.49953824,3.141564469,3,0,60
162.654496,39.00170649,-76.49953824,3.141564765,3,0,60
162.7046939,39.00170514,-76.49953824,3.141565057,3,0,60
162.7548658,39.00170378,-76.49953824,3.141565346,3,0,60
162.8050645,39.00170243,-76.49953824,3.141565632,3,0,60
162.855244,39.00170108,-76.49953824,3.141565915,3,0,60
162.9054114,39.00169973,-76.49953824,3.141566195,3,0,60
162.955589,39.00169838,-76.49953824,3.141566472,3,0,60
163.0057944,39.00169703,-76.49953824,3.141566746,3,0,60
163.0559587,39.00169568,-76.49953824,3.141567017,3,0,60
163.1061279,39.00169433,-76.49953824,3.141567286,3,0,60
163.15628,39.00169297,-76.49953824,3.141567551,3,0,60
163.2064639,39.00169162,-76.49953824,3.141567814,3,0,60
163.2566297,39.00169027,-76.49953824,3.141568074,3,0,60
163.3068131,39.00168892,-76.49953824,3.141568332,3,0,60
163.3570128,39.00168757,-76.49953824,3.141568586,3,0,60
163.409462,39.00168622,-76.49953824,3.141568838,3,0,60
163.4596807,39.00168487,-76.49953824,3.141569088,3,0,60
163.5099005,39.00168352,-76.49953824,3.141569335,3,0,60
163.5600619,39.00168217,-76.49953824,3.141569579,3,0,60
163.6102395,39.00168081,-76.49953824,3.14156982,3,0,60
163.6603844,39.00167946,-76.49953824,3.141570059,3,0,60
163.7105516,39.00167811,-76.49953824,3.141570296,3,0,60
163.7606914,39.00167676,-76.49953824,3.14157053,3,0,60
163.8108716,39.00167541,-76.49953824,3.141570762,3,0,60
163.8610375,39.00167406,-76.49953824,3.141570991,3,0,60
163.9111926,39.00167271,-76.49953824,3.141571218,3,0,60
163.9613688,39.00167136,-76.49953824,3.141571442,3,0,60
164.0115469,39.00167,-76.49953824,3.141571665,3,0,60
164.0616935,39.00166865,-76.49953824,3.141571885,3,0,60
164.1118857,39.0016673,-76.49953824,3.141572102,3,0,60
164.1620482,39.00166595,-76.49953824,3.141572317,3,0,60
164.2121979,39.0016646,-76.49953824,3.14157253,3,0,60
164.2624137,39.00166325,-76.49953824,3.141572741,3,0,60
164.3125805,39.0016619,-76.49953824,3.141572949,3,0,60
164.3627733,39.00166055,-76.49953824,3.141573156,3,0,60
164.4129323,39.0016592,-76.49953824,3.14157336,3,0,60
164.4631208,39.00165784,-76.49953824,3.141573562,3,0,60
164.5132846,39.00165649,-76.49953824,3.141573762,3,0,60
164.5634344,39.00165514,-76.49953824,3.14157396,3,0,60
164.6135861,39.00165379,-76.49953824,3.141574155,3,0,60
164.6637535,39.00165244,-76.49953824,3.141574349,3,0,60
164.713908,39.00165109,-76.49953824,3.141574541,3,0,60
164.7640559,39.00164974,-76.49953824,3.14157473,3,0,60
164.8142091,39.00164839,-76.49953824,3.141574918,3,0,60
164.864367,39.00164704,-76.49953824,3.141575104,3,0,60
164.9145137,39.00164568,-76.49953824,3.141575288,3,0,60
164.9646863,39.00164433,-76.49953824,3.14157547,3,0,60
165.0148264,39.00164298,-76.49953824,3.141575649,3,0,60
165.064979,39.00164163,-76.49953824,3.141575649,3,0,60
165.1151275,39.00164028,-76.49953824,3.141576006,3,0,60
165.1652645,39.00163893,-76.49953824,3.14157618,3,0,60
165.2154115,39.00163758,-76.49953824,3.141576352,3,0,60
165.2655587,39.00163623,-76.49953824,3.141576523,3,0,60
165.3157006,39.00163488,-76.49953824,3.141576692,3,0,60
165.3658799,39.00163352,-76.49953824,3.141576859,3,0,60
165.4160274,39.00163217,-76.49953824,3.141577025,3,0,60
165.4661737,39.00163082,-76.49953824,3.141577188,3,0,60
165.516368,39.00162947,-76.49953824,3.14157735,3,0,60
165.5665792,39.00162812,-76.49953824,3.141577511,3,0,60
165.6167245,39.00162677,-76.49953824,3.141577669,3,0,60
165.6668686,39.00162542,-76.49953824,3.141577826,3,0,60
165.7170105,39.00162407,-76.49953824,3.141577981,3,0,60
165.7671597,39.00162271,-76.49953824,3.141578135,3,0,60
165.8173031,39.00162136,-76.49953824,3.141578287,3,0,60
165.8674537,39.00162001,-76.49953824,3.141578437,3,0,60
165.9176014,39.00161866,-76.49953824,3.141578586,3,0,60
165.9678188,39.00161731,-76.49953824,3.141578734,3,0,60
166.0180268,39.00161596,-76.49953824,3.141578879,3,0,60
166.0681964,39.00161461,-76.49953824,3.141579024,3,0,60
166.1183346,39.00161326,-76.49953824,3.141579166,3,0,60
166.1684756,39.00161191,-76.49953824,3.141579308,3,0,60
166.218626,39.00161055,-76.49953824,3.141579447,3,0,60
166.2687902,39.0016092,-76.49953824,3.141579586,3,0,60
166.3189378,39.00160785,-76.49953824,3.141579723,3,0,60
166.369075,39.0016065,-76.49953824,3.141579858,3,0,60
166.4193089,39.00160515,-76.49953824,3.141579992,3,0,60
166.4695807,39.0016038,-76.49953824,3.141580124,3,0,60
166.5198263,39.00160244,-76.49953824,3.141580256,3,0,60
166.5700102,39.0016011,-76.49953824,3.141580386,3,0,60
166.6203087,39.00159974,-76.49953824,3.141580514,3,0,60
166.670487,39.00159839,-76.49953824,3.141580641,3,0,60
166.7206239,39.00159704,-76.49953824,3.141580767,3,0,60
166.7707976,39.00159569,-76.49953824,3.141580891,3,0,60
166.8209441,39.00159434,-76.49953824,3.141581015,3,0,60
166.8711369,39.00159299,-76.49953824,3.141581136,3,0,60
166.9212652,39.00159164,-76.49953824,3.141581257,3,0,60
166.9714442,39.00159029,-76.49953824,3.141581376,3,0,60
167.0216049,39.00158894,-76.49953824,3.141581495,3,0,60
167.0719456,39.00158758,-76.49953824,3.141581611,3,0,60
167.1221063,39.00158623,-76.49953824,3.141581727,3,0,60
167.1722715,39.00158488,-76.49953824,3.141581841,3,0,60
167.2224348,39.00158353,-76.49953824,3.141581955,3,0,60
167.2725999,39.00158218,-76.49953824,3.141582067,3,0,60
167.3227733,39.00158083,-76.49953824,3.141582178,3,0,60
167.3729539,39.00157948,-76.49953824,3.141582287,3,0,60
167.4231709,39.00157813,-76.49953824,3.141582396,3,0,60
167.4734511,39.00157542,-76.49953824,3.141582609,3,0,60
167.5236116,39.00157407,-76.49953824,3.141582715,3,0,60
167.5737939,39.00157272,-76.49953824,3.141582819,3,0,60
167.6239934,39.00157137,-76.49953824,3.141582922,3,0,60
167.6741581,39.00157002,-76.49953824,3.141583024,3,0,60
167.7243196,39.00156867,-76.49953824,3.141583124,3,0,60
167.7744945,39.00156732,-76.49953824,3.141583224,3,0,60
167.8247075,39.00156596,-76.49953824,3.141583323,3,0,60
167.8749022,39.00156461,-76.49953824,3.141583421,3,0,60
167.9250735,39.00156326,-76.49953824,3.141583518,3,0,60
167.9752927,39.00156191,-76.49953824,3.141583613,3,0,60
168.0254961,39.00156056,-76.49953824,3.141583708,3,0,60
168.0756723,39.00155921,-76.49953824,3.141583801,3,0,60
168.1258838,39.00155786,-76.49953824,3.141583894,3,0,60
168.1760498,39.00155651,-76.49953824,3.141583986,3,0,60
168.2263584,39.00155515,-76.49953824,3.141584077,3,0,60
168.2765375,39.0015538,-76.49953824,3.141584167,3,0,60
168.3267182,39.00155245,-76.49953824,3.141584255,3,0,60
168.376888,39.0015511,-76.49953824,3.141584343,3,0,60
168.4270942,39.00154975,-76.49953824,3.14158443,3,0,60
168.4772812,39.0015484,-76.49953824,3.141584516,3,0,60
168.527454,39.00154705,-76.49953824,3.141584602,3,0,60
168.5777194,39.0015457,-76.49953824,3.141584686,3,0,60
168.6278772,39.00154435,-76.49953824,3.141584769,3,0,60
168.6780447,39.00154299,-76.49953824,3.141584852,3,0,60
168.7282163,39.00154164,-76.49953824,3.141584934,3,0,60
168.7783988,39.00154029,-76.49953824,3.141585015,3,0,60
168.8285659,39.00153894,-76.49953824,3.141585094,3,0,60
168.878801,39.00153759,-76.49953824,3.141585174,3,0,60
168.9289836,39.00153624,-76.49953824,3.141585252,3,0,60
168.9791722,39.00153489,-76.49953824,3.14158533,3,0,60
169.0293735,39.00153354,-76.49953824,3.141585406,3,0,60
169.0795856,39.00153219,-76.49953824,3.141585482,3,0,60
169.1297762,39.00153083,-76.49953824,3.141585557,3,0,60
169.1799366,39.00152948,-76.49953824,3.141585632,3,0,60
169.230163,39.00152813,-76.49953824,3.141585705,3,0,60
169.280327,39.00152678,-76.49953824,3.141585778,3,0,60
169.3304856,39.00152543,-76.49953824,3.14158585,3,0,60
169.3806614,39.00152408,-76.49953824,3.141585921,3,0,60
169.4308271,39.00152273,-76.49953824,3.141585992,3,0,60
169.4809858,39.00152138,-76.49953824,3.141586061,3,0,60
169.5311441,39.00152003,-76.49953824,3.14158613,3,0,60
169.5813061,39.00151867,-76.49953824,3.141586199,3,0,60
169.6315058,39.00151732,-76.49953824,3.141586266,3,0,60
169.6816781,39.00151597,-76.49953824,3.141586333,3,0,60
169.7318046,39.00151462,-76.49953824,3.141586399,3,0,60
169.7819733,39.00151327,-76.49953824,3.141586465,3,0,60
169.8321277,39.00151192,-76.49953824,3.14158653,3,0,60
169.8822815,39.00151057,-76.49953824,3.141586594,3,0,60
169.9324341,39.00150922,-76.49953824,3.141586657,3,0,60
169.9826168,39.00150787,-76.49953824,3.14158672,3,0,60
170.0328036,39.00150651,-76.49953824,3.141586782,3,0,60
170.0829725,39.00150516,-76.49953824,3.141586844,3,0,60
170.1331328,39.00150381,-76.49953824,3.141586904,3,0,60
170.1833607,39.00150246,-76.49953824,3.141586965,3,0,60
170.233568,39.00150111,-76.49953824,3.141587024,3,0,60
170.2838129,39.00149976,-76.49953824,3.141587083,3,0,60
170.3340266,39.00149841,-76.49953824,3.141587142,3,0,60
170.3842082,39.00149706,-76.49953824,3.141587199,3,0,60
170.4344415,39.0014957,-76.49953824,3.141587256,3,0,60
170.4846089,39.00149435,-76.49953824,3.141587313,3,0,60
170.5347928,39.001493,-76.49953824,3.141587369,3,0,60
170.58495,39.00149165,-76.49953824,3.141587424,3,0,60
170.6351048,39.0014903,-76.49953824,3.141587479,3,0,60
170.6852647,39.00148895,-76.49953824,3.141587533,3,0,60
170.7354227,39.0014876,-76.49953824,3.141587587,3,0,60
170.785599,39.00148625,-76.49953824,3.14158764,3,0,60
170.8357789,39.0014849,-76.49953824,3.141587692,3,0,60
170.8859526,39.00148354,-76.49953824,3.141587744,3,0,60
170.9361183,39.00148219,-76.49953824,3.141587796,3,0,60
170.9862901,39.00148084,-76.49953824,3.141587847,3,0,60
171.0364621,39.00147949,-76.49953824,3.141587897,3,0,60
171.0866686,39.00147814,-76.49953824,3.141587947,3,0,60
171.1368318,39.00147679,-76.49953824,3.141587996,3,0,60
171.1870126,39.00147544,-76.49953824,3.141588045,3,0,60
171.2372371,39.00147409,-76.49953824,3.141588093,3,0,60
171.2874786,39.00147274,-76.49953824,3.141588141,3,0,60
171.3377034,39.00147138,-76.49953824,3.141588188,3,0,60
171.3878487,39.00147003,-76.49953824,3.141588235,3,0,60
171.4380775,39.00146868,-76.49953824,3.141588281,3,0,60
171.4882443,39.00146733,-76.49953824,3.141588327,3,0,60
171.5384046,39.00146598,-76.49953824,3.141588372,3,0,60
171.5885598,39.00146463,-76.49953824,3.141588417,3,0,60
171.638714,39.00146328,-76.49953824,3.141588461,3,0,60
171.688897,39.00146193,-76.49953824,3.141588505,3,0,60
171.7390596,39.00146057,-76.49953824,3.141588549,3,0,60
171.7892318,39.00145922,-76.49953824,3.141588592,3,0,60
171.8394053,39.00145787,-76.49953824,3.141588634,3,0,60
171.8895796,39.00145652,-76.49953824,3.141588676,3,0,60
171.9398436,39.00145517,-76.49953824,3.141588718,3,0,60
171.9900352,39.00145382,-76.49953824,3.141588759,3,0,60
172.0401851,39.00145247,-76.49953824,3.1415888,3,0,60
172.0903402,39.00145112,-76.49953824,3.14158884,3,0,60
172.1405086,39.00144976,-76.49953824,3.14158888,3,0,60
172.190702,39.00144841,-76.49953824,3.14158888,3,0,60
172.2408733,39.00144706,-76.49953824,3.141588959,3,0,60
172.2910667,39.00144571,-76.49953824,3.141588998,3,0,60
172.3412505,39.00144436,-76.49953824,3.141589036,3,0,60
172.391452,39.00144301,-76.49953824,3.141589074,3,0,60
172.4416215,39.00144166,-76.49953824,3.141589112,3,0,60
172.4918037,39.00144031,-76.49953824,3.141589149,3,0,60
172.5421703,39.00143896,-76.49953824,3.141589185,3,0,60
172.5923761,39.00143761,-76.49953824,3.141589222,3,0,60
172.6425392,39.00143625,-76.49953824,3.141589258,3,0,60
172.6926876,39.0014349,-76.49953824,3.141589293,3,0,60
172.742882,39.00143355,-76.49953824,3.141589328,3,0,60
172.7930829,39.0014322,-76.49953824,3.141589363,3,0,60
172.8432511,39.00143085,-76.49953824,3.141589398,3,0,60
172.893453,39.0014295,-76.49953824,3.141589432,3,0,60
172.9436308,39.00142815,-76.49953824,3.141589466,3,0,60
172.9938472,39.0014268,-76.49953824,3.141589499,3,0,60
173.0439974,39.00142544,-76.49953824,3.141589532,3,0,60
173.094217,39.00142409,-76.49953824,3.141589565,3,0,60
173.1443726,39.00142274,-76.49953824,3.141589597,3,0,60
173.1945356,39.00142139,-76.49953824,3.141589629,3,0,60
173.2446955,39.00142004,-76.49953824,3.141589661,3,0,60
173.2949,39.00141869,-76.49953824,3.141589692,3,0,60
173.3450845,39.00141734,-76.49953824,3.141589723,3,0,60
173.3952789,39.00141599,-76.49953824,3.141589754,3,0,60
173.4454502,39.00141464,-76.49953824,3.141589784,3,0,60
173.4956641,39.00141328,-76.49953824,3.141589814,3,0,60
173.5458759,39.00141193,-76.49953824,3.141589844,3,0,60
173.5960654,39.00141058,-76.49953824,3.141589873,3,0,60
173.6462537,39.00140923,-76.49953824,3.141589902,3,0,60
173.6964753,39.00140788,-76.49953824,3.141589931,3,0,60
173.7467241,39.00140653,-76.49953824,3.14158996,3,0,60
173.7968836,39.00140518,-76.49953824,3.141589988,3,0,60
173.8470518,39.00140382,-76.49953824,3.141590016,3,0,60
173.897242,39.00140247,-76.49953824,3.141590044,3,0,60
173.9474138,39.00140112,-76.49953824,3.141590071,3,0,60
173.9975791,39.00139977,-76.49953824,3.141590098,3,0,60
174.0477998,39.00139842,-76.49953824,3.141590125,3,0,60
174.0980472,39.00139707,-76.49953824,3.141590151,3,0,60
174.1482098,39.00139572,-76.49953824,3.141590177,3,0,60
174.1983691,39.00139437,-76.49953824,3.141590203,3,0,60
174.2485465,39.00139301,-76.49953824,3.141590229,3,0,60
174.2988419,39.00139166,-76.49953824,3.141590254,3,0,60
174.349033,39.00139031,-76.49953824,3.141590279,3,0,60
174.3992551,39.00138896,-76.49953824,3.141590304,3,0,60
174.4494953,39.00138761,-76.49953824,3.141590329,3,0,60
174.4996841,39.00138626,-76.49953824,3.141590353,3,0,60
174.5499236,39.00138491,-76.49953824,3.141590377,3,0,60
174.6001006,39.00138356,-76.49953824,3.141590401,3,0,60
174.6502758,39.00138221,-76.49953824,3.141590425,3,0,60
174.700487,39.00138086,-76.49953824,3.141590448,3,0,60
174.7506825,39.0013795,-76.49953824,3.141590471,3,0,60
174.8009104,39.00137815,-76.49953824,3.141590494,3,0,60
174.8511571,39.0013768,-76.49953824,3.141590517,3,0,60
174.9013295,39.00137545,-76.49953824,3.141590539,3,0,60
174.9514795,39.0013741,-76.49953824,3.141590561,3,0,60
175.0016828,39.00137275,-76.49953824,3.141590583,3,0,60
175.0518151,39.0013714,-76.49953824,3.141590605,3,0,60
175.1020433,39.00137005,-76.49953824,3.141590626,3,0,60
175.1522578,39.0013687,-76.49953824,3.141590647,3,0,60
175.2025199,39.00136734,-76.49953824,3.141590668,3,0,60
175.2527113,39.00136599,-76.49953824,3.141590689,3,0,60
175.302984,39.00136464,-76.49953824,3.14159071,3,0,60
175.3531282,39.00136329,-76.49953824,3.14159073,3,0,60
175.4032738,39.00136194,-76.49953824,3.14159075,3,0,60
175.4534395,39.00136059,-76.49953824,3.14159077,3,0,60
175.5037315,39.00135924,-76.49953824,3.14159079,3,0,60
175.553979,39.00135789,-76.49953824,3.141590809,3,0,60
175.6041454,39.00135653,-76.49953824,3.141590829,3,0,60
175.6543208,39.00135518,-76.49953824,3.141590848,3,0,60
175.7044934,39.00135383,-76.49953824,3.141590867,3,0,60
175.7546713,39.00135248,-76.49953824,3.141590886,3,0,60
175.8048045,39.00135113,-76.49953824,3.141590904,3,0,60
175.8549904,39.00134978,-76.49953824,3.141590922,3,0,60
175.9051647,39.00134843,-76.49953824,3.14159094,3,0,60
175.9553826,39.00134708,-76.49953824,3.141590958,3,0,60
176.0056008,39.00134572,-76.49953824,3.141590976,3,0,60
176.0558592,39.00134437,-76.49953824,3.141590994,3,0,60
176.1060325,39.00134302,-76.49953824,3.141591011,3,0,60
176.1562062,39.00134167,-76.49953824,3.141591028,3,0,60
176.2064233,39.00134032,-76.49953824,3.141591045,3,0,60
176.2566,39.00133897,-76.49953824,3.141591062,3,0,60
176.3068522,39.00133762,-76.49953824,3.141591079,3,0,60
176.3571006,39.00133627,-76.49953824,3.141591095,3,0,60
176.407354,39.00133492,-76.49953824,3.141591112,3,0,60
176.4575513,39.00133356,-76.49953824,3.141591128,3,0,60
176.5077819,39.00133221,-76.49953824,3.141591144,3,0,60
176.5579791,39.00133086,-76.49953824,3.14159116,3,0,60
176.6081679,39.00132951,-76.49953824,3.141591175,3,0,60
176.6583695,39.00132816,-76.49953824,3.141591191,3,0,60
176.7086003,39.00132681,-76.49953824,3.141591206,3,0,60
176.7588605,39.00132546,-76.49953824,3.141591221,3,0,60
176.8090926,39.00132411,-76.49953824,3.141591236,3,0,60
176.859293,39.00132276,-76.49953824,3.141591251,3,0,60
176.9095039,39.00132141,-76.49953824,3.141591266,3,0,60
176.9596976,39.00132005,-76.49953824,3.14159128,3,0,60
177.0100127,39.0013187,-76.49953824,3.141591295,3,0,60
177.060268,39.00131735,-76.49953824,3.141591309,3,0,60
177.1103815,39.001316,-76.49953824,3.141591323,3,0,60
177.1605784,39.00131465,-76.49953824,3.141591337,3,0,60
177.2108106,39.0013133,-76.49953824,3.141591351,3,0,60
177.2610046,39.00131195,-76.49953824,3.141591364,3,0,60
177.3112465,39.0013106,-76.49953824,3.141591378,3,0,60
177.36146,39.00130924,-76.49953824,3.141591391,3,0,60
177.4116764,39.00130789,-76.49953824,3.141591404,3,0,60
177.461921,39.00130654,-76.49953824,3.141591417,3,0,60
177.5121124,39.00130519,-76.49953824,3.14159143,3,0,60
177.5623111,39.00130384,-76.49953824,3.141591443,3,0,60
177.6125108,39.00130249,-76.49953824,3.141591456,3,0,60
177.662737,39.00130114,-76.49953824,3.141591468,3,0,60
177.712924,39.00129979,-76.49953824,3.141591481,3,0,60
177.7630983,39.00129844,-76.49953824,3.141591493,3,0,60
177.8132795,39.00129708,-76.49953824,3.141591505,3,0,60
177.8634715,39.00129573,-76.49953824,3.141591517,3,0,60
177.9137348,39.00129438,-76.49953824,3.141591529,3,0,60
177.9639273,39.00129303,-76.49953824,3.141591541,3,0,60
178.0141464,39.00129168,-76.49953824,3.141591553,3,0,60
178.0645271,39.00129033,-76.49953824,3.141591564,3,0,60
178.1146977,39.00128898,-76.49953824,3.141591576,3,0,60
178.1649313,39.00128763,-76.49953824,3.141591587,3,0,60
178.2151664,39.00128627,-76.49953824,3.141591598,3,0,60
178.2653935,39.00128492,-76.49953824,3.141591609,3,0,60
178.3156644,39.00128357,-76.49953824,3.14159162,3,0,60
178.3659548,39.00128222,-76.49953824,3.141591631,3,0,60
178.4161655,39.00128087,-76.49953824,3.141591642,3,0,60
178.4663685,39.00127952,-76.49953824,3.141591652,3,0,60
178.5166171,39.00127817,-76.49953824,3.141591663,3,0,60
178.5668711,39.00127682,-76.49953824,3.141591673,3,0,60
178.617145,39.00127546,-76.49953824,3.141591683,3,0,60
178.6674256,39.00127411,-76.49953824,3.141591693,3,0,60
178.7176739,39.00127276,-76.49953824,3.141591703,3,0,60
178.767891,39.00127141,-76.49953824,3.141591713,3,0,60
178.8181341,39.00127006,-76.49953824,3.141591723,3,0,60
178.8683484,39.00126871,-76.49953824,3.141591733,3,0,60
178.9185639,39.00126736,-76.49953824,3.141591743,3,0,60
178.9687996,39.00126601,-76.49953824,3.141591752,3,0,60
179.0190209,39.00126465,-76.49953824,3.141591762,3,0,60
179.0692609,39.00126331,-76.49953824,3.141591771,3,0,60
179.1195054,39.00126195,-76.49953824,3.14159178,3,0,60
179.169759,39.0012606,-76.49953824,3.141591789,3,0,60
179.219947,39.00125925,-76.49953824,3.141591798,3,0,60
179.2703091,39.0012579,-76.49953824,3.141591807,3,0,60
179.3204707,39.00125655,-76.49953824,3.141591807,3,0,60
179.3706655,39.0012552,-76.49953824,3.141591816,3,0,60
179.4208807,39.00125385,-76.49953824,3.141591834,3,0,60
179.4710659,39.0012525,-76.49953824,3.141591842,3,0,60
179.5212584,39.00125114,-76.49953824,3.141591851,3,0,60
179.5714581,39.00124979,-76.49953824,3.141591859,3,0,60
179.6216901,39.00124844,-76.49953824,3.141591868,3,0,60
179.6718605,39.00124709,-76.49953824,3.141591876,3,0,60
179.7220615,39.00124574,-76.49953824,3.141591884,3,0,60
179.7722475,39.00124439,-76.49953824,3.141591892,3,0,60
179.8224471,39.00124304,-76.49953824,3.1415919,3,0,60
179.8727147,39.00124169,-76.49953824,3.141591908,3,0,60
179.9229092,39.00124034,-76.49953824,3.141591916,3,0,60
179.9730798,39.00123898,-76.49953824,3.141591923,3,0,60
180.0233633,39.00123628,-76.49953824,3.141591939,3,0,60
180.073601,39.00123493,-76.49953824,3.141591946,3,0,60
180.1238743,39.00123358,-76.49953824,3.141591954,3,0,60
180.1740237,39.00123223,-76.49953824,3.141591961,3,0,60
180.2241944,39.00123088,-76.49953824,3.141591968,3,0,60
180.2744233,39.00122953,-76.49953824,3.141591975,3,0,60
180.3246009,39.00122817,-76.49953824,3.141591982,3,0,60
180.3748074,39.00122682,-76.49953824,3.141591989,3,0,60
180.4249766,39.00122547,-76.49953824,3.141591996,3,0,60
180.4751754,39.00122412,-76.49953824,3.141592003,3,0,60
180.5254018,39.00122277,-76.49953824,3.14159201,3,0,60
180.5755751,39.00122142,-76.49953824,3.141592017,3,0,60
180.6257536,39.00122007,-76.49953824,3.141592024,3,0,60
180.6759266,39.00121872,-76.49953824,3.14159203,3,0,60
180.72613,39.00121737,-76.49953824,3.141592037,3,0,60
180.7762942,39.00121601,-76.49953824,3.141592043,3,0,60
180.8265028,39.00121466,-76.49953824,3.141592049,3,0,60
180.876671,39.00121331,-76.49953824,3.141592056,3,0,60
180.9268806,39.00121196,-76.49953824,3.141592062,3,0,60
180.9770643,39.00121061,-76.49953824,3.141592068,3,0,60
181.0272907,39.00120926,-76.49953824,3.141592074,3,0,60
181.0774927,39.00120791,-76.49953824,3.14159208,3,0,60
181.1276788,39.00120656,-76.49953824,3.141592086,3,0,60
181.1778825,39.00120521,-76.49953824,3.141592092,3,0,60
181.2280542,39.00120385,-76.49953824,3.141592098,3,0,60
181.2782886,39.0012025,-76.49953824,3.141592104,3,0,60
181.3284506,39.00120115,-76.49953824,3.14159211,3,0,60
181.3786264,39.0011998,-76.49953824,3.141592116,3,0,60
181.4288212,39.00119845,-76.49953824,3.141592121,3,0,60
181.4790472,39.0011971,-76.49953824,3.141592127,3,0,60
181.5292171,39.00119575,-76.49953824,3.141592132,3,0,60
181.5793835,39.0011944,-76.49953824,3.141592138,3,0,60
181.6295597,39.00119304,-76.49953824,3.141592143,3,0,60
181.6797802,39.00119169,-76.49953824,3.141592148,3,0,60
181.7300001,39.00119034,-76.49953824,3.141592154,3,0,60
181.7801833,39.00118899,-76.49953824,3.141592159,3,0,60
181.8303696,39.00118764,-76.49953824,3.141592164,3,0,60
181.880586,39.00118629,-76.49953824,3.141592169,3,0,60
181.9307912,39.00118494,-76.49953824,3.141592174,3,0,60
181.9809954,39.00118359,-76.49953824,3.141592179,3,0,60
182.0311708,39.00118223,-76.49953824,3.141592184,3,0,60
182.0813293,39.00118088,-76.49953824,3.141592189,3,0,60
182.1315893,39.00117953,-76.49953824,3.141592194,3,0,60
182.1817754,39.00117818,-76.49953824,3.141592199,3,0,60
182.2319414,39.00117683,-76.49953824,3.141592204,3,0,60
182.2821045,39.00117548,-76.49953824,3.141592208,3,0,60
182.3322735,39.00117413,-76.49953824,3.141592213,3,0,60
182.3824549,39.00117278,-76.49953824,3.141592218,3,0,60
182.4326284,39.00117142,-76.49953824,3.141592222,3,0,60
182.4828282,39.00117007,-76.49953824,3.141592227,3,0,60
182.5330679,39.00116872,-76.49953824,3.141592231,3,0,60
182.583252,39.00116737,-76.49953824,3.141592236,3,0,60
182.6334372,39.00116602,-76.49953824,3.14159224,3,0,60
182.6836236,39.00116467,-76.49953824,3.141592244,3,0,60
182.7338661,39.00116332,-76.49953824,3.141592249,3,0,60
182.784028,39.00116197,-76.49953824,3.141592253,3,0,60
182.8341944,39.00116062,-76.49953824,3.141592257,3,0,60
182.8843705,39.00115926,-76.49953824,3.141592261,3,0,60
182.9345513,39.00115791,-76.49953824,3.141592265,3,0,60
182.984771,39.00115656,-76.49953824,3.141592269,3,0,60
183.0349681,39.00115521,-76.49953824,3.141592273,3,0,60
183.0851768,39.00115386,-76.49953824,3.141592277,3,0,60
183.1354128,39.00115251,-76.49953824,3.141592281,3,0,60
183.1856151,39.00115116,-76.49953824,3.141592285,3,0,60
183.2357882,39.00114981,-76.49953824,3.141592289,3,0,60
183.286014,39.00114846,-76.49953824,3.141592293,3,0,60
183.3361895,39.0011471,-76.49953824,3.141592297,3,0,60
183.3864343,39.00114575,-76.49953824,3.1415923,3,0,60
183.4366606,39.0011444,-76.49953824,3.141592304,3,0,60
183.4868484,39.00114305,-76.49953824,3.141592308,3,0,60
183.5370408,39.0011417,-76.49953824,3.141592311,3,0,60
183.5872409,39.00114035,-76.49953824,3.141592315,3,0,60
183.6374576,39.001139,-76.49953824,3.141592319,3,0,60
183.6877003,39.00113765,-76.49953824,3.141592322,3,0,60
183.7379441,39.00113629,-76.49953824,3.141592326,3,0,60
183.7881267,39.00113494,-76.49953824,3.141592329,3,0,60
183.8383137,39.00113359,-76.49953824,3.141592332,3,0,60
183.8885404,39.00113224,-76.49953824,3.141592336,3,0,60
183.9387326,39.00113089,-76.49953824,3.141592339,3,0,60
183.9889296,39.00112954,-76.49953824,3.141592342,3,0,60
184.0391869,39.00112819,-76.49953824,3.141592346,3,0,60
184.0893393,39.00112684,-76.49953824,3.141592349,3,0,60
184.1395265,39.00112549,-76.49953824,3.141592352,3,0,60
184.1896999,39.00112414,-76.49953824,3.141592355,3,0,60
184.239911,39.00112278,-76.49953824,3.141592358,3,0,60
184.2900404,39.00112143,-76.49953824,3.141592361,3,0,60
184.3401754,39.00112008,-76.49953824,3.141592364,3,0,60
184.3903102,39.00111873,-76.49953824,3.141592367,3,0,60
184.4404426,39.00111738,-76.49953824,3.14159237,3,0,60
184.4905745,39.00111603,-76.49953824,3.141592373,3,0,60
184.5407246,39.00111468,-76.49953824,3.141592376,3,0,60
184.5909165,39.00111333,-76.49953824,3.141592379,3,0,60
184.6411508,39.00111197,-76.49953824,3.141592382,3,0,60
184.6913542,39.00111062,-76.49953824,3.141592385,3,0,60
184.7415372,39.00110927,-76.49953824,3.141592388,3,0,60
184.7917058,39.00110792,-76.49953824,3.141592391,3,0,60
184.8418762,39.00110657,-76.49953824,3.141592393,3,0,60
184.8920167,39.00110522,-76.49953824,3.141592396,3,0,60
184.9421461,39.00110387,-76.49953824,3.141592399,3,0,60
184.9922853,39.00110252,-76.49953824,3.141592401,3,0,60
185.0424255,39.00110117,-76.49953824,3.141592404,3,0,60
185.0925571,39.00109981,-76.49953824,3.141592407,3,0,60
185.1427371,39.00109846,-76.49953824,3.141592409,3,0,60
185.1929297,39.00109711,-76.49953824,3.141592412,3,0,60
185.2430956,39.00109576,-76.49953824,3.141592414,3,0,60
185.2932757,39.00109441,-76.49953824,3.141592417,3,0,60
185.3434438,39.00109306,-76.49953824,3.141592419,3,0,60
185.3936304,39.00109171,-76.49953824,3.141592422,3,0,60
185.4438295,39.00109036,-76.49953824,3.141592424,3,0,60
185.4940155,39.00108901,-76.49953824,3.141592427,3,0,60
185.5441946,39.00108765,-76.49953824,3.141592429,3,0,60
185.5944023,39.0010863,-76.49953824,3.141592431,3,0,60
185.6445754,39.00108495,-76.49953824,3.141592434,3,0,60
185.6948009,39.0010836,-76.49953824,3.141592436,3,0,60
185.7449736,39.00108225,-76.49953824,3.141592438,3,0,60
185.7951676,39.0010809,-76.49953824,3.14159244,3,0,60
185.8453403,39.00107955,-76.49953824,3.141592443,3,0,60
185.8955594,39.0010782,-76.49953824,3.141592445,3,0,60
185.9457797,39.00107684,-76.49953824,3.141592447,3,0,60
185.995954,39.00107549,-76.49953824,3.141592449,3,0,60
186.0461833,39.00107414,-76.49953824,3.141592451,3,0,60
186.0963409,39.00107279,-76.49953824,3.141592453,3,0,60
186.1465768,39.00107144,-76.49953824,3.141592456,3,0,60
186.1967565,39.00107009,-76.49953824,3.141592458,3,0,60
186.2469516,39.00106874,-76.49953824,3.14159246,3,0,60
186.2971601,39.00106739,-76.49953824,3.141592462,3,0,60
186.3473745,39.00106604,-76.49953824,3.141592464,3,0,60
186.3975277,39.00106468,-76.49953824,3.141592466,3,0,60
186.4476936,39.00106333,-76.49953824,3.141592468,3,0,60
186.4980056,39.00106198,-76.49953824,3.14159247,3,0,60
186.5481621,39.00106063,-76.49953824,3.141592472,3,0,60
186.5983209,39.00105928,-76.49953824,3.141592474,3,0,60
186.6485806,39.00105792,-76.49953824,3.141592476,3,0,60
186.6988195,39.00105658,-76.49953824,3.141592476,3,0,60
186.7490851,39.00105523,-76.49953824,3.141592479,3,0,60
186.7992585,39.00105387,-76.49953824,3.141592481,3,0,60
186.8495527,39.00105252,-76.49953824,3.141592483,3,0,60
186.8997663,39.00105117,-76.49953824,3.141592485,3,0,60
186.9499365,39.00104982,-76.49953824,3.141592487,3,0,60
187.0000938,39.00104847,-76.49953824,3.141592488,3,0,60
187.0502553,39.00104712,-76.49953824,3.14159249,3,0,60
187.1004385,39.00104577,-76.49953824,3.141592492,3,0,60
187.1506867,39.00104442,-76.49953824,3.141592493,3,0,60
187.2010149,39.00104307,-76.49953824,3.141592495,3,0,60
187.2512491,39.00104171,-76.49953824,3.141592497,3,0,60
187.3015069,39.00104036,-76.49953824,3.141592498,3,0,60
187.3517346,39.00103901,-76.49953824,3.1415925,3,0,60
187.4019874,39.00103766,-76.49953824,3.141592502,3,0,60
187.452223,39.00103631,-76.49953824,3.141592503,3,0,60
187.5025206,39.00103496,-76.49953824,3.141592505,3,0,60
187.5526725,39.00103361,-76.49953824,3.141592506,3,0,60
187.6028729,39.00103226,-76.49953824,3.141592508,3,0,60
187.6531763,39.0010309,-76.49953824,3.141592509,3,0,60
187.7034026,39.00102955,-76.49953824,3.141592511,3,0,60
187.7536487,39.0010282,-76.49953824,3.141592512,3,0,60
187.8039012,39.00102685,-76.49953824,3.141592514,3,0,60
187.8541184,39.0010255,-76.49953824,3.141592515,3,0,60
187.9043131,39.00102415,-76.49953824,3.141592517,3,0,60
187.9544891,39.0010228,-76.49953824,3.141592518,3,0,60
188.0046677,39.00102145,-76.49953824,3.14159252,3,0,60
188.054827,39.00102009,-76.49953824,3.141592521,3,0,60
188.1050071,39.00101874,-76.49953824,3.141592522,3,0,60
188.1552944,39.00101739,-76.49953824,3.141592524,3,0,60
188.20551,39.00101604,-76.49953824,3.141592525,3,0,60
188.2556825,39.00101469,-76.49953824,3.141592526,3,0,60
188.305932,39.00101334,-76.49953824,3.141592528,3,0,60
188.3561145,39.00101199,-76.49953824,3.141592529,3,0,60
188.4063192,39.00101064,-76.49953824,3.14159253,3,0,60
188.4565055,39.00100928,-76.49953824,3.141592532,3,0,60
188.5067162,39.00100794,-76.49953824,3.141592533,3,0,60
188.5568969,39.00100658,-76.49953824,3.141592534,3,0,60
188.607096,39.00100523,-76.49953824,3.141592536,3,0,60
188.6573108,39.00100388,-76.49953824,3.141592537,3,0,60
188.707495,39.00100253,-76.49953824,3.141592538,3,0,60
188.757676,39.00100118,-76.49953824,3.141592539,3,0,60
188.8079241,39.00099983,-76.49953824,3.14159254,3,0,60
188.8581095,39.00099848,-76.49953824,3.141592542,3,0,60
188.908424,39.00099713,-76.49953824,3.141592543,3,0,60
188.9586145,39.00099577,-76.49953824,3.141592544,3,0,60
189.0088335,39.00099442,-76.49953824,3.141592545,3,0,60
189.059095,39.00099307,-76.49953824,3.141592546,3,0,60
189.1093304,39.00099172,-76.49953824,3.141592547,3,0,60
189.1594993,39.00099037,-76.49953824,3.141592548,3,0,60
189.2097428,39.00098902,-76.49953824,3.14159255,3,0,60
189.2599736,39.00098767,-76.49953824,3.141592551,3,0,60
189.3102261,39.00098631,-76.49953824,3.141592552,3,0,60
189.3604539,39.00098496,-76.49953824,3.141592553,3,0,60
189.4106299,39.00098361,-76.49953824,3.141592554,3,0,60
189.4608677,39.00098226,-76.49953824,3.141592555,3,0,60
189.5110528,39.00098091,-76.49953824,3.141592556,3,0,60
189.5612903,39.00097956,-76.49953824,3.141592557,3,0,60
189.6114799,39.00097821,-76.49953824,3.141592558,3,0,60
189.6616689,39.00097686,-76.49953824,3.141592559,3,0,60
189.711834,39.00097551,-76.49953824,3.14159256,3,0,60
189.7620653,39.00097416,-76.49953824,3.141592561,3,0,60
189.8122666,39.0009728,-76.49953824,3.141592562,3,0,60
189.8624511,39.00097145,-76.49953824,3.141592563,3,0,60
189.9126983,39.0009701,-76.49953824,3.141592564,3,0,60
189.9628975,39.00096875,-76.49953824,3.141592565,3,0,60
190.0131418,39.0009674,-76.49953824,3.141592566,3,0,60
190.0633655,39.00096605,-76.49953824,3.141592567,3,0,60
190.1135721,39.0009647,-76.49953824,3.141592568,3,0,60
190.1638013,39.00096335,-76.49953824,3.141592568,3,0,60
190.2140289,39.000962,-76.49953824,3.141592569,3,0,60
190.2642258,39.00096064,-76.49953824,3.14159257,3,0,60
190.3144218,39.00095929,-76.49953824,3.141592571,3,0,60
190.3646102,39.00095794,-76.49953824,3.141592572,3,0,60
190.4148953,39.00095659,-76.49953824,3.141592573,3,0,60
190.4650753,39.00095524,-76.49953824,3.141592574,3,0,60
190.5152733,39.00095389,-76.49953824,3.141592574,3,0,60
190.5654935,39.00095254,-76.49953824,3.141592575,3,0,60
190.6156908,39.00095119,-76.49953824,3.141592576,3,0,60
190.6659609,39.00094984,-76.49953824,3.141592577,3,0,60
190.716135,39.00094848,-76.49953824,3.141592578,3,0,60
190.7663145,39.00094713,-76.49953824,3.141592579,3,0,60
190.8165457,39.00094578,-76.49953824,3.141592579,3,0,60
190.8668088,39.00094443,-76.49953824,3.14159258,3,0,60
190.9171749,39.00094308,-76.49953824,3.141592581,3,0,60
190.9672965,39.00094173,-76.49953824,3.141592582,3,0,60
191.0175265,39.00094038,-76.49953824,3.141592582,3,0,60
191.0677628,39.00093903,-76.49953824,3.141592583,3,0,60
191.1180379,39.00093767,-76.49953824,3.141592584,3,0,60
191.1682747,39.00093632,-76.49953824,3.141592585,3,0,60
191.2185176,39.00093497,-76.49953824,3.141592585,3,0,60
191.2686965,39.00093362,-76.49953824,3.141592586,3,0,60
191.3189298,39.00093227,-76.49953824,3.141592587,3,0,60
191.3691466,39.00093092,-76.49953824,3.141592587,3,0,60
191.4193416,39.00092957,-76.49953824,3.141592588,3,0,60
191.4696323,39.00092822,-76.49953824,3.141592589,3,0,60
191.5199296,39.00092687,-76.49953824,3.14159259,3,0,60
191.5702729,39.00092551,-76.49953824,3.14159259,3,0,60
191.620422,39.00092416,-76.49953824,3.141592591,3,0,60
191.6705993,39.00092281,-76.49953824,3.141592592,3,0,60
191.7208024,39.00092146,-76.49953824,3.141592592,3,0,60
191.7709705,39.00092011,-76.49953824,3.141592593,3,0,60
191.8211405,39.00091876,-76.49953824,3.141592593,3,0,60
191.8713438,39.00091741,-76.49953824,3.141592594,3,0,60
191.9215984,39.00091606,-76.49953824,3.141592595,3,0,60
191.9718411,39.0009147,-76.49953824,3.141592595,3,0,60
192.0220917,39.00091335,-76.49953824,3.141592596,3,0,60
192.0722953,39.000912,-76.49953824,3.141592597,3,0,60
192.1225116,39.00091065,-76.49953824,3.141592597,3,0,60
192.1726919,39.0009093,-76.49953824,3.141592598,3,0,60
192.2229321,39.00090795,-76.49953824,3.141592598,3,0,60
192.2731428,39.0009066,-76.49953824,3.141592599,3,0,60
192.3235139,39.0009039,-76.49953824,3.1415926,3,0,60
192.3737201,39.00090254,-76.49953824,3.141592601,3,0,60
192.4238915,39.00090119,-76.49953824,3.141592601,3,0,60
192.4740876,39.00089984,-76.49953824,3.141592602,3,0,60
192.5242694,39.00089849,-76.49953824,3.141592602,3,0,60
192.5744642,39.00089714,-76.49953822,3.128509951,3,0,60
192.6247322,39.00089579,-76.49953817,3.115409476,3,0,60
192.6749041,39.00089444,-76.49953811,3.102319519,3,0,60
192.7250553,39.00089309,-76.49953801,3.089235695,3,0,60
192.7752896,39.00089174,-76.4995379,3.076144136,3,0,60
192.8254481,39.00089039,-76.49953777,3.063060105,3,0,60
192.8755874,39.00088905,-76.49953761,3.049961025,3,0,60
192.9257847,39.00088771,-76.49953743,3.036877518,3,0,60
192.9759313,39.00088636,-76.49953722,3.023785083,3,0,60
193.026055,39.00088502,-76.499537,3.010698936,3,0,60
193.0762127,39.00088369,-76.49953675,2.997599832,3,0,60
193.1263713,39.00088235,-76.49953648,2.984518388,3,0,60
193.1766294,39.00088102,-76.49953618,2.97142731,3,0,60
193.2268142,39.00087969,-76.49953587,2.958331058,3,0,60
193.2770078,39.00087837,-76.49953553,2.945249605,3,0,60
193.3272076,39.00087705,-76.49953517,2.932163032,3,0,60
193.3773668,39.00087573,-76.49953479,2.919058793,3,0,60
193.4275335,39.00087441,-76.49953438,2.905979166,3,0,60
193.4777493,39.0008731,-76.49953396,2.892884808,3,0,60
193.5279123,39.0008718,-76.49953351,2.87979543,3,0,60
193.5780742,39.0008705,-76.49953304,2.866701033,3,0,60
193.6282156,39.0008692,-76.49953255,2.853610332,3,0,60
193.6783588,39.00086791,-76.49953203,2.840529952,3,0,60
193.7285076,39.00086663,-76.4995315,2.827440291,3,0,60
193.7786322,39.00086535,-76.49953094,2.814353001,3,0,60
193.8288929,39.00086407,-76.49953037,2.801257775,3,0,60
193.8791168,39.00086281,-76.49952977,2.788158528,3,0,60
193.929308,39.00086154,-76.49952915,2.775073172,3,0,60
193.9794475,39.00086029,-76.4995285,2.761990357,3,0,60
194.0296653,39.00085904,-76.49952784,2.748896803,3,0,60
194.0799568,39.0008578,-76.49952716,2.735808059,3,0,60
194.130148,39.00085657,-76.49952645,2.72272189,3,0,60
194.1803826,39.00085534,-76.49952573,2.709627168,3,0,60
194.2306627,39.00085412,-76.49952498,2.696534895,3,0,60
194.2807808,39.00085291,-76.49952422,2.683451685,3,0,60
194.3309493,39.0008517,-76.49952343,2.670361497,3,0,60
194.3811216,39.00085051,-76.49952262,2.657268265,3,0,60
194.4313004,39.00084932,-76.4995218,2.64417668,3,0,60
194.4815289,39.00084814,-76.49952095,2.631089645,3,0,60
194.5317868,39.00084697,-76.49952009,2.618001513,3,0,60
194.5820037,39.00084581,-76.4995192,2.604912243,3,0,60
194.6322187,39.00084466,-76.4995183,2.591802361,3,0,60
194.6824846,39.00084352,-76.49951737,2.578730485,3,0,60
194.7326733,39.00084238,-76.49951643,2.565639988,3,0,60
194.7828411,39.00084126,-76.49951547,2.552548994,3,0,60
194.8330602,39.00084015,-76.49951449,2.539462721,3,0,60
194.8832621,39.00083904,-76.49951349,2.526366753,3,0,60
194.9334576,39.00083795,-76.49951247,2.513282922,3,0,60
194.9836571,39.00083687,-76.49951143,2.500190504,3,0,60
195.0338997,39.00083578,-76.49951039,2.498381908,3,0,60
195.0840565,39.0008347,-76.49950936,2.499267317,3,0,60
195.1342283,39.00083362,-76.49950832,2.500143059,3,0,60
195.1843798,39.00083254,-76.49950729,2.50101091,3,0,60
195.2346238,39.00083145,-76.49950625,2.501868303,3,0,60
195.2848116,39.00083037,-76.49950522,2.502716687,3,0,60
195.3350087,39.00082928,-76.49950419,2.503556391,3,0,60
195.3852012,39.0008282,-76.49950316,2.504387529,3,0,60
195.4354445,39.00082711,-76.49950213,2.505209774,3,0,60
195.4856093,39.00082602,-76.4995011,2.504240361,3,0,60
195.5358256,39.00082494,-76.49950007,2.503897342,3,0,60
195.5860116,39.00082385,-76.49949904,2.503557623,3,0,60
195.6361668,39.00082277,-76.49949801,2.503221162,3,0,60
195.6863229,39.00082168,-76.49949697,2.502888848,3,0,60
195.7364943,39.0008206,-76.49949594,2.502559501,3,0,60
195.7866652,39.00081951,-76.49949491,2.502234,3,0,60
195.8368626,39.00081843,-76.49949387,2.501911405,3,0,60
195.8870298,39.00081735,-76.49949284,2.50159256,3,0,60
195.9372046,39.00081626,-76.4994918,2.501276941,3,0,60
195.9874192,39.00081518,-76.49949077,2.500964397,3,0,60
196.0375781,39.0008141,-76.49948973,2.500655542,3,0,60
196.0877186,39.00081301,-76.4994887,2.500349657,3,0,60
196.1378962,39.00081193,-76.49948766,2.500047233,3,0,60
196.1880346,39.00081085,-76.49948663,2.499747421,3,0,60
196.2381718,39.00080977,-76.49948559,2.49945131,3,0,60
196.2883105,39.00080869,-76.49948455,2.499157881,3,0,60
196.3384466,39.0008076,-76.49948351,2.498867968,3,0,60
196.3885827,39.00080652,-76.49948248,2.498580496,3,0,60
196.4388937,39.00080544,-76.49948144,2.498296605,3,0,60
196.4890744,39.00080436,-76.4994804,2.498015173,3,0,60
196.53927,39.00080328,-76.49947936,2.49773687,3,0,60
196.5894282,39.0008022,-76.49947832,2.497461738,3,0,60
196.6395936,39.00080112,-76.49947728,2.497189101,3,0,60
196.6897901,39.00080004,-76.49947624,2.49691943,3,0,60
196.7399446,39.00079896,-76.4994752,2.496652666,3,0,60
196.7901485,39.00079788,-76.49947415,2.496388458,3,0,60
196.8403895,39.0007968,-76.49947311,2.49612742,3,0,60
196.8905841,39.00079572,-76.49947207,2.495868749,3,0,60
196.9407551,39.00079464,-76.49947103,2.495612883,3,0,60
196.9909898,39.00079356,-76.49946999,2.495359639,3,0,60
197.0411576,39.00079249,-76.49946894,2.495109305,3,0,60
197.0913211,39.00079141,-76.4994679,2.494861337,3,0,60
197.1415101,39.00079033,-76.49946686,2.494616382,3,0,60
197.1917283,39.00078925,-76.49946581,2.494373289,3,0,60
197.2419687,39.00078817,-76.49946477,2.494133105,3,0,60
197.292178,39.0007871,-76.49946372,2.493895492,3,0,60
197.342314,39.00078602,-76.49946268,2.49366027,3,0,60
197.3926004,39.00078494,-76.49946163,2.493427491,3,0,60
197.4428261,39.00078386,-76.49946059,2.49319728,3,0,60
197.4930466,39.00078279,-76.49945954,2.492969187,3,0,60
197.5432393,39.00078171,-76.49945849,2.492743757,3,0,60
197.5934227,39.00078063,-76.49945745,2.492520424,3,0,60
197.6435775,39.00077956,-76.4994564,2.492299605,3,0,60
197.6937607,39.00077848,-76.49945535,2.492081077,3,0,60
197.7439233,39.00077741,-76.4994543,2.491864822,3,0,60
197.7940811,39.00077633,-76.49945326,2.491650762,3,0,60
197.8442852,39.00077526,-76.49945221,2.491439068,3,0,60
197.8945557,39.00077418,-76.49945116,2.49122965,3,0,60
197.9447375,39.0007731,-76.49945011,2.49102239,3,0,60
197.9949055,39.00077203,-76.49944906,2.490817143,3,0,60
198.0451022,39.00077096,-76.49944801,2.490614133,3,0,60
198.0953118,39.00076988,-76.49944696,2.490413234,3,0,60
198.145549,39.00076881,-76.49944591,2.49021445,3,0,60
198.1957219,39.00076773,-76.49944486,2.490017736,3,0,60
198.2459231,39.00076666,-76.49944381,2.489822961,3,0,60
198.296106,39.00076558,-76.49944276,2.489630378,3,0,60
198.3463502,39.00076451,-76.49944171,2.489439758,3,0,60
198.3966076,39.00076344,-76.49944066,2.489251151,3,0,60
198.4468683,39.00076236,-76.49943961,2.489064607,3,0,60
198.4970812,39.00076129,-76.49943856,2.488879884,3,0,60
198.547281,39.00076021,-76.49943751,2.488697021,3,0,60
198.5975161,39.00075914,-76.49943645,2.488516122,3,0,60
198.6477083,39.00075807,-76.4994354,2.488337275,3,0,60
198.6978891,39.000757,-76.49943435,2.48816021,3,0,60
198.7480301,39.00075592,-76.4994333,2.487984865,3,0,60
198.7981722,39.00075485,-76.49943224,2.487811577,3,0,60
198.8483175,39.00075378,-76.49943119,2.487639749,3,0,60
198.8985277,39.00075271,-76.49943014,2.487470241,3,0,60
198.9488412,39.00075163,-76.49942908,2.487302234,3,0,60
198.9989937,39.00075056,-76.49942803,2.48713597,3,0,60
199.0491206,39.00074949,-76.49942697,2.486971124,3,0,60
199.0992331,39.00074842,-76.49942592,2.486808477,3,0,60
199.1494401,39.00074735,-76.49942487,2.48664741,3,0,60
199.1997194,39.00074628,-76.49942381,2.486488129,3,0,60
199.2499627,39.0007452,-76.49942276,2.486330428,3,0,60
199.3001769,39.00074413,-76.4994217,2.486174305,3,0,60
199.35036,39.00074306,-76.49942064,2.486019886,3,0,60
199.4005193,39.00074199,-76.49941959,2.485867028,3,0,60
199.4507082,39.00074092,-76.49941853,2.485715804,3,0,60
199.5008799,39.00073985,-76.49941748,2.485566132,3,0,60
199.5510491,39.00073878,-76.49941642,2.485418056,3,0,60
199.601221,39.00073771,-76.49941536,2.485271493,3,0,60
199.6514265,39.00073664,-76.49941431,2.48512648,3,0,60
199.7016151,39.00073557,-76.49941325,2.4849829,3,0,60
199.7518221,39.0007345,-76.49941219,2.484840971,3,0,60
199.8020043,39.00073343,-76.49941113,2.484700357,3,0,60
199.8521824,39.00073236,-76.49941008,2.484561499,3,0,60
199.9023679,39.00073129,-76.49940902,2.484423912,3,0,60
199.9525761,39.00073022,-76.49940796,2.48428776,3,0,60
200.0027685,39.00072915,-76.4994069,2.484153057,3,0,60
200.0529878,39.00072808,-76.49940584,2.484019687,3,0,60
200.1031657,39.00072701,-76.49940479,2.483887841,3,0,60
200.1534159,39.00072595,-76.49940372,2.475129268,3,0,60
200.2036044,39.00072489,-76.49940265,2.475090434,3,0,60
200.253907,39.00072383,-76.49940157,2.475052003,3,0,60
200.304094,39.00072276,-76.4994005,2.475014001,3,0,60
200.3542741,39.0007217,-76.49939943,2.474976352,3,0,60
200.4045635,39.00072064,-76.49939836,2.474939127,3,0,60
200.4547956,39.00071958,-76.49939729,2.474902312,3,0,60
200.5050091,39.00071852,-76.49939622,2.474865831,3,0,60
200.5553435,39.00071745,-76.49939515,2.474829807,3,0,60
200.605499,39.00071639,-76.49939408,2.474794097,3,0,60
200.6556681,39.00071533,-76.49939301,2.474758775,3,0,60
200.7058732,39.00071427,-76.49939194,2.474723835,3,0,60
200.7560426,39.00071321,-76.49939087,2.474689275,3,0,60
200.8062274,39.00071215,-76.4993898,2.474655052,3,0,60
200.8564358,39.00071109,-76.49938871,2.461549009,3,0,60
200.9066647,39.00071006,-76.4993876,2.448472693,3,0,60
200.956857,39.00070903,-76.49938648,2.435378679,3,0,60
201.007048,39.00070801,-76.49938534,2.422292689,3,0,60
201.0572599,39.00070701,-76.49938418,2.409198464,3,0,60
201.1074579,39.00070601,-76.499383,2.39611157,3,0,60
201.1576748,39.00070503,-76.49938181,2.383011233,3,0,60
201.207894,39.00070406,-76.4993806,2.369932965,3,0,60
201.2581972,39.00070311,-76.49937938,2.356826048,3,0,60
201.3084166,39.00070216,-76.49937814,2.343754122,3,0,60
201.3586759,39.00070122,-76.4993769,2.342182804,3,0,60
201.4089473,39.00070028,-76.49937566,2.34353328,3,0,60
201.4591502,39.00069933,-76.49937442,2.344866978,3,0,60
201.5093422,39.0006984,-76.49937317,2.331787126,3,0,60
201.5595642,39.00069748,-76.4993719,2.318692271,3,0,60
201.6098069,39.00069658,-76.49937061,2.305611698,3,0,60
201.6599475,39.00069568,-76.49936931,2.292500918,3,0,60
201.7101997,39.00069481,-76.499368,2.279422521,3,0,60
201.7604632,39.00069394,-76.49936667,2.26633334,3,0,60
201.8106109,39.00069309,-76.49936533,2.253240573,3,0,60
201.8608631,39.00069225,-76.49936397,2.240143927,3,0,60
201.9110747,39.00069143,-76.4993626,2.227058235,3,0,60
201.9612997,39.0006906,-76.49936122,2.224258257,3,0,60
202.0115506,39.00068978,-76.49935985,2.226728786,3,0,60
202.0617485,39.00068895,-76.49935848,2.229172716,3,0,60
202.1119494,39.00068812,-76.49935711,2.231591386,3,0,60
202.1620988,39.00068731,-76.49935573,2.218503522,3,0,60
202.2123193,39.00068651,-76.49935434,2.205416371,3,0,60
202.2625848,39.00068572,-76.49935293,2.192321491,3,0,60
202.3128195,39.00068495,-76.49935151,2.179233736,3,0,60
202.3630676,39.00068419,-76.49935007,2.166137789,3,0,60
202.4133287,39.00068345,-76.49934863,2.153054139,3,0,60
202.4635434,39.00068272,-76.49934717,2.139947058,3,0,60
202.5138105,39.00068201,-76.4993457,2.126853477,3,0,60
202.5639841,39.00068131,-76.49934421,2.113756476,3,0,60
202.6142632,39.00068062,-76.49934273,2.108994568,3,0,60
202.6645303,39.00067992,-76.49934124,2.111206829,3,0,60
202.7146855,39.00067922,-76.49933976,2.113400531,3,0,60
202.7648931,39.00067852,-76.49933828,2.115568506,3,0,60
202.8151808,39.00067784,-76.49933679,2.102473254,3,0,60
202.8654513,39.00067717,-76.49933528,2.089399814,3,0,60
202.9157052,39.00067651,-76.49933377,2.076298999,3,0,60
202.9659666,39.00067587,-76.49933224,2.063219166,3,0,60
203.0161207,39.00067525,-76.49933071,2.050129962,3,0,60
203.066261,39.00067464,-76.49932916,2.037037985,3,0,60
203.1164868,39.00067405,-76.4993276,2.023936349,3,0,60
203.1666802,39.00067348,-76.49932604,2.01085666,3,0,60
203.2169367,39.00067292,-76.49932446,1.997758352,3,0,60
203.2670906,39.00067237,-76.49932288,1.990099475,3,0,60
203.3172901,39.00067181,-76.4993213,1.992097351,3,0,60
203.3675339,39.00067126,-76.49931972,1.994073536,3,0,60
203.4178033,39.0006707,-76.49931814,1.996031108,3,0,60
203.4680615,39.00067016,-76.49931655,1.982922537,3,0,60
203.5182581,39.00066964,-76.49931496,1.969836478,3,0,60
203.5684437,39.00066913,-76.49931336,1.956751167,3,0,60
203.6186635,39.00066864,-76.49931174,1.943670593,3,0,60
203.6689155,39.00066816,-76.49931012,1.930572372,3,0,60
203.7192849,39.0006677,-76.49930849,1.917481328,3,0,60
203.7694814,39.00066726,-76.49930686,1.904400934,3,0,60
203.8196655,39.00066683,-76.49930522,1.891310797,3,0,60
203.8699279,39.00066642,-76.49930356,1.878217512,3,0,60
203.9204043,39.00066603,-76.49930191,1.867573912,3,0,60
203.9705804,39.00066563,-76.49930025,1.869390595,3,0,60
204.0208161,39.00066523,-76.4992986,1.871188948,3,0,60
204.0709975,39.00066485,-76.49929694,1.858101474,3,0,60
204.1212784,39.00066448,-76.49929527,1.8450106,3,0,60
204.1714144,39.00066413,-76.4992936,1.831906844,3,0,60
204.2216199,39.0006638,-76.49929192,1.818820657,3,0,60
204.2718855,39.00066349,-76.49929024,1.805729305,3,0,60
204.3221047,39.00066319,-76.49928855,1.792646972,3,0,60
204.3722643,39.00066291,-76.49928685,1.779561371,3,0,60
204.4224527,39.00066265,-76.49928516,1.766471739,3,0,60
204.47258,39.0006624,-76.49928345,1.753381741,3,0,60
204.5228028,39.00066217,-76.49928175,1.741353782,3,0,60
204.5730284,39.00066194,-76.49928004,1.743029375,3,0,60
204.6232917,39.00066149,-76.49927662,1.731594364,3,0,60
204.6734892,39.00066129,-76.49927491,1.718497484,3,0,60
204.7236781,39.00066111,-76.4992732,1.705408234,3,0,60
204.7739094,39.00066095,-76.49927148,1.692331479,3,0,60
204.8241034,39.0006608,-76.49926976,1.679231009,3,0,60
204.8743145,39.00066067,-76.49926803,1.666152507,3,0,60
204.9244745,39.00066056,-76.49926631,1.653046265,3,0,60
204.9747044,39.00066047,-76.49926458,1.639968061,3,0,60
205.024882,39.00066039,-76.49926285,1.626867378,3,0,60
205.0750532,39.00066033,-76.49926112,1.613797576,3,0,60
205.1252077,39.00066027,-76.49925939,1.614896322,3,0,60
205.1753692,39.00066023,-76.49925766,1.601808376,3,0,60
205.225586,39.00066021,-76.49925593,1.588720995,3,0,60
205.2759067,39.0006602,-76.4992542,1.575624728,3,0,60
205.3260571,39.00066021,-76.49925247,1.562543167,3,0,60
205.3761779,39.00066024,-76.49925073,1.549440892,3,0,60
205.4264032,39.00066029,-76.499249,1.536346865,3,0,60
205.4765788,39.00066035,-76.49924727,1.52326292,3,0,60
205.5267578,39.00066043,-76.49924554,1.51016672,3,0,60
205.5769444,39.00066053,-76.49924382,1.497090221,3,0,60
205.6270998,39.00066065,-76.49924209,1.483987821,3,0,60
205.6772518,39.00066077,-76.49924037,1.4850216,3,0,60
205.7274093,39.00066088,-76.49923864,1.486453511,3,0,60
205.777591,39.00066101,-76.49923692,1.473350981,3,0,60
205.8278706,39.00066116,-76.4992352,1.460261144,3,0,60
205.8780186,39.00066133,-76.49923348,1.447179763,3,0,60
205.9282354,39.00066151,-76.49923176,1.434080462,3,0,60
205.9784535,39.00066171,-76.49923005,1.421005362,3,0,60
206.0287093,39.00066193,-76.49922834,1.407897763,3,0,60
206.0788612,39.00066217,-76.49922664,1.394819965,3,0,60
206.129031,39.00066242,-76.49922494,1.381733618,3,0,60
206.1791824,39.00066269,-76.49922324,1.368639299,3,0,60
206.2294384,39.00066298,-76.49922155,1.355534252,3,0,60
206.2797361,39.00066327,-76.49921986,1.354697221,3,0,60
206.3299619,39.00066358,-76.49921817,1.341601951,3,0,60
206.3801548,39.0006639,-76.49921649,1.328491485,3,0,60
206.4303032,39.00066424,-76.49921481,1.315411948,3,0,60
206.4804331,39.0006646,-76.49921315,1.302331966,3,0,60
206.5306,39.00066498,-76.49921148,1.289233735,3,0,60
206.5808367,39.00066537,-76.49920983,1.27616159,3,0,60
206.6311268,39.00066578,-76.49920817,1.263056708,3,0,60
206.6813904,39.00066621,-76.49920653,1.24996715,3,0,60
206.7315398,39.00066665,-76.4992049,1.236880289,3,0,60
206.7817596,39.00066711,-76.49920327,1.223797016,3,0,60
206.8320418,39.00066757,-76.49920164,1.222659387,3,0,60
206.8822417,39.00066803,-76.49920001,1.223915062,3,0,60
206.9324288,39.0006685,-76.49919839,1.210825579,3,0,60
206.9826135,39.000669,-76.49919678,1.197733947,3,0,60
207.0328169,39.00066951,-76.49919517,1.184647932,3,0,60
207.0830103,39.00067003,-76.49919358,1.171569783,3,0,60
207.1331783,39.00067057,-76.49919199,1.158467791,3,0,60
207.18333,39.00067113,-76.49919042,1.145387901,3,0,60
207.2334953,39.0006717,-76.49918885,1.132295609,3,0,60
207.2836209,39.00067229,-76.49918729,1.119212536,3,0,60
207.3338926,39.0006729,-76.49918574,1.106121259,3,0,60
207.3841154,39.00067352,-76.4991842,1.093030958,3,0,60
207.434291,39.00067414,-76.49918267,1.089904046,3,0,60
207.4844277,39.00067479,-76.49918114,1.076817222,3,0,60
207.53456,39.00067544,-76.49917963,1.06372334,3,0,60
207.5847656,39.00067611,-76.49917813,1.05063572,3,0,60
207.634987,39.0006768,-76.49917664,1.037539757,3,0,60
207.6852077,39.0006775,-76.49917516,1.024455748,3,0,60
207.7354284,39.00067822,-76.49917369,1.01136467,3,0,60
207.7856176,39.00067895,-76.49917223,0.9982682814,3,0,60
207.8358679,39.0006797,-76.49917079,0.9851837902,3,0,60
207.8860125,39.00068046,-76.49916936,0.9720975976,3,0,60
207.9362121,39.00068124,-76.49916794,0.9589946073,3,0,60
207.9864344,39.00068201,-76.49916653,0.9555666373,3,0,60
208.0366068,39.00068281,-76.49916513,0.9424711209,3,0,60
208.0867912,39.00068362,-76.49916374,0.9293838397,3,0,60
208.1370227,39.00068444,-76.49916237,0.9162956343,3,0,60
208.1872207,39.00068528,-76.49916101,0.9031988903,3,0,60
208.2373071,39.00068613,-76.49915966,0.8901131294,3,0,60
208.2874793,39.00068699,-76.49915833,0.8770212769,3,0,60
208.3376715,39.00068787,-76.49915701,0.8639199451,3,0,60
208.3877968,39.00068876,-76.49915571,0.8508371177,3,0,60
208.4379753,39.00068966,-76.49915442,0.8377465302,3,0,60
208.4881678,39.00069058,-76.49915315,0.8246457988,3,0,60
208.5383972,39.0006915,-76.49915188,0.8208238818,3,0,60
208.5886101,39.00069244,-76.49915064,0.8077559652,3,0,60
208.6388593,39.00069338,-76.4991494,0.7946620609,3,0,60
208.6890786,39.00069434,-76.49914818,0.7815724374,3,0,60
208.7392842,39.00069531,-76.49914698,0.7684806192,3,0,60
208.7895571,39.0006963,-76.49914579,0.7553947494,3,0,60
208.8397714,39.00069729,-76.49914462,0.742302528,3,0,60
208.8899997,39.0006983,-76.49914346,0.7292183329,3,0,60
208.9401678,39.00069932,-76.49914233,0.7161238888,3,0,60
208.9903899,39.00070035,-76.49914121,0.7030270071,3,0,60
209.0405836,39.00070139,-76.49914011,0.6899456133,3,0,60
209.0907698,39.00070244,-76.49913901,0.6856139267,3,0,60
209.140943,39.00070349,-76.49913793,0.672524244,3,0,60
209.1911964,39.00070456,-76.49913687,0.6594239728,3,0,60
209.2414326,39.00070564,-76.49913583,0.6463383255,3,0,60
209.2916844,39.00070673,-76.4991348,0.6332542762,3,0,60
209.3418859,39.00070783,-76.4991338,0.6201641762,3,0,60
209.3920965,39.00070894,-76.49913281,0.6070627659,3,0,60
209.4422625,39.00071006,-76.49913184,0.5939835607,3,0,60
209.492423,39.00071119,-76.49913089,0.5808954464,3,0,60
209.5425989,39.00071233,-76.49912996,0.5678010673,3,0,60
209.5928176,39.00071348,-76.49912905,0.5547138282,3,0,60
209.643041,39.00071463,-76.49912814,0.5499060788,3,0,60
209.6933115,39.00071579,-76.49912725,0.5368063009,3,0,60
209.7434214,39.00071696,-76.49912639,0.5237270857,3,0,60
209.7936712,39.00071814,-76.49912554,0.5106380287,3,0,60
209.8438109,39.00071933,-76.49912472,0.497547535,3,0,60
209.8940062,39.00072052,-76.49912391,0.4844576635,3,0,60
209.9441161,39.00072172,-76.49912312,0.4713666988,3,0,60
209.9943653,39.00072294,-76.49912236,0.4582642431,3,0,60
210.0445074,39.00072416,-76.49912161,0.4451876805,3,0,60
210.0946659,39.00072538,-76.49912089,0.4320941816,3,0,60
210.1448621,39.00072662,-76.49912018,0.4189948193,3,0,60
210.1950378,39.00072785,-76.49911949,0.4136713593,3,0,60
210.245206,39.0007291,-76.49911881,0.4005790871,3,0,60
210.2953889,39.00073035,-76.49911816,0.3874861434,3,0,60
210.3457371,39.00073161,-76.49911752,0.3743926743,3,0,60
210.3958973,39.00073287,-76.49911691,0.3613157774,3,0,60
210.4460886,39.00073414,-76.49911632,0.3482147336,3,0,60
210.4963055,39.00073542,-76.49911575,0.3351315666,3,0,60
210.5465564,39.0007367,-76.4991152,0.32203184,3,0,60
210.5967264,39.00073799,-76.49911468,0.3089469877,3,0,60
210.6468702,39.00073928,-76.49911417,0.2958536548,3,0,60
210.6970657,39.00074058,-76.49911369,0.282770038,3,0,60
210.7472448,39.00074188,-76.49911321,0.2768959575,3,0,60
210.7974219,39.00074318,-76.49911276,0.2638149891,3,0,60
210.847658,39.00074449,-76.49911233,0.2507156412,3,0,60
210.8978933,39.0007458,-76.49911193,0.2376427923,3,0,60
210.9480795,39.00074712,-76.49911154,0.2245522425,3,0,60
210.9982601,39.00074844,-76.49911118,0.2114680634,3,0,60
211.0484315,39.00074976,-76.49911084,0.1983756818,3,0,60
211.0985951,39.00075109,-76.49911051,0.1875197034,3,0,60
211.1488028,39.00075242,-76.49911019,0.1879364952,3,0,60
211.1990352,39.00075375,-76.49910986,0.1883491267,3,0,60
211.2492064,39.00075508,-76.49910954,0.1887572626,3,0,60
211.2993972,39.0007564,-76.49910921,0.1891616608,3,0,60
211.349603,39.00075773,-76.49910889,0.1882788001,3,0,60
211.4000959,39.00075906,-76.49910857,0.1872769964,3,0,60
211.4503064,39.00076038,-76.49910825,0.1862876992,3,0,60
211.5004738,39.00076171,-76.49910793,0.1853064052,3,0,60
211.5506872,39.00076304,-76.49910761,0.1843350875,3,0,60
211.6009091,39.00076437,-76.49910729,0.183372704,3,0,60
211.6511402,39.0007657,-76.49910698,0.1824200285,3,0,60
211.7013004,39.00076703,-76.49910667,0.1814765577,3,0,60
211.7514537,39.00076836,-76.49910636,0.1805425818,3,0,60
211.8016115,39.00076969,-76.49910605,0.1796170682,3,0,60
211.8517981,39.00077102,-76.49910574,0.1787008665,3,0,60
211.9019293,39.00077235,-76.49910544,0.1751135434,3,0,60
211.9520537,39.00077368,-76.49910514,0.1733444524,3,0,60
212.0022533,39.00077501,-76.49910484,0.1715917293,3,0,60
212.0524426,39.00077634,-76.49910455,0.1698547382,3,0,60
212.1026661,39.00077767,-76.49910426,0.1681361384,3,0,60
212.1528819,39.000779,-76.49910397,0.1664314574,3,0,60
212.2031058,39.00078034,-76.49910369,0.1647443914,3,0,60
212.253296,39.00078167,-76.49910341,0.1630731703,3,0,60
212.3034535,39.000783,-76.49910313,0.1614170588,3,0,60
212.3535977,39.00078434,-76.49910286,0.1597777103,3,0,60
212.403786,39.00078567,-76.49910258,0.1581518358,3,0,60
212.4540382,39.00078701,-76.49910231,0.1565444535,3,0,60
212.5042561,39.00078834,-76.49910205,0.1549494245,3,0,60
212.5545095,39.00078968,-76.49910178,0.1533728066,3,0,60
212.6047002,39.00079101,-76.49910152,0.1518082166,3,0,60
212.6548907,39.00079235,-76.49910126,0.1502614232,3,0,60
212.7051091,39.00079368,-76.499101,0.148728956,3,0,60
212.7553454,39.00079502,-76.49910075,0.1472110981,3,0,60
212.8055478,39.00079636,-76.4991005,0.1457063122,3,0,60
212.8557578,39.00079769,-76.49910025,0.1442189971,3,0,60
212.9060011,39.00079903,-76.4991,0.1427447626,3,0,60
212.9562147,39.00080037,-76.49909976,0.1412850728,3,0,60
213.0063937,39.00080171,-76.49909952,0.1398383635,3,0,60
213.0565657,39.00080305,-76.49909928,0.1384075913,3,0,60
213.1067463,39.00080439,-76.49909904,0.1369890467,3,0,60
213.1569302,39.00080572,-76.49909881,0.1355855498,3,0,60
213.2071021,39.00080706,-76.49909858,0.1341953642,3,0,60
213.2572723,39.0008084,-76.49909835,0.1328195701,3,0,60
213.3074669,39.00080974,-76.49909812,0.1314565235,3,0,60
213.3577604,39.00081108,-76.49909789,0.1301073652,3,0,60
213.4078614,39.00081242,-76.49909767,0.1287710287,3,0,60
213.4580483,39.00081376,-76.49909745,0.1274493882,3,0,60
213.5082291,39.0008151,-76.49909723,0.1261395793,3,0,60
213.5584019,39.00081644,-76.49909702,0.1248429194,3,0,60
213.6086595,39.00081778,-76.49909681,0.1235571917,3,0,60
213.6589656,39.00081912,-76.49909659,0.1222875949,3,0,60
213.7091166,39.00082047,-76.49909639,0.1210286681,3,0,60
213.759327,39.00082181,-76.49909618,0.1197820877,3,0,60
213.8095441,39.00082315,-76.49909597,0.1185490262,3,0,60
213.8597835,39.00082449,-76.49909577,0.1173280414,3,0,60
213.9100305,39.00082583,-76.49909557,0.1161187096,3,0,60
213.9602282,39.00082718,-76.49909537,0.1149217887,3,0,60
214.010419,39.00082852,-76.49909518,0.113736017,3,0,60
214.0607139,39.00082986,-76.49909498,0.1125633929,3,0,60
214.1109272,39.0008312,-76.49909479,0.1114015164,3,0,60
214.1611378,39.00083255,-76.4990946,0.1102519686,3,0,60
214.2113066,39.00083389,-76.49909441,0.1091130351,3,0,60
214.2615209,39.00083523,-76.49909422,0.1079863646,3,0,60
214.3117817,39.00083658,-76.49909404,0.1068702734,3,0,60
214.3619696,39.00083792,-76.49909385,0.1057651126,3,0,60
214.4122031,39.00083926,-76.49909367,0.1046726014,3,0,60
214.4624343,39.00084061,-76.49909349,0.1035907005,3,0,60
214.5126278,39.00084195,-76.49909332,0.1025187813,3,0,60
214.5629231,39.0008433,-76.49909314,0.1014576598,3,0,60
214.6131928,39.00084464,-76.49909297,0.1004082018,3,0,60
214.6634751,39.00084598,-76.4990928,0.0993688033,3,0,60
214.7137756,39.00084733,-76.49909263,0.09834035602,3,0,60
214.7640851,39.00084867,-76.49909246,0.09732220918,3,0,60
214.8142345,39.00085002,-76.49909229,0.09631300966,3,0,60
214.8644652,39.00085136,-76.49909213,0.09531578916,3,0,60
214.9147435,39.00085271,-76.49909196,0.09432872776,3,0,60
214.964955,39.00085405,-76.4990918,0.09335086924,3,0,60
215.0152021,39.0008554,-76.49909164,0.09238293652,3,0,60
215.0655757,39.00085674,-76.49909148,0.091425197,3,0,60
215.1181428,39.00085809,-76.49909133,0.09047714502,3,0,60
215.1683294,39.00085944,-76.49909117,0.0895382302,3,0,60
215.2185009,39.00086078,-76.49909102,0.08860946483,3,0,60
215.2686689,39.00086213,-76.49909087,0.08768913528,3,0,60
215.3188623,39.00086348,-76.49909072,0.08677933527,3,0,60
215.3690451,39.00086482,-76.49909057,0.08587793765,3,0,60
215.4192744,39.00086617,-76.49909042,0.08498723132,3,0,60
215.4694493,39.00086751,-76.49909028,0.08410461809,3,0,60
215.5196611,39.00086886,-76.49909013,0.08323055154,3,0,60
215.569838,39.00087021,-76.49908999,0.08236625811,3,0,60
215.6200482,39.00087155,-76.49908985,0.08151015802,3,0,60
215.6702506,39.0008729,-76.49908971,0.08066260043,3,0,60
215.7204376,39.00087425,-76.49908957,0.08066260043,3,0,60
215.770679,39.00087559,-76.49908943,0.07898636232,3,0,60
215.8208633,39.00087694,-76.4990893,0.07816489152,3,0,60
215.8710353,39.00087829,-76.49908917,0.07735235715,3,0,60
215.9212007,39.00087963,-76.49908903,0.07654824453,3,0,60
215.9713865,39.00088098,-76.4990889,0.0757523739,3,0,60
216.0216231,39.00088233,-76.49908877,0.07496416421,3,0,60
216.0718494,39.00088368,-76.49908864,0.0741842485,3,0,60
216.1220021,39.00088502,-76.49908852,0.07341217944,3,0,60
216.172142,39.00088637,-76.49908839,0.07264852553,3,0,60
216.2222881,39.00088772,-76.49908827,0.07189229348,3,0,60
216.2724292,39.00088907,-76.49908814,0.07114401379,3,0,60
216.3225772,39.00089041,-76.49908802,0.07040320158,3,0,60
216.3727804,39.00089176,-76.4990879,0.06967019476,3,0,60
216.4229372,39.00089311,-76.49908778,0.06894470827,3,0,60
216.4731766,39.00089446,-76.49908766,0.06822668992,3,0,60
216.5233619,39.00089715,-76.49908743,0.06681236714,3,0,60
216.5735013,39.0008985,-76.49908732,0.06611664506,3,0,60
216.6236596,39.00089985,-76.4990872,0.06542772663,3,0,60
216.6737765,39.0009012,-76.49908709,0.06474598873,3,0,60
216.7239091,39.00090255,-76.49908698,0.06407127724,3,0,60
216.7740669,39.0009039,-76.49908687,0.06340260855,3,0,60
216.8242476,39.00090524,-76.49908676,0.06274261529,3,0,60
216.874408,39.00090659,-76.49908665,0.06208843429,3,0,60
216.9245517,39.00090794,-76.49908655,0.06144121564,3,0,60
216.9747424,39.00090929,-76.49908644,0.06079979061,3,0,60
217.0248933,39.00091064,-76.49908634,0.06016669585,3,0,60
217.0750767,39.00091199,-76.49908624,0.05953882868,3,0,60
217.1252321,39.00091334,-76.49908613,0.05891759007,3,0,60
217.1753683,39.00091469,-76.49908603,0.05830303829,3,0,60
217.2255098,39.00091604,-76.49908593,0.05769563999,3,0,60
217.2756818,39.00091738,-76.49908583,0.05709310312,3,0,60
217.3258207,39.00091873,-76.49908574,0.05649818655,3,0,60
217.3759678,39.00092008,-76.49908564,0.05590796223,3,0,60
217.4261187,39.00092143,-76.49908554,0.05532537831,3,0,60
217.4762675,39.00092278,-76.49908545,0.05474727695,3,0,60
217.5265471,39.00092413,-76.49908536,0.05417668563,3,0,60
217.5767125,39.00092548,-76.49908526,0.05361033106,3,0,60
217.6269088,39.00092683,-76.49908517,0.05305124998,3,0,60
217.6771325,39.00092818,-76.49908508,0.05249733855,3,0,60
217.7272497,39.00092953,-76.49908499,0.05194978659,3,0,60
217.7774782,39.00093088,-76.4990849,0.05140719736,3,0,60
217.8277654,39.00093223,-76.49908481,0.05087072727,3,0,60
217.8779594,39.00093358,-76.49908473,0.05033904428,3,0,60
217.928194,39.00093493,-76.49908464,0.04981351301,3,0,60
217.9783467,39.00093627,-76.49908455,0.04929315616,3,0,60
218.0284923,39.00093762,-76.49908447,0.04877909082,3,0,60
218.0786812,39.00093897,-76.49908439,0.04826940675,3,0,60
218.1289292,39.00094032,-76.4990843,0.04776531362,3,0,60
218.1792746,39.00094167,-76.49908422,0.04726618092,3,0,60
218.2294905,39.00094302,-76.49908414,0.04677265216,3,0,60
218.2796301,39.00094437,-76.49908406,0.04628442528,3,0,60
218.329768,39.00094572,-76.49908398,0.0458008908,3,0,60
218.3799065,39.00094707,-76.4990839,0.04532228623,3,0,60
218.430111,39.00094842,-76.49908382,0.04484892183,3,0,60
218.4802628,39.00094977,-76.49908375,0.04437988131,3,0,60
218.5304055,39.00095112,-76.49908367,0.04391672673,3,0,60
218.5806533,39.00095247,-76.4990836,0.04345785783,3,0,60
218.6309018,39.00095382,-76.49908352,0.04300383332,3,0,60
218.681087,39.00095517,-76.49908345,0.04255444781,3,0,60
218.7312712,39.00095652,-76.49908338,0.04210973506,3,0,60
218.7814913,39.00095787,-76.4990833,0.04166963561,3,0,60
218.8317286,39.00095922,-76.49908323,0.04123418301,3,0,60
218.8819132,39.00096057,-76.49908316,0.04080320462,3,0,60
218.9321001,39.00096192,-76.49908309,0.04037645832,3,0,60
218.9822863,39.00096327,-76.49908302,0.03995449241,3,0,60
219.0324553,39.00096462,-76.49908295,0.03953711076,3,0,60
219.0825784,39.00096597,-76.49908289,0.03912360547,3,0,60
219.1327456,39.00096732,-76.49908282,0.03871429895,3,0,60
219.182913,39.00096867,-76.49908275,0.03830995754,3,0,60
219.2331147,39.00097002,-76.49908269,0.03790957972,3,0,60
219.2833009,39.00097137,-76.49908262,0.03751320929,3,0,60
219.3334974,39.00097272,-76.49908256,0.0371209315,3,0,60
219.3836747,39.00097407,-76.49908249,0.0367329029,3,0,60
219.4338782,39.00097542,-76.49908243,0.03634887827,3,0,60
219.4840738,39.00097677,-76.49908237,0.03596874027,3,0,60
219.5342574,39.00097812,-76.49908231,0.03559264978,3,0,60
219.5844405,39.00097947,-76.49908225,0.0352204478,3,0,60
219.6346205,39.00098082,-76.49908219,0.03485217818,3,0,60
219.6848093,39.00098217,-76.49908213,0.0344877075,3,0,60
219.7349859,39.00098352,-76.49908207,0.0341269865,3,0,60
219.7851702,39.00098487,-76.49908201,0.0337700015,3,0,60
219.8353391,39.00098623,-76.49908195,0.03341705126,3,0,60
219.8855092,39.00098758,-76.49908189,0.03306724667,3,0,60
219.9357895,39.00098893,-76.49908184,0.03272172518,3,0,60
219.9859586,39.00099028,-76.49908178,0.03237943638,3,0,60
220.0361351,39.00099163,-76.49908173,0.03204080108,3,0,60
220.0863231,39.00099298,-76.49908167,0.03170563382,3,0,60
220.1365821,39.00099433,-76.49908162,0.03137401233,3,0,60
220.1868018,39.00099568,-76.49908156,0.03104522113,3,0,60
220.2370152,39.00099703,-76.49908151,0.03072099483,3,0,60
220.2871924,39.00099838,-76.49908146,0.03039957803,3,0,60
220.3373915,39.00099973,-76.4990814,0.03008143334,3,0,60
220.3876211,39.00100108,-76.49908135,0.02976667537,3,0,60
220.4378668,39.00100243,-76.4990813,0.02945537066,3,0,60
220.4881366,39.00100378,-76.49908125,0.02914723289,3,0,60
220.5383146,39.00100513,-76.4990812,0.02884235804,3,0,60
220.5884789,39.00100648,-76.49908115,0.02854077339,3,0,60
220.6387958,39.00100783,-76.4990811,0.02824223577,3,0,60
220.6889242,39.00100918,-76.49908105,0.02794651462,3,0,60
220.7391178,39.00101054,-76.49908101,0.02765433391,3,0,60
220.7892968,39.00101189,-76.49908096,0.02736468154,3,0,60
220.8395393,39.00101324,-76.49908091,0.02707864645,3,0,60
220.8897062,39.00101459,-76.49908087,0.02679507217,3,0,60
220.9398525,39.00101594,-76.49908082,0.02651467676,3,0,60
220.9900871,39.00101729,-76.49908077,0.02623727344,3,0,60
221.0402851,39.00101864,-76.49908073,0.02596291541,3,0,60
221.0904373,39.00101999,-76.49908069,0.02569118163,3,0,60
221.1407108,39.00102134,-76.49908064,0.02542239063,3,0,60
221.1908116,39.00102269,-76.4990806,0.02515614261,3,0,60
221.2410879,39.00102404,-76.49908055,0.02489318292,3,0,60
221.2912428,39.00102539,-76.49908051,0.02463268913,3,0,60
221.3414344,39.00102674,-76.49908047,0.02437493057,3,0,60
221.3918413,39.00102809,-76.49908043,0.02411968244,3,0,60
221.4419969,39.00102945,-76.49908039,0.02386753165,3,0,60
221.4921838,39.0010308,-76.49908035,0.02361752753,3,0,60
221.5424063,39.00103215,-76.49908031,0.0233702641,3,0,60
221.5926787,39.0010335,-76.49908027,0.02312575801,3,0,60
221.6429015,39.00103485,-76.49908023,0.02288383005,3,0,60
221.6930616,39.0010362,-76.49908019,0.02264392496,3,0,60
221.7432368,39.00103755,-76.49908015,0.02240723619,3,0,60
221.7933934,39.0010389,-76.49908011,0.02217283552,3,0,60
221.8435387,39.00104025,-76.49908007,0.02194084233,3,0,60
221.8936943,39.0010416,-76.49908003,0.0217109681,3,0,60
221.943986,39.00104295,-76.49908,0.02148384448,3,0,60
221.9941564,39.0010443,-76.49907996,0.02125908133,3,0,60
222.0443094,39.00104565,-76.49907992,0.02103666612,3,0,60
222.0944651,39.00104701,-76.49907989,0.02081645497,3,0,60
222.1446845,39.00104836,-76.49907985,0.02059833681,3,0,60
222.19486,39.00104971,-76.49907982,0.02038296836,3,0,60
222.2450736,39.00105106,-76.49907978,0.02016961352,3,0,60
222.2952862,39.00105241,-76.49907975,0.01995845574,3,0,60
222.3454869,39.00105376,-76.49907971,0.01974959315,3,0,60
222.3955856,39.00105511,-76.49907968,0.01954281648,3,0,60
222.4457586,39.00105646,-76.49907964,0.01933829451,3,0,60
222.4959166,39.00105781,-76.49907961,0.01913552146,3,0,60
222.5461023,39.00105916,-76.49907958,0.01893556218,3,0,60
222.5962575,39.00106051,-76.49907955,0.01873728987,3,0,60
222.6464327,39.00106187,-76.49907951,0.01854112753,3,0,60
222.6966113,39.00106322,-76.49907948,0.01834708747,3,0,60
222.7469213,39.00106457,-76.49907945,0.01815502579,3,0,60
222.797127,39.00106592,-76.49907942,0.01796500893,3,0,60
222.8473302,39.00106727,-76.49907939,0.01777693491,3,0,60
222.8975585,39.00106862,-76.49907936,0.01759073148,3,0,60
222.9477836,39.00106998,-76.49907933,0.01759073148,3,0,60
222.9979683,39.00107132,-76.4990793,0.01740668433,3,0,60
223.0481691,39.00107267,-76.49907927,0.01704031709,3,0,60
223.0983282,39.00107402,-76.49907924,0.01686184465,3,0,60
223.1484995,39.00107538,-76.49907921,0.01668545391,3,0,60
223.1987034,39.00107673,-76.49907918,0.01651071359,3,0,60
223.2489126,39.00107808,-76.49907915,0.01633793483,3,0,60
223.2990903,39.00107943,-76.49907913,0.01616681404,3,0,60
223.349268,39.00108078,-76.4990791,0.01599761132,3,0,60
223.3994752,39.00108213,-76.49907907,0.01583006293,3,0,60
223.4496955,39.00108348,-76.49907904,0.01566430155,3,0,60
223.4999167,39.00108483,-76.49907902,0.01550038317,3,0,60
223.550127,39.00108618,-76.49907899,0.01533815794,3,0,60
223.6003373,39.00108753,-76.49907896,0.01517742921,3,0,60
223.6505547,39.00108889,-76.49907894,0.01501865537,3,0,60
223.7007733,39.00109024,-76.49907891,0.01486131161,3,0,60
223.7509902,39.00109159,-76.49907889,0.0147058443,3,0,60
223.801202,39.00109294,-76.49907886,0.01455173905,3,0,60
223.8514694,39.00109429,-76.49907884,0.01439955232,3,0,60
223.9017077,39.00109564,-76.49907881,0.01424877106,3,0,60
223.9519715,39.00109699,-76.49907879,0.01409956898,3,0,60
224.0021212,39.00109834,-76.49907876,0.01395196724,3,0,60
224.0523532,39.00109969,-76.49907874,0.01380579426,3,0,60
224.1024731,39.00110104,-76.49907872,0.01366136742,3,0,60
224.1527883,39.0011024,-76.49907869,0.01351836523,3,0,60
224.2029042,39.00110375,-76.49907867,0.01337679896,3,0,60
224.2531841,39.0011051,-76.49907865,0.01323674851,3,0,60
224.3033919,39.00110645,-76.49907862,0.01309796319,3,0,60
224.3535736,39.0011078,-76.4990786,0.0129610075,3,0,60
224.4037817,39.00110915,-76.49907858,0.01282530557,3,0,60
224.4540198,39.0011105,-76.49907856,0.0126909742,3,0,60
224.5042509,39.00111185,-76.49907853,0.01255805073,3,0,60
224.5545184,39.00111321,-76.49907851,0.01242658651,3,0,60
224.6047287,39.00111456,-76.49907849,0.01229641497,3,0,60
224.6548994,39.00111591,-76.49907847,0.01216769894,3,0,60
224.7050785,39.00111726,-76.49907845,0.01204031321,3,0,60
224.7552767,39.00111861,-76.49907843,0.01191426106,3,0,60
224.8054522,39.00111996,-76.49907841,0.01178949955,3,0,60
224.8556277,39.00112131,-76.49907839,0.01166606048,3,0,60
224.9058832,39.00112266,-76.49907837,0.01154398067,3,0,60
224.9560562,39.00112401,-76.49907835,0.01142311107,3,0,60
225.0062569,39.00112536,-76.49907833,0.01130349745,3,0,60
225.0564634,39.00112672,-76.49907831,0.01118513226,3,0,60
225.1066965,39.00112807,-76.49907829,0.01106795635,3,0,60
225.1569415,39.00112942,-76.49907827,0.01095214227,3,0,60
225.2071329,39.00113077,-76.49907825,0.0108373953,3,0,60
225.2573192,39.00113212,-76.49907823,0.01072396494,3,0,60
225.3075236,39.00113347,-76.49907822,0.01061165303,3,0,60
225.3578214,39.00113482,-76.4990782,0.01050052345,3,0,60
225.4080303,39.00113617,-76.49907818,0.01039069979,3,0,60
225.4582378,39.00113752,-76.49907816,0.01028182298,3,0,60
225.5084788,39.00113887,-76.49907814,0.01017409347,3,0,60
225.5587238,39.00114023,-76.49907813,0.01006767119,3,0,60
225.6089541,39.00114158,-76.49907811,0.009962280041,3,0,60
225.6591522,39.00114293,-76.49907809,0.009857949638,3,0,60
225.7093773,39.00114428,-76.49907808,0.009754735535,3,0,60
225.7595917,39.00114563,-76.49907806,0.00965258107,3,0,60
225.8098682,39.00114698,-76.49907804,0.009551527012,3,0,60
225.8600489,39.00114833,-76.49907803,0.009451532155,3,0,60
225.9102654,39.00114968,-76.49907801,0.00935256369,3,0,60
225.9604723,39.00115103,-76.49907799,0.009254649358,3,0,60
226.0106698,39.00115238,-76.49907798,0.009157707765,3,0,60
226.0608786,39.00115374,-76.49907796,0.00906185589,3,0,60
226.1110994,39.00115509,-76.49907795,0.008966948363,3,0,60
226.1612838,39.00115644,-76.49907793,0.008873067459,3,0,60
226.2114601,39.00115779,-76.49907792,0.008780132255,3,0,60
226.2616937,39.00115914,-76.4990779,0.008688114399,3,0,60
226.3119535,39.00116049,-76.49907789,0.0085971072,3,0,60
226.3621371,39.00116184,-76.49907787,0.008507143351,3,0,60
226.4123253,39.00116319,-76.49907786,0.008418126962,3,0,60
226.4625202,39.00116455,-76.49907784,0.008329971087,3,0,60
226.5127295,39.0011659,-76.49907783,0.008242762571,3,0,60
226.5630309,39.00116725,-76.49907781,0.008156455691,3,0,60
226.613258,39.0011686,-76.4990778,0.00807099401,3,0,60
226.6634616,39.00116995,-76.49907779,0.00798640244,3,0,60
226.7137436,39.0011713,-76.49907777,0.007902818543,3,0,60
226.7640056,39.00117265,-76.49907776,0.007820086102,3,0,60
226.8142227,39.001174,-76.49907774,0.007738209335,3,0,60
226.8644219,39.00117535,-76.49907773,0.00765720426,3,0,60
226.9146614,39.00117671,-76.49907772,0.007577051417,3,0,60
226.9648456,39.00117806,-76.49907771,0.007497637572,3,0,60
227.0150269,39.00117941,-76.49907769,0.00741911384,3,0,60
227.0652407,39.00118076,-76.49907768,0.007341505041,3,0,60
227.1155087,39.00118212,-76.49907767,0.007264601767,3,0,60
227.1657133,39.00118346,-76.49907765,0.007188157473,3,0,60
227.2159551,39.00118481,-76.49907764,0.007113292775,3,0,60
227.2662114,39.00118616,-76.49907763,0.007038807066,3,0,60
227.316482,39.00118751,-76.49907762,0.006965014204,3,0,60
227.3666967,39.00118887,-76.49907761,0.006892169179,3,0,60
227.4169258,39.00119022,-76.49907759,0.006819999244,3,0,60
227.4671465,39.00119157,-76.49907758,0.006748494869,3,0,60
227.5173489,39.00119292,-76.49907757,0.006677859697,3,0,60
227.5675476,39.00119427,-76.49907756,0.006607942831,3,0,60
227.6177558,39.00119562,-76.49907755,0.006538772418,3,0,60
227.6679735,39.00119697,-76.49907754,0.006470323715,3,0,60
227.7182546,39.00119832,-76.49907753,0.006402501362,3,0,60
227.7684223,39.00119968,-76.49907752,0.006335526668,3,0,60
227.8186843,39.00120103,-76.4990775,0.006269096848,3,0,60
227.8689413,39.00120238,-76.49907749,0.006203518098,3,0,60
227.9191367,39.00120373,-76.49907748,0.006138553205,3,0,60
227.9693513,39.00120508,-76.49907747,0.006074290763,3,0,60
228.019578,39.00120643,-76.49907746,0.006010687697,3,0,60
228.0698113,39.00120778,-76.49907745,0.005947743312,3,0,60
228.1200576,39.00120913,-76.49907744,0.005885467626,3,0,60
228.1703869,39.00121048,-76.49907743,0.005823835262,3,0,60
228.2205532,39.00121183,-76.49907742,0.005762846346,3,0,60
228.2708058,39.00121319,-76.49907741,0.005702510687,3,0,60
228.3210595,39.00121454,-76.4990774,0.00564276384,3,0,60
228.3711577,39.00121589,-76.49907739,0.005583707331,3,0,60
228.4213921,39.00121724,-76.49907738,0.00552518093,3,0,60
228.4716783,39.00121859,-76.49907737,0.005467332544,3,0,60
228.5218957,39.00121994,-76.49907736,0.005410102324,3,0,60
228.5720932,39.00122129,-76.49907735,0.005353464008,3,0,60
228.62231,39.00122264,-76.49907734,0.005297404242,3,0,60
228.6725912,39.00122399,-76.49907734,0.005241939825,3,0,60
228.7227771,39.00122535,-76.49907733,0.00518703359,3,0,60
228.77292,39.0012267,-76.49907732,0.005132722836,3,0,60
228.8231947,39.00122805,-76.49907731,0.005078982436,3,0,60
228.8734689,39.00123075,-76.49907729,0.004973102755,3,0,60
228.9236535,39.0012321,-76.49907728,0.004921039292,3,0,60
228.9738145,39.00123345,-76.49907727,0.00486953659,3,0,60
229.0239369,39.0012348,-76.49907727,0.004818513865,3,0,60
229.0741235,39.00123616,-76.49907726,0.00476806487,3,0,60
229.1242811,39.00123751,-76.49907725,0.004718067528,3,0,60
229.1744973,39.00123886,-76.49907724,0.004668713602,3,0,60
229.224695,39.00124021,-76.49907723,0.00461974176,3,0,60
229.2748769,39.00124156,-76.49907723,0.004571459799,3,0,60
229.3250311,39.00124291,-76.49907722,0.004523521564,3,0,60
229.3752059,39.00124426,-76.49907721,0.004476221387,3,0,60
229.4253759,39.00124562,-76.4990772,0.004429372963,3,0,60
229.4755967,39.00124696,-76.4990772,0.004382927981,3,0,60
229.5258021,39.00124832,-76.49907719,0.004337104922,3,0,60
229.5759799,39.00124967,-76.49907718,0.004291571328,3,0,60
229.6262023,39.00125102,-76.49907717,0.004246726875,3,0,60
229.6764284,39.00125237,-76.49907717,0.004202238734,3,0,60
229.7266126,39.00125372,-76.49907716,0.004158253134,3,0,60
229.7768019,39.00125507,-76.49907715,0.004114703128,3,0,60
229.8269713,39.00125642,-76.49907714,0.004071606474,3,0,60
229.877163,39.00125777,-76.49907714,0.004028979482,3,0,60
229.9274125,39.00125912,-76.49907713,0.003986785207,3,0,60
229.9775725,39.00126048,-76.49907712,0.003945047317,3,0,60
230.0277521,39.00126183,-76.49907712,0.003903750444,3,0,60
230.0779329,39.00126318,-76.49907711,0.003862844883,3,0,60
230.1281105,39.00126453,-76.4990771,0.003822413406,3,0,60
230.1783224,39.00126589,-76.4990771,0.003822413406,3,0,60
230.2285015,39.00126723,-76.49907709,0.003782384585,3,0,60
230.2786858,39.00126858,-76.49907708,0.003702711855,3,0,60
230.3288694,39.00126994,-76.49907708,0.003663921106,3,0,60
230.3791349,39.00127129,-76.49907707,0.003625561002,3,0,60
230.4294788,39.00127264,-76.49907706,0.003587590923,3,0,60
230.4796195,39.00127399,-76.49907706,0.003550036751,3,0,60
230.5298392,39.00127534,-76.49907705,0.003512866119,3,0,60
230.5800078,39.00127669,-76.49907705,0.003476057634,3,0,60
230.6302185,39.00127804,-76.49907704,0.003439689338,3,0,60
230.6804398,39.00127939,-76.49907703,0.003403640921,3,0,60
230.7306052,39.00128074,-76.49907703,0.00336801544,3,0,60
230.7807991,39.0012821,-76.49907702,0.00333272925,3,0,60
230.8310233,39.00128345,-76.49907702,0.003297819292,3,0,60
230.8812278,39.0012848,-76.49907701,0.003263286894,3,0,60
230.9314107,39.00128615,-76.49907701,0.003229149657,3,0,60
230.9815855,39.0012875,-76.499077,0.003195346068,3,0,60
231.0317901,39.00128885,-76.49907699,0.003161856216,3,0,60
231.0819672,39.0012902,-76.49907699,0.003128764463,3,0,60
231.1321373,39.00129155,-76.49907698,0.003096003967,3,0,60
231.1823393,39.0012929,-76.49907698,0.003063584276,3,0,60
231.2325316,39.00129426,-76.49907697,0.003031475286,3,0,60
231.2827283,39.00129561,-76.49907697,0.002999739681,3,0,60
231.3329203,39.00129696,-76.49907696,0.002968345975,3,0,60
231.3831011,39.00129831,-76.49907696,0.002937245631,3,0,60
231.433364,39.00129966,-76.49907695,0.00290647757,3,0,60
231.4836581,39.00130101,-76.49907695,0.002876038986,3,0,60
231.5339006,39.00130236,-76.49907694,0.002845939966,3,0,60
231.5840719,39.00130371,-76.49907694,0.002816145207,3,0,60
231.6342884,39.00130506,-76.49907693,0.002786662056,3,0,60
231.6844748,39.00130642,-76.49907693,0.002757453004,3,0,60
231.7346701,39.00130777,-76.49907692,0.002728600936,3,0,60
231.7848613,39.00130912,-76.49907692,0.002700011823,3,0,60
231.8350702,39.00131047,-76.49907691,0.002671753816,3,0,60
231.8852794,39.00131182,-76.49907691,0.002643769581,3,0,60
231.9354616,39.00131317,-76.49907691,0.002616090483,3,0,60
231.9856253,39.00131452,-76.4990769,0.002588680696,3,0,60
232.0357958,39.00131587,-76.4990769,0.002561583904,3,0,60
232.0859878,39.00131722,-76.49907689,0.00253474734,3,0,60
232.136304,39.00131858,-76.49907689,0.002508220477,3,0,60
232.1872305,39.00131993,-76.49907688,0.002481933808,3,0,60
232.2373946,39.00132128,-76.49907688,0.002455960565,3,0,60
232.287554,39.00132263,-76.49907687,0.002430222751,3,0,60
232.3378007,39.00132398,-76.49907687,0.002404794016,3,0,60
232.3879367,39.00132533,-76.49907687,0.002379586251,3,0,60
232.4380933,39.00132668,-76.49907686,0.002354660638,3,0,60
232.4882392,39.00132803,-76.49907686,0.002330029714,3,0,60
232.5383933,39.00132938,-76.49907685,0.002305613759,3,0,60
232.588573,39.00133074,-76.49907685,0.002281487102,3,0,60
232.6387774,39.00133209,-76.49907685,0.002257597706,3,0,60
232.688946,39.00133344,-76.49907684,0.002233954457,3,0,60
232.7391552,39.00133479,-76.49907684,0.002210562909,3,0,60
232.7893726,39.00133614,-76.49907683,0.002187411996,3,0,60
232.8395478,39.00133749,-76.49907683,0.002164499874,3,0,60
232.8897044,39.00133884,-76.49907683,0.002141817408,3,0,60
232.9399369,39.00134019,-76.49907682,0.002119409796,3,0,60
232.9901126,39.00134155,-76.49907682,0.00209720343,3,0,60
233.0403006,39.0013429,-76.49907682,0.002075246054,3,0,60
233.0905085,39.00134425,-76.49907681,0.002053509744,3,0,60
233.1406942,39.0013456,-76.49907681,0.002032006059,3,0,60
233.190895,39.00134695,-76.49907681,0.002010719905,3,0,60
233.2410904,39.0013483,-76.4990768,0.001989679355,3,0,60
233.2912825,39.00134965,-76.4990768,0.001968825393,3,0,60
233.3414776,39.001351,-76.4990768,0.001948210393,3,0,60
233.3916933,39.00135235,-76.49907679,0.00192780548,3,0,60
233.4419764,39.00135371,-76.49907679,0.001907642,3,0,60
233.492157,39.00135506,-76.49907679,0.001887643487,3,0,60
233.5423504,39.00135641,-76.49907678,0.001867894855,3,0,60
233.5925407,39.00135776,-76.49907678,0.001848315641,3,0,60
233.6428035,39.00135911,-76.49907678,0.001828980645,3,0,60
233.692995,39.00136046,-76.49907677,0.001809823833,3,0,60
233.7431986,39.00136181,-76.49907677,0.001790873943,3,0,60
233.7934383,39.00136316,-76.49907677,0.001772112208,3,0,60
233.8435975,39.00136452,-76.49907676,0.001753543636,3,0,60
233.8938174,39.00136587,-76.49907676,0.001735189606,3,0,60
233.9439957,39.00136722,-76.49907676,0.001717029369,3,0,60
233.9941798,39.00136857,-76.49907675,0.001699042057,3,0,60
234.0444004,39.00136992,-76.49907675,0.001681256803,3,0,60
234.0947008,39.00137127,-76.49907675,0.001663635734,3,0,60
234.1449475,39.00137262,-76.49907675,0.001646216527,3,0,60
234.1951461,39.00137397,-76.49907674,0.001628984561,3,0,60
234.2453519,39.00137533,-76.49907674,0.001611910682,3,0,60
234.2955821,39.00137668,-76.49907674,0.001595026649,3,0,60
234.3457634,39.00137803,-76.49907673,0.00157833215,3,0,60
234.3959411,39.00137938,-76.49907673,0.001561809693,3,0,60
234.4461283,39.00138073,-76.49907673,0.001545456317,3,0,60
234.4963141,39.00138208,-76.49907673,0.001529272111,3,0,60
234.5465676,39.00138343,-76.49907672,0.001513264951,3,0,60
234.5967612,39.00138478,-76.49907672,0.001497411643,3,0,60
234.6469283,39.00138613,-76.49907672,0.001481737855,3,0,60
234.6971259,39.00138748,-76.49907672,0.001466214629,3,0,60
234.7473551,39.00138884,-76.49907671,0.00145086724,3,0,60
234.7975427,39.00139019,-76.49907671,0.001435658722,3,0,60
234.8477372,39.00139154,-76.49907671,0.001420628813,3,0,60
234.8979521,39.00139289,-76.49907671,0.001405753462,3,0,60
234.9481253,39.00139424,-76.4990767,0.001391037407,3,0,60
234.9983115,39.00139559,-76.4990767,0.001376463003,3,0,60
235.0485086,39.00139695,-76.4990767,0.001362048217,3,0,60
235.0987074,39.00139829,-76.4990767,0.001347768707,3,0,60
235.1488805,39.00139965,-76.49907669,0.001333680904,3,0,60
235.1990846,39.001401,-76.49907669,0.001319702765,3,0,60
235.2492815,39.00140235,-76.49907669,0.001305881318,3,0,60
235.2995043,39.0014037,-76.49907669,0.001292211606,3,0,60
235.3497019,39.00140505,-76.49907669,0.001278688107,3,0,60
235.3999245,39.0014064,-76.49907668,0.00126528162,3,0,60
235.450144,39.00140775,-76.49907668,0.001252047358,3,0,60
235.5003771,39.0014091,-76.49907668,0.00123893304,3,0,60
235.5506056,39.00141046,-76.49907668,0.001225958362,3,0,60
235.600881,39.00141181,-76.49907667,0.001213108816,3,0,60
235.6510648,39.00141316,-76.49907667,0.001200418499,3,0,60
235.7012601,39.00141451,-76.49907667,0.001187833254,3,0,60
235.7514709,39.00141586,-76.49907667,0.001175398327,3,0,60
235.8017288,39.00141721,-76.49907667,0.001163090452,3,0,60
235.8519275,39.00141856,-76.49907666,0.001150902804,3,0,60
235.9022122,39.00141991,-76.49907666,0.001138860651,3,0,60
235.9524098,39.00142126,-76.49907666,0.001126930874,3,0,60
236.0026147,39.00142262,-76.49907666,0.001115132178,3,0,60
236.0528713,39.00142397,-76.49907666,0.00110345784,3,0,60
236.1030667,39.00142532,-76.49907665,0.001091900266,3,0,60
236.1532712,39.00142667,-76.49907665,0.001080471263,3,0,60
236.2034699,39.00142802,-76.49907665,0.001069141798,3,0,60
236.2536888,39.00142937,-76.49907665,0.001057949917,3,0,60
236.3039295,39.00143072,-76.49907665,0.001046880039,3,0,60
236.3541217,39.00143207,-76.49907664,0.001035909398,3,0,60
236.4043219,39.00143343,-76.49907664,0.001025064801,3,0,60
236.4545999,39.00143478,-76.49907664,0.001014325224,3,0,60
236.5048312,39.00143613,-76.49907664,0.001003691195,3,0,60
236.5551285,39.00143748,-76.49907664,0.0009932043582,3,0,60
236.6053445,39.00143883,-76.49907664,0.0009827948194,3,0,60
236.6555313,39.00144018,-76.49907663,0.000972500495,3,0,60
236.7057601,39.00144153,-76.49907663,0.0009623213391,3,0,60
236.7559514,39.00144288,-76.49907663,0.0009522432246,3,0,60
236.806229,39.00144423,-76.49907663,0.0009422713102,3,0,60
236.856493,39.00144558,-76.49907663,0.0009324043311,3,0,60
236.9066928,39.00144694,-76.49907663,0.0009226427188,3,0,60
236.9569291,39.00144829,-76.49907662,0.0009129805298,3,0,60
237.0071835,39.00144964,-76.49907662,0.0009034124535,3,0,60
237.0574896,39.00145099,-76.49907662,0.0008939568215,3,0,60
237.1076694,39.00145234,-76.49907662,0.0008845996868,3,0,60
237.1578164,39.00145369,-76.49907662,0.0008753367127,3,0,60
237.2080009,39.00145504,-76.49907662,0.0008661700559,3,0,60
237.2581877,39.00145639,-76.49907662,0.0008570968056,3,0,60
237.3083716,39.00145775,-76.49907661,0.0008481238434,3,0,60
237.3585738,39.0014591,-76.49907661,0.0008392393694,3,0,60
237.4088277,39.00146045,-76.49907661,0.0008392393694,3,0,60
237.4590316,39.0014618,-76.49907661,0.0008304527473,3,0,60
237.5092341,39.00146315,-76.49907661,0.0008129736486,3,0,60
237.5594684,39.0014645,-76.49907661,0.0008044460828,3,0,60
237.6097187,39.00146585,-76.49907661,0.0007960193418,3,0,60
237.6599159,39.0014672,-76.4990766,0.0007876919845,3,0,60
237.7101108,39.00146855,-76.4990766,0.0007794462498,3,0,60
237.7603012,39.00146991,-76.4990766,0.0007712823877,3,0,60
237.8105186,39.00147126,-76.4990766,0.000763207194,3,0,60
237.8607334,39.00147261,-76.4990766,0.0007552142402,3,0,60
237.9109566,39.00147396,-76.4990766,0.0007473032325,3,0,60
237.9611844,39.00147531,-76.4990766,0.0007394799049,3,0,60
238.0113867,39.00147666,-76.49907659,0.0007317354381,3,0,60
238.0616622,39.00147801,-76.49907659,0.0007240737769,3,0,60
238.1119727,39.00147936,-76.49907659,0.0007164835994,3,0,60
238.1623078,39.00148071,-76.49907659,0.0007089904039,3,0,60
238.2125663,39.00148207,-76.49907659,0.0007015642811,3,0,60
238.2628156,39.00148342,-76.49907659,0.0006942060955,3,0,60
238.3130507,39.00148477,-76.49907659,0.0006869437295,3,0,60
238.3632178,39.00148612,-76.49907659,0.0006797524946,3,0,60
238.4133729,39.00148747,-76.49907658,0.0006726344143,3,0,60
238.4635921,39.00148882,-76.49907658,0.0006655847687,3,0,60
238.513807,39.00149017,-76.49907658,0.0006586196921,3,0,60
238.5639781,39.00149152,-76.49907658,0.0006517206512,3,0,60
238.6141513,39.00149288,-76.49907658,0.0006448967516,3,0,60
238.6643801,39.00149423,-76.49907658,0.0006381423047,3,0,60
238.7146001,39.00149558,-76.49907658,0.000631459459,3,0,60
238.7648713,39.00149693,-76.49907658,0.0006248471546,3,0,60
238.8150437,39.00149828,-76.49907658,0.0006183031785,3,0,60
238.8652385,39.00149963,-76.49907657,0.000611828825,3,0,60
238.915417,39.00150098,-76.49907657,0.0006054203131,3,0,60
238.9656089,39.00150233,-76.49907657,0.0005990808643,3,0,60
239.015781,39.00150369,-76.49907657,0.0005928084423,3,0,60
239.0660266,39.00150504,-76.49907657,0.0005865993125,3,0,60
239.1162162,39.00150639,-76.49907657,0.0005804580572,3,0,60
239.1664733,39.00150774,-76.49907657,0.0005743792717,3,0,60
239.2166871,39.00150909,-76.49907657,0.0005683641789,3,0,60
239.2668929,39.00151044,-76.49907657,0.0005624120021,3,0,60
239.3171288,39.00151179,-76.49907657,0.0005565237293,3,0,60
239.3673572,39.00151314,-76.49907656,0.0005506957212,3,0,60
239.4175467,39.00151449,-76.49907656,0.0005449276544,3,0,60
239.4678231,39.00151585,-76.49907656,0.000539220921,3,0,60
239.5180807,39.0015172,-76.49907656,0.0005335745048,3,0,60
239.5683604,39.00151855,-76.49907656,0.0005279864603,3,0,60
239.6186132,39.0015199,-76.49907656,0.0005224572873,3,0,60
239.6688894,39.00152125,-76.49907656,0.0005169860361,3,0,60
239.7191135,39.0015226,-76.49907656,0.0005115717647,3,0,60
239.7693442,39.00152395,-76.49907656,0.000506215225,3,0,60
239.8195607,39.00152531,-76.49907656,0.0005009166637,3,0,60
239.8698226,39.00152666,-76.49907656,0.0004956630645,3,0,60
239.9200141,39.00152801,-76.49907655,0.0004904782283,3,0,60
239.9703007,39.00152936,-76.49907655,0.0004853414615,3,0,60
240.0204835,39.00153071,-76.49907655,0.0004802596749,3,0,60
240.0706658,39.00153206,-76.49907655,0.0004752298918,3,0,60
240.1208469,39.00153341,-76.49907655,0.0004702543145,3,0,60
240.1710148,39.00153476,-76.49907655,0.0004653315963,3,0,60
240.2211921,39.00153611,-76.49907655,0.000460456716,3,0,60
240.2713647,39.00153746,-76.49907655,0.0004556348338,3,0,60
240.3218185,39.00153882,-76.49907655,0.0004508616372,3,0,60
240.3720506,39.00154017,-76.49907655,0.0004461428102,3,0,60
240.4222763,39.00154152,-76.49907655,0.0004414663445,3,0,60
240.4724685,39.00154287,-76.49907655,0.0004368485513,3,0,60
240.5227262,39.00154422,-76.49907654,0.0004322694726,3,0,60
240.5729288,39.00154557,-76.49907654,0.0004277481526,3,0,60
240.6230748,39.00154692,-76.49907654,0.0004232681535,3,0,60
240.6733046,39.00154827,-76.49907654,0.0004188358309,3,0,60
240.7234295,39.00155098,-76.49907654,0.0004101096309,3,0,60
240.7736053,39.00155233,-76.49907654,0.000405814592,3,0,60
240.8237957,39.00155368,-76.49907654,0.0004015634688,3,0,60
240.8739708,39.00155503,-76.49907654,0.0003973559409,3,0,60
240.9241687,39.00155638,-76.49907654,0.0003931979516,3,0,60
240.9743714,39.00155773,-76.49907654,0.0003890777619,3,0,60
241.0245379,39.00155908,-76.49907654,0.0003850047326,3,0,60
241.0747188,39.00156043,-76.49907654,0.0003809746611,3,0,60
241.1248983,39.00156178,-76.49907654,0.0003769805875,3,0,60
241.1750884,39.00156314,-76.49907653,0.0003730377389,3,0,60
241.2252701,39.00156449,-76.49907653,0.0003691307206,3,0,60
241.2754535,39.00156584,-76.49907653,0.0003652646037,3,0,60
241.3257029,39.00156719,-76.49907653,0.0003614412983,3,0,60
241.3758277,39.00156854,-76.49907653,0.0003576547596,3,0,60
241.4260272,39.00156989,-76.49907653,0.0003539061298,3,0,60
241.4761986,39.00157124,-76.49907653,0.0003502015135,3,0,60
241.5264121,39.00157259,-76.49907653,0.0003465349155,3,0,60
241.5765747,39.00157395,-76.49907653,0.0003429074901,3,0,60
241.6268571,39.0015753,-76.49907653,0.000339316284,3,0,60
241.677082,39.00157665,-76.49907653,0.0003357631408,3,0,60
241.7272965,39.001578,-76.49907653,0.0003322450358,3,0,60
241.7774839,39.00157935,-76.49907653,0.0003287669697,3,0,60
241.8276908,39.0015807,-76.49907653,0.0003253247745,3,0,60
241.8778877,39.00158205,-76.49907653,0.0003219176513,3,0,60
241.9280485,39.0015834,-76.49907653,0.0003185466923,3,0,60
241.9782285,39.00158476,-76.49907653,0.0003152105805,3,0,60
242.0284607,39.00158611,-76.49907652,0.0003119088374,3,0,60
242.0786519,39.00158746,-76.49907652,0.0003086427435,3,0,60
242.1288077,39.00158881,-76.49907652,0.0003054094178,3,0,60
242.1790633,39.00159016,-76.49907652,0.0003022098005,3,0,60
242.2292238,39.00159151,-76.49907652,0.0002990461209,3,0,60
242.2794308,39.00159286,-76.49907652,0.0002959150901,3,0,60
242.3296595,39.00159421,-76.49907652,0.0002928195562,3,0,60
242.3798457,39.00159556,-76.49907652,0.0002897499515,3,0,60
242.4300411,39.00159692,-76.49907652,0.0002867178061,3,0,60
242.4801925,39.00159827,-76.49907652,0.000283713887,3,0,60
242.5303493,39.00159962,-76.49907652,0.0002807426672,3,0,60
242.5805305,39.00160097,-76.49907652,0.0002778030407,3,0,60
242.6307506,39.00160232,-76.49907652,0.0002748936844,3,0,60
242.6809154,39.00160367,-76.49907652,0.0002720150999,3,0,60
242.7311154,39.00160502,-76.49907652,0.0002691661722,3,0,60
242.781343,39.00160637,-76.49907652,0.0002663453377,3,0,60
242.8315088,39.00160772,-76.49907652,0.0002635576831,3,0,60
242.8816795,39.00160908,-76.49907652,0.0002607986903,3,0,60
242.9318893,39.00161043,-76.49907652,0.0002580665919,3,0,60
242.9820934,39.00161178,-76.49907651,0.0002553650879,3,0,60
243.0322631,39.00161313,-76.49907651,0.0002526917777,3,0,60
243.0824698,39.00161448,-76.49907651,0.0002500452545,3,0,60
243.1326581,39.00161583,-76.49907651,0.0002474275424,3,0,60
243.1828812,39.00161718,-76.49907651,0.0002448357759,3,0,60
243.2331084,39.00161853,-76.49907651,0.0002422714706,3,0,60
243.2833379,39.00161988,-76.49907651,0.0002397349872,3,0,60
243.3335267,39.00162124,-76.49907651,0.0002372243461,3,0,60
243.3837935,39.00162259,-76.49907651,0.0002347396295,3,0,60
243.434013,39.00162394,-76.49907651,0.000232281307,3,0,60
243.4841839,39.00162529,-76.49907651,0.0002298489256,3,0,60
243.5343625,39.00162664,-76.49907651,0.0002274418132,3,0,60
243.5845735,39.00162799,-76.49907651,0.0002250604675,3,0,60
243.6347919,39.00162934,-76.49907651,0.0002227041062,3,0,60
243.6850075,39.00163069,-76.49907651,0.0002203712795,3,0,60
243.7352579,39.00163205,-76.49907651,0.0002180625288,3,0,60
243.7854698,39.0016334,-76.49907651,0.0002157799064,3,0,60
243.8357158,39.00163475,-76.49907651,0.0002135193662,3,0,60
243.885969,39.0016361,-76.49907651,0.0002112841782,3,0,60
243.9361402,39.00163745,-76.49907651,0.000209071891,3,0,60
243.9863211,39.0016388,-76.49907651,0.0002068825173,3,0,60
244.0364904,39.00164015,-76.49907651,0.0002047145673,3,0,60
244.0866836,39.0016415,-76.49907651,0.0002025721664,3,0,60
244.1368589,39.00164285,-76.49907651,0.0002004514676,3,0,60
244.1872667,39.00164421,-76.49907651,0.0001983522856,3,0,60
244.2374657,39.00164556,-76.4990765,0.0001962739503,3,0,60
244.2876214,39.00164691,-76.4990765,0.0001942203227,3,0,60
244.337798,39.00164826,-76.4990765,0.0001921862856,3,0,60
244.3879529,39.00164961,-76.4990765,0.0001901737908,3,0,60
244.4381207,39.00165096,-76.4990765,0.0001881820399,3,0,60
244.4882849,39.00165231,-76.4990765,0.0001862117477,3,0,60
244.5384679,39.00165366,-76.4990765,0.0001842614326,3,0,60
244.5886878,39.00165502,-76.4990765,0.0001823318768,3,0,60
244.6389244,39.00165637,-76.4990765,0.0001804219002,3,0,60
244.6891408,39.00165772,-76.4990765,0.000178532405,3,0,60
244.7393564,39.00165907,-76.4990765,0.000178532405,3,0,60
244.789543,39.00166042,-76.4990765,0.0001747927116,3,0,60
244.8397827,39.00166177,-76.4990765,0.000172961786,3,0,60
244.8899649,39.00166312,-76.4990765,0.0001711519564,3,0,60
244.9401312,39.00166447,-76.4990765,0.0001693588386,3,0,60
244.9903929,39.00166582,-76.4990765,0.0001675864289,3,0,60
245.0405566,39.00166717,-76.4990765,0.0001658307122,3,0,60
245.0907178,39.00166853,-76.4990765,0.000164095801,3,0,60
245.1409045,39.00166988,-76.4990765,0.0001623740354,3,0,60
245.1911408,39.00167123,-76.4990765,0.0001606737569,3,0,60
245.2413482,39.00167258,-76.4990765,0.0001589929881,3,0,60
245.2918317,39.00167393,-76.4990765,0.0001573278987,3,0,60
245.3419776,39.00167528,-76.4990765,0.000155680326,3,0,60
245.3923898,39.00167664,-76.4990765,0.0001540498593,3,0,60
245.4425739,39.00167799,-76.4990765,0.0001524346804,3,0,60
245.4927589,39.00167934,-76.4990765,0.0001508400953,3,0,60
245.5428976,39.00168069,-76.4990765,0.0001492612235,3,0,60
245.5931063,39.00168204,-76.4990765,0.0001476968459,3,0,60
245.6433695,39.00168339,-76.4990765,0.0001461513105,3,0,60
245.6935042,39.00168474,-76.4990765,0.000144619509,3,0,60
245.7436634,39.00168609,-76.4990765,0.0001431064269,3,0,60
245.7938782,39.00168744,-76.4990765,0.00014160699,3,0,60
245.8440311,39.0016888,-76.4990765,0.0001401237618,3,0,60
245.8942625,39.00169015,-76.49907649,0.0001386563209,3,0,60
245.9445243,39.0016915,-76.49907649,0.0001372043544,3,0,60
245.9947236,39.00169285,-76.49907649,0.0001357673545,3,0,60
246.0449235,39.0016942,-76.49907649,0.0001343473962,3,0,60
246.0951496,39.00169555,-76.49907649,0.0001329396581,3,0,60
246.1453166,39.0016969,-76.49907649,0.0001315484839,3,0,60
246.1954987,39.00169825,-76.49907649,0.0001301696499,3,0,60
246.2457145,39.0016996,-76.49907649,0.0001288062995,3,0,60
246.2958916,39.00170095,-76.49907649,0.0001274571489,3,0,60
246.3460902,39.00170231,-76.49907649,0.0001261236027,3,0,60
246.3962435,39.00170366,-76.49907649,0.0001248020585,3,0,60
246.4464213,39.00170501,-76.49907649,0.0001234949245,3,0,60
246.4966252,39.00170636,-76.49907649,0.0001222015394,3,0,60
246.5468377,39.00170771,-76.49907649,0.000120921951,3,0,60
246.5970157,39.00170906,-76.49907649,0.0001196558716,3,0,60
246.6472322,39.00171041,-76.49907649,0.0001184029911,3,0,60
246.6974064,39.00171176,-76.49907649,0.0001171620168,3,0,60
246.7475919,39.00171312,-76.49907649,0.0001159362516,3,0,60
246.7978596,39.00171447,-76.49907649,0.0001147213744,3,0,60
246.8480734,39.00171582,-76.49907649,0.0001135203203,3,0,60
246.8982779,39.00171717,-76.49907649,0.0001123316659,3,0,60
246.94852,39.00171852,-76.49907649,0.0001111551727,3,0,60
246.9987233,39.00171987,-76.49907649,0.0001099909313,3,0,60
247.0489479,39.00172122,-76.49907649,0.000108839086,3,0,60
247.0991292,39.00172257,-76.49907649,0.0001076997236,3,0,60
247.1493726,39.00172393,-76.49907649,0.0001065719234,3,0,60
247.199548,39.00172528,-76.49907649,0.0001054557487,3,0,60
247.2497699,39.00172663,-76.49907649,0.0001043516586,3,0,60
247.2999302,39.00172798,-76.49907649,0.0001032583724,3,0,60
247.3501022,39.00172933,-76.49907649,0.0001021778379,3,0,60
247.4002671,39.00173068,-76.49907649,0.0001011067774,3,0,60
247.4505079,39.00173203,-76.49907649,0.0001000483798,3,0,60
247.5007078,39.00173338,-76.49907649,9.900030504e-05,3,0,60
247.5509288,39.00173474,-76.49907649,9.79640427e-05,3,0,60
247.6011414,39.00173609,-76.49907649,9.693773303e-05,3,0,60
247.6513772,39.00173744,-76.49907649,9.592290844e-05,3,0,60
247.7016284,39.00173879,-76.49907649,9.491834657e-05,3,0,60
247.7518745,39.00174014,-76.49907649,9.392513192e-05,3,0,60
247.8020562,39.00174149,-76.49907649,9.294037016e-05,3,0,60
247.8522858,39.00174284,-76.49907649,9.19676509e-05,3,0,60
247.9024726,39.00174419,-76.49907649,9.100505156e-05,3,0,60
247.9527116,39.00174554,-76.49907649,9.005214258e-05,3,0,60
248.0029188,39.00174689,-76.49907649,8.910865094e-05,3,0,60
248.0531316,39.00174825,-76.49907649,8.817574454e-05,3,0,60
248.1033459,39.0017496,-76.49907649,8.72520088e-05,3,0,60
248.1536555,39.00175095,-76.49907649,8.63393049e-05,3,0,60
248.203856,39.0017523,-76.49907649,8.543420007e-05,3,0,60
248.2540911,39.00175365,-76.49907649,8.453961781e-05,3,0,60
248.304276,39.001755,-76.49907648,8.365443264e-05,3,0,60
248.3544791,39.00175635,-76.49907648,8.277898175e-05,3,0,60
248.4046824,39.0017577,-76.49907648,8.191031522e-05,3,0,60
248.4548492,39.00175906,-76.49907648,8.105386542e-05,3,0,60
248.5050111,39.00176041,-76.49907648,8.020472714e-05,3,0,60
248.5551929,39.00176176,-76.49907648,7.936526857e-05,3,0,60
248.6053807,39.00176311,-76.49907648,7.853332446e-05,3,0,60
248.6555662,39.00176446,-76.49907648,7.771193579e-05,3,0,60
248.7057848,39.00176581,-76.49907648,7.689786087e-05,3,0,60
248.7559646,39.00176716,-76.49907648,7.609229432e-05,3,0,60
248.8061756,39.00176851,-76.49907648,7.529507594e-05,3,0,60
248.8563642,39.00176986,-76.49907648,7.45071089e-05,3,0,60
248.9066691,39.00177122,-76.49907648,7.37267959e-05,3,0,60
248.9569154,39.00177257,-76.49907648,7.295484434e-05,3,0,60
249.0071265,39.00177392,-76.49907648,7.219069982e-05,3,0,60
249.0573899,39.00177527,-76.49907648,7.143490231e-05,3,0,60
249.1076706,39.00177662,-76.49907648,7.06868686e-05,3,0,60
249.1579318,39.00177797,-76.49907648,6.994636461e-05,3,0,60
249.2081465,39.00177932,-76.49907648,6.921411811e-05,3,0,60
249.2582971,39.00178067,-76.49907648,6.848916134e-05,3,0,60
249.3084772,39.00178202,-76.49907648,6.777227311e-05,3,0,60
249.3587628,39.00178338,-76.49907648,6.706288514e-05,3,0,60
249.4089074,39.00178473,-76.49907648,6.635995469e-05,3,0,60
249.4590874,39.00178608,-76.49907648,6.566476475e-05,3,0,60
249.5092472,39.00178743,-76.49907648,6.497751849e-05,3,0,60
249.5594543,39.00178878,-76.49907648,6.429639174e-05,3,0,60
249.6096492,39.00179013,-76.49907648,6.362348993e-05,3,0,60
249.6598574,39.00179148,-76.49907648,6.29573427e-05,3,0,60
249.7100411,39.00179283,-76.49907648,6.229788478e-05,3,0,60
249.7602132,39.00179419,-76.49907648,6.164550092e-05,3,0,60
249.8104574,39.00179554,-76.49907648,6.100008354e-05,3,0,60
249.8606164,39.00179689,-76.49907648,6.036142649e-05,3,0,60
249.9108871,39.00179824,-76.49907648,5.972940041e-05,3,0,60
249.9610475,39.00179959,-76.49907648,5.910429884e-05,3,0,60
250.0112208,39.00180094,-76.49907648,5.848454989e-05,3,0,60
250.0614595,39.00180229,-76.49907648,5.787242319e-05,3,0,60
250.1117865,39.00180364,-76.49907648,5.726650058e-05,3,0,60
250.1619495,39.001805,-76.49907648,5.66668191e-05,3,0,60
250.2121384,39.00180635,-76.49907648,5.607303632e-05,3,0,60
250.2623167,39.0018077,-76.49907648,5.548626064e-05,3,0,60
250.3125622,39.00180905,-76.49907648,5.490507209e-05,3,0,60
250.3627901,39.0018104,-76.49907648,5.433010906e-05,3,0,60
250.4129874,39.00181175,-76.49907648,5.37610474e-05,3,0,60
250.4631815,39.0018131,-76.49907648,5.319818707e-05,3,0,60
250.5133603,39.00181445,-76.49907648,5.264077754e-05,3,0,60
250.5635964,39.0018158,-76.49907648,5.208889153e-05,3,0,60
250.6138036,39.00181715,-76.49907648,5.154422247e-05,3,0,60
250.6640939,39.00181851,-76.49907648,5.10046536e-05,3,0,60
250.7143562,39.00181986,-76.49907648,5.047032397e-05,3,0,60
250.7648899,39.00182121,-76.49907648,4.994208545e-05,3,0,60
250.8150288,39.00182256,-76.49907648,4.941897667e-05,3,0,60
250.8651581,39.00182391,-76.49907648,4.89013058e-05,3,0,60
250.9153818,39.00182526,-76.49907648,4.838955592e-05,3,0,60
250.9655821,39.00182661,-76.49907648,4.788276435e-05,3,0,60
251.0158833,39.00182796,-76.49907648,4.738123248e-05,3,0,60
251.0661019,39.00182931,-76.49907648,4.688532024e-05,3,0,60
251.1163677,39.00183067,-76.49907648,4.639427067e-05,3,0,60
251.1666538,39.00183202,-76.49907648,4.590859906e-05,3,0,60
251.2168725,39.00183337,-76.49907648,4.542742037e-05,3,0,60
251.2670649,39.00183472,-76.49907648,4.495187142e-05,3,0,60
251.3172536,39.00183607,-76.49907648,4.448096582e-05,3,0,60
251.3675043,39.00183742,-76.49907648,4.401551515e-05,3,0,60
251.4176968,39.00183877,-76.49907648,4.355397165e-05,3,0,60
251.4679668,39.00184012,-76.49907648,4.309831916e-05,3,0,60
251.5182113,39.00184148,-76.49907648,4.264682592e-05,3,0,60
251.568357,39.00184283,-76.49907648,4.220048915e-05,3,0,60
251.6186167,39.00184418,-76.49907648,4.175836895e-05,3,0,60
251.6688695,39.00184553,-76.49907648,4.132115957e-05,3,0,60
251.719088,39.00184688,-76.49907648,4.08884447e-05,3,0,60
251.7693506,39.00184823,-76.49907648,4.046028188e-05,3,0,60
251.8195606,39.00184958,-76.49907648,4.003666887e-05,3,0,60
251.8698156,39.00185093,-76.49907648,3.961744144e-05,3,0,60
251.9199837,39.00185229,-76.49907648,3.920248522e-05,3,0,60
251.9703606,39.00185364,-76.49907648,3.879152715e-05,3,0,60
252.0206627,39.00185499,-76.49907648,3.838583019e-05,3,0,60
252.070845,39.00185634,-76.49907648,3.838583019e-05,3,0,60
252.1210934,39.00185769,-76.49907648,3.758126788e-05,3,0,60
252.1712506,39.00185904,-76.49907648,3.718834292e-05,3,0,60
252.2213888,39.00186039,-76.49907648,3.679879589e-05,3,0,60
252.2715578,39.00186174,-76.49907648,3.641353291e-05,3,0,60
252.3217757,39.00186309,-76.49907648,3.603187245e-05,3,0,60
252.3720091,39.00186445,-76.49907648,3.565491831e-05,3,0,60
252.4222181,39.0018658,-76.49907648,3.528137922e-05,3,0,60
252.4724518,39.00186715,-76.49907648,3.491205449e-05,3,0,60
252.5226508,39.0018685,-76.49907648,3.454639716e-05,3,0,60
252.5727925,39.00186985,-76.49907648,3.41847417e-05,3,0,60
252.6230463,39.0018712,-76.49907648,3.382671392e-05,3,0,60
252.673232,39.00187255,-76.49907648,3.347247403e-05,3,0,60
252.7235134,39.00187526,-76.49907648,3.277482163e-05,3,0,60
252.77368,39.00187661,-76.49907647,3.243157552e-05,3,0,60
252.8238833,39.00187796,-76.49907647,3.209220734e-05,3,0,60
252.8741152,39.00187931,-76.49907647,3.175599968e-05,3,0,60
252.924226,39.00188066,-76.49907647,3.142361023e-05,3,0,60
252.9744395,39.00188201,-76.49907647,3.109446945e-05,3,0,60
253.024571,39.00188336,-76.49907647,3.076892407e-05,3,0,60
253.0747331,39.00188471,-76.49907647,3.044651516e-05,3,0,60
253.1249195,39.00188606,-76.49907647,3.012762982e-05,3,0,60
253.1750958,39.00188742,-76.49907647,2.981208293e-05,3,0,60
253.2253336,39.00188877,-76.49907647,2.949997117e-05,3,0,60
253.2756019,39.00189012,-76.49907647,2.919110367e-05,3,0,60
253.3257582,39.00189147,-76.49907647,2.888527335e-05,3,0,60
253.3759339,39.00189282,-76.49907647,2.858279322e-05,3,0,60
253.4261396,39.00189417,-76.49907647,2.82833412e-05,3,0,60
253.4762864,39.00189552,-76.49907647,2.798723791e-05,3,0,60
253.5264446,39.00189687,-76.49907647,2.769437216e-05,3,0,60
253.5766587,39.00189823,-76.49907647,2.740409528e-05,3,0,60
253.6268425,39.00189958,-76.49907647,2.711712042e-05,3,0,60
253.6770609,39.00190093,-76.49907647,2.683322264e-05,3,0,60
253.7272419,39.00190228,-76.49907647,2.655227642e-05,3,0,60
253.7774513,39.00190363,-76.49907647,2.627437779e-05,3,0,60
253.8276151,39.00190498,-76.49907647,2.599909272e-05,3,0,60
253.8778651,39.00190633,-76.49907647,2.572671616e-05,3,0,60
253.9280101,39.00190768,-76.49907647,2.545760615e-05,3,0,60
253.9781777,39.00190903,-76.49907647,2.519069948e-05,3,0,60
254.0283456,39.00191039,-76.49907647,2.492730922e-05,3,0,60
254.0785228,39.00191174,-76.49907647,2.466599183e-05,3,0,60
254.12868,39.00191309,-76.49907647,2.44079069e-05,3,0,60
254.1788558,39.00191444,-76.49907647,2.415221805e-05,3,0,60
254.2290675,39.00191579,-76.49907647,2.389903282e-05,3,0,60
254.2792385,39.00191714,-76.49907647,2.364885274e-05,3,0,60
254.3294438,39.00191849,-76.49907647,2.340103506e-05,3,0,60
254.3796609,39.00191984,-76.49907647,2.315613736e-05,3,0,60
254.4298594,39.0019212,-76.49907647,2.291357346e-05,3,0,60
254.4800713,39.00192255,-76.49907647,2.267361862e-05,3,0,60
254.5302997,39.0019239,-76.49907647,2.243629707e-05,3,0,60
254.5804689,39.00192525,-76.49907647,2.220139525e-05,3,0,60
254.6307007,39.0019266,-76.49907647,2.196892344e-05,3,0,60
254.6808874,39.00192795,-76.49907647,2.173894972e-05,3,0,60
254.7310911,39.0019293,-76.49907647,2.151105116e-05,3,0,60
254.7812803,39.00193065,-76.49907647,2.128597747e-05,3,0,60
254.8315236,39.001932,-76.49907647,2.106305833e-05,3,0,60
254.8817711,39.00193336,-76.49907647,2.084239029e-05,3,0,60
254.9319664,39.00193471,-76.49907647,2.0624063e-05,3,0,60
254.9821481,39.00193606,-76.49907647,2.040814132e-05,3,0,60
255.0323009,39.00193741,-76.49907647,2.019418871e-05,3,0,60
255.0824566,39.00193876,-76.49907647,1.99829846e-05,3,0,60
255.1326162,39.00194011,-76.49907647,1.977374692e-05,3,0,60
255.1828322,39.00194146,-76.49907647,1.956650228e-05,3,0,60
255.233001,39.00194281,-76.49907647,1.936173671e-05,3,0,60
255.2831844,39.00194416,-76.49907647,1.915871089e-05,3,0,60
255.333368,39.00194552,-76.49907647,1.8958299e-05,3,0,60
255.3835903,39.00194687,-76.49907647,1.875976715e-05,3,0,60
255.4338425,39.00194822,-76.49907647,1.856347455e-05,3,0,60
255.4840039,39.00194957,-76.49907647,1.83690853e-05,3,0,60
255.5341762,39.00195092,-76.49907647,1.817670319e-05,3,0,60
255.584355,39.00195227,-76.49907647,1.798629436e-05,3,0,60
255.6345405,39.00195362,-76.49907647,1.779797708e-05,3,0,60
255.6847163,39.00195497,-76.49907647,1.761163295e-05,3,0,60
255.734898,39.00195632,-76.49907647,1.742721378e-05,3,0,60
255.7850788,39.00195768,-76.49907647,1.724468196e-05,3,0,60
255.8352602,39.00195903,-76.49907647,1.706411194e-05,3,0,60
255.8854398,39.00196038,-76.49907647,1.688538591e-05,3,0,60
255.9356706,39.00196173,-76.49907647,1.670865414e-05,3,0,60
255.9858893,39.00196308,-76.49907647,1.653357126e-05,3,0,60
256.0360723,39.00196443,-76.49907647,1.636042394e-05,3,0,60
256.0862873,39.00196578,-76.49907647,1.618919635e-05,3,0,60
256.1364581,39.00196713,-76.49907647,1.601970211e-05,3,0,60
256.1866988,39.00196849,-76.49907647,1.58518701e-05,3,0,60
256.2369025,39.00196984,-76.49907647,1.568575977e-05,3,0,60
256.2871581,39.00197119,-76.49907647,1.552149549e-05,3,0,60
256.3373157,39.00197254,-76.49907647,1.5359076e-05,3,0,60
256.3874995,39.00197389,-76.49907647,1.519806648e-05,3,0,60
256.4377269,39.00197524,-76.49907647,1.503901686e-05,3,0,60
256.4878865,39.00197659,-76.49907647,1.488149425e-05,3,0,60
256.5381017,39.00197794,-76.49907647,1.472564635e-05,3,0,60
256.5883452,39.00197929,-76.49907647,1.457145775e-05,3,0,60
256.6384399,39.00198065,-76.49907647,1.441888187e-05,3,0,60
256.6886161,39.001982,-76.49907647,1.426780855e-05,3,0,60
256.7388076,39.00198335,-76.49907647,1.411841679e-05,3,0,60
256.788964,39.0019847,-76.49907647,1.397040217e-05,3,0,60
256.8392496,39.00198605,-76.49907647,1.38242508e-05,3,0,60
256.8893314,39.0019874,-76.49907647,1.367951759e-05,3,0,60
256.9394868,39.00198875,-76.49907647,1.353633906e-05,3,0,60
256.9897633,39.0019901,-76.49907647,1.339452007e-05,3,0,60
257.0399349,39.00199146,-76.49907647,1.325418421e-05,3,0,60
257.0900728,39.00199281,-76.49907647,1.311533903e-05,3,0,60
257.1401992,39.00199416,-76.49907647,1.297805675e-05,3,0,60
257.1903578,39.00199551,-76.49907647,1.2842302e-05,3,0,60
257.2405115,39.00199686,-76.49907647,1.270766469e-05,3,0,60
257.2906946,39.00199821,-76.49907647,1.257469987e-05,3,0,60
257.3409141,39.00199956,-76.49907647,1.244289947e-05,3,0,60
257.3910848,39.00200091,-76.49907647,1.23126549e-05,3,0,60
257.441266,39.00200226,-76.49907647,1.218373332e-05,3,0,60
257.4914395,39.00200362,-76.49907647,1.20561114e-05,3,0,60
257.5416267,39.00200497,-76.49907647,1.192986659e-05,3,0,60
257.5918084,39.00200632,-76.49907647,1.180505397e-05,3,0,60
257.6420212,39.00200767,-76.49907647,1.168123129e-05,3,0,60
257.692222,39.00200902,-76.49907647,1.15590361e-05,3,0,60
257.7424002,39.00201037,-76.49907647,1.143792452e-05,3,0,60
257.7925676,39.00201172,-76.49907647,1.131828371e-05,3,0,60
257.8427706,39.00201307,-76.49907647,1.119962195e-05,3,0,60
257.8929829,39.00201442,-76.49907647,1.108240725e-05,3,0,60
257.9431702,39.00201578,-76.49907647,1.096636228e-05,3,0,60
257.9933577,39.00201713,-76.49907647,1.085158255e-05,3,0,60
258.0435274,39.00201848,-76.49907647,1.07379049e-05,3,0,60
258.0937611,39.00201983,-76.49907647,1.062532483e-05,3,0,60
258.1439361,39.00202118,-76.49907647,1.051406726e-05,3,0,60
258.1941715,39.00202253,-76.49907647,1.040408749e-05,3,0,60
258.2445097,39.00202388,-76.49907647,1.02950771e-05,3,0,60
258.2947207,39.00202523,-76.49907647,1.018734948e-05,3,0,60
258.3449822,39.00202658,-76.49907647,1.00805955e-05,3,0,60
258.3951522,39.00202794,-76.49907647,9.97509804e-06,3,0,60
258.4453456,39.00202929,-76.49907647,9.870527361e-06,3,0,60
258.4954798,39.00203064,-76.49907647,9.767287734e-06,3,0,60
258.5457641,39.00203199,-76.49907647,9.664939579e-06,3,0,60
258.5959039,39.00203334,-76.49907647,9.563783654e-06,3,0,60
258.6460651,39.00203469,-76.49907647,9.463571476e-06,3,0,60
258.6962335,39.00203604,-76.49907647,9.364490271e-06,3,0,60
258.7464073,39.00203739,-76.49907647,9.2663725e-06,3,0,60
258.7966704,39.00203874,-76.49907647,9.169348912e-06,3,0,60
258.8468409,39.0020401,-76.49907647,9.073431503e-06,3,0,60
258.8970097,39.00204145,-76.49907647,8.978444934e-06,3,0,60
258.9472382,39.0020428,-76.49907647,8.884395582e-06,3,0,60
258.9974302,39.00204415,-76.49907647,8.791389322e-06,3,0,60
259.047612,39.0020455,-76.49907647,8.699262104e-06,3,0,60
259.097818,39.00204685,-76.49907647,8.608262946e-06,3,0,60
259.1480736,39.0020482,-76.49907647,8.518024953e-06,3,0,60
259.1982664,39.00204955,-76.49907647,8.428829677e-06,3,0,60
259.2484374,39.00205091,-76.49907647,8.340543778e-06,3,0,60
259.2986752,39.00205226,-76.49907647,8.253135413e-06,3,0,60
259.3488772,39.00205361,-76.49907647,8.253135413e-06,3,0,60
259.3991175,39.00205496,-76.49907647,8.08024247e-06,3,0,60
259.4493539,39.00205631,-76.49907647,7.995682144e-06,3,0,60
259.4995432,39.00205766,-76.49907647,7.911947506e-06,3,0,60
259.5497805,39.00205901,-76.49907647,7.829048296e-06,3,0,60
259.5999631,39.00206036,-76.49907647,7.747110237e-06,3,0,60
259.6502609,39.00206171,-76.49907647,7.666116712e-06,3,0,60
259.700476,39.00206307,-76.49907647,7.585731795e-06,3,0,60
259.7506754,39.00206442,-76.49907647,7.506363408e-06,3,0,60
259.800931,39.00206577,-76.49907647,7.427722081e-06,3,0,60
259.8511263,39.00206712,-76.49907647,7.349974219e-06,3,0,60
259.9013395,39.00206847,-76.49907647,7.272955408e-06,3,0,60
259.9516059,39.00206982,-76.49907647,7.196779599e-06,3,0,60
260.001874,39.00207117,-76.49907647,7.121404304e-06,3,0,60
260.0520892,39.00207252,-76.49907647,7.046700837e-06,3,0,60
260.1023014,39.00207388,-76.49907647,6.973069006e-06,3,0,60
260.1525393,39.00207523,-76.49907647,6.900049008e-06,3,0,60
260.2027055,39.00207658,-76.49907647,6.827787447e-06,3,0,60
260.2528974,39.00207793,-76.49907647,6.756293195e-06,3,0,60
260.3031688,39.00207928,-76.49907647,6.685485796e-06,3,0,60
260.3534411,39.00208063,-76.49907647,6.615506327e-06,3,0,60
260.4035968,39.00208198,-76.49907647,6.546250216e-06,3,0,60
260.4538976,39.00208333,-76.49907647,6.477704738e-06,3,0,60
260.5041026,39.00208468,-76.49907647,6.409766563e-06,3,0,60
260.5543777,39.00208604,-76.49907647,6.342761185e-06,3,0,60
260.6045715,39.00208739,-76.49907647,6.276285699e-06,3,0,60
260.6548387,39.00208874,-76.49907647,6.210508208e-06,3,0,60
260.7049835,39.00209009,-76.49907647,6.145481337e-06,3,0,60
260.7551283,39.00209144,-76.49907647,6.081213192e-06,3,0,60
260.8052663,39.00209279,-76.49907647,6.017459178e-06,3,0,60
260.8555154,39.00209414,-76.49907647,5.954499439e-06,3,0,60
260.9057626,39.00209549,-76.49907647,5.892115942e-06,3,0,60
260.9560071,39.00209684,-76.49907647,5.830414113e-06,3,0,60
261.0061524,39.0020982,-76.49907647,5.769388265e-06,3,0,60
261.0564158,39.00209955,-76.49907647,5.708984109e-06,3,0,60
261.1066466,39.0021009,-76.49907647,5.649180177e-06,3,0,60
261.1568726,39.00210225,-76.49907647,5.589958838e-06,3,0,60
261.2070275,39.0021036,-76.49907647,5.53153136e-06,3,0,60
261.2571841,39.00210495,-76.49907647,5.473618118e-06,3,0,60
261.3073342,39.0021063,-76.49907647,5.416248872e-06,3,0,60
261.3574573,39.00210765,-76.49907647,5.35957185e-06,3,0,60
261.4077932,39.00210901,-76.49907647,5.303432069e-06,3,0,60
261.4579943,39.00211036,-76.49907647,5.247817318e-06,3,0,60
261.5082453,39.00211171,-76.49907647,5.19287367e-06,3,0,60
261.5584768,39.00211306,-76.49907647,5.13848727e-06,3,0,60
261.6087774,39.00211441,-76.49907647,5.084685027e-06,3,0,60
261.659011,39.00211576,-76.49907647,5.031455313e-06,3,0,60
261.7092776,39.00211711,-76.49907647,4.978818865e-06,3,0,60
261.7595497,39.00211846,-76.49907647,4.926686187e-06,3,0,60
261.8097739,39.00211981,-76.49907647,4.87498722e-06,3,0,60
261.8599247,39.00212117,-76.49907647,4.823976191e-06,3,0,60
261.9100741,39.00212252,-76.49907647,4.77351171e-06,3,0,60
261.9602716,39.00212387,-76.49907647,4.723513887e-06,3,0,60
262.0104197,39.00212522,-76.49907647,4.674016222e-06,3,0,60
262.0605639,39.00212657,-76.49907647,4.62513513e-06,3,0,60
262.1107605,39.00212792,-76.49907647,4.576658373e-06,3,0,60
262.1609276,39.00212927,-76.49907647,4.528819762e-06,3,0,60
262.2111528,39.00213063,-76.49907647,4.481244538e-06,3,0,60
262.2614298,39.00213198,-76.49907647,4.434274008e-06,3,0,60
262.3116544,39.00213333,-76.49907647,4.387951535e-06,3,0,60
262.3619088,39.00213468,-76.49907647,4.34194504e-06,3,0,60
262.4120923,39.00213603,-76.49907647,4.296490908e-06,3,0,60
262.4623215,39.00213738,-76.49907647,4.251474028e-06,3,0,60
262.5125475,39.00213873,-76.49907647,4.207004622e-06,3,0,60
262.5627972,39.00214008,-76.49907647,4.162948541e-06,3,0,60
262.6129803,39.00214143,-76.49907647,4.119382047e-06,3,0,60
262.6631571,39.00214279,-76.49907647,4.07619096e-06,3,0,60
262.7133765,39.00214414,-76.49907647,4.033467343e-06,3,0,60
262.7636119,39.00214549,-76.49907647,3.991274199e-06,3,0,60
262.8138465,39.00214684,-76.49907647,3.949498242e-06,3,0,60
262.8640947,39.00214819,-76.49907647,3.908111646e-06,3,0,60
262.914337,39.00214954,-76.49907647,3.867225189e-06,3,0,60
262.9645588,39.00215089,-76.49907647,3.826680614e-06,3,0,60
263.0147868,39.00215224,-76.49907647,3.786583536e-06,3,0,60
263.0651426,39.0021536,-76.49907647,3.747003379e-06,3,0,60
263.1153721,39.00215495,-76.49907647,3.70771835e-06,3,0,60
263.1655932,39.0021563,-76.49907647,3.668841645e-06,3,0,60
263.2158464,39.00215765,-76.49907647,3.630476328e-06,3,0,60
263.2669635,39.002159,-76.49907647,3.592479735e-06,3,0,60
263.3171535,39.00216035,-76.49907647,3.554878386e-06,3,0,60
263.3673685,39.0021617,-76.49907647,3.517630637e-06,3,0,60
263.4175317,39.00216305,-76.49907647,3.480824026e-06,3,0,60
263.4676746,39.0021644,-76.49907647,3.444295431e-06,3,0,60
263.5178289,39.00216575,-76.49907647,3.408284913e-06,3,0,60
263.5680292,39.00216711,-76.49907647,3.372596298e-06,3,0,60
263.6181938,39.00216846,-76.49907647,3.337306458e-06,3,0,60
263.6683509,39.00216981,-76.49907647,3.302319168e-06,3,0,60
263.7185015,39.00217116,-76.49907647,3.267735402e-06,3,0,60
263.7686717,39.00217251,-76.49907647,3.233571018e-06,3,0,60
263.8188221,39.00217386,-76.49907647,3.199694164e-06,3,0,60
263.8689987,39.00217521,-76.49907647,3.166185584e-06,3,0,60
263.9192003,39.00217657,-76.49907647,3.132986502e-06,3,0,60
263.9693649,39.00217792,-76.49907647,3.100067532e-06,3,0,60
264.0196839,39.00217927,-76.49907647,3.067645155e-06,3,0,60
264.0700085,39.00218062,-76.49907647,3.035569925e-06,3,0,60
264.1202151,39.00218197,-76.49907647,3.003814258e-06,3,0,60
264.1703641,39.00218332,-76.49907647,2.972385865e-06,3,0,60
264.220508,39.00218467,-76.49907647,2.941237998e-06,3,0,60
264.2706799,39.00218602,-76.49907647,2.91034369e-06,3,0,60
264.3208387,39.00218737,-76.49907647,2.87993597e-06,3,0,60
264.3711063,39.00218872,-76.49907647,2.84982373e-06,3,0,60
264.4212788,39.00219008,-76.49907647,2.82002804e-06,3,0,60
264.471514,39.00219143,-76.49907647,2.790459355e-06,3,0,60
264.5218396,39.00219278,-76.49907647,2.76123114e-06,3,0,60
264.5721143,39.00219413,-76.49907647,2.732251287e-06,3,0,60
264.6223479,39.00219548,-76.49907647,2.703731977e-06,3,0,60
264.6725419,39.00219683,-76.49907647,2.675356125e-06,3,0,60
264.7227142,39.00219818,-76.49907647,2.647371023e-06,3,0,60
264.7728753,39.00219953,-76.49907647,2.619691358e-06,3,0,60
264.8230188,39.00220088,-76.49907647,2.592177626e-06,3,0,60
264.8731625,39.00220224,-76.49907647,2.565036869e-06,3,0,60
264.9233033,39.00220359,-76.49907647,2.538128092e-06,3,0,60
264.9734223,39.00220629,-76.49907647,2.48528793e-06,3,0,60
265.0236015,39.00220764,-76.49907647,2.459276558e-06,3,0,60
265.0737912,39.00220899,-76.49907647,2.433530663e-06,3,0,60
265.1240015,39.00221034,-76.49907647,2.408027308e-06,3,0,60
265.1741636,39.00221169,-76.49907647,2.382817611e-06,3,0,60
265.2243599,39.00221305,-76.49907647,2.357911803e-06,3,0,60
265.2745335,39.0022144,-76.49907647,2.333159457e-06,3,0,60
265.3247289,39.00221575,-76.49907647,2.308707249e-06,3,0,60
265.3748976,39.0022171,-76.49907647,2.28462409e-06,3,0,60
265.425125,39.00221845,-76.49907647,2.260617365e-06,3,0,60
265.475303,39.0022198,-76.49907647,2.236997919e-06,3,0,60
265.5254721,39.00222115,-76.49907647,2.2135838e-06,3,0,60
265.5756845,39.0022225,-76.49907647,2.190345052e-06,3,0,60
265.6258931,39.00222386,-76.49907647,2.16747387e-06,3,0,60
265.6760928,39.00222521,-76.49907647,2.144676166e-06,3,0,60
265.7263195,39.00222656,-76.49907647,2.122274409e-06,3,0,60
265.7764818,39.00222791,-76.49907647,2.100049995e-06,3,0,60
265.8267245,39.00222926,-76.49907647,2.078056711e-06,3,0,60
265.8769296,39.00223061,-76.49907647,2.056320128e-06,3,0,60
265.927124,39.00223196,-76.49907647,2.034824767e-06,3,0,60
265.9773211,39.00223332,-76.49907647,2.013454759e-06,3,0,60
266.0274762,39.00223466,-76.49907647,1.992276442e-06,3,0,60
266.0776792,39.00223602,-76.49907647,1.971522412e-06,3,0,60
266.1278072,39.00223737,-76.49907647,1.950839482e-06,3,0,60
266.1779951,39.00223872,-76.49907647,1.93043246e-06,3,0,60
266.2281703,39.00224007,-76.49907647,1.910182554e-06,3,0,60
266.278373,39.00224142,-76.49907647,1.89025207e-06,3,0,60
266.3285857,39.00224277,-76.49907647,1.870461675e-06,3,0,60
266.3788243,39.00224412,-76.49907647,1.850885992e-06,3,0,60
266.4289862,39.00224547,-76.49907647,1.831453961e-06,3,0,60
266.4791783,39.00224682,-76.49907647,1.812301428e-06,3,0,60
266.5294018,39.00224818,-76.49907647,1.793308944e-06,3,0,60
266.5796612,39.00224953,-76.49907647,1.793308944e-06,3,0,60
266.6299271,39.00225088,-76.49907647,1.755730231e-06,3,0,60
266.6801455,39.00225223,-76.49907647,1.737376189e-06,3,0,60
266.730369,39.00225358,-76.49907647,1.719185107e-06,3,0,60
266.7805471,39.00225493,-76.49907647,1.701129156e-06,3,0,60
266.8307108,39.00225628,-76.49907646,1.683334007e-06,3,0,60
266.8808685,39.00225763,-76.49907646,1.665761944e-06,3,0,60
266.9310348,39.00225898,-76.49907646,1.648258377e-06,3,0,60
266.9811818,39.00226034,-76.49907646,1.631062757e-06,3,0,60
267.0313497,39.00226169,-76.49907646,1.613995128e-06,3,0,60
267.0828564,39.00226304,-76.49907646,1.597059993e-06,3,0,60
267.1330198,39.00226439,-76.49907646,1.580327091e-06,3,0,60
267.1832851,39.00226574,-76.49907646,1.563773724e-06,3,0,60
267.2334408,39.00226709,-76.49907646,1.547424072e-06,3,0,60
267.283665,39.00226844,-76.49907646,1.531148262e-06,3,0,60
267.3339252,39.00226979,-76.49907646,1.515206204e-06,3,0,60
267.3841408,39.00227114,-76.49907646,1.499356709e-06,3,0,60
267.4343081,39.0022725,-76.49907646,1.483599915e-06,3,0,60
267.4844685,39.00227385,-76.49907646,1.468074758e-06,3,0,60
267.5346437,39.0022752,-76.49907646,1.452645512e-06,3,0,60
267.5848302,39.00227655,-76.49907646,1.437495622e-06,3,0,60
267.6349801,39.0022779,-76.49907646,1.422431284e-06,3,0,60
267.6851318,39.00227925,-76.49907646,1.407496313e-06,3,0,60
267.7352866,39.00228061,-76.49907646,1.392796759e-06,3,0,60
267.7854374,39.00228196,-76.49907646,1.378188433e-06,3,0,60
267.8356109,39.00228331,-76.49907646,1.363805193e-06,3,0,60
267.8857842,39.00228466,-76.49907646,1.349437758e-06,3,0,60
267.9359387,39.00228601,-76.49907646,1.335406097e-06,3,0,60
267.9861207,39.00228736,-76.49907646,1.321396141e-06,3,0,60
268.0362888,39.00228871,-76.49907646,1.307568316e-06,3,0,60
268.0865036,39.00229006,-76.49907646,1.293869995e-06,3,0,60
268.1366753,39.00229141,-76.49907646,1.280307668e-06,3,0,60
268.186867,39.00229276,-76.49907646,1.266937212e-06,3,0,60
268.2370153,39.00229412,-76.49907646,1.253659538e-06,3,0,60
268.2871995,39.00229547,-76.49907646,1.240502448e-06,3,0,60
268.3373596,39.00229682,-76.49907646,1.227528743e-06,3,0,60
268.3875137,39.00229817,-76.49907646,1.214702422e-06,3,0,60
268.4376673,39.00229952,-76.49907646,1.201921783e-06,3,0,60
268.4877889,39.00230087,-76.49907646,1.189395787e-06,3,0,60
268.5379428,39.00230222,-76.49907646,1.17695186e-06,3,0,60
268.5881039,39.00230357,-76.49907646,1.164574446e-06,3,0,60
268.6382655,39.00230492,-76.49907646,1.152403377e-06,3,0,60
268.6884161,39.00230628,-76.49907646,1.14027039e-06,3,0,60
268.7385712,39.00230763,-76.49907646,1.128405509e-06,3,0,60
268.7888601,39.00230898,-76.49907646,1.116559449e-06,3,0,60
268.8390158,39.00231033,-76.49907646,1.104816373e-06,3,0,60
268.8891684,39.00231168,-76.49907646,1.093286985e-06,3,0,60
268.9393355,39.00231303,-76.49907646,1.081892061e-06,3,0,60
268.9894968,39.00231438,-76.49907646,1.070526574e-06,3,0,60
269.0396735,39.00231573,-76.49907646,1.059287741e-06,3,0,60
269.0898463,39.00231709,-76.49907646,1.048243983e-06,3,0,60
269.1399767,39.00231844,-76.49907646,1.037285055e-06,3,0,60
269.1901682,39.00231979,-76.49907646,1.026355387e-06,3,0,60
269.2403753,39.00232114,-76.49907646,1.015631847e-06,3,0,60
269.2905747,39.00232249,-76.49907646,1.005004185e-06,3,0,60
269.3407544,39.00232384,-76.49907646,9.944288318e-07,3,0,60
269.3909635,39.00232519,-76.49907646,9.84004774e-07,3,0,60
269.4411342,39.00232654,-76.49907646,9.737166164e-07,3,0,60
269.4912956,39.00232789,-76.49907646,9.635694368e-07,3,0,60
269.5414607,39.00232925,-76.49907646,9.53487444e-07,3,0,60
269.5916214,39.0023306,-76.49907646,9.434652344e-07,3,0,60
269.6418158,39.00233195,-76.49907646,9.33645216e-07,3,0,60
269.6919868,39.0023333,-76.49907646,9.238627586e-07,3,0,60
269.7421817,39.00233465,-76.49907646,9.141304933e-07,3,0,60
269.7924516,39.002336,-76.49907646,9.046114986e-07,3,0,60
269.8426733,39.00233735,-76.49907646,8.950830866e-07,3,0,60
269.8928765,39.0023387,-76.49907646,8.857083267e-07,3,0,60
269.9430282,39.00234006,-76.49907646,8.764733566e-07,3,0,60
269.9932295,39.00234141,-76.49907646,8.672264959e-07,3,0,60
270.0434311,39.00234276,-76.49907646,8.581852869e-07,3,0,60
270.0935851,39.00234411,-76.49907646,8.492267058e-07,3,0,60
270.1437864,39.00234546,-76.49907646,8.403332285e-07,3,0,60
270.1939429,39.00234681,-76.49907646,8.31529309e-07,3,0,60
270.2441225,39.00234816,-76.49907646,8.228413486e-07,3,0,60
270.2943616,39.00234951,-76.49907646,8.142212747e-07,3,0,60
270.344552,39.00235086,-76.49907646,8.056544941e-07,3,0,60
270.3948267,39.00235222,-76.49907646,7.972584657e-07,3,0,60
270.4450631,39.00235357,-76.49907646,7.889129619e-07,3,0,60
270.4952471,39.00235492,-76.49907646,7.806167068e-07,3,0,60
270.5454559,39.00235627,-76.49907646,7.724544097e-07,3,0,60
270.5956704,39.00235762,-76.49907646,7.64394639e-07,3,0,60
270.6458929,39.00235897,-76.49907646,7.563833632e-07,3,0,60
270.6960721,39.00236032,-76.49907646,7.484274114e-07,3,0,60
270.7463133,39.00236167,-76.49907646,7.406108069e-07,3,0,60
270.796487,39.00236303,-76.49907646,7.328767115e-07,3,0,60
270.8468831,39.00236438,-76.49907646,7.252234404e-07,3,0,60
270.8970862,39.00236573,-76.49907646,7.175723461e-07,3,0,60
270.9472926,39.00236708,-76.49907646,7.100355817e-07,3,0,60
270.9974601,39.00236843,-76.49907646,7.026232417e-07,3,0,60
271.0476588,39.00236978,-76.49907646,6.953174423e-07,3,0,60
271.0978311,39.00237113,-76.49907646,6.880385506e-07,3,0,60
271.1480607,39.00237248,-76.49907646,6.807862792e-07,3,0,60
271.1982088,39.00237383,-76.49907646,6.736671072e-07,3,0,60
271.2483438,39.00237518,-76.49907646,6.666674287e-07,3,0,60
271.2985402,39.00237654,-76.49907646,6.596354948e-07,3,0,60
271.3487823,39.00237789,-76.49907646,6.527785905e-07,3,0,60
271.3989523,39.00237924,-76.49907646,6.459223873e-07,3,0,60
271.4490944,39.00238059,-76.49907646,6.391254183e-07,3,0,60
271.4993034,39.00238194,-76.49907646,6.325019905e-07,3,0,60
271.5495831,39.00238329,-76.49907646,6.25870818e-07,3,0,60
271.5997808,39.00238464,-76.49907646,6.192834148e-07,3,0,60
271.6499646,39.00238599,-76.49907646,6.12808568e-07,3,0,60
271.7001244,39.00238735,-76.49907646,6.063842092e-07,3,0,60
271.7503055,39.0023887,-76.49907646,5.999829218e-07,3,0,60
271.8004851,39.00239005,-76.49907646,5.937617413e-07,3,0,60
271.8506619,39.0023914,-76.49907646,5.874912188e-07,3,0,60
271.9008501,39.00239275,-76.49907646,5.814229856e-07,3,0,60
271.9510889,39.0023941,-76.49907646,5.753145036e-07,3,0,60
272.0012877,39.00239545,-76.49907646,5.693077246e-07,3,0,60
272.0515619,39.0023968,-76.49907646,5.632836035e-07,3,0,60
272.1017426,39.00239815,-76.49907646,5.573735675e-07,3,0,60
272.1519391,39.00239951,-76.49907646,5.515642758e-07,3,0,60
272.202117,39.00240086,-76.49907646,5.457780353e-07,3,0,60
272.252284,39.00240221,-76.49907646,5.401098986e-07,3,0,60
272.3024729,39.00240356,-76.49907646,5.344280393e-07,3,0,60
272.3526706,39.00240491,-76.49907646,5.288596292e-07,3,0,60
272.4029425,39.00240626,-76.49907646,5.233628197e-07,3,0,60
272.4532582,39.00240761,-76.49907646,5.178087063e-07,3,0,60
272.5033881,39.00240896,-76.49907646,5.123842977e-07,3,0,60
272.5535738,39.00241031,-76.49907646,5.070359473e-07,3,0,60
272.6038457,39.00241167,-76.49907646,5.017419658e-07,3,0,60
272.6540982,39.00241302,-76.49907646,4.964933547e-07,3,0,60
272.7043579,39.00241437,-76.49907646,4.912612857e-07,3,0,60
272.7545218,39.00241572,-76.49907646,4.861323732e-07,3,0,60
272.8047868,39.00241707,-76.49907646,4.810527224e-07,3,0,60
272.8549517,39.00241842,-76.49907646,4.759741393e-07,3,0,60
272.9052027,39.00241977,-76.49907646,4.710649789e-07,3,0,60
272.9554102,39.00242112,-76.49907646,4.661139429e-07,3,0,60
273.0056176,39.00242248,-76.49907646,4.612103515e-07,3,0,60
273.055948,39.00242383,-76.49907646,4.564281876e-07,3,0,60
273.10614,39.00242518,-76.49907646,4.516315846e-07,3,0,60
273.1563754,39.00242653,-76.49907646,4.468745289e-07,3,0,60
273.2065674,39.00242788,-76.49907646,4.421720245e-07,3,0,60
273.2568079,39.00242923,-76.49907646,4.375601606e-07,3,0,60
273.3069396,39.00243058,-76.49907646,4.329784869e-07,3,0,60
273.3574014,39.00243193,-76.49907646,4.284079514e-07,3,0,60
273.4075878,39.00243329,-76.49907646,4.239809917e-07,3,0,60
273.4577571,39.00243464,-76.49907646,4.194833966e-07,3,0,60
273.5079186,39.00243599,-76.49907646,4.151203499e-07,3,0,60
273.5582824,39.00243734,-76.49907646,4.107911649e-07,3,0,60
273.6084642,39.00243869,-76.49907646,4.065482443e-07,3,0,60
273.6587537,39.00244004,-76.49907646,4.022637596e-07,3,0,60
273.7090161,39.00244139,-76.49907646,3.979700737e-07,3,0,60
273.7591347,39.00244274,-76.49907646,3.938472272e-07,3,0,60
273.8093498,39.00244409,-76.49907646,3.897263233e-07,3,0,60
273.8595469,39.00244545,-76.49907646,3.856743833e-07,3,0,60
273.9097866,39.0024468,-76.49907646,3.816083649e-07,3,0,60
273.9599534,39.00244815,-76.49907646,3.816083649e-07,3,0,60
274.0102265,39.0024495,-76.49907646,3.775951026e-07,3,0,60
274.060405,39.00245085,-76.49907646,3.696814441e-07,3,0,60
274.1106056,39.0024522,-76.49907646,3.657776895e-07,3,0,60
274.1608628,39.00245355,-76.49907646,3.620127697e-07,3,0,60
274.211099,39.0024549,-76.49907646,3.581747573e-07,3,0,60
274.2613225,39.00245625,-76.49907646,3.543879598e-07,3,0,60
274.3115744,39.00245761,-76.49907646,3.506866137e-07,3,0,60
274.3618312,39.00245896,-76.49907646,3.470659577e-07,3,0,60
274.4120178,39.00246031,-76.49907646,3.434088901e-07,3,0,60
274.4621994,39.00246166,-76.49907646,3.398356202e-07,3,0,60
274.5124046,39.00246301,-76.49907646,3.362854856e-07,3,0,60
274.5625973,39.00246436,-76.49907646,3.327813774e-07,3,0,60
274.6128131,39.00246571,-76.49907646,3.292943198e-07,3,0,60
274.6630669,39.00246706,-76.49907646,3.25824819e-07,3,0,60
274.7132831,39.00246842,-76.49907646,3.224152923e-07,3,0,60
274.7635314,39.00246977,-76.49907646,3.190530478e-07,3,0,60
274.8137191,39.00247112,-76.49907646,3.156766146e-07,3,0,60
274.8639325,39.00247247,-76.49907646,3.123809025e-07,3,0,60
274.9141845,39.00247382,-76.49907646,3.091016328e-07,3,0,60
274.9644359,39.00247517,-76.49907646,3.058739328e-07,3,0,60
275.0146142,39.00247652,-76.49907646,3.026248827e-07,3,0,60
275.0648422,39.00247787,-76.49907646,2.994703068e-07,3,0,60
275.1150795,39.00247922,-76.49907646,2.963969834e-07,3,0,60
275.165298,39.00248058,-76.49907646,2.933016066e-07,3,0,60
275.215521,39.00248193,-76.49907646,2.902246617e-07,3,0,60
275.2657397,39.00248328,-76.49907646,2.872040717e-07,3,0,60
275.3159671,39.00248463,-76.49907646,2.841548672e-07,3,0,60
275.3661532,39.00248598,-76.49907646,2.811494404e-07,3,0,60
275.4163306,39.00248733,-76.49907646,2.782164792e-07,3,0,60
275.4665495,39.00248868,-76.49907646,2.753898181e-07,3,0,60
275.5167982,39.00249003,-76.49907646,2.724026609e-07,3,0,60
275.566978,39.00249139,-76.49907646,2.696306339e-07,3,0,60
275.6172086,39.00249274,-76.49907646,2.667870127e-07,3,0,60
275.6674529,39.00249409,-76.49907646,2.639700445e-07,3,0,60
275.717703,39.00249544,-76.49907646,2.612202236e-07,3,0,60
275.7679321,39.00249679,-76.49907646,2.58469292e-07,3,0,60
275.8181452,39.00249814,-76.49907646,2.5577857e-07,3,0,60
275.868333,39.00249949,-76.49907646,2.530733313e-07,3,0,60
275.918524,39.00250084,-76.49907646,2.504288353e-07,3,0,60
275.968745,39.0025022,-76.49907646,2.478675682e-07,3,0,60
276.0189525,39.00250354,-76.49907646,2.452655218e-07,3,0,60
276.0691605,39.0025049,-76.49907646,2.427190604e-07,3,0,60
276.1193917,39.00250625,-76.49907646,2.401898144e-07,3,0,60
276.1695851,39.0025076,-76.49907646,2.37557867e-07,3,0,60
276.2198219,39.00250895,-76.49907646,2.352049809e-07,3,0,60
276.2700657,39.0025103,-76.49907646,2.326628909e-07,3,0,60
276.320267,39.00251165,-76.49907646,2.302158199e-07,3,0,60
276.3704921,39.002513,-76.49907646,2.277898289e-07,3,0,60
276.4207578,39.00251435,-76.49907646,2.254656293e-07,3,0,60
276.4710193,39.00251571,-76.49907646,2.230506987e-07,3,0,60
276.5212994,39.00251706,-76.49907646,2.207972168e-07,3,0,60
276.5715356,39.00251841,-76.49907646,2.18370017e-07,3,0,60
276.6216994,39.00251976,-76.49907646,2.161536201e-07,3,0,60
276.6718983,39.00252111,-76.49907646,2.139095424e-07,3,0,60
276.7220318,39.00252246,-76.49907646,2.116034584e-07,3,0,60
276.7722549,39.00252381,-76.49907646,2.094519878e-07,3,0,60
276.8224855,39.00252516,-76.49907646,2.072468278e-07,3,0,60
276.8726921,39.00252651,-76.49907646,2.050844451e-07,3,0,60
276.9228933,39.00252787,-76.49907646,2.029777207e-07,3,0,60
276.9731179,39.00252922,-76.49907646,2.008006382e-07,3,0,60
277.0233722,39.00253192,-76.49907646,1.965616561e-07,3,0,60
277.073645,39.00253327,-76.49907646,1.950178612e-07,3,0,60
277.1237994,39.00253462,-76.49907646,1.929869148e-07,3,0,60
277.1739825,39.00253597,-76.49907646,1.90974895e-07,3,0,60
277.2241442,39.00253732,-76.49907646,1.889622731e-07,3,0,60
277.2743243,39.00253867,-76.49907646,1.869769892e-07,3,0,60
277.32449,39.00254003,-76.49907646,1.849562705e-07,3,0,60
277.3746724,39.00254138,-76.49907646,1.830959067e-07,3,0,60
277.4248485,39.00254273,-76.49907646,1.811161036e-07,3,0,60
277.4750456,39.00254408,-76.49907646,1.792356748e-07,3,0,60
277.5252288,39.00254543,-76.49907646,1.773412954e-07,3,0,60
277.5754185,39.00254678,-76.49907646,1.754711172e-07,3,0,60
277.6255919,39.00254813,-76.49907646,1.737015476e-07,3,0,60
277.6757963,39.00254948,-76.49907646,1.719048108e-07,3,0,60
277.7259982,39.00255084,-76.49907646,1.699863007e-07,3,0,60
277.7761673,39.00255219,-76.49907646,1.682595984e-07,3,0,60
277.8263797,39.00255354,-76.49907646,1.665426591e-07,3,0,60
277.8765747,39.00255489,-76.49907646,1.647825792e-07,3,0,60
277.9268218,39.00255624,-76.49907646,1.630694151e-07,3,0,60
277.9770729,39.00255759,-76.49907646,1.613206915e-07,3,0,60
278.0272596,39.00255894,-76.49907646,1.596789579e-07,3,0,60
278.0774261,39.00256029,-76.49907646,1.580022402e-07,3,0,60
278.1275833,39.00256165,-76.49907646,1.563332648e-07,3,0,60
278.1777481,39.002563,-76.49907646,1.547097027e-07,3,0,60
278.2279294,39.00256435,-76.49907646,1.53114164e-07,3,0,60
278.2781079,39.0025657,-76.49907646,1.515200688e-07,3,0,60
278.3282765,39.00256705,-76.49907646,1.498694544e-07,3,0,60
278.3784421,39.0025684,-76.49907646,1.483249435e-07,3,0,60
278.4286005,39.00256975,-76.49907646,1.467617421e-07,3,0,60
278.4788347,39.0025711,-76.49907646,1.45220209e-07,3,0,60
278.5289968,39.00257245,-76.49907646,1.437055749e-07,3,0,60
278.5791549,39.00257381,-76.49907646,1.421637323e-07,3,0,60
278.6293213,39.00257516,-76.49907646,1.406995101e-07,3,0,60
278.6795115,39.00257651,-76.49907646,1.406995101e-07,3,0,60
278.7297095,39.00257786,-76.49907646,1.378084732e-07,3,0,60
278.7799036,39.00257921,-76.49907646,1.363079241e-07,3,0,60
278.8300834,39.00258056,-76.49907646,1.349185237e-07,3,0,60
278.8802837,39.00258191,-76.49907646,1.335823935e-07,3,0,60
278.9304889,39.00258326,-76.49907646,1.321280477e-07,3,0,60
278.9806922,39.00258462,-76.49907646,1.307695673e-07,3,0,60
279.0308797,39.00258597,-76.49907646,1.293701099e-07,3,0,60
279.081048,39.00258732,-76.49907646,1.28013212e-07,3,0,60
279.1312212,39.00258867,-76.49907646,1.26706336e-07,3,0,60
279.181396,39.00259002,-76.49907646,1.254048671e-07,3,0,60
279.2315981,39.00259137,-76.49907646,1.240686833e-07,3,0,60
279.2817893,39.00259272,-76.49907646,1.228162016e-07,3,0,60
279.3319577,39.00259407,-76.49907646,1.215300418e-07,3,0,60
279.3821921,39.00259542,-76.49907646,1.2028436e-07,3,0,60
279.4323623,39.00259678,-76.49907646,1.190391386e-07,3,0,60
279.4825331,39.00259813,-76.49907646,1.177375139e-07,3,0,60
279.5326959,39.00259948,-76.49907646,1.165043019e-07,3,0,60
279.5828796,39.00260083,-76.49907646,1.152695392e-07,3,0,60
279.6330466,39.00260218,-76.49907646,1.141205532e-07,3,0,60
279.6832305,39.00260353,-76.49907646,1.129115982e-07,3,0,60
279.7334112,39.00260488,-76.49907646,1.117342954e-07,3,0,60
279.7835887,39.00260623,-76.49907646,1.105558944e-07,3,0,60
279.833773,39.00260759,-76.49907646,1.094380496e-07,3,0,60
279.8839437,39.00260894,-76.49907646,1.082499834e-07,3,0,60
279.9341107,39.00261029,-76.49907646,1.071802717e-07,3,0,60
279.9843357,39.00261164,-76.49907646,1.060752984e-07,3,0,60
280.0345038,39.00261299,-76.49907646,1.049582176e-07,3,0,60
280.0846703,39.00261434,-76.49907646,1.038396227e-07,3,0,60
280.1348736,39.00261569,-76.49907646,1.027757088e-07,3,0,60
280.1850217,39.00261704,-76.49907646,1.01648437e-07,3,0,60
280.2352364,39.00261839,-76.49907646,1.006006618e-07,3,0,60
280.2854235,39.00261975,-76.49907646,9.957665641e-08,3,0,60
280.3356697,39.0026211,-76.49907646,9.856800787e-08,3,0,60
280.3858868,39.00262245,-76.49907646,9.755786621e-08,3,0,60
280.4360589,39.0026238,-76.49907646,9.651349486e-08,3,0,60
280.4862638,39.00262515,-76.49907646,9.547247684e-08,3,0,60
280.5364261,39.0026265,-76.49907646,9.449391693e-08,3,0,60
280.5865988,39.00262785,-76.49907646,9.354928906e-08,3,0,60
280.6367903,39.0026292,-76.49907646,9.251992433e-08,3,0,60
280.686993,39.00263055,-76.49907646,9.155216351e-08,3,0,60
280.7371733,39.00263191,-76.49907646,9.062855145e-08,3,0,60
280.7873868,39.00263326,-76.49907646,8.968997047e-08,3,0,60
280.8375675,39.00263461,-76.49907646,8.879543707e-08,3,0,60
280.8878021,39.00263596,-76.49907646,8.787277744e-08,3,0,60
280.9380733,39.00263731,-76.49907646,8.697183304e-08,3,0,60
280.9883421,39.00263866,-76.49907646,8.604288543e-08,3,0,60
281.0385027,39.00264001,-76.49907646,8.511325525e-08,3,0,60
281.0886668,39.00264136,-76.49907646,8.420331342e-08,3,0,60
281.1388293,39.00264272,-76.49907646,8.334920343e-08,3,0,60
281.1890006,39.00264407,-76.49907646,8.252080687e-08,3,0,60
281.2391777,39.00264542,-76.49907646,8.167937997e-08,3,0,60
281.2893493,39.00264677,-76.49907646,8.079185283e-08,3,0,60
281.3396074,39.00264812,-76.49907646,7.997341207e-08,3,0,60
281.3898315,39.00264947,-76.49907646,7.91055098e-08,3,0,60
281.4400478,39.00265082,-76.49907646,7.828118484e-08,3,0,60
281.4902365,39.00265217,-76.49907646,7.747446781e-08,3,0,60
281.5404084,39.00265352,-76.49907646,7.671332024e-08,3,0,60
281.5906078,39.00265487,-76.49907646,7.587736481e-08,3,0,60
281.6408128,39.00265623,-76.49907646,7.504850494e-08,3,0,60
281.6910073,39.00265758,-76.49907646,7.432738591e-08,3,0,60
281.7411954,39.00265893,-76.49907646,7.353944251e-08,3,0,60
281.7914278,39.00266028,-76.49907646,7.278477439e-08,3,0,60
281.8416029,39.00266163,-76.49907646,7.201379107e-08,3,0,60
281.8918128,39.00266299,-76.49907646,7.126280664e-08,3,0,60
281.9419984,39.00266433,-76.49907646,7.048655821e-08,3,0,60
281.9922166,39.00266568,-76.49907646,6.983427356e-08,3,0,60
282.0423899,39.00266704,-76.49907646,6.908672183e-08,3,0,60
282.092578,39.00266839,-76.49907646,6.83886306e-08,3,0,60
282.1428278,39.00266974,-76.49907646,6.76053888e-08,3,0,60
282.1930041,39.00267109,-76.49907646,6.699208504e-08,3,0,60
282.2431869,39.00267244,-76.49907646,6.626358672e-08,3,0,60
282.2933764,39.00267379,-76.49907646,6.555891882e-08,3,0,60
282.343546,39.00267514,-76.49907646,6.484377029e-08,3,0,60
282.3937648,39.00267649,-76.49907646,6.417645919e-08,3,0,60
282.4439516,39.00267784,-76.49907646,6.354530741e-08,3,0,60
282.4942124,39.0026792,-76.49907646,6.290462942e-08,3,0,60
282.5443999,39.00268055,-76.49907646,6.221990386e-08,3,0,60
282.5945889,39.0026819,-76.49907646,6.160893155e-08,3,0,60
282.6447771,39.00268325,-76.49907646,6.096490024e-08,3,0,60
282.6949698,39.0026846,-76.49907646,6.026058652e-08,3,0,60
282.7451423,39.00268595,-76.49907646,5.970308184e-08,3,0,60
282.7953183,39.0026873,-76.49907646,5.904516004e-08,3,0,60
282.8455427,39.00268865,-76.49907646,5.848091696e-08,3,0,60
282.8957888,39.00269001,-76.49907646,5.782008829e-08,3,0,60
282.9459665,39.00269136,-76.49907646,5.728305077e-08,3,0,60
282.996163,39.00269271,-76.49907646,5.666600775e-08,3,0,60
283.0463749,39.00269406,-76.49907646,5.605234782e-08,3,0,60
283.0965457,39.00269541,-76.49907646,5.546478625e-08,3,0,60
283.1467306,39.00269676,-76.49907646,5.488335393e-08,3,0,60
283.1969396,39.00269811,-76.49907646,5.430044138e-08,3,0,60
283.2471109,39.00269946,-76.49907646,5.37704141e-08,3,0,60
283.2973432,39.00270081,-76.49907646,5.319808435e-08,3,0,60
283.3475103,39.00270217,-76.49907646,5.266758185e-08,3,0,60
283.3977415,39.00270352,-76.49907646,5.211119031e-08,3,0,60
283.4479518,39.00270487,-76.49907646,5.158423261e-08,3,0,60
283.4981657,39.00270622,-76.49907644,0.01309128597,3,0,60
283.5483737,39.00270757,-76.49907639,0.02619343873,3,0,60
283.5986716,39.00270892,-76.49907632,0.03926894469,3,0,60
283.6489579,39.00271027,-76.49907623,0.05236102627,3,0,60
283.6991662,39.00271162,-76.49907612,0.06544614684,3,0,60
283.7494183,39.00271296,-76.49907598,0.07853999896,3,0,60
283.7996263,39.00271431,-76.49907582,0.09162776188,3,0,60
283.8498263,39.00271565,-76.49907564,0.1047307226,3,0,60
283.900037,39.002717,-76.49907544,0.1178108836,3,0,60
283.9502205,39.00271834,-76.49907521,0.1309110226,3,0,60
284.0004177,39.00271967,-76.49907497,0.1439900681,3,0,60
284.0505924,39.00272101,-76.49907469,0.1570841234,3,0,60
284.1008053,39.00272234,-76.4990744,0.1701799214,3,0,60
284.151014,39.00272367,-76.49907409,0.183262273,3,0,60
284.2012315,39.00272499,-76.49907375,0.1963502142,3,0,60
284.2514417,39.00272631,-76.49907339,0.2094415855,3,0,60
284.3016554,39.00272763,-76.49907301,0.2225283884,3,0,60
284.3518718,39.00272895,-76.4990726,0.2356197427,3,0,60
284.4020885,39.00273025,-76.49907218,0.2487083645,3,0,60
284.4522701,39.00273156,-76.49907173,0.2618004275,3,0,60
284.5024715,39.00273286,-76.49907126,0.2748882962,3,0,60
284.5526429,39.00273416,-76.49907077,0.2879798602,3,0,60
284.6028226,39.00273545,-76.49907025,0.3010685423,3,0,60
284.6529943,39.00273673,-76.49906972,0.3141607163,3,0,60
284.7031656,39.00273801,-76.49906916,0.3272474341,3,0,60
284.7533357,39.00273928,-76.49906858,0.3403396199,3,0,60
284.8313804,39.00274201,-76.49906723,0.3686393312,3,0,60
284.8815577,39.00274306,-76.49906669,0.3796117439,3,0,60
284.9318297,39.00274431,-76.49906603,0.3927090146,3,0,60
284.9916054,39.00274555,-76.49906535,0.4057868757,3,0,60
285.041798,39.00274679,-76.49906464,0.4188945184,3,0,60
285.0919635,39.00274801,-76.49906392,0.4319772534,3,0,60
285.1421468,39.00274923,-76.49906317,0.4450702505,3,0,60
285.1923364,39.00275044,-76.49906241,0.4581533537,3,0,60
285.242492,39.00275165,-76.49906162,0.4712444192,3,0,60
285.2926732,39.00275284,-76.49906082,0.4843311153,3,0,60
285.3428379,39.00275403,-76.49905999,0.4974223088,3,0,60
285.3930036,39.00275521,-76.49905914,0.5105130628,3,0,60
285.4431621,39.00275638,-76.49905828,0.5236171495,3,0,60
285.4933804,39.00275754,-76.49905739,0.536689822,3,0,60
285.5435769,39.00275869,-76.49905649,0.5497796552,3,0,60
285.5937917,39.00275984,-76.49905556,0.5628703924,3,0,60
285.6439363,39.00276097,-76.49905462,0.5759604867,3,0,60
285.6941191,39.00276209,-76.49905366,0.5890481499,3,0,60
285.7442909,39.00276321,-76.49905268,0.6021597439,3,0,60
285.7944615,39.00276431,-76.49905168,0.6152272872,3,0,60
285.8446214,39.0027654,-76.49905066,0.6283219931,3,0,60
285.894844,39.00276649,-76.49904962,0.6414153392,3,0,60
285.9449965,39.00276757,-76.49904858,0.6441287877,3,0,60
285.9951459,39.00276865,-76.49904755,0.6432334496,3,0,60
286.045291,39.00276973,-76.49904651,0.6423486501,3,0,60
286.0954367,39.00277081,-76.49904547,0.641472318,3,0,60
286.1455865,39.00277189,-76.49904444,0.6406045918,3,0,60
286.1957654,39.00277298,-76.4990434,0.6397474202,3,0,60
286.2459256,39.00277406,-76.49904237,0.6388980327,3,0,60
286.2960898,39.00277515,-76.49904134,0.6380574176,3,0,60
286.3463094,39.00277624,-76.49904031,0.637226934,3,0,60
286.3964963,39.00277732,-76.49903927,0.6383781457,3,0,60
286.4466644,39.00277841,-76.49903824,0.6387117216,3,0,60
286.4968549,39.00277949,-76.49903721,0.6390398695,3,0,60
286.5470181,39.00278057,-76.49903618,0.6393650736,3,0,60
286.5971759,39.00278166,-76.49903514,0.6396876504,3,0,60
286.6473992,39.00278274,-76.49903411,0.640006269,3,0,60
286.6975965,39.00278382,-76.49903308,0.6403220422,3,0,60
286.747816,39.00278491,-76.49903204,0.640634181,3,0,60
286.7980374,39.00278599,-76.49903101,0.6409433896,3,0,60
286.8482005,39.00278707,-76.49902997,0.641248906,3,0,60
286.8983735,39.00278816,-76.49902893,0.6415515884,3,0,60
286.9485891,39.00278924,-76.4990279,0.6418508511,3,0,60
286.9988364,39.00279032,-76.49902686,0.6421473665,3,0,60
287.0490109,39.0027914,-76.49902582,0.6424403883,3,0,60
287.0991537,39.00279248,-76.49902478,0.6427306378,3,0,60
287.1493239,39.00279356,-76.49902375,0.6430175872,3,0,60
287.1995758,39.00279465,-76.49902271,0.6433018122,3,0,60
287.249768,39.00279573,-76.49902167,0.6435828615,3,0,60
287.2999237,39.00279681,-76.49902063,0.6438611916,3,0,60
287.3501186,39.00279789,-76.49901959,0.64413641,3,0,60
287.4002768,39.00279897,-76.49901855,0.6444090826,3,0,60
287.450446,39.00280005,-76.49901751,0.6446786543,3,0,60
287.5006144,39.00280113,-76.49901647,0.64494543,3,0,60
287.5507901,39.00280221,-76.49901542,0.6452093951,3,0,60
287.6009503,39.00280329,-76.49901438,0.6454706318,3,0,60
287.6511011,39.00280437,-76.49901334,0.645728954,3,0,60
287.7012571,39.00280545,-76.4990123,0.6459849576,3,0,60
287.7514115,39.00280652,-76.49901125,0.646238068,3,0,60
287.8015749,39.0028076,-76.49901021,0.6464886705,3,0,60
287.8518047,39.00280868,-76.49900917,0.6467362938,3,0,60
287.9019661,39.00280976,-76.49900813,0.6469815697,3,0,60
287.952139,39.00281084,-76.49900708,0.6472240286,3,0,60
288.0022957,39.00281191,-76.49900604,0.6474642002,3,0,60
288.0524538,39.00281299,-76.49900499,0.6477020483,3,0,60
288.1026761,39.00281407,-76.49900395,0.647937306,3,0,60
288.1529424,39.00281515,-76.4990029,0.6481696706,3,0,60
288.2031462,39.00281622,-76.49900186,0.6484002735,3,0,60
288.2533317,39.0028173,-76.49900081,0.6486280096,3,0,60
288.3035115,39.00281838,-76.49899976,0.648853572,3,0,60
288.3537116,39.00281945,-76.49899872,0.6490765242,3,0,60
288.4038237,39.00282053,-76.49899767,0.6492975019,3,0,60
288.4540324,39.0028216,-76.49899662,0.649515918,3,0,60
288.5042804,39.00282268,-76.49899557,0.6497320978,3,0,60
288.5544796,39.00282376,-76.49899453,0.6499459546,3,0,60
288.6047138,39.00282483,-76.49899348,0.6501577878,3,0,60
288.6549054,39.00282591,-76.49899243,0.6503672277,3,0,60
288.7050786,39.00282698,-76.49899138,0.6505744371,3,0,60
288.7552655,39.00282806,-76.49899033,0.6507795862,3,0,60
288.8054598,39.00282913,-76.49898928,0.6509826984,3,0,60
288.8557219,39.00283021,-76.49898823,0.6511833998,3,0,60
288.9059601,39.00283128,-76.49898718,0.6513821989,3,0,60
288.9561282,39.00283236,-76.49898613,0.6515787546,3,0,60
289.0063034,39.00283343,-76.49898508,0.6517735977,3,0,60
289.0564887,39.0028345,-76.49898403,0.6519659621,3,0,60
289.1067018,39.00283558,-76.49898298,0.6521565626,3,0,60
289.1568885,39.00283665,-76.49898193,0.6523451261,3,0,60
289.2071423,39.00283772,-76.49898088,0.6525319762,3,0,60
289.2573204,39.0028388,-76.49897983,0.6527163834,3,0,60
289.3075389,39.00283987,-76.49897877,0.6528992808,3,0,60
289.3577596,39.00284094,-76.49897772,0.6530799892,3,0,60
289.4079569,39.00284202,-76.49897667,0.6532590465,3,0,60
289.4581244,39.00284309,-76.49897562,0.6534361112,3,0,60
289.5083295,39.00284416,-76.49897456,0.6536111458,3,0,60
289.5585765,39.00284524,-76.49897351,0.6537844786,3,0,60
289.6087747,39.00284631,-76.49897246,0.6539561077,3,0,60
289.6589864,39.00284738,-76.4989714,0.6541258241,3,0,60
289.7091711,39.00284845,-76.49897035,0.6542937931,3,0,60
289.7593285,39.00284952,-76.4989693,0.6544599925,3,0,60
289.8094965,39.0028506,-76.49896824,0.6546244849,3,0,60
289.8596851,39.00285167,-76.49896719,0.6547872258,3,0,60
289.9098964,39.00285274,-76.49896613,0.6549483057,3,0,60
289.9600802,39.00285381,-76.49896508,0.6551076728,3,0,60
290.0102482,39.00285488,-76.49896402,0.6552653909,3,0,60
290.060466,39.00285595,-76.49896297,0.6554214421,3,0,60
290.11069,39.00285702,-76.49896191,0.6555758683,3,0,60
290.1608702,39.00285809,-76.49896085,0.6557287272,3,0,60
290.2110852,39.00285917,-76.4989598,0.6558799181,3,0,60
290.2612569,39.00286024,-76.49895874,0.6560295164,3,0,60
290.3114428,39.00286131,-76.49895769,0.6561777196,3,0,60
290.3617018,39.00286238,-76.49895663,0.6563240825,3,0,60
290.4118348,39.00286345,-76.49895557,0.6564692096,3,0,60
290.4620146,39.00286452,-76.49895451,0.6566125607,3,0,60
290.5121875,39.00286559,-76.49895346,0.6567546047,3,0,60
290.5623437,39.00286666,-76.4989524,0.6568949416,3,0,60
290.6124909,39.00286773,-76.49895134,0.657034039,3,0,60
290.6626689,39.0028688,-76.49895029,0.6571714828,3,0,60
290.7128369,39.00286987,-76.49894923,0.657307617,3,0,60
290.7630437,39.00287094,-76.49894817,0.6574423087,3,0,60
290.8132098,39.00287201,-76.49894711,0.6575755728,3,0,60
290.8634192,39.00287308,-76.49894605,0.6577075195,3,0,60
290.9135854,39.00287414,-76.49894499,0.6578379834,3,0,60
290.9637618,39.00287521,-76.49894393,0.6579670753,3,0,60
291.0139038,39.00287628,-76.49894288,0.6580949486,3,0,60
291.0640638,39.00287734,-76.4989418,0.6668493873,3,0,60
291.1142185,39.00287841,-76.49894073,0.6668841754,3,0,60
291.1643626,39.00287947,-76.49893966,0.6669185867,3,0,60
291.2145014,39.00288053,-76.49893859,0.6669185867,3,0,60
291.2646676,39.00288159,-76.49893752,0.6669867172,3,0,60
291.3148201,39.00288265,-76.49893645,0.6670200644,3,0,60
291.365043,39.00288371,-76.49893538,0.6670530629,3,0,60
291.4152432,39.00288478,-76.49893431,0.6670857218,3,0,60
291.4654542,39.00288584,-76.49893323,0.6671180255,3,0,60
291.5157269,39.0028869,-76.49893216,0.667149996,3,0,60
291.5659374,39.00288796,-76.49893109,0.6671816299,3,0,60
291.6161259,39.00288902,-76.49893002,0.6672129374,3,0,60
291.6662979,39.00289008,-76.49892895,0.667243907,3,0,60
291.7164983,39.00289114,-76.49892788,0.6672745703,3,0,60
291.7666732,39.00289219,-76.49892679,0.6803728418,3,0,60
291.8168574,39.00289323,-76.49892568,0.693453871,3,0,60
291.8670665,39.00289426,-76.49892456,0.70654528,3,0,60
291.9172889,39.00289528,-76.49892341,0.7196339642,3,0,60
291.9675191,39.00289628,-76.49892226,0.7327259232,3,0,60
292.0177757,39.00289727,-76.49892108,0.7458287962,3,0,60
292.068042,39.00289825,-76.49891989,0.7589067678,3,0,60
292.1182494,39.00289922,-76.49891868,0.7719929327,3,0,60
292.168441,39.00290018,-76.49891746,0.785085152,3,0,60
292.2186682,39.00290112,-76.49891622,0.7981732914,3,0,60
292.2689041,39.00290206,-76.49891497,0.7997083,3,0,60
292.3191286,39.00290301,-76.49891373,0.7983548461,3,0,60
292.3693718,39.00290395,-76.4989125,0.7970172238,3,0,60
292.4195971,39.00290488,-76.49891124,0.8101068638,3,0,60
292.469841,39.0029058,-76.49890997,0.8231908799,3,0,60
292.5200553,39.00290671,-76.49890869,0.836278542,3,0,60
292.5702639,39.0029076,-76.49890739,0.8493687952,3,0,60
292.6204445,39.00290848,-76.49890607,0.8624614655,3,0,60
292.6707193,39.00290934,-76.49890474,0.8755498005,3,0,60
292.7208959,39.00291019,-76.4989034,0.8886409647,3,0,60
292.7711301,39.00291103,-76.49890204,0.9017332214,3,0,60
292.821346,39.00291186,-76.49890067,0.914816246,3,0,60
292.8715123,39.00291268,-76.49889929,0.9176124824,3,0,60
292.9217629,39.0029135,-76.49889792,0.9151374774,3,0,60
292.9719856,39.00291433,-76.49889655,0.9126924481,3,0,60
293.0221628,39.00291516,-76.49889518,0.9102687817,3,0,60
293.0723191,39.00291597,-76.4988938,0.9233615693,3,0,60
293.1225283,39.00291677,-76.49889241,0.9364585999,3,0,60
293.1727236,39.00291756,-76.498891,0.9495401038,3,0,60
293.2229301,39.00291833,-76.49888958,0.9626426003,3,0,60
293.2731425,39.00291909,-76.49888814,0.9757186445,3,0,60
293.3234445,39.00292056,-76.49888524,1.001900196,3,0,60
293.3735941,39.00292127,-76.49888377,1.014996778,3,0,60
293.4237935,39.00292197,-76.49888228,1.028083752,3,0,60
293.4739471,39.00292266,-76.4988808,1.033068441,3,0,60
293.5241441,39.00292336,-76.49887931,1.030848045,3,0,60
293.5743674,39.00292405,-76.49887783,1.028647642,3,0,60
293.6245464,39.00292475,-76.49887635,1.026473807,3,0,60
293.6747379,39.00292544,-76.49887485,1.039564112,3,0,60
293.7249163,39.00292611,-76.49887335,1.052664296,3,0,60
293.7750917,39.00292676,-76.49887183,1.065751435,3,0,60
293.8252891,39.0029274,-76.49887031,1.078832028,3,0,60
293.8755147,39.00292802,-76.49886877,1.091933008,3,0,60
293.9256856,39.00292863,-76.49886722,1.105015576,3,0,60
293.9758451,39.00292922,-76.49886566,1.118173975,3,0,60
294.0260123,39.00292979,-76.4988641,1.131194904,3,0,60
294.0762146,39.00293035,-76.49886252,1.144278561,3,0,60
294.1264467,39.0029309,-76.49886094,1.152114822,3,0,60
294.1766192,39.00293145,-76.49885936,1.150109109,3,0,60
294.2268543,39.00293201,-76.49885778,1.148124812,3,0,60
294.2770271,39.00293255,-76.49885619,1.161201686,3,0,60
294.3272079,39.00293307,-76.49885459,1.17430543,3,0,60
294.3773829,39.00293357,-76.49885299,1.187382917,3,0,60
294.4275821,39.00293406,-76.49885137,1.200483819,3,0,60
294.4777676,39.00293454,-76.49884975,1.213571439,3,0,60
294.5279466,39.00293499,-76.49884812,1.226674799,3,0,60
294.5781176,39.00293543,-76.49884649,1.239741136,3,0,60
294.6282967,39.00293585,-76.49884484,1.252835265,3,0,60
294.6784694,39.00293626,-76.49884319,1.265920956,3,0,60
294.7286702,39.00293665,-76.49884153,1.275079563,3,0,60
294.7788518,39.00293705,-76.49883988,1.273250495,3,0,60
294.8290452,39.00293745,-76.49883822,1.271441789,3,0,60
294.8792349,39.00293785,-76.49883657,1.269651155,3,0,60
294.929421,39.00293823,-76.49883491,1.282743461,3,0,60
294.979597,39.0029386,-76.49883324,1.295838282,3,0,60
295.0298041,39.00293895,-76.49883157,1.308929131,3,0,60
295.0799978,39.00293928,-76.49882989,1.322010553,3,0,60
295.1302113,39.0029396,-76.4988282,1.33511148,3,0,60
295.1804534,39.00293989,-76.49882652,1.348195313,3,0,60
295.2307101,39.00294018,-76.49882482,1.361285692,3,0,60
295.2808937,39.00294044,-76.49882313,1.374371151,3,0,60
295.331057,39.00294069,-76.49882142,1.387478448,3,0,60
295.3812449,39.00294092,-76.49881971,1.399739089,3,0,60
295.4314717,39.00294115,-76.49881801,1.398069057,3,0,60
295.481676,39.00294136,-76.4988163,1.41115958,3,0,60
295.5318767,39.00294156,-76.49881459,1.424259963,3,0,60
295.5820568,39.00294174,-76.49881287,1.437347077,3,0,60
295.6322357,39.0029419,-76.49881115,1.450437257,3,0,60
295.6824361,39.00294205,-76.49880943,1.463516746,3,0,60
295.7326055,39.00294217,-76.49880771,1.476614232,3,0,60
295.7828513,39.00294228,-76.49880598,1.489711876,3,0,60
295.8330822,39.00294237,-76.49880425,1.502797908,3,0,60
295.8832868,39.00294245,-76.49880252,1.515878723,3,0,60
295.9334851,39.00294251,-76.49880079,1.528042505,3,0,60
295.9836789,39.00294257,-76.49879906,1.526491907,3,0,60
296.0339184,39.00294263,-76.49879733,1.524957978,3,0,60
296.0841664,39.00294267,-76.4987956,1.538047058,3,0,60
296.1343629,39.0029427,-76.49879387,1.551139536,3,0,60
296.1847457,39.00294271,-76.49879214,1.564256657,3,0,60
296.2349579,39.0029427,-76.49879041,1.577334735,3,0,60
296.2851249,39.00294267,-76.49878867,1.590434103,3,0,60
296.335295,39.00294263,-76.49878695,1.603497839,3,0,60
296.3854825,39.00294257,-76.49878521,1.616602893,3,0,60
296.4357718,39.00294249,-76.49878349,1.629688066,3,0,60
296.4859844,39.00294239,-76.49878176,1.642773135,3,0,60
296.5361625,39.00294227,-76.49878004,1.655858142,3,0,60
296.5863985,39.00294216,-76.49877831,1.655224415,3,0,60
296.6365724,39.00294205,-76.49877658,1.653805053,3,0,60
296.6867897,39.00294192,-76.49877486,1.666910282,3,0,60
296.7369581,39.00294177,-76.49877314,1.679984421,3,0,60
296.7871191,39.00294161,-76.49877142,1.693091164,3,0,60
296.8373631,39.00294142,-76.4987697,1.706164738,3,0,60
296.8875824,39.00294122,-76.49876799,1.719250893,3,0,60
296.9377758,39.00294101,-76.49876628,1.732349145,3,0,60
296.9879384,39.00294077,-76.49876458,1.745433663,3,0,60
297.0381217,39.00294052,-76.49876288,1.758527921,3,0,60
297.0883307,39.00294025,-76.49876118,1.771613609,3,0,60
297.1385145,39.00293996,-76.49875949,1.784703863,3,0,60
297.1886768,39.00293968,-76.4987578,1.785935683,3,0,60
297.2388605,39.00293937,-76.49875611,1.799033859,3,0,60
297.2890425,39.00293905,-76.49875443,1.812119126,3,0,60
297.339236,39.00293871,-76.49875275,1.825207538,3,0,60
297.3894053,39.00293835,-76.49875108,1.838307923,3,0,60
297.4396475,39.00293798,-76.49874942,1.851390386,3,0,60
297.4898319,39.00293758,-76.49874776,1.86448008,3,0,60
297.5400131,39.00293718,-76.49874611,1.877568476,3,0,60
297.5901948,39.00293675,-76.49874447,1.890661326,3,0,60
297.6404292,39.00293631,-76.49874282,1.903784208,3,0,60
297.6906526,39.00293585,-76.4987412,1.916860913,3,0,60
297.7408498,39.00293539,-76.49873957,1.918318429,3,0,60
297.791029,39.00293493,-76.49873793,1.917070747,3,0,60
297.8412664,39.00293446,-76.49873632,1.930099678,3,0,60
297.8914574,39.00293397,-76.49873471,1.943172083,3,0,60
297.9416509,39.00293346,-76.4987331,1.956322935,3,0,60
297.9918093,39.00293293,-76.49873151,1.969363147,3,0,60
298.0419968,39.00293239,-76.49872992,1.982446033,3,0,60
298.0921669,39.00293184,-76.49872834,1.995540455,3,0,60
298.1423459,39.00293126,-76.49872678,2.008623067,3,0,60
298.192526,39.00293067,-76.49872522,2.021712755,3,0,60
298.2427028,39.00293007,-76.49872367,2.034818504,3,0,60
298.2929861,39.00292945,-76.49872213,2.047901058,3,0,60
298.3431718,39.00292882,-76.49872059,2.05141044,3,0,60
298.3933424,39.00292818,-76.49871907,2.064492636,3,0,60
298.4435454,39.00292753,-76.49871756,2.077581779,3,0,60
298.4937702,39.00292686,-76.49871605,2.090676367,3,0,60
298.543954,39.00292617,-76.49871456,2.103772147,3,0,60
298.5941178,39.00292547,-76.49871308,2.116848745,3,0,60
298.6443164,39.00292475,-76.49871161,2.129939769,3,0,60
298.6944982,39.00292402,-76.49871016,2.143041094,3,0,60
298.7447374,39.00292327,-76.49870871,2.156126679,3,0,60
298.7949493,39.00292251,-76.49870728,2.16922255,3,0,60
298.8451706,39.00292174,-76.49870586,2.182313253,3,0,60
298.8954132,39.00292096,-76.49870445,2.186040459,3,0,60
298.9456531,39.00292016,-76.49870305,2.199127119,3,0,60
298.9958457,39.00291935,-76.49870166,2.212220377,3,0,60
299.0460772,39.00291853,-76.49870029,2.225298153,3,0,60
299.0962525,39.0029177,-76.49869893,2.238386365,3,0,60
299.1464445,39.00291684,-76.49869758,2.251489256,3,0,60
299.1966477,39.00291598,-76.49869625,2.264568669,3,0,60
299.2468654,39.0029151,-76.49869494,2.277668582,3,0,60
299.2970959,39.00291421,-76.49869363,2.290746348,3,0,60
299.3473419,39.00291331,-76.49869235,2.303838849,3,0,60
299.3975195,39.00291239,-76.49869108,2.316935136,3,0,60
299.4477262,39.00291147,-76.49868981,2.321043574,3,0,60
299.4979302,39.00291054,-76.49868856,2.334135827,3,0,60
299.5483141,39.00290959,-76.49868732,2.347226983,3,0,60
299.5984808,39.00290863,-76.4986861,2.360311594,3,0,60
299.6486795,39.00290766,-76.4986849,2.373410679,3,0,60
299.6988411,39.00290667,-76.49868371,2.386496703,3,0,60
299.7490083,39.00290568,-76.49868254,2.399578861,3,0,60
299.7991607,39.00290467,-76.49868139,2.412669995,3,0,60
299.849333,39.00290365,-76.49868025,2.425765221,3,0,60
299.8995313,39.00290262,-76.49867913,2.438847209,3,0,60
299.9497103,39.00290158,-76.49867803,2.4519416,3,0,60
299.9998921,39.00290053,-76.49867694,2.456472713,3,0,60
300.0501391,39.00289947,-76.49867586,2.469581403,3,0,60
300.1003167,39.00289841,-76.4986748,2.482656816,3,0,60
300.1504974,39.00289733,-76.49867376,2.495746563,3,0,60
300.2006726,39.00289624,-76.49867273,2.508837184,3,0,60
300.250859,39.00289514,-76.49867173,2.521926164,3,0,60
300.3010621,39.00289403,-76.49867074,2.535020783,3,0,60
300.3512979,39.00289291,-76.49866977,2.548105372,3,0,60
300.4014925,39.00289178,-76.49866882,2.561200753,3,0,60
300.4516768,39.00289064,-76.49866789,2.574283113,3,0,60
300.5018934,39.00288949,-76.49866698,2.587383645,3,0,60
300.5941979,39.00288717,-76.49866519,2.605468562,3,0,60
300.6443562,39.002886,-76.49866433,2.618548039,3,0,60
300.6945603,39.00288482,-76.49866348,2.631637736,3,0,60
300.744796,39.00288364,-76.49866266,2.644727478,3,0,60
300.7949685,39.00288244,-76.49866185,2.657831834,3,0,60
300.8451697,39.00288124,-76.49866107,2.670909735,3,0,60
300.8953554,39.00288002,-76.4986603,2.683999261,3,0,60
300.945517,39.0028788,-76.49865956,2.697088857,3,0,60
300.9956746,39.00287758,-76.49865883,2.710177849,3,0,60
301.0458763,39.00287634,-76.49865813,2.723268387,3,0,60
301.0960413,39.0028751,-76.49865743,2.728755362,3,0,60
301.1462026,39.00287386,-76.49865676,2.741852841,3,0,60
301.1963659,39.00287261,-76.49865611,2.754946872,3,0,60
301.2465672,39.00287135,-76.49865547,2.768022884,3,0,60
301.2967462,39.00287008,-76.49865486,2.781135802,3,0,60
301.3469173,39.00286882,-76.49865427,2.794210161,3,0,60
301.3970966,39.00286754,-76.49865371,2.807305674,3,0,60
301.4473269,39.00286626,-76.49865316,2.82038668,3,0,60
301.4975582,39.00286497,-76.49865263,2.833479529,3,0,60
301.5477806,39.00286368,-76.49865213,2.846561723,3,0,60
301.5979612,39.00286238,-76.49865165,2.859658835,3,0,60
301.6481777,39.00286108,-76.49865118,2.865647042,3,0,60
301.6983925,39.00285977,-76.49865073,2.878739842,3,0,60
301.7485685,39.00285846,-76.4986503,2.891833572,3,0,60
301.7988304,39.00285715,-76.49864989,2.904918067,3,0,60
301.8490328,39.00285583,-76.49864951,2.91801394,3,0,60
301.8992163,39.00285451,-76.49864915,2.931091491,3,0,60
301.9494512,39.00285319,-76.49864881,2.944178028,3,0,60
301.9996681,39.00285186,-76.49864849,2.955146899,3,0,60
302.0498726,39.00285053,-76.49864817,2.954719054,3,0,60
302.1000396,39.00284921,-76.49864784,2.954295702,3,0,60
302.1502368,39.00284788,-76.49864752,2.95387666,3,0,60
302.2004026,39.00284655,-76.4986472,2.953505654,3,0,60
302.2505907,39.00284522,-76.49864687,2.954504206,3,0,60
302.3008464,39.00284389,-76.49864655,2.95549291,3,0,60
302.3510474,39.00284257,-76.49864623,2.956472251,3,0,60
302.4012262,39.00284124,-76.49864592,2.957441868,3,0,60
302.4513997,39.00283991,-76.4986456,2.958402358,3,0,60
302.5015947,39.00283858,-76.49864529,2.959352507,3,0,60
302.5517931,39.00283725,-76.49864498,2.960295109,3,0,60
302.6019793,39.00283592,-76.49864467,2.961227969,3,0,60
302.6521397,39.00283459,-76.49864436,2.962151139,3,0,60
302.7023649,39.00283326,-76.49864405,2.963065303,3,0,60
302.75256,39.00283193,-76.49864374,2.963970967,3,0,60
302.8027717,39.0028306,-76.49864344,2.967647338,3,0,60
302.8530106,39.00282927,-76.49864315,2.969406162,3,0,60
302.9031794,39.00282794,-76.49864285,2.97114685,3,0,60
302.9533385,39.00282661,-76.49864256,2.972872604,3,0,60
303.0035137,39.00282528,-76.49864227,2.974582016,3,0,60
303.0536814,39.00282394,-76.49864199,2.976275012,3,0,60
303.1039119,39.00282261,-76.49864171,2.977952187,3,0,60
303.1540976,39.00282128,-76.49864143,2.97961448,3,0,60
303.2043463,39.00281994,-76.49864115,2.981260099,3,0,60
303.2545844,39.00281861,-76.49864088,2.98288963,3,0,60
303.3048746,39.00281727,-76.49864061,2.984503099,3,0,60
303.3550582,39.00281594,-76.49864034,2.986102434,3,0,60
303.4053002,39.0028146,-76.49864007,2.987685172,3,0,60
303.4555561,39.00281327,-76.49863981,2.989252977,3,0,60
303.5057712,39.00281193,-76.49863955,2.990805373,3,0,60
303.5560035,39.00281059,-76.49863929,2.992344229,3,0,60
303.6062443,39.00280926,-76.49863904,2.99386843,3,0,60
303.6564224,39.00280792,-76.49863879,2.995376288,3,0,60
303.7066643,39.00280659,-76.49863854,2.996868857,3,0,60
303.756855,39.00280525,-76.49863829,2.998347653,3,0,60
303.8070867,39.00280391,-76.49863804,2.999813203,3,0,60
303.8572717,39.00280257,-76.4986378,3.001264205,3,0,60
303.9074977,39.00280123,-76.49863756,3.002700228,3,0,60
303.9577231,39.0027999,-76.49863733,3.00412202,3,0,60
304.0078502,39.00279856,-76.49863709,3.005530504,3,0,60
304.0580897,39.00279722,-76.49863686,3.006925217,3,0,60
304.1083312,39.00279588,-76.49863663,3.008307315,3,0,60
304.1585155,39.00279454,-76.4986364,3.009672361,3,0,60
304.2086971,39.0027932,-76.49863617,3.011026221,3,0,60
304.2588821,39.00279186,-76.49863595,3.01236744,3,0,60
304.3090813,39.00279052,-76.49863573,3.01369463,3,0,60
304.3592884,39.00278918,-76.49863551,3.015009042,3,0,60
304.4094689,39.00278784,-76.4986353,3.016310555,3,0,60
304.4596973,39.0027865,-76.49863508,3.017597619,3,0,60
304.5099646,39.00278516,-76.49863487,3.018873929,3,0,60
304.5602577,39.00278382,-76.49863466,3.0201364,3,0,60
304.6104498,39.00278247,-76.49863445,3.021386693,3,0,60
304.6606524,39.00278113,-76.49863425,3.02262512,3,0,60
304.7109048,39.00277979,-76.49863404,3.023851243,3,0,60
304.761082,39.00277845,-76.49863384,3.025063668,3,0,60
304.811262,39.00277711,-76.49863364,3.02626524,3,0,60
304.8614536,39.00277576,-76.49863345,3.027454091,3,0,60
304.9116483,39.00277442,-76.49863325,3.028632287,3,0,60
304.9618345,39.00277308,-76.49863306,3.029797337,3,0,60
305.0120117,39.00277173,-76.49863287,3.030951363,3,0,60
305.0621902,39.00277039,-76.49863268,3.032095063,3,0,60
305.1123728,39.00276905,-76.49863249,3.033224623,3,0,60
305.1625618,39.00276771,-76.4986323,3.03434554,3,0,60
305.2127483,39.00276636,-76.49863212,3.035451667,3,0,60
305.2629875,39.00276502,-76.49863194,3.036549076,3,0,60
305.3131735,39.00276367,-76.49863176,3.037635273,3,0,60
305.36349,39.00276233,-76.49863158,3.038711342,3,0,60
305.4136966,39.00276099,-76.49863141,3.039774305,3,0,60
305.4639345,39.00275964,-76.49863123,3.040828707,3,0,60
305.5141571,39.0027583,-76.49863106,3.041871676,3,0,60
305.5643389,39.00275695,-76.49863089,3.042903061,3,0,60
305.6145346,39.00275561,-76.49863072,3.04392489,3,0,60
305.6647142,39.00275427,-76.49863055,3.044936436,3,0,60
305.7149058,39.00275292,-76.49863039,3.045937683,3,0,60
305.7650928,39.00275157,-76.49863022,3.046928827,3,0,60
305.8152652,39.00275023,-76.49863006,3.047910047,3,0,60
305.8654884,39.00274888,-76.4986299,3.048880909,3,0,60
305.9156994,39.00274754,-76.49862974,3.049842902,3,0,60
305.9659299,39.00274619,-76.49862959,3.050793851,3,0,60
306.016111,39.00274485,-76.49862943,3.051736666,3,0,60
306.0663143,39.0027435,-76.49862928,3.052667879,3,0,60
306.1165354,39.00274216,-76.49862912,3.053591603,3,0,60
306.1667304,39.00274081,-76.49862897,3.05450412,3,0,60
306.2169554,39.00273946,-76.49862883,3.055408081,3,0,60
306.2671664,39.00273812,-76.49862868,3.056303332,3,0,60
306.3174105,39.00273677,-76.49862853,3.057189328,3,0,60
306.367654,39.00273542,-76.49862839,3.058064844,3,0,60
306.4178654,39.00273408,-76.49862824,3.058932945,3,0,60
306.4680598,39.00273273,-76.4986281,3.059791387,3,0,60
306.5182397,39.00273138,-76.49862796,3.060641347,3,0,60
306.5684175,39.00273004,-76.49862782,3.061482703,3,0,60
306.6186038,39.00272869,-76.49862769,3.062315761,3,0,60
306.6687855,39.00272734,-76.49862755,3.06313959,3,0,60
306.7190213,39.002726,-76.49862742,3.06395668,3,0,60
306.7692522,39.00272465,-76.49862728,3.064763651,3,0,60
306.8194776,39.0027233,-76.49862715,3.065562184,3,0,60
306.8696774,39.00272196,-76.49862702,3.06635272,3,0,60
306.9198969,39.00272061,-76.49862689,3.067135474,3,0,60
306.9701491,39.00271926,-76.49862677,3.067910838,3,0,60
307.0203513,39.00271791,-76.49862664,3.068677253,3,0,60
307.0705533,39.00271656,-76.49862652,3.069436242,3,0,60
307.1207863,39.00271522,-76.49862639,3.070187185,3,0,60
307.1709895,39.00271387,-76.49862627,3.070930618,3,0,60
307.2211901,39.00271252,-76.49862615,3.071666102,3,0,60
307.2713887,39.00271117,-76.49862603,3.072394481,3,0,60
307.321659,39.00270983,-76.49862591,3.073115178,3,0,60
307.3718676,39.00270848,-76.49862579,3.073828245,3,0,60
307.4220806,39.00270713,-76.49862568,3.074534107,3,0,60
307.4722663,39.00270578,-76.49862556,3.075233313,3,0,60
307.5224511,39.00270443,-76.49862545,3.075923884,3,0,60
307.5726418,39.00270308,-76.49862534,3.076608044,3,0,60
307.6228349,39.00270174,-76.49862523,3.077285381,3,0,60
307.6730085,39.00270039,-76.49862512,3.077956048,3,0,60
307.723214,39.00269904,-76.49862501,3.078618511,3,0,60
307.7733925,39.00269634,-76.49862479,3.07992494,3,0,60
307.8236122,39.00269499,-76.49862469,3.080568512,3,0,60
307.8738461,39.00269364,-76.49862458,3.081204151,3,0,60
307.9240103,39.0026923,-76.49862448,3.081204151,3,0,60
307.974176,39.00269095,-76.49862438,3.082463925,3,0,60
308.0244098,39.0026896,-76.49862427,3.083080494,3,0,60
308.0745972,39.00268825,-76.49862417,3.083690873,3,0,60
308.1248518,39.0026869,-76.49862407,3.084295397,3,0,60
308.175103,39.00268555,-76.49862398,3.084893137,3,0,60
308.2252899,39.0026842,-76.49862388,3.085484089,3,0,60
308.2755001,39.00268285,-76.49862378,3.08606996,3,0,60
308.325681,39.0026815,-76.49862369,3.086648963,3,0,60
308.3758092,39.00268015,-76.49862359,3.087222921,3,0,60
308.4259811,39.0026788,-76.4986235,3.08779033,3,0,60
308.4761438,39.00267746,-76.49862341,3.088351802,3,0,60
308.526337,39.00267611,-76.49862332,3.088907192,3,0,60
308.5765056,39.00267476,-76.49862323,3.089457591,3,0,60
308.6266798,39.00267341,-76.49862314,3.090001415,3,0,60
308.6768587,39.00267206,-76.49862305,3.090540048,3,0,60
308.7270294,39.00267071,-76.49862296,3.091072732,3,0,60
308.7771829,39.00266936,-76.49862288,3.091600679,3,0,60
308.8274152,39.00266801,-76.49862279,3.092122366,3,0,60
308.8775838,39.00266666,-76.49862271,3.092639084,3,0,60
308.9277841,39.00266531,-76.49862262,3.093150136,3,0,60
308.9779635,39.00266396,-76.49862254,3.093656597,3,0,60
309.028125,39.00266261,-76.49862246,3.094156742,3,0,60
309.0782811,39.00266126,-76.49862238,3.094652165,3,0,60
309.1284454,39.00265991,-76.4986223,3.095142982,3,0,60
309.1786198,39.00265856,-76.49862222,3.09562823,3,0,60
309.2288253,39.00265721,-76.49862214,3.096108149,3,0,60
309.2790406,39.00265586,-76.49862206,3.09658301,3,0,60
309.3292156,39.00265451,-76.49862198,3.097053336,3,0,60
309.3794555,39.00265316,-76.49862191,3.097519145,3,0,60
309.4296172,39.00265181,-76.49862183,3.097979093,3,0,60
309.4797817,39.00265046,-76.49862176,3.0984352,3,0,60
309.529934,39.00264911,-76.49862168,3.098886038,3,0,60
309.5800842,39.00264776,-76.49862161,3.099332209,3,0,60
309.6302557,39.00264641,-76.49862154,3.099773832,3,0,60
309.6804121,39.00264506,-76.49862146,3.100210829,3,0,60
309.7305748,39.00264371,-76.49862139,3.100643216,3,0,60
309.780761,39.00264236,-76.49862132,3.10107129,3,0,60
309.8309535,39.00264101,-76.49862125,3.10149473,3,0,60
309.8811621,39.00263966,-76.49862119,3.101913935,3,0,60
309.9313381,39.00263831,-76.49862112,3.102328668,3,0,60
309.9815179,39.00263696,-76.49862105,3.102739167,3,0,60
310.0316767,39.00263561,-76.49862098,3.103145269,3,0,60
310.0819365,39.00263426,-76.49862092,3.103547198,3,0,60
310.1321138,39.00263291,-76.49862085,3.103944896,3,0,60
310.1822955,39.00263156,-76.49862079,3.104339627,3,0,60
310.2325591,39.00263021,-76.49862072,3.104728138,3,0,60
310.2827985,39.00262886,-76.49862066,3.105114001,3,0,60
310.3329667,39.00262751,-76.4986206,3.105494932,3,0,60
310.38316,39.00262616,-76.49862054,3.105872607,3,0,60
310.4333893,39.00262481,-76.49862048,3.106246089,3,0,60
310.483652,39.00262346,-76.49862042,3.106615806,3,0,60
310.5339116,39.00262211,-76.49862036,3.106981336,3,0,60
310.5841351,39.00262076,-76.4986203,3.107343512,3,0,60
310.6343562,39.00261941,-76.49862024,3.107701617,3,0,60
310.6845681,39.00261806,-76.49862018,3.10805616,3,0,60
310.7348013,39.00261671,-76.49862012,3.108406844,3,0,60
310.7850345,39.00261536,-76.49862007,3.108753913,3,0,60
310.8352719,39.00261401,-76.49862001,3.109097268,3,0,60
310.8854651,39.00261266,-76.49861995,3.109437179,3,0,60
310.935621,39.00261131,-76.4986199,3.109773313,3,0,60
310.9858845,39.00260996,-76.49861984,3.110106081,3,0,60
311.036066,39.00260861,-76.49861979,3.110435436,3,0,60
311.0862792,39.00260726,-76.49861974,3.110761539,3,0,60
311.1365013,39.00260591,-76.49861968,3.111083855,3,0,60
311.1868264,39.00260455,-76.49861963,3.111403117,3,0,60
311.2370151,39.0026032,-76.49861958,3.111719126,3,0,60
311.2871953,39.00260185,-76.49861953,3.112031604,3,0,60
311.3373701,39.0026005,-76.49861948,3.112340899,3,0,60
311.3875186,39.00259915,-76.49861943,3.112646681,3,0,60
311.4376717,39.0025978,-76.49861938,3.11294961,3,0,60
311.4878272,39.00259645,-76.49861933,3.113249406,3,0,60
311.5380318,39.0025951,-76.49861928,3.113545654,3,0,60
311.5882129,39.00259375,-76.49861923,3.113839299,3,0,60
311.6383682,39.0025924,-76.49861919,3.114129677,3,0,60
311.6885212,39.00259105,-76.49861914,3.114417043,3,0,60
311.7386904,39.0025897,-76.49861909,3.114701212,3,0,60
311.7888962,39.00258835,-76.49861905,3.114982827,3,0,60
311.8390795,39.002587,-76.498619,3.115260996,3,0,60
311.8892476,39.00258565,-76.49861896,3.115536786,3,0,60
311.939409,39.0025843,-76.49861891,3.1158093,3,0,60
311.9895781,39.00258295,-76.49861887,3.116079077,3,0,60
312.0397873,39.00258159,-76.49861882,3.116345897,3,0,60
312.089949,39.00258024,-76.49861878,3.116610276,3,0,60
312.1401397,39.00257889,-76.49861874,3.116871454,3,0,60
312.190341,39.00257754,-76.49861869,3.117130577,3,0,60
312.2405095,39.00257619,-76.49861865,3.117386339,3,0,60
312.2907472,39.00257484,-76.49861861,3.117639869,3,0,60
312.3409147,39.00257349,-76.49861857,3.117890219,3,0,60
312.391082,39.00257214,-76.49861853,3.118138367,3,0,60
312.4412433,39.00257079,-76.49861849,3.118383728,3,0,60
312.4914242,39.00256944,-76.49861845,3.118626687,3,0,60
312.541598,39.00256809,-76.49861841,3.118867115,3,0,60
312.5917933,39.00256674,-76.49861837,3.119104819,3,0,60
312.6419769,39.00256538,-76.49861833,3.119340134,3,0,60
312.6921607,39.00256403,-76.49861829,3.119573073,3,0,60
312.7423715,39.00256268,-76.49861826,3.119803439,3,0,60
312.7925337,39.00256133,-76.49861822,3.120031547,3,0,60
312.8426893,39.00255998,-76.49861818,3.120257182,3,0,60
312.8928362,39.00255863,-76.49861815,3.120480499,3,0,60
312.9430052,39.00255728,-76.49861811,3.120701462,3,0,60
312.9932376,39.00255593,-76.49861807,3.120920153,3,0,60
313.0434793,39.00255458,-76.49861804,3.121136485,3,0,60
313.0936571,39.00255323,-76.498618,3.121350625,3,0,60
313.1437884,39.00255188,-76.49861797,3.121562477,3,0,60
313.1939977,39.00255053,-76.49861793,3.121772154,3,0,60
313.2442114,39.00254917,-76.4986179,3.12197961,3,0,60
313.2944387,39.00254782,-76.49861787,3.122184942,3,0,60
313.3446037,39.00254647,-76.49861783,3.122388164,3,0,60
313.3948088,39.00254512,-76.4986178,3.122589314,3,0,60
313.4449941,39.00254377,-76.49861777,3.122787999,3,0,60
313.4952068,39.00254242,-76.49861774,3.122985043,3,0,60
313.545384,39.00254107,-76.4986177,3.123179713,3,0,60
313.5955923,39.00253972,-76.49861767,3.12337241,3,0,60
313.6458061,39.00253837,-76.49861764,3.123563108,3,0,60
313.6959965,39.00253702,-76.49861761,3.123751981,3,0,60
313.7461748,39.00253566,-76.49861758,3.123938627,3,0,60
313.796364,39.00253431,-76.49861755,3.124123482,3,0,60
313.8465787,39.00253296,-76.49861752,3.1243063,3,0,60
313.8967695,39.00253161,-76.49861749,3.124487365,3,0,60
313.9469743,39.00253026,-76.49861746,3.124666493,3,0,60
313.9971484,39.00252891,-76.49861743,3.124843692,3,0,60
314.047329,39.00252756,-76.4986174,3.125018871,3,0,60
314.0975038,39.00252621,-76.49861738,3.125192385,3,0,60
314.1477105,39.00252486,-76.49861735,3.125364134,3,0,60
314.1979368,39.00252351,-76.49861732,3.125534014,3,0,60
314.2481196,39.00252216,-76.49861729,3.125702073,3,0,60
314.2983369,39.0025208,-76.49861727,3.125868489,3,0,60
314.3485366,39.00251945,-76.49861724,3.126033051,3,0,60
314.3987576,39.0025181,-76.49861721,3.126196003,3,0,60
314.4489565,39.00251675,-76.49861719,3.126357134,3,0,60
314.4991355,39.0025154,-76.49861716,3.126516654,3,0,60
314.5493769,39.00251405,-76.49861713,3.126674473,3,0,60
314.5995816,39.0025127,-76.49861711,3.126830665,3,0,60
314.6498269,39.00251135,-76.49861708,3.126985237,3,0,60
314.7000607,39.00251,-76.49861706,3.127138288,3,0,60
314.7502733,39.00250864,-76.49861703,3.127289439,3,0,60
314.8005141,39.00250729,-76.49861701,3.127439313,3,0,60
314.8507147,39.00250594,-76.49861698,3.127587364,3,0,60
314.9009414,39.00250459,-76.49861696,3.127734022,3,0,60
314.9511806,39.00250324,-76.49861694,3.127879091,3,0,60
315.0013735,39.00250189,-76.49861691,3.128022699,3,0,60
315.0515855,39.00250054,-76.49861689,3.128164743,3,0,60
315.1017979,39.00249919,-76.49861687,3.128305349,3,0,60
315.1520146,39.00249784,-76.49861684,3.128444464,3,0,60
315.20225,39.00249649,-76.49861682,3.128582243,3,0,60
315.2524531,39.00249513,-76.4986168,3.128718332,3,0,60
315.3026894,39.00249378,-76.49861678,3.128853287,3,0,60
315.352926,39.00249243,-76.49861676,3.128986569,3,0,60
315.4031463,39.00249108,-76.49861673,3.129118658,3,0,60
315.4533337,39.00248973,-76.49861671,3.129249124,3,0,60
315.5035527,39.00248838,-76.49861669,3.129378357,3,0,60
315.5538004,39.00248703,-76.49861667,3.129506305,3,0,60
315.6039763,39.00248568,-76.49861665,3.129506305,3,0,60
315.6541566,39.00248432,-76.49861663,3.129759326,3,0,60
315.7043915,39.00248297,-76.49861661,3.12988342,3,0,60
315.7546485,39.00248162,-76.49861659,3.130005997,3,0,60
315.8048693,39.00248027,-76.49861657,3.130127292,3,0,60
315.8551369,39.00247892,-76.49861655,3.130247335,3,0,60
315.9053745,39.00247757,-76.49861653,3.130366114,3,0,60
315.9556745,39.00247622,-76.49861651,3.130483699,3,0,60
316.0059058,39.00247487,-76.49861649,3.130599897,3,0,60
316.0560859,39.00247352,-76.49861647,3.130715024,3,0,60
316.1063139,39.00247217,-76.49861645,3.13082886,3,0,60
316.1564861,39.00247081,-76.49861644,3.130941562,3,0,60
316.2066914,39.00246947,-76.49861642,3.131053242,3,0,60
316.2569039,39.00246811,-76.4986164,3.131163412,3,0,60
316.3071492,39.00246676,-76.49861638,3.131272723,3,0,60
316.3573857,39.00246541,-76.49861636,3.131380703,3,0,60
316.4075965,39.00246406,-76.49861635,3.131487736,3,0,60
316.4578276,39.00246271,-76.49861633,3.131593425,3,0,60
316.5080379,39.00246136,-76.49861631,3.131698201,3,0,60
316.5582534,39.00246001,-76.4986163,3.131801687,3,0,60
316.6084504,39.00245866,-76.49861628,3.131904265,3,0,60
316.6587205,39.0024573,-76.49861626,3.132005707,3,0,60
316.7089685,39.00245595,-76.49861625,3.132106113,3,0,60
316.7591872,39.0024546,-76.49861623,3.132205429,3,0,60
316.8093998,39.00245325,-76.49861621,3.132303779,3,0,60
316.859614,39.0024519,-76.4986162,3.132401091,3,0,60
316.9098464,39.00245055,-76.49861618,3.132497337,3,0,60
316.9600777,39.0024492,-76.49861617,3.132592476,3,0,60
317.0102793,39.00244785,-76.49861615,3.132686808,3,0,60
317.0604897,39.0024465,-76.49861614,3.132779962,3,0,60
317.1106777,39.00244514,-76.49861612,3.132872242,3,0,60
317.160881,39.00244379,-76.49861611,3.132963544,3,0,60
317.2111212,39.00244244,-76.49861609,3.133053918,3,0,60
317.2613532,39.00244109,-76.49861608,3.13314335,3,0,60
317.3116071,39.00243974,-76.49861606,3.133231875,3,0,60
317.3618602,39.00243839,-76.49861605,3.133319348,3,0,60
317.4120819,39.00243704,-76.49861603,3.133405973,3,0,60
317.4623054,39.00243569,-76.49861602,3.133491698,3,0,60
317.512549,39.00243434,-76.49861601,3.133576562,3,0,60
317.562802,39.00243298,-76.49861599,3.133660461,3,0,60
317.6129818,39.00243163,-76.49861598,3.133743531,3,0,60
317.6632138,39.00243028,-76.49861596,3.133825769,3,0,60
317.7134055,39.00242893,-76.49861595,3.133907123,3,0,60
317.7635956,39.00242758,-76.49861594,3.133987513,3,0,60
317.8138128,39.00242623,-76.49861593,3.134067222,3,0,60
317.8640775,39.00242488,-76.49861591,3.134145959,3,0,60
317.9142566,39.00242353,-76.4986159,3.134224045,3,0,60
317.9645046,39.00242218,-76.49861589,3.134301082,3,0,60
318.0146716,39.00242082,-76.49861587,3.134377457,3,0,60
318.0648864,39.00241947,-76.49861586,3.134452985,3,0,60
318.1150645,39.00241812,-76.49861585,3.134527757,3,0,60
318.1652969,39.00241677,-76.49861584,3.13460176,3,0,60
318.2155394,39.00241542,-76.49861583,3.134674942,3,0,60
318.2657711,39.00241407,-76.49861581,3.134747421,3,0,60
318.3159783,39.00241272,-76.4986158,3.134819066,3,0,60
318.3662243,39.00241137,-76.49861579,3.134889988,3,0,60
318.4164396,39.00241002,-76.49861578,3.134960208,3,0,60
318.4666747,39.00240866,-76.49861577,3.135029629,3,0,60
318.5169121,39.00240731,-76.49861576,3.1350984,3,0,60
318.5671382,39.00240596,-76.49861575,3.135166363,3,0,60
318.6173854,39.00240461,-76.49861573,3.135233685,3,0,60
318.6676205,39.00240326,-76.49861572,3.135300235,3,0,60
318.7178627,39.00240191,-76.49861571,3.135366131,3,0,60
318.7680815,39.00240056,-76.4986157,3.135431327,3,0,60
318.8182938,39.00239921,-76.49861569,3.135495887,3,0,60
318.8684806,39.00239785,-76.49861568,3.13555974,3,0,60
318.9186526,39.0023965,-76.49861567,3.135622927,3,0,60
318.9688593,39.00239515,-76.49861566,3.135685379,3,0,60
319.0190263,39.0023938,-76.49861565,3.135747301,3,0,60
319.0740208,39.0023911,-76.49861563,3.135869027,3,0,60
319.124179,39.00238975,-76.49861562,3.135928957,3,0,60
319.174332,39.0023884,-76.49861561,3.135988324,3,0,60
319.2244939,39.00238705,-76.4986156,3.136046963,3,0,60
319.274662,39.0023857,-76.49861559,3.136105023,3,0,60
319.324874,39.00238434,-76.49861558,3.136162485,3,0,60
319.3750531,39.00238299,-76.49861557,3.136219365,3,0,60
319.4252265,39.00238164,-76.49861556,3.136275659,3,0,60
319.4753815,39.00238029,-76.49861556,3.136331307,3,0,60
319.5255532,39.00237894,-76.49861555,3.136386392,3,0,60
319.5757211,39.00237759,-76.49861554,3.136440956,3,0,60
319.6259733,39.00237624,-76.49861553,3.136494891,3,0,60
319.6761474,39.00237488,-76.49861552,3.136548248,3,0,60
319.7263436,39.00237353,-76.49861551,3.136601133,3,0,60
319.7765062,39.00237218,-76.4986155,3.136653343,3,0,60
319.8267011,39.00237083,-76.49861549,3.136705093,3,0,60
319.8768577,39.00236948,-76.49861549,3.13675624,3,0,60
319.9270284,39.00236813,-76.49861548,3.136806973,3,0,60
319.9772339,39.00236678,-76.49861547,3.136857,3,0,60
320.0274239,39.00236543,-76.49861546,3.136906609,3,0,60
320.0775796,39.00236408,-76.49861545,3.136955755,3,0,60
320.1277983,39.00236273,-76.49861545,3.13700428,3,0,60
320.1780262,39.00236137,-76.49861544,3.137052273,3,0,60
320.2282361,39.00236002,-76.49861543,3.137099805,3,0,60
320.2784474,39.00235867,-76.49861542,3.13714688,3,0,60
320.328719,39.00235732,-76.49861541,3.137193483,3,0,60
320.378913,39.00235597,-76.49861541,3.137239518,3,0,60
320.429181,39.00235462,-76.4986154,3.137285111,3,0,60
320.4793588,39.00235327,-76.49861539,3.137330212,3,0,60
320.5295874,39.00235192,-76.49861539,3.137374823,3,0,60
320.5798159,39.00235057,-76.49861538,3.137418992,3,0,60
320.6300119,39.00234921,-76.49861537,3.137462691,3,0,60
320.680194,39.00234786,-76.49861536,3.137505965,3,0,60
320.7304455,39.00234651,-76.49861536,3.137548723,3,0,60
320.7807006,39.00234516,-76.49861535,3.137591113,3,0,60
320.8308957,39.00234381,-76.49861534,3.137633023,3,0,60
320.881065,39.00234246,-76.49861534,3.137674491,3,0,60
320.9312946,39.00234111,-76.49861533,3.137715473,3,0,60
320.9815208,39.00233976,-76.49861532,3.137756119,3,0,60
321.0317742,39.0023384,-76.49861532,3.137796252,3,0,60
321.0819754,39.00233705,-76.49861531,3.137836016,3,0,60
321.1321623,39.0023357,-76.4986153,3.137875342,3,0,60
321.1823422,39.00233435,-76.4986153,3.137914301,3,0,60
321.2325098,39.002333,-76.49861529,3.13795279,3,0,60
321.2827039,39.00233165,-76.49861528,3.137990942,3,0,60
321.3328887,39.0023303,-76.49861528,3.138028626,3,0,60
321.3830643,39.00232895,-76.49861527,3.138065945,3,0,60
321.4332781,39.0023276,-76.49861527,3.138102877,3,0,60
321.4834703,39.00232624,-76.49861526,3.138139427,3,0,60
321.5336626,39.00232489,-76.49861525,3.138175588,3,0,60
321.5837899,39.00232354,-76.49861525,3.138211373,3,0,60
321.6339759,39.00232219,-76.49861524,3.138246773,3,0,60
321.6841456,39.00232084,-76.49861524,3.138281838,3,0,60
321.7343397,39.00231949,-76.49861523,3.138316535,3,0,60
321.7844998,39.00231814,-76.49861523,3.1383508,3,0,60
321.83467,39.00231679,-76.49861522,3.138384737,3,0,60
321.8848474,39.00231543,-76.49861522,3.138418344,3,0,60
321.9350284,39.00231408,-76.49861521,3.1384516,3,0,60
321.9851992,39.00231273,-76.4986152,3.138484505,3,0,60
322.0353907,39.00231138,-76.4986152,3.138517015,3,0,60
322.0856029,39.00231003,-76.49861519,3.13854925,3,0,60
322.1358277,39.00230868,-76.49861519,3.138581123,3,0,60
322.1860512,39.00230733,-76.49861518,3.138612658,3,0,60
322.236288,39.00230598,-76.49861518,3.138643862,3,0,60
322.2865117,39.00230462,-76.49861517,3.138674738,3,0,60
322.3367402,39.00230327,-76.49861517,3.138705306,3,0,60
322.386977,39.00230192,-76.49861516,3.138735529,3,0,60
322.4371703,39.00230057,-76.49861516,3.138765431,3,0,60
322.4873803,39.00229922,-76.49861515,3.138795039,3,0,60
322.5375815,39.00229787,-76.49861515,3.138824337,3,0,60
322.5877932,39.00229652,-76.49861514,3.138853321,3,0,60
322.6380219,39.00229517,-76.49861514,3.138882005,3,0,60
322.6881917,39.00229382,-76.49861514,3.138882005,3,0,60
322.7384106,39.00229247,-76.49861513,3.138910394,3,0,60
322.7885965,39.00229111,-76.49861513,3.138966858,3,0,60
322.8388236,39.00228976,-76.49861512,3.138994373,3,0,60
322.8890301,39.00228841,-76.49861512,3.139021579,3,0,60
322.9392139,39.00228706,-76.49861511,3.139048497,3,0,60
322.9894372,39.00228571,-76.49861511,3.139075148,3,0,60
323.0396534,39.00228436,-76.4986151,3.139101505,3,0,60
323.0898506,39.00228301,-76.4986151,3.139127602,3,0,60
323.1400101,39.00228166,-76.4986151,3.139153402,3,0,60
323.1902181,39.0022803,-76.49861509,3.13917895,3,0,60
323.2403923,39.00227895,-76.49861509,3.139204244,3,0,60
323.2905972,39.0022776,-76.49861508,3.139229252,3,0,60
323.3408492,39.00227625,-76.49861508,3.139254062,3,0,60
323.39106,39.0022749,-76.49861508,3.139278482,3,0,60
323.4412512,39.00227355,-76.49861507,3.139302729,3,0,60
323.491482,39.0022722,-76.49861507,3.139326702,3,0,60
323.5417463,39.00227085,-76.49861506,3.139350422,3,0,60
323.591923,39.0022695,-76.49861506,3.139373913,3,0,60
323.6421236,39.00226814,-76.49861506,3.139397133,3,0,60
323.6923675,39.00226679,-76.49861505,3.139420133,3,0,60
323.7425812,39.00226544,-76.49861505,3.13944288,3,0,60
323.7927846,39.00226409,-76.49861504,3.139465406,3,0,60
323.8429503,39.00226274,-76.49861504,3.139487665,3,0,60
323.8931335,39.00226139,-76.49861504,3.139509715,3,0,60
323.9433426,39.00226004,-76.49861503,3.139531519,3,0,60
323.9935837,39.00225869,-76.49861503,3.139553115,3,0,60
324.0437782,39.00225733,-76.49861503,3.139574478,3,0,60
324.0939481,39.00225598,-76.49861502,3.139595612,3,0,60
324.1441145,39.00225463,-76.49861502,3.139616513,3,0,60
324.194321,39.00225328,-76.49861502,3.139637233,3,0,60
324.2444998,39.00225193,-76.49861501,3.139657694,3,0,60
324.2946836,39.00225058,-76.49861501,3.139677965,3,0,60
324.3448607,39.00224923,-76.49861501,3.139698003,3,0,60
324.3950676,39.00224788,-76.498615,3.139717852,3,0,60
324.4452391,39.00224653,-76.498615,3.13973749,3,0,60
324.495405,39.00224517,-76.498615,3.139756899,3,0,60
324.5455901,39.00224382,-76.49861499,3.139776135,3,0,60
324.5958577,39.00224247,-76.49861499,3.13979516,3,0,60
324.6460438,39.00224112,-76.49861499,3.139813967,3,0,60
324.6962158,39.00223977,-76.49861499,3.139832597,3,0,60
324.7464465,39.00223842,-76.49861498,3.139851025,3,0,60
324.7966818,39.00223703,-76.49861498,3.139869264,3,0,60
324.8468723,39.00223571,-76.49861498,3.139887781,3,0,60
324.8970872,39.00223436,-76.49861497,3.139905198,3,0,60
324.9472589,39.00223301,-76.49861497,3.139922865,3,0,60
324.9974563,39.00223166,-76.49861497,3.139940345,3,0,60
325.0476965,39.00223031,-76.49861497,3.13995765,3,0,60
325.0979114,39.00222896,-76.49861496,3.139974769,3,0,60
325.1481352,39.00222761,-76.49861496,3.139991694,3,0,60
325.1983425,39.00222626,-76.49861496,3.140008463,3,0,60
325.2485617,39.00222491,-76.49861495,3.140025062,3,0,60
325.2987591,39.00222356,-76.49861495,3.140041483,3,0,60
325.3490034,39.0022222,-76.49861495,3.140057719,3,0,60
325.3991732,39.00222085,-76.49861495,3.140073789,3,0,60
325.4493652,39.0022195,-76.49861494,3.140089702,3,0,60
325.4996143,39.00221815,-76.49861494,3.140105453,3,0,60
325.5498864,39.0022168,-76.49861494,3.140121018,3,0,60
325.6000626,39.00221545,-76.49861494,3.140136417,3,0,60
325.650308,39.0022141,-76.49861493,3.140151662,3,0,60
325.7005107,39.00221275,-76.49861493,3.140166766,3,0,60
325.75076,39.00221139,-76.49861493,3.140181685,3,0,60
325.8009526,39.00221004,-76.49861493,3.140196473,3,0,60
325.8511746,39.00220869,-76.49861492,3.140211088,3,0,60
325.9014494,39.00220734,-76.49861492,3.140225556,3,0,60
325.951726,39.00220599,-76.49861492,3.140239865,3,0,60
326.0019552,39.00220464,-76.49861492,3.140254032,3,0,60
326.0521301,39.00220329,-76.49861491,3.140268049,3,0,60
326.1023271,39.00220194,-76.49861491,3.14028192,3,0,60
326.152517,39.00220059,-76.49861491,3.140295676,3,0,60
326.202765,39.00219923,-76.49861491,3.140309233,3,0,60
326.2529928,39.00219788,-76.49861491,3.140322682,3,0,60
326.303198,39.00219653,-76.4986149,3.140335986,3,0,60
326.3534088,39.00219518,-76.4986149,3.14034914,3,0,60
326.403601,39.00219383,-76.4986149,3.140362161,3,0,60
326.4538027,39.00219248,-76.4986149,3.140375053,3,0,60
326.5039842,39.00219113,-76.4986149,3.140387797,3,0,60
326.5541778,39.00218978,-76.49861489,3.140400422,3,0,60
326.6044064,39.00218842,-76.49861489,3.140412899,3,0,60
326.6546806,39.00218707,-76.49861489,3.140425258,3,0,60
326.7049278,39.00218572,-76.49861489,3.140437485,3,0,60
326.7551405,39.00218437,-76.49861489,3.140449578,3,0,60
326.805318,39.00218302,-76.49861488,3.140461556,3,0,60
326.8555451,39.00218167,-76.49861488,3.140473383,3,0,60
326.9057929,39.00218032,-76.49861488,3.140485104,3,0,60
326.956031,39.00217897,-76.49861488,3.140496726,3,0,60
327.0062039,39.00217762,-76.49861488,3.140508184,3,0,60
327.0564643,39.00217627,-76.49861487,3.14051955,3,0,60
327.1067149,39.00217491,-76.49861487,3.140530777,3,0,60
327.1569332,39.00217356,-76.49861487,3.140541896,3,0,60
327.2071812,39.00217221,-76.49861487,3.140552901,3,0,60
327.2573789,39.00217086,-76.49861487,3.140563788,3,0,60
327.3076219,39.00216951,-76.49861487,3.140574564,3,0,60
327.3579898,39.00216816,-76.49861486,3.140585222,3,0,60
327.4082336,39.00216681,-76.49861486,3.140595776,3,0,60
327.4584539,39.00216546,-76.49861486,3.140606211,3,0,60
327.5086823,39.00216411,-76.49861486,3.140616544,3,0,60
327.5589017,39.00216275,-76.49861486,3.140626764,3,0,60
327.6090967,39.0021614,-76.49861486,3.140636881,3,0,60
327.6593,39.00216005,-76.49861485,3.140646889,3,0,60
327.7095258,39.0021587,-76.49861485,3.140656794,3,0,60
327.7597791,39.00215735,-76.49861485,3.140666591,3,0,60
327.8099936,39.002156,-76.49861485,3.140676292,3,0,60
327.8602087,39.00215465,-76.49861485,3.140685886,3,0,60
327.9104361,39.0021533,-76.49861485,3.140695384,3,0,60
327.9607116,39.00215194,-76.49861484,3.140704778,3,0,60
328.0109303,39.00215059,-76.49861484,3.140714078,3,0,60
328.061126,39.00214924,-76.49861484,3.140723274,3,0,60
328.111309,39.00214789,-76.49861484,3.140732382,3,0,60
328.1614965,39.00214654,-76.49861484,3.140741391,3,0,60
328.2117776,39.00214519,-76.49861484,3.140750305,3,0,60
328.262005,39.00214384,-76.49861484,3.140759123,3,0,60
328.3121917,39.00214249,-76.49861483,3.140767856,3,0,60
328.3623781,39.00214114,-76.49861483,3.14077649,3,0,60
328.4125551,39.00213978,-76.49861483,3.140785039,3,0,60
328.4627723,39.00213843,-76.49861483,3.140793492,3,0,60
328.5129583,39.00213708,-76.49861483,3.140801864,3,0,60
328.5631995,39.00213573,-76.49861483,3.140810143,3,0,60
328.6134106,39.00213438,-76.49861483,3.140818337,3,0,60
328.663589,39.00213303,-76.49861482,3.140826445,3,0,60
328.7137925,39.00213168,-76.49861482,3.140834474,3,0,60
328.7640077,39.00213033,-76.49861482,3.14084241,3,0,60
328.814181,39.00212897,-76.49861482,3.140850269,3,0,60
328.8643593,39.00212762,-76.49861482,3.140858041,3,0,60
328.9145413,39.00212627,-76.49861482,3.140865736,3,0,60
328.964783,39.00212492,-76.49861482,3.140873346,3,0,60
329.014963,39.00212357,-76.49861482,3.140880881,3,0,60
329.0651193,39.00212222,-76.49861481,3.140888333,3,0,60
329.1152999,39.00212087,-76.49861481,3.14089571,3,0,60
329.1655047,39.00211952,-76.49861481,3.140903007,3,0,60
329.2157708,39.00211817,-76.49861481,3.140910231,3,0,60
329.2659834,39.00211681,-76.49861481,3.140917376,3,0,60
329.316189,39.00211546,-76.49861481,3.140924449,3,0,60
329.366448,39.00211411,-76.49861481,3.140931444,3,0,60
329.4167102,39.00211276,-76.49861481,3.140938367,3,0,60
329.4669556,39.00211141,-76.49861481,3.14094522,3,0,60
329.5171958,39.00211006,-76.4986148,3.140952001,3,0,60
329.5674047,39.00210871,-76.4986148,3.140958709,3,0,60
329.6177056,39.00210736,-76.4986148,3.140965349,3,0,60
329.6679178,39.002106,-76.4986148,3.140971916,3,0,60
329.718098,39.00210465,-76.4986148,3.140978419,3,0,60
329.7682913,39.0021033,-76.4986148,3.140984848,3,0,60
329.818496,39.00210195,-76.4986148,3.140991218,3,0,60
329.8686901,39.0021006,-76.4986148,3.140997513,3,0,60
329.9188755,39.00209925,-76.4986148,3.141003748,3,0,60
329.9690823,39.0020979,-76.4986148,3.141009912,3,0,60
330.0193419,39.00209655,-76.49861479,3.141016017,3,0,60
330.0695534,39.0020952,-76.49861479,3.141022054,3,0,60
330.1197586,39.00209384,-76.49861479,3.141028029,3,0,60
330.1699475,39.00209249,-76.49861479,3.141033941,3,0,60
330.2201897,39.00209114,-76.49861479,3.141039793,3,0,60
330.2703931,39.00208979,-76.49861479,3.141039793,3,0,60
330.3206197,39.00208844,-76.49861479,3.141045582,3,0,60
330.370896,39.00208709,-76.49861479,3.141057103,3,0,60
330.4211275,39.00208574,-76.49861479,3.141062712,3,0,60
330.4713261,39.00208439,-76.49861479,3.14106826,3,0,60
330.5215116,39.00208304,-76.49861479,3.141073753,3,0,60
330.5716996,39.00208168,-76.49861478,3.141079182,3,0,60
330.6219245,39.00208033,-76.49861478,3.141084565,3,0,60
330.6721201,39.00207898,-76.49861478,3.141089882,3,0,60
330.7223113,39.00207763,-76.49861478,3.141095151,3,0,60
330.7724908,39.00207628,-76.49861478,3.141100357,3,0,60
330.8227366,39.00207493,-76.49861478,3.141105512,3,0,60
330.8729277,39.00207357,-76.49861478,3.141110615,3,0,60
330.9231158,39.00207223,-76.49861478,3.141115669,3,0,60
330.9734617,39.00206952,-76.49861478,3.1411256,3,0,60
331.0236735,39.00206817,-76.49861478,3.141130489,3,0,60
331.0739462,39.00206682,-76.49861478,3.14113533,3,0,60
331.1241065,39.00206547,-76.49861477,3.141140117,3,0,60
331.1742961,39.00206412,-76.49861477,3.141144857,3,0,60
331.2244671,39.00206277,-76.49861477,3.141149546,3,0,60
331.2746876,39.00206142,-76.49861477,3.141154189,3,0,60
331.3248612,39.00206006,-76.49861477,3.141158777,3,0,60
331.375063,39.00205871,-76.49861477,3.141163326,3,0,60
331.4252384,39.00205736,-76.49861477,3.141167818,3,0,60
331.475428,39.00205601,-76.49861477,3.141172269,3,0,60
331.5256099,39.00205466,-76.49861477,3.141176668,3,0,60
331.5758138,39.00205331,-76.49861477,3.141181026,3,0,60
331.6260284,39.00205196,-76.49861477,3.141185335,3,0,60
331.6762293,39.00205061,-76.49861477,3.141189603,3,0,60
331.7263895,39.00204926,-76.49861477,3.141193821,3,0,60
331.7765486,39.00204791,-76.49861477,3.141198,3,0,60
331.8267009,39.00204655,-76.49861477,3.14120213,3,0,60
331.8768576,39.0020452,-76.49861476,3.14120622,3,0,60
331.9270783,39.00204385,-76.49861476,3.141210267,3,0,60
331.9772579,39.0020425,-76.49861476,3.141214273,3,0,60
332.0274712,39.00204115,-76.49861476,3.141218234,3,0,60
332.0777035,39.0020398,-76.49861476,3.141222157,3,0,60
332.1278196,39.00203845,-76.49861476,3.141226036,3,0,60
332.1780151,39.0020371,-76.49861476,3.141229878,3,0,60
332.2281811,39.00203574,-76.49861476,3.141233673,3,0,60
332.2783696,39.00203439,-76.49861476,3.141237435,3,0,60
332.328539,39.00203304,-76.49861476,3.141241152,3,0,60
332.3787579,39.00203169,-76.49861476,3.141244837,3,0,60
332.4289528,39.00203034,-76.49861476,3.141248477,3,0,60
332.4791988,39.00202899,-76.49861476,3.141252082,3,0,60
332.5294172,39.00202764,-76.49861476,3.141255645,3,0,60
332.579649,39.00202629,-76.49861476,3.141259178,3,0,60
332.6298384,39.00202493,-76.49861476,3.141262669,3,0,60
332.680054,39.00202358,-76.49861476,3.141266125,3,0,60
332.7302611,39.00202223,-76.49861475,3.141269543,3,0,60
332.7804547,39.00202088,-76.49861475,3.141272928,3,0,60
332.8306859,39.00201953,-76.49861475,3.141276274,3,0,60
332.8809257,39.00201818,-76.49861475,3.141279589,3,0,60
332.9311579,39.00201683,-76.49861475,3.141282866,3,0,60
332.9813582,39.00201548,-76.49861475,3.141286113,3,0,60
333.0315671,39.00201413,-76.49861475,3.141289321,3,0,60
333.0817741,39.00201278,-76.49861475,3.141292497,3,0,60
333.131983,39.00201142,-76.49861475,3.141295639,3,0,60
333.1822028,39.00201007,-76.49861475,3.141298753,3,0,60
333.2324069,39.00200872,-76.49861475,3.141301828,3,0,60
333.2826101,39.00200737,-76.49861475,3.141304875,3,0,60
333.3327982,39.00200602,-76.49861475,3.141307889,3,0,60
333.3830154,39.00200467,-76.49861475,3.141310872,3,0,60
333.4332188,39.00200329,-76.49861475,3.141313822,3,0,60
333.4833968,39.00200197,-76.49861475,3.141316797,3,0,60
333.5335976,39.00200061,-76.49861475,3.141319631,3,0,60
333.5837963,39.00199926,-76.49861475,3.14132249,3,0,60
333.6340684,39.00199791,-76.49861475,3.141325318,3,0,60
333.6842526,39.00199656,-76.49861475,3.141328119,3,0,60
333.7344482,39.00199521,-76.49861474,3.141330887,3,0,60
333.7846622,39.00199386,-76.49861474,3.141333629,3,0,60
333.8348518,39.0019925,-76.49861474,3.141336341,3,0,60
333.8850534,39.00199116,-76.49861474,3.141339031,3,0,60
333.9352568,39.00198981,-76.49861474,3.141341681,3,0,60
333.9854606,39.00198845,-76.49861474,3.14134431,3,0,60
334.0357301,39.0019871,-76.49861474,3.14134691,3,0,60
334.0859506,39.00198573,-76.49861474,3.141349486,3,0,60
334.1361274,39.0019844,-76.49861474,3.141352063,3,0,60
334.1863072,39.00198305,-76.49861474,3.141354551,3,0,60
334.2364871,39.0019817,-76.49861474,3.141357045,3,0,60
334.2866618,39.00198035,-76.49861474,3.141359511,3,0,60
334.3368198,39.001979,-76.49861474,3.141361955,3,0,60
334.3870374,39.00197764,-76.49861474,3.141364368,3,0,60
334.437209,39.00197629,-76.49861474,3.141366759,3,0,60
334.4873835,39.00197494,-76.49861474,3.141369124,3,0,60
334.5375525,39.00197359,-76.49861474,3.141371465,3,0,60
334.587727,39.00197224,-76.49861474,3.141373781,3,0,60
334.6379401,39.00197089,-76.49861474,3.141376076,3,0,60
334.6881034,39.00196954,-76.49861474,3.141378343,3,0,60
334.7382806,39.00196819,-76.49861474,3.141380585,3,0,60
334.7884549,39.00196684,-76.49861474,3.141382806,3,0,60
334.8386882,39.00196548,-76.49861474,3.141385004,3,0,60
334.8888733,39.00196413,-76.49861474,3.141387178,3,0,60
334.93907,39.00196278,-76.49861474,3.141389331,3,0,60
334.9893041,39.00196143,-76.49861474,3.14139146,3,0,60
335.0394865,39.00196008,-76.49861474,3.141393566,3,0,60
335.0896698,39.00195873,-76.49861474,3.141395651,3,0,60
335.1398341,39.00195738,-76.49861473,3.141397715,3,0,60
335.1900241,39.00195603,-76.49861473,3.141399756,3,0,60
335.2401785,39.00195467,-76.49861473,3.141401777,3,0,60
335.2903895,39.00195332,-76.49861473,3.141403775,3,0,60
335.3405574,39.00195197,-76.49861473,3.141405753,3,0,60
335.3907454,39.00195062,-76.49861473,3.141407712,3,0,60
335.4409155,39.00194927,-76.49861473,3.141409647,3,0,60
335.4910876,39.00194792,-76.49861473,3.141411563,3,0,60
335.5413238,39.00194657,-76.49861473,3.14141346,3,0,60
335.5914962,39.00194522,-76.49861473,3.141415336,3,0,60
335.6416643,39.00194387,-76.49861473,3.141417194,3,0,60
335.6917931,39.00194251,-76.49861473,3.141419031,3,0,60
335.7419691,39.00194116,-76.49861473,3.14142085,3,0,60
335.7921274,39.00193981,-76.49861473,3.141422649,3,0,60
335.8423015,39.00193846,-76.49861473,3.141424429,3,0,60
335.892465,39.00193711,-76.49861473,3.14142619,3,0,60
335.9426455,39.00193576,-76.49861473,3.141427934,3,0,60
335.9928121,39.00193441,-76.49861473,3.141429658,3,0,60
336.0429982,39.00193306,-76.49861473,3.141431366,3,0,60
336.0931535,39.00193171,-76.49861473,3.141433054,3,0,60
336.1433477,39.00193035,-76.49861473,3.141434725,3,0,60
336.1935176,39.001929,-76.49861473,3.14143638,3,0,60
336.2437185,39.00192765,-76.49861473,3.141438016,3,0,60
336.2939684,39.0019263,-76.49861473,3.141439635,3,0,60
336.3441532,39.00192495,-76.49861473,3.141441237,3,0,60
336.3943468,39.0019236,-76.49861473,3.141442824,3,0,60
336.4445148,39.00192225,-76.49861473,3.141444392,3,0,60
336.4947111,39.0019209,-76.49861473,3.141445946,3,0,60
336.5449314,39.00191954,-76.49861473,3.14144748,3,0,60
336.5951568,39.00191819,-76.49861473,3.141449002,3,0,60
336.6453683,39.00191684,-76.49861473,3.141450505,3,0,60
336.6955531,39.00191549,-76.49861473,3.141451994,3,0,60
336.7457834,39.00191414,-76.49861473,3.141453466,3,0,60
336.7959744,39.00191279,-76.49861473,3.141454925,3,0,60
336.8461737,39.00191144,-76.49861473,3.141456366,3,0,60
336.8963535,39.00191009,-76.49861473,3.141457794,3,0,60
336.9465389,39.00190874,-76.49861473,3.141459206,3,0,60
336.996742,39.00190738,-76.49861473,3.141460604,3,0,60
337.0469647,39.00190603,-76.49861473,3.141461986,3,0,60
337.0971521,39.00190468,-76.49861473,3.141463354,3,0,60
337.1473593,39.00190333,-76.49861472,3.141464708,3,0,60
337.1975292,39.00190198,-76.49861472,3.141466049,3,0,60
337.2476848,39.00190063,-76.49861472,3.141467374,3,0,60
337.2979262,39.00189928,-76.49861472,3.141468686,3,0,60
337.3480804,39.00189793,-76.49861472,3.141469985,3,0,60
337.3982845,39.00189657,-76.49861472,3.141471269,3,0,60
337.4484545,39.00189522,-76.49861472,3.14147254,3,0,60
337.4987299,39.00189387,-76.49861472,3.141473798,3,0,60
337.5489194,39.00189252,-76.49861472,3.141475043,3,0,60
337.5990952,39.00189117,-76.49861472,3.141476274,3,0,60
337.6492648,39.00188982,-76.49861472,3.141477493,3,0,60
337.6994601,39.00188847,-76.49861472,3.141478699,3,0,60
337.7497088,39.00188712,-76.49861472,3.141479892,3,0,60
337.7998926,39.00188577,-76.49861472,3.141479892,3,0,60
337.85006,39.00188441,-76.49861472,3.141481073,3,0,60
337.9002686,39.00188306,-76.49861472,3.141483423,3,0,60
337.9505082,39.00188171,-76.49861472,3.141484566,3,0,60
338.0007237,39.00188036,-76.49861472,3.141485698,3,0,60
338.0508879,39.00187901,-76.49861472,3.14148682,3,0,60
338.1010997,39.00187766,-76.49861472,3.141487926,3,0,60
338.1513266,39.00187631,-76.49861472,3.141489023,3,0,60
338.2015651,39.00187496,-76.49861472,3.141490109,3,0,60
338.2517955,39.0018736,-76.49861472,3.141491182,3,0,60
338.3020278,39.00187225,-76.49861472,3.141492245,3,0,60
338.3522097,39.0018709,-76.49861472,3.141493296,3,0,60
338.4024072,39.00186955,-76.49861472,3.141494337,3,0,60
338.4526618,39.0018682,-76.49861472,3.141495368,3,0,60
338.502834,39.00186685,-76.49861472,3.141496385,3,0,60
338.5530291,39.0018655,-76.49861472,3.141497393,3,0,60
338.603198,39.00186415,-76.49861472,3.141498391,3,0,60
338.6534092,39.0018628,-76.49861472,3.141499378,3,0,60
338.7036172,39.00186145,-76.49861472,3.141500355,3,0,60
338.7537912,39.00186009,-76.49861472,3.141501321,3,0,60
338.8039629,39.00185874,-76.49861472,3.141502278,3,0,60
338.8541393,39.00185739,-76.49861472,3.141503224,3,0,60
338.9043589,39.00185604,-76.49861472,3.141504161,3,0,60
338.9545835,39.00185469,-76.49861472,3.141505087,3,0,60
339.004783,39.00185334,-76.49861472,3.141506004,3,0,60
339.0549604,39.00185199,-76.49861472,3.141506911,3,0,60
339.1051305,39.00185064,-76.49861472,3.14150781,3,0,60
339.1553059,39.00184928,-76.49861472,3.141508698,3,0,60
339.2054869,39.00184793,-76.49861472,3.141509577,3,0,60
339.255677,39.00184658,-76.49861472,3.141510448,3,0,60
339.3058975,39.00184523,-76.49861472,3.141511309,3,0,60
339.3560885,39.00184388,-76.49861472,3.141512161,3,0,60
339.4062737,39.00184253,-76.49861472,3.141513003,3,0,60
339.4564499,39.00184118,-76.49861472,3.141513838,3,0,60
339.5066431,39.00183983,-76.49861472,3.141514663,3,0,60
339.5568677,39.00183847,-76.49861472,3.141515479,3,0,60
339.607058,39.00183712,-76.49861472,3.141516289,3,0,60
339.6572627,39.00183577,-76.49861472,3.141517088,3,0,60
339.7074468,39.00183442,-76.49861472,3.141517879,3,0,60
339.7576163,39.00183307,-76.49861472,3.141518662,3,0,60
339.8077929,39.00183172,-76.49861472,3.141519436,3,0,60
339.8580236,39.00183037,-76.49861472,3.141520203,3,0,60
339.9082068,39.00182902,-76.49861472,3.141520962,3,0,60
339.9583981,39.00182767,-76.49861472,3.141521713,3,0,60
340.008584,39.00182631,-76.49861472,3.141522455,3,0,60
340.0588345,39.00182496,-76.49861472,3.14152319,3,0,60
340.1090476,39.00182361,-76.49861472,3.141523918,3,0,60
340.1592489,39.00182226,-76.49861472,3.141524638,3,0,60
340.2094335,39.00182091,-76.49861472,3.141525351,3,0,60
340.2596201,39.00181956,-76.49861472,3.141526055,3,0,60
340.3098182,39.00181821,-76.49861472,3.141526752,3,0,60
340.3600858,39.00181686,-76.49861472,3.141527442,3,0,60
340.4103093,39.00181551,-76.49861472,3.141528125,3,0,60
340.4605391,39.00181415,-76.49861472,3.141528801,3,0,60
340.5107144,39.0018128,-76.49861472,3.14152947,3,0,60
340.5609305,39.00181145,-76.49861472,3.141530131,3,0,60
340.6111192,39.0018101,-76.49861472,3.141530786,3,0,60
340.661312,39.00180875,-76.49861472,3.141531434,3,0,60
340.711508,39.0018074,-76.49861472,3.141532076,3,0,60
340.7616877,39.00180605,-76.49861472,3.141532709,3,0,60
340.8119475,39.0018047,-76.49861472,3.141533337,3,0,60
340.8621522,39.00180334,-76.49861472,3.141533958,3,0,60
340.9123678,39.00180199,-76.49861472,3.141534573,3,0,60
340.9625882,39.00180064,-76.49861472,3.141535181,3,0,60
341.0128051,39.00179929,-76.49861472,3.141535783,3,0,60
341.0630297,39.00179794,-76.49861472,3.141536378,3,0,60
341.1132446,39.00179659,-76.49861472,3.141536968,3,0,60
341.1634981,39.00179524,-76.49861472,3.141537551,3,0,60
341.2137122,39.00179389,-76.49861472,3.141538128,3,0,60
341.2639183,39.00179254,-76.49861471,3.141538699,3,0,60
341.3141539,39.00179118,-76.49861471,3.141539264,3,0,60
341.3643885,39.00178983,-76.49861471,3.141539823,3,0,60
341.414589,39.00178848,-76.49861471,3.141540377,3,0,60
341.4648365,39.00178713,-76.49861471,3.141540924,3,0,60
341.5150417,39.00178578,-76.49861471,3.141541465,3,0,60
341.5652464,39.00178443,-76.49861471,3.141542002,3,0,60
341.6154984,39.00178308,-76.49861471,3.141542532,3,0,60
341.6657381,39.00178173,-76.49861471,3.141543057,3,0,60
341.7159632,39.00178037,-76.49861471,3.141543576,3,0,60
341.7662023,39.00177902,-76.49861471,3.141544091,3,0,60
341.8164477,39.00177767,-76.49861471,3.141544599,3,0,60
341.8667031,39.00177632,-76.49861471,3.141545102,3,0,60
341.9169199,39.00177497,-76.49861471,3.1415456,3,0,60
341.967111,39.00177362,-76.49861471,3.141546093,3,0,60
342.017342,39.00177227,-76.49861471,3.14154658,3,0,60
342.0675528,39.00177092,-76.49861471,3.141547063,3,0,60
342.117787,39.00176957,-76.49861471,3.14154754,3,0,60
342.1680009,39.00176821,-76.49861471,3.141548013,3,0,60
342.2181934,39.00176686,-76.49861471,3.14154848,3,0,60
342.2684179,39.00176551,-76.49861471,3.141548943,3,0,60
342.3186444,39.00176416,-76.49861471,3.141549401,3,0,60
342.3688653,39.00176281,-76.49861471,3.141549854,3,0,60
342.4190947,39.00176146,-76.49861471,3.141550302,3,0,60
342.46932,39.00176011,-76.49861471,3.141550745,3,0,60
342.5195328,39.00175876,-76.49861471,3.141551184,3,0,60
342.5696992,39.0017574,-76.49861471,3.141551619,3,0,60
342.6198961,39.00175605,-76.49861471,3.141552048,3,0,60
342.6701212,39.0017547,-76.49861471,3.141552473,3,0,60
342.7203361,39.00175335,-76.49861471,3.141552894,3,0,60
342.7705589,39.001752,-76.49861471,3.14155331,3,0,60
342.8207968,39.00175065,-76.49861471,3.141553722,3,0,60
342.8710141,39.0017493,-76.49861471,3.14155413,3,0,60
342.9212835,39.00174795,-76.49861471,3.141554534,3,0,60
342.9714647,39.0017466,-76.49861471,3.141554933,3,0,60
343.0217359,39.00174524,-76.49861471,3.141555328,3,0,60
343.0720214,39.00174389,-76.49861471,3.141555718,3,0,60
343.122238,39.00174254,-76.49861471,3.141556105,3,0,60
343.1724673,39.00174119,-76.49861471,3.141556488,3,0,60
343.2226871,39.00173984,-76.49861471,3.141556867,3,0,60
343.2729044,39.00173849,-76.49861471,3.141557241,3,0,60
343.3230913,39.00173714,-76.49861471,3.141557612,3,0,60
343.3732916,39.00173579,-76.49861471,3.14155798,3,0,60
343.4234787,39.00173308,-76.49861471,3.141558702,3,0,60
343.4736709,39.00173173,-76.49861471,3.141559057,3,0,60
343.5238644,39.00173038,-76.49861471,3.141559409,3,0,60
343.5740326,39.00172903,-76.49861471,3.141559757,3,0,60
343.624213,39.00172768,-76.49861471,3.141560102,3,0,60
343.6743751,39.00172633,-76.49861471,3.141560443,3,0,60
343.7245527,39.00172498,-76.49861471,3.14156078,3,0,60
343.7747409,39.00172363,-76.49861471,3.141561114,3,0,60
343.8249122,39.00172227,-76.49861471,3.141561444,3,0,60
343.8750797,39.00172092,-76.49861471,3.141561771,3,0,60
343.9252527,39.00171957,-76.49861471,3.141562094,3,0,60
343.9755082,39.00171822,-76.49861471,3.141562414,3,0,60
344.0256807,39.00171687,-76.49861471,3.141562731,3,0,60
344.0757953,39.00171552,-76.49861471,3.141563044,3,0,60
344.125956,39.00171417,-76.49861471,3.141563354,3,0,60
344.1761214,39.00171282,-76.49861471,3.141563661,3,0,60
344.226363,39.00171146,-76.49861471,3.141563965,3,0,60
344.2765819,39.00171011,-76.49861471,3.141564265,3,0,60
344.326827,39.00170876,-76.49861471,3.141564563,3,0,60
344.3769936,39.00170741,-76.49861471,3.141564857,3,0,60
344.4271658,39.00170606,-76.49861471,3.141565148,3,0,60
344.4773435,39.00170471,-76.49861471,3.141565436,3,0,60
344.5275222,39.00170336,-76.49861471,3.141565721,3,0,60
344.5776883,39.00170201,-76.49861471,3.141566003,3,0,60
344.6277855,39.00170066,-76.49861471,3.141566282,3,0,60
344.678006,39.00169931,-76.49861471,3.141566558,3,0,60
344.7281908,39.00169795,-76.49861471,3.141566831,3,0,60
344.7783678,39.0016966,-76.49861471,3.141567102,3,0,60
344.8285473,39.00169525,-76.49861471,3.141567369,3,0,60
344.8787152,39.0016939,-76.49861471,3.141567634,3,0,60
344.928873,39.00169255,-76.49861471,3.141567896,3,0,60
344.9790357,39.0016912,-76.49861471,3.141568155,3,0,60
345.0292748,39.00168985,-76.49861471,3.141568412,3,0,60
345.0794409,39.0016885,-76.49861471,3.141568666,3,0,60
345.1296721,39.00168714,-76.49861471,3.141568917,3,0,60
345.1798288,39.00168579,-76.49861471,3.141569165,3,0,60
345.2300118,39.00168444,-76.49861471,3.141569412,3,0,60
345.2801678,39.00168309,-76.49861471,3.141569655,3,0,60
345.3303464,39.00168174,-76.49861471,3.141569896,3,0,60
345.3805221,39.00168039,-76.49861471,3.141570134,3,0,60
345.4306884,39.00167904,-76.49861471,3.141570134,3,0,60
345.4808427,39.00167769,-76.49861471,3.14157037,3,0,60
345.5310176,39.00167634,-76.49861471,3.141570839,3,0,60
345.5812019,39.00167498,-76.49861471,3.141571068,3,0,60
345.6313666,39.00167363,-76.49861471,3.141571293,3,0,60
345.6815227,39.00167228,-76.49861471,3.141571517,3,0,60
345.7316766,39.00167093,-76.49861471,3.141571738,3,0,60
345.7818307,39.00166958,-76.49861471,3.141571958,3,0,60
345.8319884,39.00166823,-76.49861471,3.141572174,3,0,60
345.8821823,39.00166688,-76.49861471,3.141572389,3,0,60
345.9323485,39.00166553,-76.49861471,3.141572601,3,0,60
345.9824936,39.00166418,-76.49861471,3.141572811,3,0,60
346.0326908,39.00166282,-76.49861471,3.141573019,3,0,60
346.0828647,39.00166147,-76.49861471,3.141573224,3,0,60
346.1330261,39.00166012,-76.49861471,3.141573428,3,0,60
346.1832165,39.00165877,-76.49861471,3.141573629,3,0,60
346.2333748,39.00165742,-76.49861471,3.141573828,3,0,60
346.2835397,39.00165607,-76.49861471,3.141574026,3,0,60
346.3337075,39.00165472,-76.49861471,3.141574221,3,0,60
346.3838206,39.00165337,-76.49861471,3.141574414,3,0,60
346.4340011,39.00165201,-76.49861471,3.141574605,3,0,60
346.484177,39.00165066,-76.49861471,3.141574794,3,0,60
346.5343799,39.00164931,-76.49861471,3.141574981,3,0,60
346.5845809,39.00164796,-76.49861471,3.141575166,3,0,60
346.634764,39.00164661,-76.49861471,3.141575349,3,0,60
346.6849767,39.00164526,-76.49861471,3.14157553,3,0,60
346.735191,39.00164391,-76.49861471,3.141575709,3,0,60
346.7853924,39.00164256,-76.49861471,3.141575887,3,0,60
346.8355601,39.0016412,-76.49861471,3.141576062,3,0,60
346.8857485,39.00163985,-76.49861471,3.141576236,3,0,60
346.9359042,39.0016385,-76.49861471,3.141576408,3,0,60
346.9860588,39.00163715,-76.49861471,3.141576578,3,0,60
347.0362123,39.0016358,-76.49861471,3.141576746,3,0,60
347.0863783,39.00163445,-76.49861471,3.141576913,3,0,60
347.1365317,39.0016331,-76.49861471,3.141577078,3,0,60
347.1866821,39.00163175,-76.49861471,3.141577241,3,0,60
347.2368429,39.0016304,-76.49861471,3.141577402,3,0,60
347.2871049,39.00162904,-76.49861471,3.141577562,3,0,60
347.3372707,39.00162769,-76.49861471,3.14157772,3,0,60
347.3874412,39.00162634,-76.49861471,3.141577877,3,0,60
347.4376086,39.00162499,-76.49861471,3.141578031,3,0,60
347.4877965,39.00162364,-76.49861471,3.141578185,3,0,60
347.5379682,39.00162229,-76.49861471,3.141578336,3,0,60
347.5881337,39.00162094,-76.49861471,3.141578486,3,0,60
347.6382997,39.00161959,-76.49861471,3.141578634,3,0,60
347.6884638,39.00161824,-76.49861471,3.141578781,3,0,60
347.7386489,39.00161688,-76.49861471,3.141578926,3,0,60
347.7888055,39.00161553,-76.49861471,3.14157907,3,0,60
347.8389621,39.00161418,-76.49861471,3.141579212,3,0,60
347.8891199,39.00161283,-76.49861471,3.141579353,3,0,60
347.9392801,39.00161148,-76.49861471,3.141579492,3,0,60
347.9894341,39.00161013,-76.49861471,3.14157963,3,0,60
348.0395949,39.00160878,-76.49861471,3.141579767,3,0,60
348.0897906,39.00160743,-76.49861471,3.141579902,3,0,60
348.1399811,39.00160608,-76.49861471,3.141580035,3,0,60
348.1901967,39.00160472,-76.49861471,3.141580167,3,0,60
348.2404212,39.00160337,-76.49861471,3.141580298,3,0,60
348.2906183,39.00160202,-76.49861471,3.141580427,3,0,60
348.3408368,39.00160067,-76.49861471,3.141580555,3,0,60
348.3910482,39.00159932,-76.49861471,3.141580682,3,0,60
348.4412776,39.00159797,-76.49861471,3.141580808,3,0,60
348.4914898,39.00159662,-76.49861471,3.141580932,3,0,60
348.5417503,39.00159527,-76.49861471,3.141581054,3,0,60
348.5919858,39.00159391,-76.49861471,3.141581176,3,0,60
348.6421757,39.00159256,-76.49861471,3.141581296,3,0,60
348.69236,39.00159121,-76.49861471,3.141581415,3,0,60
348.7425679,39.00158986,-76.49861471,3.141581532,3,0,60
348.7928222,39.00158851,-76.49861471,3.141581649,3,0,60
348.843033,39.00158716,-76.49861471,3.141581764,3,0,60
348.8932242,39.00158581,-76.49861471,3.141581878,3,0,60
348.9433869,39.00158446,-76.49861471,3.141581991,3,0,60
348.9935664,39.0015831,-76.49861471,3.141582103,3,0,60
349.0437775,39.00158175,-76.49861471,3.141582213,3,0,60
349.0939573,39.0015804,-76.49861471,3.141582323,3,0,60
349.1441312,39.00157905,-76.49861471,3.141582431,3,0,60
349.1943405,39.0015777,-76.49861471,3.141582538,3,0,60
349.2445208,39.00157635,-76.49861471,3.141582644,3,0,60
349.2947419,39.001575,-76.49861471,3.141582749,3,0,60
349.3449436,39.00157365,-76.49861471,3.141582852,3,0,60
349.3951859,39.0015723,-76.49861471,3.141582955,3,0,60
349.4453588,39.00157094,-76.49861471,3.141583057,3,0,60
349.4955312,39.00156959,-76.49861471,3.141583157,3,0,60
349.5456918,39.00156824,-76.49861471,3.141583256,3,0,60
349.5957869,39.00156689,-76.49861471,3.141583355,3,0,60
349.6459517,39.00156554,-76.49861471,3.141583452,3,0,60
349.6961123,39.00156419,-76.49861471,3.141583549,3,0,60
349.7462811,39.00156284,-76.49861471,3.141583644,3,0,60
349.7964448,39.00156149,-76.49861471,3.141583738,3,0,60
349.8466038,39.00156013,-76.49861471,3.141583832,3,0,60
349.8967972,39.00155878,-76.49861471,3.141583924,3,0,60
349.9469572,39.00155743,-76.49861471,3.141584015,3,0,60
349.9971149,39.00155608,-76.49861471,3.141584106,3,0,60
350.0472702,39.00155473,-76.49861471,3.141584195,3,0,60
350.0974277,39.00155338,-76.49861471,3.141584284,3,0,60
350.1475755,39.00155203,-76.49861471,3.141584372,3,0,60
350.1977452,39.00155068,-76.49861471,3.141584458,3,0,60
350.2478902,39.00154933,-76.49861471,3.141584544,3,0,60
350.2980514,39.00154797,-76.49861471,3.141584629,3,0,60
350.3481987,39.00154662,-76.49861471,3.141584713,3,0,60
350.3983714,39.00154527,-76.49861471,3.141584796,3,0,60
350.4485417,39.00154392,-76.49861471,3.141584879,3,0,60
350.4987136,39.00154257,-76.49861471,3.14158496,3,0,60
350.5488688,39.00154122,-76.49861471,3.14158504,3,0,60
350.5990395,39.00153987,-76.49861471,3.14158512,3,0,60
350.6492001,39.00153852,-76.49861471,3.141585199,3,0,60
350.6993814,39.00153717,-76.49861471,3.141585277,3,0,60
350.7495487,39.00153581,-76.49861471,3.141585354,3,0,60
350.7997098,39.00153446,-76.49861471,3.141585431,3,0,60
350.8499085,39.00153311,-76.49861471,3.141585506,3,0,60
350.9001229,39.00153176,-76.49861471,3.141585581,3,0,60
350.9502962,39.00153041,-76.49861471,3.141585655,3,0,60
351.000467,39.00152906,-76.49861471,3.141585729,3,0,60
351.050665,39.00152771,-76.49861471,3.141585801,3,0,60
351.1008335,39.00152636,-76.49861471,3.141585873,3,0,60
351.1510185,39.001525,-76.49861471,3.141585944,3,0,60
351.2011963,39.00152365,-76.49861471,3.141586014,3,0,60
351.2514208,39.0015223,-76.49861471,3.141586084,3,0,60
351.3016639,39.00152095,-76.49861471,3.141586153,3,0,60
351.351832,39.0015196,-76.49861471,3.141586221,3,0,60
351.402036,39.00151825,-76.49861471,3.141586288,3,0,60
351.4522041,39.0015169,-76.49861471,3.141586355,3,0,60
351.5023896,39.00151555,-76.49861471,3.141586421,3,0,60
351.5525637,39.0015142,-76.49861471,3.141586486,3,0,60
351.6027536,39.00151285,-76.49861471,3.141586551,3,0,60
351.6529264,39.00151149,-76.49861471,3.141586614,3,0,60
351.7031274,39.00151014,-76.49861471,3.141586678,3,0,60
351.7533102,39.00150879,-76.49861471,3.14158674,3,0,60
351.8035075,39.00150744,-76.49861471,3.141586802,3,0,60
351.8537418,39.00150609,-76.49861471,3.141586863,3,0,60
351.9039808,39.00150474,-76.49861471,3.141586924,3,0,60
351.9541599,39.00150339,-76.49861471,3.141586984,3,0,60
352.0043748,39.00150204,-76.49861471,3.141587043,3,0,60
352.0546417,39.00150068,-76.49861471,3.141587102,3,0,60
352.1048629,39.00149933,-76.49861471,3.14158716,3,0,60
352.1550571,39.00149798,-76.49861471,3.141587218,3,0,60
352.2052992,39.00149663,-76.49861471,3.141587275,3,0,60
352.255521,39.00149528,-76.49861471,3.141587331,3,0,60
352.3057209,39.00149393,-76.49861471,3.141587387,3,0,60
352.3559053,39.00149258,-76.49861471,3.141587442,3,0,60
352.406085,39.00149123,-76.49861471,3.141587496,3,0,60
352.4562561,39.00148988,-76.49861471,3.141587551,3,0,60
352.5065304,39.00148852,-76.49861471,3.141587604,3,0,60
352.556711,39.00148717,-76.49861471,3.141587657,3,0,60
352.606883,39.00148582,-76.49861471,3.141587709,3,0,60
352.6570471,39.00148447,-76.49861471,3.141587761,3,0,60
352.7072195,39.00148312,-76.49861471,3.141587812,3,0,60
352.7574401,39.00148177,-76.49861471,3.141587863,3,0,60
352.8076457,39.00148042,-76.49861471,3.141587913,3,0,60
352.8578316,39.00147907,-76.49861471,3.141587963,3,0,60
352.9080179,39.00147771,-76.49861471,3.141588012,3,0,60
352.9582016,39.00147636,-76.49861471,3.14158806,3,0,60
353.0084075,39.00147501,-76.49861471,3.141588108,3,0,60
353.0585975,39.00147366,-76.49861471,3.141588156,3,0,60
353.1088321,39.00147231,-76.49861471,3.141588203,3,0,60
353.159024,39.00147096,-76.49861471,3.14158825,3,0,60
353.2092122,39.00146961,-76.49861471,3.14158825,3,0,60
353.2593922,39.00146826,-76.49861471,3.141588342,3,0,60
353.3096465,39.0014669,-76.49861471,3.141588387,3,0,60
353.3598513,39.00146555,-76.49861471,3.141588432,3,0,60
353.4100327,39.0014642,-76.49861471,3.141588476,3,0,60
353.4602125,39.00146285,-76.49861471,3.14158852,3,0,60
353.510453,39.0014615,-76.49861471,3.141588563,3,0,60
353.5606504,39.00146015,-76.49861471,3.141588606,3,0,60
353.6108478,39.0014588,-76.49861471,3.141588648,3,0,60
353.6610145,39.00145745,-76.49861471,3.14158869,3,0,60
353.7112278,39.0014561,-76.49861471,3.141588732,3,0,60
353.7614647,39.00145475,-76.49861471,3.141588773,3,0,60
353.8116779,39.00145339,-76.49861471,3.141588813,3,0,60
353.8619061,39.00145204,-76.49861471,3.141588854,3,0,60
353.9120885,39.00145069,-76.49861471,3.141588893,3,0,60
353.9623012,39.00144934,-76.49861471,3.141588933,3,0,60
354.0125183,39.00144799,-76.49861471,3.141588972,3,0,60
354.0627723,39.00144664,-76.49861471,3.14158901,3,0,60
354.1129195,39.00144529,-76.49861471,3.141589049,3,0,60
354.1630999,39.00144394,-76.49861471,3.141589086,3,0,60
354.2133014,39.00144258,-76.49861471,3.141589124,3,0,60
354.2634933,39.00144123,-76.49861471,3.141589161,3,0,60
354.3137313,39.00143988,-76.49861471,3.141589197,3,0,60
354.3639029,39.00143853,-76.49861471,3.141589233,3,0,60
354.4141392,39.00143718,-76.49861471,3.141589269,3,0,60
354.4643237,39.00143583,-76.49861471,3.141589305,3,0,60
354.5145451,39.00143448,-76.49861471,3.14158934,3,0,60
354.5647962,39.00143312,-76.49861471,3.141589374,3,0,60
354.6150156,39.00143177,-76.49861471,3.141589409,3,0,60
354.6652937,39.00143042,-76.49861471,3.141589443,3,0,60
354.715551,39.00142907,-76.49861471,3.141589476,3,0,60
354.7658111,39.00142772,-76.49861471,3.14158951,3,0,60
354.8159918,39.00142637,-76.49861471,3.141589542,3,0,60
354.8661735,39.00142502,-76.49861471,3.141589575,3,0,60
354.9163425,39.00142367,-76.49861471,3.141589607,3,0,60
354.9665869,39.00142232,-76.49861471,3.141589639,3,0,60
355.0168209,39.00142096,-76.49861471,3.141589671,3,0,60
355.0670459,39.00141961,-76.49861471,3.141589702,3,0,60
355.1172921,39.00141826,-76.49861471,3.141589733,3,0,60
355.1675437,39.00141691,-76.49861471,3.141589764,3,0,60
355.2177776,39.00141556,-76.49861471,3.141589794,3,0,60
355.2679666,39.00141421,-76.49861471,3.141589824,3,0,60
355.318159,39.00141286,-76.49861471,3.141589853,3,0,60
355.3683445,39.00141151,-76.49861471,3.141589883,3,0,60
355.4185312,39.00141016,-76.49861471,3.141589912,3,0,60
355.4687785,39.00140881,-76.49861471,3.14158994,3,0,60
355.5189695,39.00140745,-76.49861471,3.141589969,3,0,60
355.569155,39.0014061,-76.49861471,3.141589997,3,0,60
355.6193387,39.00140475,-76.49861471,3.141590025,3,0,60
355.6695653,39.0014034,-76.49861471,3.141590052,3,0,60
355.7197978,39.00140205,-76.49861471,3.14159008,3,0,60
355.7700159,39.0014007,-76.49861471,3.141590106,3,0,60
355.8202231,39.00139935,-76.49861471,3.141590133,3,0,60
355.8704191,39.00139799,-76.49861471,3.141590159,3,0,60
355.9206529,39.00139665,-76.49861471,3.141590186,3,0,60
355.9709192,39.00139529,-76.49861471,3.141590212,3,0,60
356.0211125,39.00139394,-76.49861471,3.141590237,3,0,60
356.0713166,39.00139259,-76.49861471,3.141590262,3,0,60
356.1214953,39.00139124,-76.49861471,3.141590287,3,0,60
356.1717316,39.00138989,-76.49861471,3.141590312,3,0,60
356.2220108,39.00138854,-76.49861471,3.141590337,3,0,60
356.2722239,39.00138719,-76.49861471,3.141590361,3,0,60
356.3224245,39.00138583,-76.49861471,3.141590385,3,0,60
356.3726114,39.00138448,-76.49861471,3.141590409,3,0,60
356.4228304,39.00138313,-76.49861471,3.141590432,3,0,60
356.4730415,39.00138178,-76.49861471,3.141590455,3,0,60
356.5232465,39.00137908,-76.49861471,3.141590501,3,0,60
356.5734839,39.00137773,-76.49861471,3.141590524,3,0,60
356.6237104,39.00137638,-76.49861471,3.141590546,3,0,60
356.6739398,39.00137503,-76.49861471,3.141590568,3,0,60
356.7241566,39.00137367,-76.49861471,3.14159059,3,0,60
356.7743904,39.00137232,-76.49861471,3.141590612,3,0,60
356.8245854,39.00137097,-76.49861471,3.141590633,3,0,60
356.8748058,39.00136962,-76.49861471,3.141590654,3,0,60
356.9249921,39.00136827,-76.49861471,3.141590675,3,0,60
356.9751907,39.00136692,-76.49861471,3.141590696,3,0,60
357.0253589,39.00136557,-76.49861471,3.141590716,3,0,60
357.0755278,39.00136422,-76.49861471,3.141590737,3,0,60
357.12569,39.00136287,-76.49861471,3.141590757,3,0,60
357.175797,39.00136152,-76.49861471,3.141590777,3,0,60
357.2259674,39.00136016,-76.49861471,3.141590796,3,0,60
357.2761275,39.00135881,-76.49861471,3.141590816,3,0,60
357.3263079,39.00135746,-76.49861471,3.141590835,3,0,60
357.376482,39.00135611,-76.49861471,3.141590854,3,0,60
357.4266961,39.00135476,-76.49861471,3.141590873,3,0,60
357.4768717,39.00135341,-76.49861471,3.141590891,3,0,60
357.5270681,39.00135206,-76.49861471,3.14159091,3,0,60
357.5772495,39.00135071,-76.49861472,3.141590928,3,0,60
357.6274258,39.00134935,-76.49861472,3.141590946,3,0,60
357.6775931,39.001348,-76.49861472,3.141590964,3,0,60
357.7277789,39.00134665,-76.49861472,3.141590982,3,0,60
357.7779434,39.0013453,-76.49861472,3.141590999,3,0,60
357.8281135,39.00134395,-76.49861472,3.141591017,3,0,60
357.8782897,39.0013426,-76.49861472,3.141591034,3,0,60
357.928467,39.00134125,-76.49861472,3.141591051,3,0,60
357.9786429,39.0013399,-76.49861472,3.141591067,3,0,60
358.0288038,39.00133854,-76.49861472,3.141591084,3,0,60
358.0790264,39.00133719,-76.49861472,3.141591101,3,0,60
358.1291915,39.00133584,-76.49861472,3.141591117,3,0,60
358.1794053,39.00133449,-76.49861472,3.141591133,3,0,60
358.229603,39.00133314,-76.49861472,3.141591149,3,0,60
358.2798698,39.00133179,-76.49861472,3.141591165,3,0,60
358.3300691,39.00133044,-76.49861472,3.14159118,3,0,60
358.380304,39.00132909,-76.49861472,3.141591196,3,0,60
358.4305652,39.00132774,-76.49861472,3.141591211,3,0,60
358.480783,39.00132639,-76.49861472,3.141591226,3,0,60
358.5309906,39.00132503,-76.49861472,3.141591241,3,0,60
358.5812278,39.00132368,-76.49861472,3.141591256,3,0,60
358.6314549,39.00132233,-76.49861472,3.14159127,3,0,60
358.6817066,39.00132098,-76.49861472,3.141591285,3,0,60
358.7318925,39.00131963,-76.49861472,3.141591299,3,0,60
358.7820569,39.00131828,-76.49861472,3.141591313,3,0,60
358.8322212,39.00131693,-76.49861472,3.141591327,3,0,60
358.8824044,39.00131558,-76.49861472,3.141591341,3,0,60
358.932577,39.00131422,-76.49861472,3.141591355,3,0,60
358.9827642,39.00131287,-76.49861472,3.141591369,3,0,60
359.032937,39.00131152,-76.49861472,3.141591382,3,0,60
359.0831184,39.00131017,-76.49861472,3.141591395,3,0,60
359.1333005,39.00130882,-76.49861472,3.141591409,3,0,60
359.1834981,39.00130747,-76.49861472,3.141591422,3,0,60
359.2336834,39.00130612,-76.49861472,3.141591434,3,0,60
359.2837917,39.00130477,-76.49861472,3.141591447,3,0,60
359.3339671,39.00130341,-76.49861472,3.14159146,3,0,60
359.3841275,39.00130206,-76.49861472,3.141591472,3,0,60
359.4343787,39.00130071,-76.49861472,3.141591485,3,0,60
359.4845748,39.00129936,-76.49861472,3.141591497,3,0,60
359.5347869,39.00129801,-76.49861472,3.141591509,3,0,60
359.5849648,39.00129666,-76.49861472,3.141591521,3,0,60
359.6351337,39.00129531,-76.49861472,3.141591533,3,0,60
359.6853017,39.00129396,-76.49861472,3.141591545,3,0,60
359.7355492,39.00129261,-76.49861472,3.141591556,3,0,60
359.7857842,39.00129125,-76.49861472,3.141591568,3,0,60
359.8359536,39.0012899,-76.49861472,3.141591579,3,0,60
359.8861567,39.00128855,-76.49861472,3.14159159,3,0,60
359.9363361,39.0012872,-76.49861472,3.141591601,3,0,60
359.9865502,39.00128585,-76.49861472,3.141591612,3,0,60
360.0367554,39.0012845,-76.49861472,3.141591623,3,0,60
360.0870078,39.00128315,-76.49861472,3.141591634,3,0,60
360.1372026,39.0012818,-76.49861472,3.141591645,3,0,60
360.187419,39.00128045,-76.49861472,3.141591655,3,0,60
360.2376603,39.00127909,-76.49861472,3.141591666,3,0,60
360.2877962,39.00127774,-76.49861472,3.141591676,3,0,60
360.3379746,39.00127639,-76.49861472,3.141591686,3,0,60
360.388152,39.00127504,-76.49861472,3.141591697,3,0,60
360.438387,39.00127369,-76.49861472,3.141591707,3,0,60
360.4885819,39.00127234,-76.49861472,3.141591717,3,0,60
360.5389019,39.00127098,-76.49861472,3.141591726,3,0,60
360.589086,39.00126963,-76.49861472,3.141591736,3,0,60
360.6392627,39.00126828,-76.49861472,3.141591746,3,0,60
360.6894437,39.00126693,-76.49861472,3.141591755,3,0,60
360.7396651,39.00126558,-76.49861472,3.141591765,3,0,60
360.78984,39.00126423,-76.49861472,3.141591774,3,0,60
360.8400588,39.00126288,-76.49861472,3.141591783,3,0,60
360.8902581,39.00126153,-76.49861472,3.141591783,3,0,60
360.940443,39.00126018,-76.49861472,3.141591801,3,0,60
360.9906511,39.00125883,-76.49861472,3.14159181,3,0,60
361.0408796,39.00125747,-76.49861472,3.141591819,3,0,60
361.0910895,39.00125612,-76.49861472,3.141591828,3,0,60
361.1413075,39.00125477,-76.49861472,3.141591836,3,0,60
361.191512,39.00125342,-76.49861472,3.141591845,3,0,60
361.2417404,39.00125207,-76.49861472,3.141591853,3,0,60
361.2919121,39.00125072,-76.49861472,3.141591862,3,0,60
361.34211,39.00124937,-76.49861472,3.14159187,3,0,60
361.3923039,39.00124802,-76.49861472,3.141591878,3,0,60
361.4425559,39.00124666,-76.49861472,3.141591886,3,0,60
361.4927702,39.00124531,-76.49861472,3.141591894,3,0,60
361.5429718,39.00124396,-76.49861472,3.141591902,3,0,60
361.5931615,39.00124261,-76.49861472,3.14159191,3,0,60
361.6433596,39.00124126,-76.49861472,3.141591918,3,0,60
361.6935518,39.00123991,-76.49861472,3.141591926,3,0,60
361.7437222,39.00123856,-76.49861472,3.141591933,3,0,60
361.7939311,39.00123721,-76.49861472,3.141591941,3,0,60
361.8441601,39.00123586,-76.49861472,3.141591948,3,0,60
361.8943809,39.00123451,-76.49861472,3.141591956,3,0,60
361.9445659,39.00123315,-76.49861472,3.141591963,3,0,60
361.9948444,39.0012318,-76.49861472,3.14159197,3,0,60
362.0450614,39.00123045,-76.49861472,3.141591977,3,0,60
362.0952302,39.0012291,-76.49861472,3.141591985,3,0,60
362.145442,39.00122775,-76.49861472,3.141591992,3,0,60
362.1956598,39.0012264,-76.49861472,3.141591999,3,0,60
362.2458572,39.00122505,-76.49861472,3.141592005,3,0,60
362.2960311,39.0012237,-76.49861472,3.141592012,3,0,60
362.3462203,39.00122234,-76.49861472,3.141592019,3,0,60
362.3963905,39.00122099,-76.49861472,3.141592025,3,0,60
362.4466476,39.00121964,-76.49861472,3.141592032,3,0,60
362.4968536,39.00121829,-76.49861472,3.141592039,3,0,60
362.5470351,39.00121694,-76.49861472,3.141592045,3,0,60
362.597219,39.00121559,-76.49861472,3.141592051,3,0,60
362.6473931,39.00121424,-76.49861472,3.141592058,3,0,60
362.6975609,39.00121289,-76.49861472,3.141592064,3,0,60
362.7477728,39.00121154,-76.49861472,3.14159207,3,0,60
362.7979471,39.00121018,-76.49861472,3.141592076,3,0,60
362.8481062,39.00120883,-76.49861472,3.141592082,3,0,60
362.8982634,39.00120748,-76.49861472,3.141592088,3,0,60
362.9484386,39.00120613,-76.49861472,3.141592094,3,0,60
362.9986051,39.00120478,-76.49861472,3.1415921,3,0,60
363.0487789,39.00120342,-76.49861472,3.141592106,3,0,60
363.098945,39.00120208,-76.49861472,3.141592112,3,0,60
363.1491325,39.00120073,-76.49861472,3.141592117,3,0,60
363.1993349,39.00119937,-76.49861472,3.141592123,3,0,60
363.2495139,39.00119802,-76.49861472,3.141592128,3,0,60
363.2996927,39.00119667,-76.49861472,3.141592134,3,0,60
363.3498833,39.00119532,-76.49861472,3.141592139,3,0,60
363.4000467,39.00119397,-76.49861472,3.141592145,3,0,60
363.4502645,39.00119262,-76.49861472,3.14159215,3,0,60
363.50045,39.00119127,-76.49861472,3.141592155,3,0,60
363.5506697,39.00118992,-76.49861472,3.14159216,3,0,60
363.6008531,39.00118857,-76.49861472,3.141592166,3,0,60
363.651044,39.00118721,-76.49861472,3.141592171,3,0,60
363.7012568,39.00118586,-76.49861472,3.141592176,3,0,60
363.7514695,39.00118451,-76.49861472,3.141592181,3,0,60
363.8016512,39.00118316,-76.49861472,3.141592186,3,0,60
363.8517823,39.00118181,-76.49861472,3.141592191,3,0,60
363.9019432,39.00118046,-76.49861472,3.141592196,3,0,60
363.9521102,39.00117911,-76.49861472,3.1415922,3,0,60
364.0022864,39.00117776,-76.49861472,3.141592205,3,0,60
364.0525288,39.00117641,-76.49861472,3.14159221,3,0,60
364.1026853,39.00117505,-76.49861472,3.141592214,3,0,60
364.1528788,39.0011737,-76.49861472,3.141592219,3,0,60
364.2030533,39.00117235,-76.49861472,3.141592223,3,0,60
364.2532188,39.001171,-76.49861472,3.141592228,3,0,60
364.3034106,39.00116965,-76.49861472,3.141592232,3,0,60
364.3535902,39.0011683,-76.49861472,3.141592237,3,0,60
364.4037834,39.00116695,-76.49861472,3.141592241,3,0,60
364.4539552,39.0011656,-76.49861472,3.141592246,3,0,60
364.5041189,39.00116424,-76.49861472,3.14159225,3,0,60
364.5542822,39.00116289,-76.49861472,3.141592254,3,0,60
364.6044374,39.00116154,-76.49861472,3.141592258,3,0,60
364.6545988,39.00116019,-76.49861472,3.141592262,3,0,60
364.7047911,39.00115884,-76.49861472,3.141592266,3,0,60
364.7549469,39.00115749,-76.49861472,3.141592271,3,0,60
364.8051069,39.00115614,-76.49861472,3.141592275,3,0,60
364.8552668,39.00115479,-76.49861472,3.141592278,3,0,60
364.9054294,39.00115344,-76.49861472,3.141592282,3,0,60
364.9555974,39.00115208,-76.49861472,3.141592286,3,0,60
365.0057813,39.00115073,-76.49861472,3.14159229,3,0,60
365.0559466,39.00114938,-76.49861472,3.141592294,3,0,60
365.1061046,39.00114803,-76.49861472,3.141592298,3,0,60
365.1563092,39.00114668,-76.49861472,3.141592301,3,0,60
365.2064816,39.00114533,-76.49861472,3.141592305,3,0,60
365.2566782,39.00114398,-76.49861472,3.141592309,3,0,60
365.3068578,39.00114263,-76.49861472,3.141592312,3,0,60
365.3571111,39.00114127,-76.49861472,3.141592316,3,0,60
365.4073296,39.00113992,-76.49861472,3.14159232,3,0,60
365.4575297,39.00113857,-76.49861472,3.141592323,3,0,60
365.5077215,39.00113722,-76.49861472,3.141592326,3,0,60
365.5580017,39.00113587,-76.49861472,3.14159233,3,0,60
365.6081866,39.00113452,-76.49861472,3.141592333,3,0,60
365.6583884,39.00113317,-76.49861472,3.141592337,3,0,60
365.7085925,39.00113182,-76.49861472,3.14159234,3,0,60
365.7588239,39.00113046,-76.49861472,3.141592343,3,0,60
365.8090234,39.00112911,-76.49861472,3.141592346,3,0,60
365.859251,39.00112776,-76.49861472,3.14159235,3,0,60
365.9094412,39.00112641,-76.49861472,3.141592353,3,0,60
365.9596621,39.00112506,-76.49861472,3.141592356,3,0,60
366.0098752,39.00112371,-76.49861472,3.141592359,3,0,60
366.0601246,39.00112236,-76.49861472,3.141592362,3,0,60
366.11037,39.00112101,-76.49861472,3.141592365,3,0,60
366.1605776,39.00111966,-76.49861472,3.141592368,3,0,60
366.2107888,39.0011183,-76.49861472,3.141592371,3,0,60
366.260987,39.00111695,-76.49861472,3.141592374,3,0,60
366.3111934,39.0011156,-76.49861472,3.141592377,3,0,60
366.3613968,39.00111425,-76.49861472,3.14159238,3,0,60
366.411658,39.0011129,-76.49861472,3.141592383,3,0,60
366.4619098,39.00111155,-76.49861472,3.141592386,3,0,60
366.5121251,39.0011102,-76.49861472,3.141592389,3,0,60
366.5623369,39.00110885,-76.49861472,3.141592391,3,0,60
366.6125524,39.0011075,-76.49861472,3.141592394,3,0,60
366.6627364,39.00110614,-76.49861472,3.141592397,3,0,60
366.7129697,39.00110479,-76.49861472,3.141592399,3,0,60
366.7631785,39.00110344,-76.49861472,3.141592402,3,0,60
366.8133489,39.00110209,-76.49861472,3.141592405,3,0,60
366.8635301,39.00110074,-76.49861472,3.141592407,3,0,60
366.9137054,39.00109939,-76.49861472,3.14159241,3,0,60
366.9639323,39.00109804,-76.49861472,3.141592412,3,0,60
367.0141203,39.00109669,-76.49861472,3.141592415,3,0,60
367.0643013,39.00109534,-76.49861472,3.141592417,3,0,60
367.1144874,39.00109398,-76.49861472,3.14159242,3,0,60
367.1647533,39.00109263,-76.49861472,3.141592422,3,0,60
367.2149559,39.00109128,-76.49861472,3.141592425,3,0,60
367.2651453,39.00108993,-76.49861472,3.141592427,3,0,60
367.3153241,39.00108858,-76.49861472,3.14159243,3,0,60
367.3655602,39.00108723,-76.49861472,3.141592432,3,0,60
367.4157831,39.00108588,-76.49861472,3.141592434,3,0,60
367.4659484,39.00108453,-76.49861472,3.141592437,3,0,60
367.5161418,39.00108317,-76.49861472,3.141592439,3,0,60
367.5663443,39.00108182,-76.49861472,3.141592441,3,0,60
367.6165522,39.00108047,-76.49861472,3.141592443,3,0,60
367.6668022,39.00107912,-76.49861472,3.141592445,3,0,60
367.7170025,39.00107777,-76.49861472,3.141592448,3,0,60
367.7672042,39.00107642,-76.49861472,3.14159245,3,0,60
367.8173676,39.00107507,-76.49861472,3.141592452,3,0,60
367.8675406,39.00107372,-76.49861472,3.141592454,3,0,60
367.9177568,39.00107236,-76.49861472,3.141592456,3,0,60
367.9679297,39.00107101,-76.49861472,3.141592458,3,0,60
368.0181843,39.00106966,-76.49861472,3.141592461,3,0,60
368.0684299,39.00106831,-76.49861472,3.141592463,3,0,60
368.1187022,39.00106696,-76.49861472,3.141592465,3,0,60
368.1688971,39.00106561,-76.49861472,3.141592467,3,0,60
368.2190882,39.00106426,-76.49861472,3.141592469,3,0,60
368.2692726,39.00106291,-76.49861472,3.141592471,3,0,60
368.3195091,39.00106156,-76.49861472,3.141592473,3,0,60
368.3697026,39.00106021,-76.49861472,3.141592475,3,0,60
368.4199351,39.00105885,-76.49861472,3.141592475,3,0,60
368.4702057,39.0010575,-76.49861472,3.141592478,3,0,60
368.5204317,39.00105615,-76.49861472,3.14159248,3,0,60
368.5706653,39.0010548,-76.49861472,3.141592482,3,0,60
368.6208628,39.00105345,-76.49861472,3.141592484,3,0,60
368.6710456,39.0010521,-76.49861472,3.141592485,3,0,60
368.7212343,39.00105075,-76.49861472,3.141592487,3,0,60
368.7714553,39.0010494,-76.49861472,3.141592489,3,0,60
368.8216755,39.00104805,-76.49861472,3.141592491,3,0,60
368.8718954,39.00104669,-76.49861472,3.141592492,3,0,60
368.9220956,39.00104534,-76.49861472,3.141592494,3,0,60
368.9722888,39.00104399,-76.49861472,3.141592496,3,0,60
369.0224981,39.00104264,-76.49861472,3.141592497,3,0,60
369.0727165,39.00104129,-76.49861472,3.141592499,3,0,60
369.1228876,39.00103994,-76.49861472,3.141592501,3,0,60
369.1730921,39.00103859,-76.49861472,3.141592502,3,0,60
369.2232973,39.00103724,-76.49861472,3.141592504,3,0,60
369.2735277,39.00103453,-76.49861472,3.141592507,3,0,60
369.323775,39.00103318,-76.49861472,3.141592508,3,0,60
369.3740049,39.00103183,-76.49861472,3.14159251,3,0,60
369.4242424,39.00103048,-76.49861472,3.141592511,3,0,60
369.4744164,39.00102913,-76.49861472,3.141592513,3,0,60
369.5245754,39.00102778,-76.49861472,3.141592514,3,0,60
369.5747482,39.00102643,-76.49861472,3.141592516,3,0,60
369.6249214,39.00102507,-76.49861472,3.141592517,3,0,60
369.6750927,39.00102372,-76.49861472,3.141592519,3,0,60
369.7252633,39.00102237,-76.49861472,3.14159252,3,0,60
369.7754362,39.00102102,-76.49861472,3.141592522,3,0,60
369.8255978,39.00101967,-76.49861472,3.141592523,3,0,60
369.8757898,39.00101832,-76.49861472,3.141592524,3,0,60
369.925973,39.00101697,-76.49861472,3.141592526,3,0,60
369.9761869,39.00101562,-76.49861472,3.141592527,3,0,60
370.0263773,39.00101426,-76.49861472,3.141592528,3,0,60
370.0765657,39.00101291,-76.49861472,3.14159253,3,0,60
370.1267649,39.00101156,-76.49861472,3.141592531,3,0,60
370.1769685,39.00101021,-76.49861472,3.141592532,3,0,60
370.2271642,39.00100886,-76.49861472,3.141592534,3,0,60
370.2773732,39.00100751,-76.49861472,3.141592535,3,0,60
370.3275971,39.00100616,-76.49861472,3.141592536,3,0,60
370.3778649,39.00100481,-76.49861472,3.141592537,3,0,60
370.4280947,39.00100346,-76.49861472,3.141592539,3,0,60
370.4782739,39.00100211,-76.49861472,3.14159254,3,0,60
370.5284705,39.00100075,-76.49861472,3.141592541,3,0,60
370.5787029,39.0009994,-76.49861472,3.141592542,3,0,60
370.6288858,39.00099805,-76.49861472,3.141592543,3,0,60
370.6790631,39.0009967,-76.49861472,3.141592544,3,0,60
370.7292313,39.00099535,-76.49861472,3.141592546,3,0,60
370.7794068,39.000994,-76.49861472,3.141592547,3,0,60
370.829655,39.00099265,-76.49861472,3.141592548,3,0,60
370.879849,39.0009913,-76.49861472,3.141592549,3,0,60
370.9300188,39.00098994,-76.49861472,3.14159255,3,0,60
370.9801755,39.00098859,-76.49861472,3.141592551,3,0,60
371.0303519,39.00098724,-76.49861472,3.141592552,3,0,60
371.0805131,39.00098589,-76.49861472,3.141592553,3,0,60
371.1307062,39.00098454,-76.49861472,3.141592554,3,0,60
371.1808789,39.00098319,-76.49861472,3.141592555,3,0,60
371.2310539,39.00098184,-76.49861472,3.141592556,3,0,60
371.2812207,39.00098049,-76.49861472,3.141592557,3,0,60
371.3314215,39.00097913,-76.49861472,3.141592558,3,0,60
371.3815852,39.00097778,-76.49861472,3.141592559,3,0,60
371.4318172,39.00097643,-76.49861472,3.14159256,3,0,60
371.4819876,39.00097508,-76.49861472,3.141592561,3,0,60
371.5321474,39.00097373,-76.49861472,3.141592562,3,0,60
371.5823361,39.00097238,-76.49861472,3.141592563,3,0,60
371.6325036,39.00097103,-76.49861472,3.141592564,3,0,60
371.6827272,39.00096968,-76.49861472,3.141592565,3,0,60
371.7328911,39.00096833,-76.49861472,3.141592566,3,0,60
371.7830484,39.00096698,-76.49861472,3.141592567,3,0,60
371.8332221,39.00096562,-76.49861472,3.141592568,3,0,60
371.8834168,39.00096427,-76.49861472,3.141592569,3,0,60
371.9335742,39.00096292,-76.49861472,3.14159257,3,0,60
371.9837617,39.00096157,-76.49861472,3.141592571,3,0,60
372.0339254,39.00096022,-76.49861472,3.141592572,3,0,60
372.0840832,39.00095887,-76.49861472,3.141592572,3,0,60
372.1342517,39.00095752,-76.49861472,3.141592573,3,0,60
372.1844146,39.00095616,-76.49861472,3.141592574,3,0,60
372.2346107,39.00095481,-76.49861472,3.141592575,3,0,60
372.2848116,39.00095346,-76.49861472,3.141592576,3,0,60
372.3349894,39.00095211,-76.49861472,3.141592577,3,0,60
372.3851772,39.00095076,-76.49861472,3.141592577,3,0,60
372.435386,39.00094941,-76.49861472,3.141592578,3,0,60
372.48568,39.00094806,-76.49861472,3.141592579,3,0,60
372.535806,39.00094671,-76.49861472,3.14159258,3,0,60
372.5859625,39.00094536,-76.49861472,3.141592581,3,0,60
372.6361212,39.000944,-76.49861472,3.141592581,3,0,60
372.6863578,39.00094265,-76.49861472,3.141592582,3,0,60
372.7365365,39.0009413,-76.49861472,3.141592583,3,0,60
372.7867258,39.00093995,-76.49861472,3.141592584,3,0,60
372.8369237,39.0009386,-76.49861472,3.141592584,3,0,60
372.8871081,39.00093725,-76.49861472,3.141592585,3,0,60
372.9373413,39.0009359,-76.49861472,3.141592586,3,0,60
372.9875288,39.00093455,-76.49861472,3.141592586,3,0,60
373.0377261,39.0009332,-76.49861472,3.141592587,3,0,60
373.0879429,39.00093184,-76.49861472,3.141592588,3,0,60
373.138132,39.00093049,-76.49861472,3.141592589,3,0,60
373.1883043,39.00092914,-76.49861472,3.141592589,3,0,60
373.2384785,39.00092779,-76.49861472,3.14159259,3,0,60
373.2886728,39.00092644,-76.49861472,3.141592591,3,0,60
373.3388394,39.00092509,-76.49861472,3.141592591,3,0,60
373.3890347,39.00092374,-76.49861472,3.141592592,3,0,60
373.4392416,39.00092239,-76.49861472,3.141592593,3,0,60
373.4894051,39.00092104,-76.49861472,3.141592593,3,0,60
373.5395558,39.00091968,-76.49861472,3.141592594,3,0,60
373.5897712,39.00091833,-76.49861472,3.141592594,3,0,60
373.6399392,39.00091698,-76.49861472,3.141592595,3,0,60
373.6901381,39.00091563,-76.49861472,3.141592596,3,0,60
373.7403025,39.00091428,-76.49861472,3.141592596,3,0,60
373.790476,39.00091293,-76.49861472,3.141592597,3,0,60
373.8406949,39.00091158,-76.49861472,3.141592598,3,0,60
373.8909103,39.00091023,-76.49861472,3.141592598,3,0,60
373.9410884,39.00090888,-76.49861472,3.141592599,3,0,60
373.9912836,39.00090752,-76.49861472,3.141592599,3,0,60
374.0414651,39.00090617,-76.49861472,3.1415926,3,0,60
374.0917648,39.00090482,-76.49861472,3.1415926,3,0,60
374.1419281,39.00090347,-76.49861472,3.141592601,3,0,60
374.1920952,39.00090212,-76.49861472,3.141592602,3,0,60
374.2422765,39.00090077,-76.49861472,3.141592602,3,0,60
374.2924378,39.00089944,-76.49861472,3.141592602,2.950067443,0,60
