elapsed_s,lat_deg,lon_deg,yaw_rad,speed_mps
8.73e-07,39,-76.5,0,0
0.050221136,39,-76.5,0,0
0.100464118,39.00000002,-76.5,-0.009787472803,0.050059145
0.150678544,39.00000007,-76.5,-0.00978747283,0.100041819
0.200924152,39.00000014,-76.5,-0.009787472832,0.15005366
0.251130817,39.00000023,-76.5,-0.009787472843,0.200050928
0.30136376,39.00000034,-76.5,-0.009787472822,0.25003851
0.351655088,39.00000047,-76.50000001,-0.009787472801,0.300038607
0.401902514,39.00000063,-76.50000001,-0.00978747285,0.350028315
0.452107082,39.00000081,-76.50000001,-0.009787472771,0.400036109
0.502326633,39.00000101,-76.50000001,-0.009787472806,0.450007083
0.552518091,39.00000124,-76.50000002,-0.009787472798,0.500063485
0.602678556,39.00000149,-76.50000002,-0.009787472826,0.550073832
0.652945712,39.00000176,-76.50000002,-0.009787472794,0.600043437
0.703166294,39.00000205,-76.50000003,-0.009787472759,0.650040704
0.753394066,39.00000236,-76.50000003,-0.009787472799,0.700037101
0.803602786,39.0000027,-76.50000003,-0.009787472825,0.750082965
0.85378567,39.00000306,-76.50000004,-0.009787472793,0.800055005
0.903980257,39.00000345,-76.50000004,-0.009787472792,0.850045948
0.954169435,39.00000385,-76.50000005,-0.009787472822,0.90002001
1.004380781,39.00000428,-76.50000005,-0.009787472806,0.949976929
1.05456417,39.00000473,-76.50000006,-0.009787472809,1.000001485
1.104765405,39.0000052,-76.50000007,-0.009787472785,1.04999809
1.155009289,39.0000057,-76.50000007,-0.009787472785,1.10001476
1.205255806,39.00000622,-76.50000008,-0.009787472788,1.150017602
1.255493183,39.00000676,-76.50000008,-0.009787472825,1.200014537
1.305746405,39.00000732,-76.50000009,-0.009787472826,1.250070287
1.355983702,39.0000079,-76.5000001,-0.009787472826,1.30000994
1.40623368,39.00000851,-76.50000011,-0.009787472853,1.35002426
1.456505697,39.00000914,-76.50000011,-0.009787472829,1.400000271
1.506758344,39.0000098,-76.50000012,-0.009791009912,1.450000283
1.557013867,39.00001047,-76.50000013,-0.009791009931,1.500002414
1.607249809,39.00001117,-76.50000014,-0.009791009922,1.549995066
1.657498532,39.00001189,-76.50000015,-0.009791009937,1.599993139
1.707693852,39.00001263,-76.50000016,-0.009791009924,1.649998674
1.757897058,39.0000134,-76.50000017,-0.009791009909,1.699990713
1.808115764,39.00001419,-76.50000018,-0.009791009942,1.749997618
1.858383706,39.000015,-76.50000019,-0.009791009916,1.80001827
1.908677578,39.00001583,-76.5000002,-0.009791009969,1.850009095
1.958963544,39.00001669,-76.50000021,-0.009791009959,1.899995991
2.009218243,39.00001756,-76.50000022,-0.009791009934,1.949982301
2.059448893,39.00001846,-76.50000023,-0.009791009911,1.999988743
2.109649526,39.00001939,-76.50000024,-0.009791009929,2.049989488
2.159912138,39.00002034,-76.50000026,-0.009791009929,2.100087757
2.21014565,39.0000213,-76.50000027,-0.009791009915,2.150054197
2.260386504,39.00002229,-76.50000028,-0.009791009885,2.20008209
2.310658988,39.00002331,-76.50000029,-0.009791009944,2.250059826
2.360951418,39.00002434,-76.50000031,-0.009791009935,2.300016955
2.41120728,39.0000254,-76.50000032,-0.009791009942,2.350011496
2.461466232,39.00002648,-76.50000033,-0.009791009917,2.400023798
2.511723676,39.00002759,-76.50000035,-0.009791009933,2.450172436
2.561950379,39.00002871,-76.50000036,-0.00979416613,2.500023832
2.612223647,39.00002986,-76.50000037,-0.009794166178,2.550030366
2.662460527,39.00003103,-76.50000039,-0.009794166134,2.600062232
2.712658599,39.00003222,-76.5000004,-0.009794166109,2.650052333
2.762877137,39.00003344,-76.50000042,-0.009794166133,2.700045912
2.81310031,39.00003468,-76.50000044,-0.009794166121,2.750007669
2.863339375,39.00003594,-76.50000045,-0.009794166158,2.800003948
2.913550724,39.00003722,-76.50000047,-0.009794166121,2.850059132
2.963769402,39.00003853,-76.50000048,-0.009794166096,2.900028144
3.014024842,39.00003986,-76.5000005,-0.009794166145,2.949986719
3.064233118,39.00004121,-76.50000052,-0.009794166158,3
3.11448294,39.00004256,-76.50000053,-0.009794166109,3
3.164688549,39.00004391,-76.50000055,-0.009794166133,3
3.214932436,39.00004526,-76.50000057,-0.009794166096,3
3.265156946,39.00004661,-76.50000058,-0.009796968202,3
3.315349059,39.00004796,-76.5000006,-0.009796968225,3
3.365603227,39.00004932,-76.50000062,-0.009796968218,3
3.41591045,39.00005067,-76.50000064,-0.009796968202,3
3.466202079,39.00005202,-76.50000065,-0.009796968184,3
3.516480716,39.00005337,-76.50000067,-0.009796968188,3
3.566747185,39.00005472,-76.50000069,-0.00979696819,3
3.617009586,39.00005607,-76.5000007,-0.00979696819,3
3.667250401,39.00005742,-76.50000072,-0.009796968238,3
3.717470496,39.00005877,-76.50000074,-0.00979696824,3
3.767686229,39.00006012,-76.50000075,-0.00979696823,3
3.817911,39.00006148,-76.50000077,-0.009796968167,3
3.868146063,39.00006283,-76.50000079,-0.00979696818,3
3.918402807,39.00006418,-76.50000081,-0.009796968206,3
3.968622849,39.00006553,-76.50000082,-0.009799475522,3
4.018891985,39.00006688,-76.50000084,-0.009799475535,3
4.069127187,39.00006823,-76.50000086,-0.009799475577,3
4.119378191,39.00006958,-76.50000087,-0.009799475534,3
4.169607328,39.00007093,-76.50000089,-0.009799475543,3
4.219820577,39.00007228,-76.50000091,-0.00979947555,3
4.270108629,39.00007364,-76.50000092,-0.009799475563,3
4.320386316,39.00007499,-76.50000094,-0.00979947556,3
4.370641511,39.00007634,-76.50000096,-0.009799475556,3
4.420897839,39.00007769,-76.50000098,-0.009799475574,3
4.471165678,39.00007904,-76.50000099,-0.009799475576,3
4.521436195,39.00008039,-76.50000101,-0.00979947556,3
4.571710731,39.00008174,-76.50000103,-0.009799475583,3
4.621965622,39.00008309,-76.50000104,-0.009801699131,3
4.672187885,39.00008444,-76.50000106,-0.009801699171,3
4.722441627,39.0000858,-76.50000108,-0.00980169916,3
4.772687659,39.00008715,-76.50000109,-0.009801699121,3
4.822953829,39.0000885,-76.50000111,-0.009801699165,3
4.873209626,39.00008985,-76.50000113,-0.009801699134,3
4.923470218,39.0000912,-76.50000114,-0.009801699153,3
4.973776877,39.00009255,-76.50000116,-0.009801699138,3
5.024113011,39.0000939,-76.50000118,-0.009801699156,3
5.074382268,39.00009525,-76.5000012,-0.009801699124,3
5.124634128,39.0000966,-76.50000121,-0.009801699188,3
5.174965806,39.00009795,-76.50000123,-0.009801699125,3
5.225227403,39.00009931,-76.50000125,-0.009801699156,3
5.275437391,39.00010066,-76.50000126,-0.009803671805,3
5.325681825,39.00010201,-76.50000128,-0.009803671764,3
5.375950761,39.00010336,-76.5000013,-0.009803671754,3
5.426202988,39.00010471,-76.50000131,-0.009803671766,3
5.476457486,39.00010606,-76.50000133,-0.009803671785,3
5.526712693,39.00010741,-76.50000135,-0.009803671769,3
5.576980022,39.00010876,-76.50000137,-0.009803671773,3
5.627263315,39.00011012,-76.50000138,-0.009803671784,3
5.677500213,39.00011147,-76.5000014,-0.009803671779,3
5.727711952,39.00011282,-76.50000142,-0.009803671746,3
5.777911374,39.00011417,-76.50000143,-0.00980367181,3
5.828143831,39.00011552,-76.50000145,-0.009803671799,3
5.878338022,39.00011687,-76.50000147,-0.009803671743,3
5.928572477,39.00011822,-76.50000148,-0.00980367178,3
5.978798538,39.00011957,-76.5000015,-0.009805436932,3
6.029055559,39.00012092,-76.50000152,-0.009805436887,3
6.079267214,39.00012228,-76.50000154,-0.009805436887,3
6.129525564,39.00012363,-76.50000155,-0.009805436888,3
6.179745978,39.00012498,-76.50000157,-0.009805436926,3
6.230014962,39.00012633,-76.50000159,-0.009805436923,3
6.280232737,39.00012768,-76.5000016,-0.00980543696,3
6.330455086,39.00012903,-76.50000162,-0.009805436863,3
6.38067103,39.00013038,-76.50000164,-0.009805436883,3
6.430929304,39.00013173,-76.50000165,-0.009805436897,3
6.481182538,39.00013308,-76.50000167,-0.009805436886,3
6.531438837,39.00013444,-76.50000169,-0.009805436898,3
6.581651341,39.00013579,-76.50000171,-0.009805436866,3
6.63195263,39.00013714,-76.50000172,-0.009807002284,3
6.682207808,39.00013849,-76.50000174,-0.009807002249,3
6.732440006,39.00013984,-76.50000176,-0.009807002297,3
6.782631238,39.00014119,-76.50000177,-0.009807002301,3
6.832905642,39.00014254,-76.50000179,-0.009807002254,3
6.883168828,39.00014389,-76.50000181,-0.009807002268,3
6.933454688,39.00014524,-76.50000182,-0.009807002257,3
6.983652075,39.00014659,-76.50000184,-0.009807002235,3
7.033923342,39.00014795,-76.50000186,-0.009807002315,3
7.084221256,39.0001493,-76.50000187,-0.009807002226,3
7.134465599,39.00015065,-76.50000189,-0.009807002231,3
7.184744198,39.000152,-76.50000191,-0.009807002287,3
7.235025265,39.00015335,-76.50000193,-0.009807002265,3
7.285263804,39.0001547,-76.50000194,-0.009808391004,3
7.335552724,39.00015605,-76.50000196,-0.009808390991,3
7.385835948,39.0001574,-76.50000198,-0.009808391047,3
7.436136539,39.00015875,-76.50000199,-0.009808390997,3
7.48639651,39.00016011,-76.50000201,-0.009808390978,3
7.536669668,39.00016146,-76.50000203,-0.009808390995,3
7.586948288,39.00016281,-76.50000204,-0.009808390995,3
7.637224746,39.00016416,-76.50000206,-0.009808390978,3
7.687494208,39.00016551,-76.50000208,-0.009808390989,3
7.737779872,39.00016686,-76.5000021,-0.009808391015,3
7.788026172,39.00016821,-76.50000211,-0.009808390987,3
7.838293675,39.00016956,-76.50000213,-0.009808390947,3
7.888541254,39.00017092,-76.50000215,-0.009808390991,3
7.938837563,39.00017227,-76.50000216,-0.009808391003,3
7.989065528,39.00017362,-76.50000218,-0.00980963361,3
8.039263389,39.00017497,-76.5000022,-0.00980963361,3
8.089484084,39.00017632,-76.50000221,-0.009809633621,3
8.139740591,39.00017767,-76.50000223,-0.009809633591,3
8.189978086,39.00017902,-76.50000225,-0.009809633662,3
8.240214705,39.00018037,-76.50000227,-0.009809633622,3
8.290429613,39.00018172,-76.50000228,-0.009809633592,3
8.34067193,39.00018307,-76.5000023,-0.009809633605,3
8.390923511,39.00018442,-76.50000232,-0.00980963359,3
8.441177038,39.00018578,-76.50000233,-0.009809633635,3
8.491401298,39.00018713,-76.50000235,-0.009809633616,3
8.541678194,39.00018848,-76.50000237,-0.009809633666,3
8.59194369,39.00018983,-76.50000238,-0.0098096336,3
8.642222004,39.00019118,-76.5000024,-0.009810735656,3
8.692431207,39.00019253,-76.50000242,-0.009810735569,3
8.742685908,39.00019388,-76.50000244,-0.009810735569,3
8.792945831,39.00019523,-76.50000245,-0.009810735603,3
8.843199661,39.00019658,-76.50000247,-0.009810735596,3
8.893410343,39.00019794,-76.50000249,-0.009810735654,3
8.94365894,39.00019929,-76.5000025,-0.009810735566,3
8.993895236,39.00020064,-76.50000252,-0.009810735581,3
9.044161983,39.00020199,-76.50000254,-0.009810735591,3
9.094414987,39.00020334,-76.50000255,-0.0098107356,3
9.144689952,39.00020469,-76.50000257,-0.009810735646,3
9.195015571,39.00020604,-76.50000259,-0.009810735616,3
9.245264575,39.00020739,-76.50000261,-0.009810735633,3
9.295510555,39.00020874,-76.50000262,-0.009811713211,3
9.345831203,39.0002101,-76.50000264,-0.009811713242,3
9.396142662,39.0002128,-76.50000267,-0.009811713235,3
9.446369219,39.00021415,-76.50000269,-0.009811713244,3
9.496617063,39.0002155,-76.50000271,-0.009811713199,3
9.546876527,39.00021685,-76.50000272,-0.00981171323,3
9.597120414,39.0002182,-76.50000274,-0.009811713245,3
9.647373169,39.00021955,-76.50000276,-0.009811713209,3
9.69765522,39.0002209,-76.50000278,-0.009811713279,3
9.74791937,39.00022226,-76.50000279,-0.009811713247,3
9.798137745,39.00022361,-76.50000281,-0.009811713209,3
9.848384067,39.00022496,-76.50000283,-0.009811713208,3
9.898618539,39.00022631,-76.50000284,-0.009811713251,3
9.948871593,39.00022766,-76.50000286,-0.009812588034,3
9.999102972,39.00022901,-76.50000288,-0.009812588053,3
10.04935182,39.00023036,-76.50000289,-0.009812588009,3
10.09961043,39.00023171,-76.50000291,-0.009812588018,3
10.1498467,39.00023307,-76.50000293,-0.00981258804,3
10.20012451,39.00023442,-76.50000295,-0.009812588016,3
10.25038741,39.00023577,-76.50000296,-0.009812588004,3
10.30064522,39.00023712,-76.50000298,-0.009812588014,3
10.35093962,39.00023847,-76.500003,-0.009812588019,3
10.40119557,39.00023982,-76.50000301,-0.009812588011,3
10.45145487,39.00024117,-76.50000303,-0.009812587974,3
10.50172653,39.00024252,-76.50000305,-0.009812588019,3
10.55197755,39.00024387,-76.50000306,-0.009812587987,3
10.60225513,39.00024522,-76.50000308,-0.009813363816,3
10.65250734,39.00024658,-76.5000031,-0.009813363792,3
10.70274965,39.00024793,-76.50000311,-0.009813363786,3
10.75301103,39.00024928,-76.50000313,-0.009813363747,3
10.80324616,39.00025063,-76.50000315,-0.00981336378,3
10.85347469,39.00025198,-76.50000317,-0.009813363785,3
10.90374343,39.00025333,-76.50000318,-0.009813363799,3
10.95399897,39.00025468,-76.5000032,-0.009813363817,3
11.00417708,39.00025603,-76.50000322,-0.009813363738,3
11.05444861,39.00025738,-76.50000323,-0.009813363831,3
11.1046253,39.00025873,-76.50000325,-0.009813363814,3
11.15488648,39.00026009,-76.50000327,-0.009813363821,3
11.20512522,39.00026144,-76.50000328,-0.009813363776,3
11.2553761,39.00026279,-76.5000033,-0.009814052005,3
11.30564676,39.00026414,-76.50000332,-0.00981405204,3
11.35592857,39.00026549,-76.50000334,-0.009814052007,3
11.40619565,39.00026684,-76.50000335,-0.009814051991,3
11.45647134,39.00026819,-76.50000337,-0.009814052044,3
11.50673981,39.00026954,-76.50000339,-0.00981405202,3
11.55692171,39.0002709,-76.5000034,-0.009814052062,3
11.60717324,39.00027225,-76.50000342,-0.009814052004,3
11.65737979,39.0002736,-76.50000344,-0.00981405205,3
11.70762101,39.00027495,-76.50000345,-0.009814051981,3
11.75781023,39.0002763,-76.50000347,-0.009814052001,3
11.80807765,39.00027765,-76.50000349,-0.009814052076,3
11.85835559,39.000279,-76.50000351,-0.009814052027,3
11.90866659,39.00028035,-76.50000352,-0.009814052017,3
11.95893726,39.00028171,-76.50000354,-0.009814667857,3
12.00912605,39.00028306,-76.50000356,-0.009814667883,3
12.05934359,39.00028441,-76.50000357,-0.00981466785,3
12.10953904,39.00028576,-76.50000359,-0.009814667882,3
12.15979088,39.00028711,-76.50000361,-0.009814667866,3
12.2100659,39.00028846,-76.50000362,-0.00981466788,3
12.26029413,39.00028981,-76.50000364,-0.009814667853,3
12.31048508,39.00029116,-76.50000366,-0.00981466785,3
12.360678,39.00029251,-76.50000368,-0.00981466791,3
12.41088445,39.00029386,-76.50000369,-0.009814667845,3
12.46111937,39.00029522,-76.50000371,-0.009814667854,3
12.51135336,39.00029657,-76.50000373,-0.009814667877,3
12.56154153,39.00029792,-76.50000374,-0.009814667885,3
12.61178384,39.00029927,-76.50000376,-0.009815213978,3
12.66206115,39.00030062,-76.50000378,-0.009815214036,3
12.71231798,39.00030197,-76.50000379,-0.009815213988,3
12.76254682,39.00030332,-76.50000381,-0.009815214035,3
12.81276116,39.00030467,-76.50000383,-0.009815214027,3
12.86299755,39.00030602,-76.50000385,-0.009815214001,3
12.91323425,39.00030737,-76.50000386,-0.009815213987,3
12.96347009,39.00030873,-76.50000388,-0.009815213991,3
13.01371622,39.00031008,-76.5000039,-0.009815213982,3
13.06398216,39.00031143,-76.50000391,-0.009815214026,3
13.11421998,39.00031278,-76.50000393,-0.009815213974,3
13.16442202,39.00031413,-76.50000395,-0.00981521404,3
13.21460467,39.00031548,-76.50000396,-0.009815214018,3
13.26488079,39.00031683,-76.50000398,-0.009815698487,3
13.3150795,39.00031818,-76.500004,-0.00981569848,3
13.36529128,39.00031953,-76.50000402,-0.009815698484,3
13.41548736,39.00032089,-76.50000403,-0.00981569851,3
13.4656733,39.00032224,-76.50000405,-0.009815698476,3
13.51589335,39.00032359,-76.50000407,-0.009815698489,3
13.56608642,39.00032494,-76.50000408,-0.009815698509,3
13.61634587,39.00032629,-76.5000041,-0.009815698508,3
13.66660135,39.00032764,-76.50000412,-0.009815698447,3
13.7168064,39.00032899,-76.50000413,-0.00981569852,3
13.76702131,39.00033034,-76.50000415,-0.009815698534,3
13.81726234,39.0003317,-76.50000417,-0.009815698528,3
13.86745999,39.00033305,-76.50000419,-0.00981569849,3
13.91767392,39.0003344,-76.5000042,-0.009815698467,3
13.96790163,39.00033575,-76.50000422,-0.009816132045,3
14.01812552,39.0003371,-76.50000424,-0.009816132025,3
14.06836385,39.00033845,-76.50000425,-0.009816132014,3
14.1185671,39.0003398,-76.50000427,-0.00981613205,3
14.16879869,39.00034115,-76.50000429,-0.009816132055,3
14.21903941,39.0003425,-76.5000043,-0.009816132039,3
14.26927663,39.00034385,-76.50000432,-0.009816132018,3
14.3195337,39.00034521,-76.50000434,-0.009816132034,3
14.36981482,39.00034656,-76.50000436,-0.009816132075,3
14.42009115,39.00034791,-76.50000437,-0.009816132074,3
14.47033195,39.00034926,-76.50000439,-0.00981613204,3
14.52059865,39.00035061,-76.50000441,-0.009816132015,3
14.57081872,39.00035196,-76.50000442,-0.009816132063,3
14.62107258,39.00035331,-76.50000444,-0.009816516482,3
14.67131783,39.00035466,-76.50000446,-0.009816516503,3
14.72158216,39.00035601,-76.50000447,-0.009816516528,3
14.77182699,39.00035737,-76.50000449,-0.009816516486,3
14.82210168,39.00035872,-76.50000451,-0.009816516511,3
14.87233449,39.00036007,-76.50000453,-0.009816516492,3
14.92260218,39.00036142,-76.50000454,-0.009816516535,3
14.97288357,39.00036277,-76.50000456,-0.009816516535,3
15.02315547,39.00036412,-76.50000458,-0.009816516535,3
15.07337532,39.00036547,-76.50000459,-0.009816516551,3
15.12362494,39.00036683,-76.50000461,-0.00981651649,3
15.17381558,39.00036818,-76.50000463,-0.009816516478,3
15.22403723,39.00036953,-76.50000464,-0.009816516476,3
15.27426055,39.00037088,-76.50000466,-0.009816857595,3
15.32452295,39.00037223,-76.50000468,-0.009816857597,3
15.37473236,39.00037358,-76.5000047,-0.009816857561,3
15.42499629,39.00037493,-76.50000471,-0.009816857604,3
15.47522625,39.00037628,-76.50000473,-0.009816857562,3
15.52549563,39.00037763,-76.50000475,-0.009816857577,3
15.57572578,39.00037898,-76.50000476,-0.009816857616,3
15.62611006,39.00038033,-76.50000478,-0.009816857582,3
15.67632977,39.00038169,-76.5000048,-0.009816857585,3
15.7266049,39.00038304,-76.50000481,-0.009816857575,3
15.77690692,39.00038439,-76.50000483,-0.009816857596,3
15.82718827,39.00038574,-76.50000485,-0.009816857616,3
15.87744956,39.00038709,-76.50000487,-0.009816857559,3
15.92773102,39.00038844,-76.50000488,-0.009816857635,3
15.97800904,39.00038979,-76.5000049,-0.009817162848,3
16.0282401,39.00039114,-76.50000492,-0.009817162846,3
16.07845259,39.0003925,-76.50000493,-0.009817162805,3
16.1287006,39.00039385,-76.50000495,-0.009817162766,3
16.17889288,39.0003952,-76.50000497,-0.009817162801,3
16.22912099,39.00039655,-76.50000498,-0.009817162786,3
16.2793441,39.0003979,-76.500005,-0.009817162807,3
16.32958064,39.00039925,-76.50000502,-0.009817162803,3
16.37984708,39.0004006,-76.50000504,-0.00981716281,3
16.43012066,39.00040195,-76.50000505,-0.009817162775,3
16.48036029,39.0004033,-76.50000507,-0.009817162791,3
16.53056848,39.00040465,-76.50000509,-0.009817162762,3
16.58077184,39.00040601,-76.5000051,-0.0098171628,3
16.63101046,39.00040736,-76.50000512,-0.009817433446,3
16.68125673,39.00040871,-76.50000514,-0.009817433459,3
16.7314871,39.00041006,-76.50000515,-0.009817433455,3
16.78178789,39.00041141,-76.50000517,-0.009817433497,3
16.83203982,39.00041276,-76.50000519,-0.00981743349,3
16.88232152,39.00041411,-76.50000521,-0.009817433447,3
16.9325491,39.00041546,-76.50000522,-0.009817433461,3
16.98273892,39.00041681,-76.50000524,-0.009817433447,3
17.03292892,39.00041816,-76.50000526,-0.009817433428,3
17.08314041,39.00041952,-76.50000527,-0.009817433466,3
17.13334052,39.00042087,-76.50000529,-0.00981743348,3
17.18359933,39.00042222,-76.50000531,-0.009817433453,3
17.23388988,39.00042357,-76.50000532,-0.009817433488,3
17.28414342,39.00042492,-76.50000534,-0.009817673613,3
17.33440323,39.00042627,-76.50000536,-0.009817673588,3
17.38469029,39.00042762,-76.50000538,-0.00981767361,3
17.43496563,39.00042897,-76.50000539,-0.009817673578,3
17.48522174,39.00043033,-76.50000541,-0.009817673581,3
17.53547726,39.00043168,-76.50000543,-0.009817673576,3
17.58574455,39.00043303,-76.50000544,-0.009817673557,3
17.63601814,39.00043438,-76.50000546,-0.009817673602,3
17.68625288,39.00043573,-76.50000548,-0.009817673602,3
17.73645869,39.00043708,-76.50000549,-0.009817673556,3
17.78664388,39.00043843,-76.50000551,-0.009817673584,3
17.83683393,39.00043978,-76.50000553,-0.009817673596,3
17.8870897,39.00044113,-76.50000555,-0.009817673594,3
17.93733028,39.00044249,-76.50000556,-0.009817673593,3
17.98761293,39.00044384,-76.50000558,-0.009817888429,3
18.03794069,39.00044519,-76.5000056,-0.009817888459,3
18.08815496,39.00044654,-76.50000561,-0.009817888476,3
18.13835481,39.00044789,-76.50000563,-0.009817888477,3
18.18857583,39.00044924,-76.50000565,-0.009817888458,3
18.23877645,39.00045059,-76.50000566,-0.009817888446,3
18.28900173,39.00045194,-76.50000568,-0.009817888464,3
18.33927508,39.00045329,-76.5000057,-0.009817888453,3
18.38947819,39.00045465,-76.50000572,-0.009817888467,3
18.43976083,39.000456,-76.50000573,-0.009817888413,3
18.49003692,39.00045735,-76.50000575,-0.009817888394,3
18.54027661,39.0004587,-76.50000577,-0.00981788849,3
18.59050307,39.00046005,-76.50000578,-0.009817888394,3
18.64081439,39.0004614,-76.5000058,-0.00981807898,3
18.69106135,39.00046275,-76.50000582,-0.009818078984,3
18.74125989,39.0004641,-76.50000583,-0.00981807897,3
18.791465,39.00046545,-76.50000585,-0.009818079015,3
18.84167591,39.0004668,-76.50000587,-0.009818078996,3
18.89189657,39.00046816,-76.50000589,-0.009818078983,3
18.94211788,39.00046951,-76.5000059,-0.009818079006,3
18.9923245,39.00047086,-76.50000592,-0.009818078989,3
19.04252171,39.00047221,-76.50000594,-0.009818079015,3
19.09272106,39.00047356,-76.50000595,-0.009818078977,3
19.14292513,39.00047491,-76.50000597,-0.009818079017,3
19.19318236,39.00047626,-76.50000599,-0.00981807895,3
19.24344062,39.00047761,-76.500006,-0.009818078994,3
19.29370246,39.00047897,-76.50000602,-0.009818248021,3
19.34412395,39.00048032,-76.50000604,-0.009818248005,3
19.39444887,39.00048167,-76.50000606,-0.009818247989,3
19.44489315,39.00048302,-76.50000607,-0.009818248001,3
19.4951032,39.00048437,-76.50000609,-0.009818248032,3
19.54532716,39.00048572,-76.50000611,-0.009818248023,3
19.59553946,39.00048707,-76.50000612,-0.009818247981,3
19.64582721,39.00048842,-76.50000614,-0.009818248062,3
19.69609626,39.00049112,-76.50000617,-0.009818248046,3
19.74633647,39.00049248,-76.50000619,-0.009818247993,3
19.79658098,39.00049383,-76.50000621,-0.009818247994,3
19.84681177,39.00049518,-76.50000623,-0.009818248021,3
19.89705772,39.00049653,-76.50000624,-0.00981824799,3
19.94730338,39.00049788,-76.50000626,-0.009818399283,3
19.99748863,39.00049923,-76.50000628,-0.009818399326,3
20.04769401,39.00050058,-76.50000629,-0.009818399251,3
20.09788199,39.00050193,-76.50000631,-0.009818399297,3
20.1480845,39.00050329,-76.50000633,-0.009818399263,3
20.19825911,39.00050464,-76.50000634,-0.009818399268,3
20.24849286,39.00050599,-76.50000636,-0.009818399272,3
20.2987126,39.00050734,-76.50000638,-0.009818399276,3
20.34896397,39.00050869,-76.5000064,-0.009818399287,3
20.39920862,39.00051004,-76.50000641,-0.009818399262,3
20.44941691,39.00051139,-76.50000643,-0.009818399322,3
20.49965195,39.00051274,-76.50000645,-0.009818399304,3
20.54993593,39.00051409,-76.50000646,-0.009818399234,3
20.60016827,39.00051545,-76.50000648,-0.009818533415,3
20.6503656,39.0005168,-76.5000065,-0.00981853343,3
20.70055197,39.00051815,-76.50000651,-0.009818533429,3
20.75077331,39.0005195,-76.50000653,-0.009818533398,3
20.80102039,39.00052085,-76.50000655,-0.009818533411,3
20.85122714,39.0005222,-76.50000657,-0.00981853339,3
20.90141875,39.00052355,-76.50000658,-0.009818533408,3
20.95162636,39.0005249,-76.5000066,-0.009818533401,3
21.00181562,39.00052625,-76.50000662,-0.009818533446,3
21.05202052,39.0005276,-76.50000663,-0.00981853338,3
21.1022113,39.00052896,-76.50000665,-0.009818533428,3
21.15239285,39.00053031,-76.50000667,-0.009818533392,3
21.20256323,39.00053166,-76.50000668,-0.009818533444,3
21.2527557,39.00053301,-76.5000067,-0.009818533444,3
21.30291989,39.00053436,-76.50000672,-0.00981865242,3
21.35309646,39.00053571,-76.50000674,-0.009818653419,3
21.40326262,39.00053706,-76.50000675,-0.009818653405,3
21.45348148,39.00053841,-76.50000677,-0.009818653436,3
21.50370018,39.00053976,-76.50000679,-0.009818653401,3
21.55394833,39.00054112,-76.5000068,-0.009818653423,3
21.60415655,39.00054247,-76.50000682,-0.009818653399,3
21.65445183,39.00054382,-76.50000684,-0.009818653398,3
21.70465484,39.00054517,-76.50000685,-0.009818653453,3
21.75483484,39.00054652,-76.50000687,-0.009818653389,3
21.8050275,39.00054787,-76.50000689,-0.009818653442,3
21.85523895,39.00054922,-76.50000691,-0.009818653409,3
21.90548375,39.00055057,-76.50000692,-0.009818653395,3
21.95567283,39.00055192,-76.50000694,-0.009818759812,3
22.00590701,39.00055327,-76.50000696,-0.009818759809,3
22.05610739,39.00055463,-76.50000697,-0.009818759821,3
22.10629359,39.00055598,-76.50000699,-0.009818759784,3
22.1565248,39.00055733,-76.50000701,-0.009818759826,3
22.20682005,39.00055868,-76.50000702,-0.009818759793,3
22.25705166,39.00056003,-76.50000704,-0.009818759819,3
22.30731743,39.00056138,-76.50000706,-0.009818759797,3
22.35755885,39.00056273,-76.50000708,-0.009818759799,3
22.40782009,39.00056408,-76.50000709,-0.009818759832,3
22.4581022,39.00056544,-76.50000711,-0.009818759759,3
22.50836853,39.00056679,-76.50000713,-0.009818759805,3
22.55859423,39.00056814,-76.50000714,-0.009818759763,3
22.60877655,39.00056949,-76.50000716,-0.009818854136,3
22.65903646,39.00057084,-76.50000718,-0.009818854158,3
22.70922098,39.00057219,-76.50000719,-0.009818854107,3
22.75942912,39.00057354,-76.50000721,-0.00981885412,3
22.80967036,39.00057489,-76.50000723,-0.009818854115,3
22.85994235,39.00057624,-76.50000725,-0.009818854145,3
22.91015486,39.0005776,-76.50000726,-0.00981885411,3
22.96037205,39.00057895,-76.50000728,-0.009818854101,3
23.01061353,39.0005803,-76.5000073,-0.009818854143,3
23.06089688,39.00058165,-76.50000731,-0.009818854079,3
23.11116853,39.000583,-76.50000733,-0.009818854136,3
23.16143075,39.00058435,-76.50000735,-0.009818854105,3
23.21166523,39.0005857,-76.50000736,-0.009818854146,3
23.26192991,39.00058705,-76.50000738,-0.009818937817,3
23.31215968,39.0005884,-76.5000074,-0.00981893786,3
23.36238399,39.00058976,-76.50000742,-0.0098189378,3
23.41263191,39.00059111,-76.50000743,-0.009818937847,3
23.46284525,39.00059246,-76.50000745,-0.009818937801,3
23.51304379,39.00059381,-76.50000747,-0.009818937824,3
23.56323276,39.00059516,-76.50000748,-0.009818937827,3
23.61344226,39.00059651,-76.5000075,-0.009818937834,3
23.66369414,39.00059786,-76.50000752,-0.009818937819,3
23.71393828,39.00059921,-76.50000753,-0.009818937798,3
23.76411622,39.00060056,-76.50000755,-0.009818937856,3
23.81435711,39.00060191,-76.50000757,-0.009818937801,3
23.86460698,39.00060327,-76.50000759,-0.009818937797,3
23.91481607,39.00060462,-76.5000076,-0.009818937806,3
23.96502369,39.00060597,-76.50000762,-0.009819012714,3
24.01522264,39.00060732,-76.50000764,-0.00981901266,3
24.06546564,39.00060867,-76.50000765,-0.009819012684,3
24.11568503,39.00061002,-76.50000767,-0.009819012732,3
24.16598402,39.00061137,-76.50000769,-0.009819012745,3
24.21619078,39.00061272,-76.5000077,-0.009819012689,3
24.26643887,39.00061408,-76.50000772,-0.00981901271,3
24.31666073,39.00061543,-76.50000774,-0.009819012739,3
24.3670302,39.00061678,-76.50000776,-0.009819012666,3
24.41728464,39.00061813,-76.50000777,-0.009819012677,3
24.46760018,39.00061948,-76.50000779,-0.009819012714,3
24.51789214,39.00062083,-76.50000781,-0.009819012651,3
24.5681577,39.00062218,-76.50000782,-0.009819012675,3
24.61841667,39.00062353,-76.50000784,-0.009819079093,3
24.72342998,39.00062624,-76.50000787,-0.009819079124,3
24.77365422,39.00062759,-76.50000789,-0.009819079102,3
24.82388156,39.00062894,-76.50000791,-0.009819079126,3
24.87411588,39.00063029,-76.50000793,-0.009819079128,3
24.92432411,39.00063164,-76.50000794,-0.009819079081,3
25.12618162,39.00063569,-76.50000799,-0.009819079142,3
25.17646451,39.0006384,-76.50000803,-0.00981907907,3
25.22672092,39.00063975,-76.50000804,-0.009819079069,3
25.27695084,39.0006411,-76.50000806,-0.009819138011,3
25.3271685,39.00064245,-76.50000808,-0.009819138017,3
25.3774784,39.0006438,-76.5000081,-0.009819138037,3
25.42769234,39.00064515,-76.50000811,-0.009819138025,3
25.47796648,39.0006465,-76.50000813,-0.009819138016,3
25.52821781,39.00064785,-76.50000815,-0.009819138048,3
25.57847563,39.0006492,-76.50000816,-0.00981913806,3
25.628693,39.00065056,-76.50000818,-0.009819137998,3
25.67899693,39.00065191,-76.5000082,-0.009819137992,3
25.72920979,39.00065326,-76.50000821,-0.009819137992,3
25.77941973,39.00065461,-76.50000823,-0.009819138007,3
25.82961572,39.00065596,-76.50000825,-0.009819137978,3
25.87983265,39.00065731,-76.50000827,-0.009819138028,3
25.93006816,39.00065866,-76.50000828,-0.00981913802,3
25.98026447,39.00066001,-76.5000083,-0.009819190727,3
26.03047918,39.00066136,-76.50000832,-0.009819190749,3
26.08069831,39.00066272,-76.50000833,-0.009819190756,3
26.13097273,39.00066407,-76.50000835,-0.009819190717,3
26.18126971,39.00066542,-76.50000837,-0.009819190767,3
26.23163844,39.00066677,-76.50000838,-0.009819190746,3
26.28193158,39.00066812,-76.5000084,-0.009819190751,3
26.33221965,39.00066947,-76.50000842,-0.009819190761,3
26.3824971,39.00067082,-76.50000844,-0.009819190783,3
26.43277056,39.00067217,-76.50000845,-0.00981919072,3
26.48305112,39.00067352,-76.50000847,-0.00981919071,3
26.53329419,39.00067488,-76.50000849,-0.009819190772,3
26.58362407,39.00067622,-76.5000085,-0.009819190711,3
26.63391997,39.00067758,-76.50000852,-0.009819237485,3
26.68413116,39.00067893,-76.50000854,-0.009819237523,3
26.73437139,39.00068028,-76.50000855,-0.009819237472,3
26.7845553,39.00068163,-76.50000857,-0.009819237511,3
26.83480334,39.00068298,-76.50000859,-0.009819237487,3
26.88510572,39.00068433,-76.50000861,-0.00981923752,3
26.93534277,39.00068568,-76.50000862,-0.009819237465,3
26.98558025,39.00068703,-76.50000864,-0.009819237481,3
27.03578271,39.00068838,-76.50000866,-0.009819237539,3
27.08600988,39.00068974,-76.50000867,-0.009819237471,3
27.13621245,39.00069109,-76.50000869,-0.009819237521,3
27.18647931,39.00069244,-76.50000871,-0.009819237541,3
27.23675916,39.00069379,-76.50000872,-0.009819237552,3
27.28701316,39.00069514,-76.50000874,-0.009819278975,3
27.33725041,39.00069649,-76.50000876,-0.009819278948,3
27.38747825,39.00069784,-76.50000878,-0.009819278929,3
27.43782148,39.00069919,-76.50000879,-0.009819278929,3
27.48828077,39.00070055,-76.50000881,-0.009819278961,3
27.53856939,39.0007019,-76.50000883,-0.009819278933,3
27.5889103,39.00070325,-76.50000884,-0.00981927898,3
27.63923202,39.0007046,-76.50000886,-0.009819278953,3
27.69019223,39.00070595,-76.50000888,-0.009819279019,3
27.74053223,39.0007073,-76.50000889,-0.009819279007,3
27.79083266,39.00070865,-76.50000891,-0.009819278921,3
27.84111222,39.00071,-76.50000893,-0.009819278948,3
27.891382,39.00071135,-76.50000895,-0.009819278929,3
27.94165058,39.0007127,-76.50000896,-0.009819278963,3
27.99200198,39.00071406,-76.50000898,-0.009819316081,3
28.042314,39.0007157,-76.500009,-0.009819316085,3
28.09264316,39.00071676,-76.50000901,-0.009819316085,3
28.14291971,39.00071811,-76.50000903,-0.00981931608,3
28.19315344,39.00071946,-76.50000905,-0.009819316115,3
28.24342345,39.00072081,-76.50000906,-0.009819316098,3
28.65663298,39.00073297,-76.50000922,-0.009819349346,3
28.7069018,39.00073432,-76.50000923,-0.009819349354,3
28.75708564,39.00073567,-76.50000925,-0.009819349363,3
28.80729601,39.00073702,-76.50000927,-0.009819349349,3
28.85754565,39.00073838,-76.50000929,-0.009819349307,3
28.9078982,39.00073973,-76.5000093,-0.009819349288,3
28.95820674,39.00074108,-76.50000932,-0.009819349323,3
29.00846376,39.00074243,-76.50000934,-0.009819349367,3
29.05866603,39.00074378,-76.50000935,-0.009819349348,3
29.10892896,39.00074513,-76.50000937,-0.009819349328,3
29.15916911,39.00074648,-76.50000939,-0.009819349358,3
29.20943671,39.00074784,-76.50000941,-0.009819349353,3
29.25988086,39.00074919,-76.50000942,-0.009819378488,3
29.31011357,39.00075054,-76.50000944,-0.009819378464,3
29.36038486,39.00075189,-76.50000946,-0.009819378522,3
29.41064966,39.00075324,-76.50000947,-0.009819378515,3
29.46088281,39.00075459,-76.50000949,-0.009819378522,3
29.51111903,39.00075594,-76.50000951,-0.009819378495,3
29.56133471,39.00075729,-76.50000952,-0.009819378488,3
29.61153036,39.00075864,-76.50000954,-0.009819378493,3
29.66179759,39.00075999,-76.50000956,-0.009819378516,3
29.71200243,39.00076134,-76.50000958,-0.009819378509,3
29.76221672,39.0007627,-76.50000959,-0.009819378473,3
29.81240778,39.00076405,-76.50000961,-0.009819378488,3
29.86259939,39.0007654,-76.50000963,-0.009819378522,3
29.91274264,39.00076675,-76.50000964,-0.009819378477,3
29.96290705,39.0007681,-76.50000966,-0.009819404632,3
30.0130727,39.00076945,-76.50000968,-0.009819404541,3
30.06335794,39.0007708,-76.50000969,-0.009819404559,3
30.11359612,39.00077216,-76.50000971,-0.009819404548,3
30.16387473,39.00077351,-76.50000973,-0.009819404581,3
30.21414089,39.00077486,-76.50000975,-0.009819404596,3
30.2643829,39.00077621,-76.50000976,-0.009819404584,3
30.31468658,39.00077756,-76.50000978,-0.009819404579,3
30.36492609,39.00077891,-76.5000098,-0.009819404581,3
30.41520276,39.00078026,-76.50000981,-0.009819404605,3
30.46552411,39.00078161,-76.50000983,-0.009819404589,3
30.51578865,39.00078296,-76.50000985,-0.009819404606,3
30.56606351,39.00078431,-76.50000986,-0.009819404606,3
30.61633681,39.00078566,-76.50000988,-0.009819427696,3
30.66657926,39.00078702,-76.5000099,-0.009819427732,3
30.71681514,39.00078837,-76.50000992,-0.009819427685,3
30.76703394,39.00078972,-76.50000993,-0.009819427727,3
30.817232,39.00079107,-76.50000995,-0.009819427725,3
30.86747363,39.00079242,-76.50000997,-0.009819427741,3
30.91774343,39.00079377,-76.50000998,-0.009819427736,3
30.96797319,39.00079512,-76.50001,-0.009819427732,3
31.01824418,39.00079647,-76.50001002,-0.009819427688,3
31.06852764,39.00079782,-76.50001003,-0.009819427709,3
31.11880623,39.00079918,-76.50001005,-0.009819427675,3
31.16908132,39.00080053,-76.50001007,-0.009819427699,3
31.21936096,39.00080188,-76.50001009,-0.009819427692,3
31.26962027,39.00080323,-76.5000101,-0.00981944825,3
31.31990108,39.00080458,-76.50001012,-0.009819448244,3
31.37015577,39.00080593,-76.50001014,-0.009819448223,3
31.42037099,39.00080728,-76.50001015,-0.009819448285,3
31.47064202,39.00080863,-76.50001017,-0.009819448267,3
31.52093084,39.00080999,-76.50001019,-0.009819448259,3
31.57118395,39.00081134,-76.5000102,-0.009819448276,3
31.62142808,39.00081269,-76.50001022,-0.009819448289,3
31.67167857,39.00081404,-76.50001024,-0.009819448235,3
31.72194492,39.00081539,-76.50001026,-0.009819448243,3
31.77213405,39.00081674,-76.50001027,-0.009819448283,3
31.82238657,39.00081809,-76.50001029,-0.009819448231,3
31.87259429,39.00081944,-76.50001031,-0.009819448243,3
31.92281639,39.00082079,-76.50001032,-0.009819448214,3
31.97306045,39.00082214,-76.50001034,-0.009819466632,3
32.02328513,39.00082349,-76.50001036,-0.0098194666,3
32.07347909,39.00082485,-76.50001037,-0.009819466604,3
32.12375434,39.0008262,-76.50001039,-0.009819466631,3
32.17400236,39.00082755,-76.50001041,-0.009819466604,3
32.22423531,39.0008289,-76.50001043,-0.009819466644,3
32.27444169,39.00083025,-76.50001044,-0.009819466609,3
32.32465039,39.0008316,-76.50001046,-0.009819466652,3
32.37484722,39.00083295,-76.50001048,-0.009819466681,3
32.42506065,39.0008343,-76.50001049,-0.009819466602,3
32.47533866,39.00083565,-76.50001051,-0.009819466672,3
32.52557202,39.00083701,-76.50001053,-0.009819466621,3
32.57578697,39.00083836,-76.50001054,-0.009819466654,3
32.62604322,39.00083971,-76.50001056,-0.009819482925,3
32.67627685,39.00084106,-76.50001058,-0.009819482889,3
32.72648998,39.00084241,-76.5000106,-0.009819482932,3
32.77673212,39.00084376,-76.50001061,-0.009819482902,3
32.82700102,39.00084511,-76.50001063,-0.00981948287,3
32.87721318,39.00084646,-76.50001065,-0.00981948294,3
32.92745897,39.00084781,-76.50001066,-0.009819482899,3
32.97766928,39.00084917,-76.50001068,-0.00981948288,3
33.02795451,39.00085052,-76.5000107,-0.009819482877,3
33.07815607,39.00085187,-76.50001071,-0.009819482935,3
33.12835999,39.00085322,-76.50001073,-0.009819482935,3
33.17855134,39.00085457,-76.50001075,-0.009819482881,3
33.2287677,39.00085592,-76.50001077,-0.009819482882,3
33.27903978,39.00085727,-76.50001078,-0.009819497357,3
33.32927553,39.00085862,-76.5000108,-0.00981949739,3
33.37952171,39.00085997,-76.50001082,-0.009819497345,3
33.42980652,39.00086133,-76.50001083,-0.009819497386,3
33.48003856,39.00086268,-76.50001085,-0.009819497364,3
33.53028113,39.00086403,-76.50001087,-0.009819497369,3
33.58051728,39.00086538,-76.50001088,-0.009819497364,3
33.63078382,39.00086673,-76.5000109,-0.00981949739,3
33.68103172,39.00086808,-76.50001092,-0.009819497358,3
33.73130363,39.00086943,-76.50001094,-0.009819497346,3
33.78152503,39.00087078,-76.50001095,-0.00981949735,3
33.83176069,39.00087214,-76.50001097,-0.00981949733,3
33.88201689,39.00087348,-76.50001099,-0.009819497334,3
33.93227436,39.00087484,-76.500011,-0.009819497386,3
33.98248342,39.00087619,-76.50001102,-0.009819510269,3
34.03270778,39.00087754,-76.50001104,-0.00981951032,3
34.08291747,39.00087889,-76.50001105,-0.009819510335,3
34.13313048,39.00088024,-76.50001107,-0.009819510296,3
34.1833264,39.00088159,-76.50001109,-0.009819510329,3
34.23358468,39.00088294,-76.50001111,-0.009819510272,3
34.28384045,39.0008843,-76.50001112,-0.009819510296,3
34.33410425,39.00088565,-76.50001114,-0.009819510315,3
34.38434642,39.000887,-76.50001116,-0.009819510333,3
34.43461592,39.00088835,-76.50001117,-0.00981951033,3
34.4848834,39.0008897,-76.50001119,-0.009819510274,3
34.53513555,39.00089105,-76.50001121,-0.009819510255,3
34.58534418,39.0008924,-76.50001122,-0.009819510278,3
34.63561747,39.00089375,-76.50001124,-0.009819521718,3
34.68584594,39.0008951,-76.50001126,-0.009819521757,3
34.73613105,39.00089645,-76.50001128,-0.00981952178,3
34.78637425,39.00089781,-76.50001129,-0.009819521768,3
34.83669684,39.00089916,-76.50001131,-0.009819521787,3
34.88695842,39.00090051,-76.50001133,-0.009819521775,3
34.93724362,39.00090186,-76.50001134,-0.009819521721,3
34.98751698,39.00090321,-76.50001136,-0.009819521775,3
35.0378456,39.00090456,-76.50001138,-0.009819521774,3
35.08815334,39.00090591,-76.50001139,-0.009819521766,3
35.13841768,39.00090726,-76.50001141,-0.009819521776,3
35.18868441,39.00090862,-76.50001143,-0.009819521797,3
35.23898316,39.00090997,-76.50001145,-0.009819521779,3
35.28921089,39.00091132,-76.50001146,-0.009819531953,3
35.33950677,39.00091267,-76.50001148,-0.009819531891,3
35.38981596,39.00091402,-76.5000115,-0.009819531906,3
35.44012246,39.00091537,-76.50001151,-0.009819531888,3
35.49033753,39.00091672,-76.50001153,-0.009819531905,3
35.54061427,39.00091807,-76.50001155,-0.009819531952,3
35.59088818,39.00091942,-76.50001156,-0.009819531979,3
35.64120767,39.00092077,-76.50001158,-0.009819531924,3
35.69141049,39.00092213,-76.5000116,-0.009819531906,3
35.74165852,39.00092348,-76.50001162,-0.00981953195,3
35.7919236,39.00092483,-76.50001163,-0.009819531958,3
35.84219775,39.00092618,-76.50001165,-0.009819531955,3
35.89246883,39.00092753,-76.50001167,-0.009819531968,3
35.94272117,39.00092888,-76.50001168,-0.009819531939,3
35.99299029,39.00093023,-76.5000117,-0.009819541065,3
36.0432255,39.00093158,-76.50001172,-0.009819541014,3
36.09350966,39.00093294,-76.50001173,-0.009819541014,3
36.1437915,39.00093429,-76.50001175,-0.009819541029,3
36.19409457,39.00093564,-76.50001177,-0.009819541063,3
36.24436174,39.00093699,-76.50001179,-0.009819541066,3
36.29466204,39.00093834,-76.5000118,-0.009819541054,3
36.34494111,39.00093969,-76.50001182,-0.009819541015,3
36.39521366,39.00094104,-76.50001184,-0.009819541034,3
36.44545547,39.00094239,-76.50001185,-0.009819541056,3
36.49568065,39.00094374,-76.50001187,-0.009819541073,3
36.5459903,39.00094509,-76.50001189,-0.009819541057,3
36.59622018,39.0009478,-76.50001192,-0.009819549131,3
36.64645231,39.00094915,-76.50001194,-0.009819549132,3
36.69669511,39.0009505,-76.50001196,-0.00981954911,3
36.74697655,39.00095185,-76.50001197,-0.009819549111,3
36.7972019,39.0009532,-76.50001199,-0.009819549122,3
36.84743779,39.00095455,-76.50001201,-0.009819549109,3
36.8977143,39.0009559,-76.50001202,-0.009819549148,3
36.94791083,39.00095725,-76.50001204,-0.009819549098,3
36.9981442,39.00095861,-76.50001206,-0.00981954909,3
37.04834055,39.00095996,-76.50001207,-0.009819549101,3
37.09860943,39.00096131,-76.50001209,-0.009819549102,3
37.14888383,39.00096266,-76.50001211,-0.009819549097,3
37.19912805,39.00096401,-76.50001213,-0.009819549096,3
37.24934153,39.00096536,-76.50001214,-0.009819556247,3
37.29961766,39.00096671,-76.50001216,-0.00981955628,3
37.34987905,39.00096806,-76.50001218,-0.009819556285,3
37.400068,39.00096941,-76.50001219,-0.009819556281,3
37.45026126,39.00097077,-76.50001221,-0.009819556256,3
37.50043907,39.00097212,-76.50001223,-0.009819556292,3
37.55064821,39.00097347,-76.50001224,-0.00981955626,3
37.60084134,39.00097482,-76.50001226,-0.009819556333,3
37.651085,39.00097617,-76.50001228,-0.009819556287,3
37.70133594,39.00097752,-76.5000123,-0.009819556261,3
37.75155672,39.00097887,-76.50001231,-0.009819556286,3
37.80192464,39.00098022,-76.50001233,-0.009819556251,3
37.85222908,39.00098157,-76.50001235,-0.00981955629,3
37.90247915,39.00098293,-76.50001236,-0.009819556274,3
37.95266818,39.00098428,-76.50001238,-0.009819562684,3
38.00288607,39.00098563,-76.5000124,-0.009819562712,3
38.05311979,39.00098698,-76.50001241,-0.009819562676,3
38.103353,39.00098833,-76.50001243,-0.009819562653,3
38.15360091,39.00098968,-76.50001245,-0.009819562649,3
38.20383844,39.00099104,-76.50001247,-0.009819562667,3
38.25411712,39.00099238,-76.50001248,-0.009819562719,3
38.30440934,39.00099373,-76.5000125,-0.009819562715,3
38.35466171,39.00099508,-76.50001252,-0.009819562721,3
38.404919,39.00099644,-76.50001253,-0.009819562706,3
38.45517838,39.00099779,-76.50001255,-0.009819562691,3
38.50542338,39.00099914,-76.50001257,-0.0098195627,3
38.55572975,39.00100049,-76.50001258,-0.009819562693,3
38.60599372,39.00100184,-76.5000126,-0.009819568398,3
38.65619959,39.00100319,-76.50001262,-0.009819568374,3
38.70642747,39.00100454,-76.50001264,-0.00981956836,3
38.75661861,39.00100589,-76.50001265,-0.009819568382,3
38.80688281,39.00100724,-76.50001267,-0.009819568382,3
38.85714213,39.0010086,-76.50001269,-0.009819568412,3
38.90736789,39.00100995,-76.5000127,-0.009819568412,3
38.95761327,39.0010113,-76.50001272,-0.009819568412,3
39.00789239,39.00101265,-76.50001274,-0.009819568348,3
39.05811028,39.001014,-76.50001275,-0.00981956839,3
39.10834266,39.00101535,-76.50001277,-0.009819568343,3
39.1585504,39.0010167,-76.50001279,-0.00981956842,3
39.20881542,39.00101805,-76.50001281,-0.009819568343,3
39.2591041,39.0010194,-76.50001282,-0.009819573446,3
39.30935312,39.00102076,-76.50001284,-0.00981957337,3
39.35963656,39.00102211,-76.50001286,-0.009819573393,3
39.4099309,39.00102346,-76.50001287,-0.009819573443,3
39.46018938,39.00102481,-76.50001289,-0.009819573376,3
39.51043357,39.00102616,-76.50001291,-0.009819573372,3
39.5606863,39.00102751,-76.50001292,-0.009819573417,3
39.61091,39.00102886,-76.50001294,-0.009819573413,3
39.66110065,39.00103021,-76.50001296,-0.009819573367,3
39.71132028,39.00103156,-76.50001298,-0.009819573409,3
39.76154859,39.00103291,-76.50001299,-0.009819573439,3
39.81180068,39.00103427,-76.50001301,-0.009819573426,3
39.86206397,39.00103562,-76.50001303,-0.009819573424,3
39.9123285,39.00103697,-76.50001304,-0.009819573377,3
39.96257212,39.00103832,-76.50001306,-0.009819577894,3
40.01280608,39.00103967,-76.50001308,-0.009819577886,3
40.06308048,39.00104102,-76.50001309,-0.0098195779,3
40.11328364,39.00104237,-76.50001311,-0.009819577887,3
40.16351497,39.00104372,-76.50001313,-0.009819577892,3
40.21373288,39.00104507,-76.50001315,-0.009819577917,3
40.26392667,39.00104643,-76.50001316,-0.00981957789,3
40.31415272,39.00104778,-76.50001318,-0.009819577883,3
40.36435763,39.00104913,-76.5000132,-0.009819577902,3
40.41459625,39.00105048,-76.50001321,-0.009819577914,3
40.46482471,39.00105183,-76.50001323,-0.009819577933,3
40.5150979,39.00105318,-76.50001325,-0.009819577949,3
40.56530035,39.00105453,-76.50001326,-0.009819577917,3
40.61562967,39.00105588,-76.50001328,-0.009819581883,3
40.66584515,39.00105724,-76.5000133,-0.009819581919,3
40.71608067,39.00105859,-76.50001332,-0.009819581908,3
40.7663109,39.00105994,-76.50001333,-0.009819581957,3
40.81653032,39.00106129,-76.50001335,-0.009819581896,3
40.86678617,39.00106264,-76.50001337,-0.009819581935,3
40.91704929,39.00106399,-76.50001338,-0.00981958192,3
40.96724475,39.00106534,-76.5000134,-0.009819581896,3
41.01745192,39.0010667,-76.50001342,-0.00981958193,3
41.06772964,39.00106805,-76.50001343,-0.009819581952,3
41.11799839,39.0010694,-76.50001345,-0.009819581935,3
41.16822269,39.00107075,-76.50001347,-0.009819581936,3
41.21844878,39.0010721,-76.50001349,-0.009819581936,3
41.2686657,39.00107345,-76.5000135,-0.009819585428,3
41.31889923,39.0010748,-76.50001352,-0.009819585487,3
41.36914737,39.00107615,-76.50001354,-0.009819585513,3
41.41936558,39.00107751,-76.50001355,-0.009819585427,3
41.46957698,39.00107885,-76.50001357,-0.009819585448,3
41.51977729,39.00108021,-76.50001359,-0.009819585475,3
41.57005403,39.00108156,-76.5000136,-0.009819585517,3
41.6202766,39.00108291,-76.50001362,-0.009819585466,3
41.67053596,39.00108426,-76.50001364,-0.009819585436,3
41.72074538,39.00108561,-76.50001366,-0.009819585449,3
41.77098558,39.00108696,-76.50001367,-0.009819585462,3
41.82117504,39.00108831,-76.50001369,-0.009819585441,3
41.87139617,39.00108966,-76.50001371,-0.009819585505,3
41.92160911,39.00109101,-76.50001372,-0.009819585503,3
41.9718084,39.00109237,-76.50001374,-0.009819588669,3
42.02204929,39.00109372,-76.50001376,-0.009819588649,3
42.07224163,39.00109507,-76.50001377,-0.009819588666,3
42.12244842,39.00109642,-76.50001379,-0.009819588627,3
42.17262598,39.00109777,-76.50001381,-0.009819588652,3
42.2228778,39.00109912,-76.50001383,-0.009819588673,3
42.27307388,39.00110047,-76.50001384,-0.009819588624,3
42.32331704,39.00110182,-76.50001386,-0.009819588667,3
42.37351692,39.00110317,-76.50001388,-0.00981958864,3
42.42376264,39.00110452,-76.50001389,-0.009819588674,3
42.4739823,39.00110587,-76.50001391,-0.009819588656,3
42.52418593,39.00110723,-76.50001393,-0.009819588657,3
42.57438247,39.00110858,-76.50001394,-0.009819588649,3
42.62461928,39.00110993,-76.50001396,-0.009819591451,3
42.67486976,39.00111128,-76.50001398,-0.009819591442,3
42.72512375,39.00111263,-76.500014,-0.009819591418,3
42.77533842,39.00111398,-76.50001401,-0.009819591458,3
42.82572848,39.00111533,-76.50001403,-0.0098195915,3
42.87594218,39.00111668,-76.50001405,-0.009819591437,3
42.9261968,39.00111803,-76.50001406,-0.009819591465,3
42.97640587,39.00111939,-76.50001408,-0.009819591449,3
43.02660679,39.00112074,-76.5000141,-0.009819591446,3
43.07681856,39.00112209,-76.50001411,-0.009819591486,3
43.12707877,39.00112344,-76.50001413,-0.009819591439,3
43.17729629,39.00112479,-76.50001415,-0.009819591492,3
43.22750525,39.00112614,-76.50001417,-0.009819591449,3
43.27775648,39.00112749,-76.50001418,-0.009819593947,3
43.32799687,39.00112885,-76.5000142,-0.009819593955,3
43.37819465,39.0011302,-76.50001422,-0.009819593991,3
43.42842175,39.00113155,-76.50001423,-0.009819594004,3
43.47867291,39.0011329,-76.50001425,-0.009819593984,3
43.52893485,39.00113425,-76.50001427,-0.009819593993,3
43.57914789,39.0011356,-76.50001428,-0.009819593953,3
43.62939794,39.00113695,-76.5000143,-0.009819593972,3
43.67963657,39.0011383,-76.50001432,-0.009819593943,3
43.72991029,39.00113965,-76.50001434,-0.009819593987,3
43.78012923,39.001141,-76.50001435,-0.009819593912,3
43.83037231,39.00114235,-76.50001437,-0.00981959399,3
43.88061978,39.00114371,-76.50001439,-0.009819593922,3
43.93092156,39.00114506,-76.5000144,-0.00981959395,3
43.98118959,39.00114641,-76.50001442,-0.009819596189,3
44.03142812,39.00114776,-76.50001444,-0.009819596163,3
44.08163104,39.00114911,-76.50001446,-0.009819596203,3
44.13194266,39.00115046,-76.50001447,-0.0098195962,3
44.18222091,39.00115181,-76.50001449,-0.009819596176,3
44.23248061,39.00115316,-76.50001451,-0.009819596164,3
44.28274567,39.00115451,-76.50001452,-0.009819596175,3
44.33306418,39.00115586,-76.50001454,-0.009819596172,3
44.38332002,39.00115722,-76.50001456,-0.009819596198,3
44.43358042,39.00115857,-76.50001457,-0.009819596192,3
44.48382945,39.00115992,-76.50001459,-0.009819596199,3
44.53412004,39.00116127,-76.50001461,-0.009819596169,3
44.58436844,39.00116262,-76.50001463,-0.009819596199,3
44.63460619,39.00116397,-76.50001464,-0.009819598192,3
44.68484771,39.00116532,-76.50001466,-0.009819598185,3
44.73509932,39.00116667,-76.50001468,-0.009819598199,3
44.78528133,39.00116802,-76.50001469,-0.009819598148,3
44.83549243,39.00116938,-76.50001471,-0.009819598165,3
44.8857507,39.00117073,-76.50001473,-0.009819598165,3
44.9360016,39.00117208,-76.50001474,-0.009819598164,3
44.98628292,39.00117343,-76.50001476,-0.009819598206,3
45.03653551,39.00117478,-76.50001478,-0.009819598169,3
45.08692003,39.00117613,-76.5000148,-0.009819598173,3
45.13721024,39.00117749,-76.50001481,-0.00981959819,3
45.18746048,39.00117883,-76.50001483,-0.009819598184,3
45.2377201,39.00118019,-76.50001485,-0.009819598184,3
45.28802974,39.00118154,-76.50001486,-0.009819599972,3
45.33826047,39.00118289,-76.50001488,-0.00981959991,3
45.38852354,39.00118424,-76.5000149,-0.009819599909,3
45.43878117,39.00118559,-76.50001491,-0.009819599963,3
45.48904269,39.00118694,-76.50001493,-0.009819599971,3
45.53929967,39.00118829,-76.50001495,-0.009819599952,3
45.58957698,39.00118964,-76.50001497,-0.009819599957,3
45.63983398,39.00119099,-76.50001498,-0.009819599908,3
45.69012999,39.00119235,-76.500015,-0.009819599902,3
45.7404117,39.0011937,-76.50001502,-0.009819599946,3
45.79062337,39.00119505,-76.50001503,-0.009819599937,3
45.84083553,39.0011964,-76.50001505,-0.009819599998,3
45.89112447,39.00119775,-76.50001507,-0.009819599965,3
45.94138848,39.0011991,-76.50001508,-0.009819599929,3
45.99162196,39.00120045,-76.5000151,-0.009819601532,3
46.04184188,39.0012018,-76.50001512,-0.009819601509,3
46.09209434,39.00120315,-76.50001514,-0.009819601539,3
46.14235321,39.0012045,-76.50001515,-0.009819601517,3
46.19264279,39.00120585,-76.50001517,-0.009819601488,3
46.24292151,39.00120721,-76.50001519,-0.00981960151,3
46.29320549,39.00120856,-76.5000152,-0.009819601521,3
46.3434771,39.00120991,-76.50001522,-0.009819601548,3
46.39374851,39.00121126,-76.50001524,-0.009819601503,3
46.4440326,39.00121261,-76.50001525,-0.009819601527,3
46.49427387,39.00121396,-76.50001527,-0.009819601506,3
46.54450537,39.00121531,-76.50001529,-0.009819601501,3
46.5947965,39.00121666,-76.50001531,-0.009819601524,3
46.64507395,39.00121801,-76.50001532,-0.00981960293,3
46.69531321,39.00121937,-76.50001534,-0.009819602926,3
46.74556905,39.00122072,-76.50001536,-0.009819602886,3
46.79580399,39.00122207,-76.50001537,-0.009819602914,3
46.84608347,39.00122342,-76.50001539,-0.009819602945,3
46.89632447,39.00122612,-76.50001542,-0.009819602922,3
46.94653652,39.00122747,-76.50001544,-0.009819602945,3
46.99673066,39.00122882,-76.50001546,-0.009819602891,3
47.04691932,39.00123018,-76.50001548,-0.009819602938,3
47.09710171,39.00123153,-76.50001549,-0.009819602869,3
47.1473126,39.00123288,-76.50001551,-0.009819602932,3
47.19749945,39.00123423,-76.50001553,-0.009819602919,3
47.2477625,39.00123558,-76.50001554,-0.009819604151,3
47.29794444,39.00123693,-76.50001556,-0.009819604172,3
47.34816664,39.00123828,-76.50001558,-0.0098196042,3
47.39835835,39.00123963,-76.50001559,-0.009819604103,3
47.44853875,39.00124098,-76.50001561,-0.009819604132,3
47.49872276,39.00124234,-76.50001563,-0.009819604156,3
47.54889445,39.00124369,-76.50001565,-0.009819604111,3
47.59906078,39.00124504,-76.50001566,-0.009819604127,3
47.64922798,39.00124639,-76.50001568,-0.009819604149,3
47.69939639,39.00124774,-76.5000157,-0.009819604131,3
47.74957635,39.00124909,-76.50001571,-0.009819604145,3
47.79971018,39.00125044,-76.50001573,-0.00981960411,3
47.84992744,39.00125179,-76.50001575,-0.009819604137,3
47.90011236,39.00125314,-76.50001576,-0.009819604138,3
47.95031771,39.0012545,-76.50001578,-0.009819605265,3
48.00055873,39.00125585,-76.5000158,-0.009819605245,3
48.05076018,39.0012572,-76.50001582,-0.009819605261,3
48.10100913,39.00125855,-76.50001583,-0.009819605229,3
48.1512049,39.0012599,-76.50001585,-0.009819605214,3
48.20142009,39.00126125,-76.50001587,-0.009819605237,3
48.25172848,39.0012626,-76.50001588,-0.00981960528,3
48.30195269,39.00126395,-76.5000159,-0.009819605271,3
48.35216979,39.0012653,-76.50001592,-0.00981960526,3
48.4023907,39.00126666,-76.50001593,-0.009819605241,3
48.45259968,39.00126801,-76.50001595,-0.009819605264,3
48.50290599,39.00126936,-76.50001597,-0.009819605267,3
48.55311694,39.00127071,-76.50001599,-0.009819605235,3
48.60333688,39.00127206,-76.500016,-0.00981960623,3
48.65352263,39.00127341,-76.50001602,-0.009819606281,3
48.70370553,39.00127476,-76.50001604,-0.009819606225,3
48.75392326,39.00127611,-76.50001605,-0.009819606219,3
48.8041108,39.00127746,-76.50001607,-0.009819606213,3
48.85430446,39.00127882,-76.50001609,-0.009819606215,3
48.90452767,39.00128017,-76.5000161,-0.009819606189,3
48.95472483,39.00128152,-76.50001612,-0.009819606235,3
49.00495028,39.00128287,-76.50001614,-0.009819606233,3
49.05518204,39.00128422,-76.50001616,-0.00981960625,3
49.10538241,39.00128557,-76.50001617,-0.009819606272,3
49.15560316,39.00128692,-76.50001619,-0.009819606247,3
49.20578491,39.00128827,-76.50001621,-0.009819606264,3
49.25598244,39.00128962,-76.50001622,-0.009819607106,3
49.30616455,39.00129097,-76.50001624,-0.009819607117,3
49.35633805,39.00129233,-76.50001626,-0.009819607103,3
49.40656519,39.00129368,-76.50001627,-0.009819607099,3
49.45677563,39.00129503,-76.50001629,-0.009819607138,3
49.50704759,39.00129638,-76.50001631,-0.009819607134,3
49.55723945,39.00129773,-76.50001633,-0.009819607088,3
49.60743323,39.00129908,-76.50001634,-0.009819607054,3
49.6576493,39.00130043,-76.50001636,-0.009819607086,3
49.70783074,39.00130178,-76.50001638,-0.009819607106,3
49.7580677,39.00130314,-76.50001639,-0.009819607113,3
49.80824642,39.00130449,-76.50001641,-0.009819607111,3
49.85844464,39.00130584,-76.50001643,-0.009819607138,3
49.90864575,39.00130719,-76.50001644,-0.00981960711,3
49.95889953,39.00130854,-76.50001646,-0.009819607897,3
50.00911904,39.00130989,-76.50001648,-0.009819607848,3
50.05935994,39.00131124,-76.5000165,-0.009819607877,3
50.10955658,39.00131259,-76.50001651,-0.009819607898,3
50.15974454,39.00131394,-76.50001653,-0.009819607888,3
50.20998121,39.00131529,-76.50001655,-0.009819607863,3
50.26020791,39.00131665,-76.50001656,-0.009819607864,3
50.31042662,39.001318,-76.50001658,-0.009819607866,3
50.36061566,39.00131935,-76.5000166,-0.009819607852,3
50.41082243,39.0013207,-76.50001661,-0.009819607891,3
50.46104896,39.00132205,-76.50001663,-0.009819607908,3
50.51130305,39.0013234,-76.50001665,-0.009819607912,3
50.56150016,39.00132475,-76.50001667,-0.009819607928,3
50.61162939,39.0013261,-76.50001668,-0.009819608622,3
50.66182424,39.00132745,-76.5000167,-0.009819608568,3
50.71201893,39.0013288,-76.50001672,-0.009819608578,3
50.76220241,39.00133016,-76.50001673,-0.009819608598,3
50.81237891,39.00133151,-76.50001675,-0.00981960858,3
50.86256725,39.00133286,-76.50001677,-0.009819608539,3
50.91275321,39.00133421,-76.50001678,-0.009819608601,3
50.96295775,39.00133556,-76.5000168,-0.009819608554,3
51.01313832,39.00133691,-76.50001682,-0.00981960863,3
51.06332938,39.00133826,-76.50001684,-0.009819608605,3
51.11353063,39.00133961,-76.50001685,-0.009819608642,3
51.16372542,39.00134097,-76.50001687,-0.009819608559,3
51.21392301,39.00134232,-76.50001689,-0.009819608598,3
51.26420211,39.00134367,-76.5000169,-0.009819608598,3
51.31442774,39.00134502,-76.50001692,-0.009819609208,3
51.36465614,39.00134637,-76.50001694,-0.009819609208,3
51.41489141,39.00134772,-76.50001695,-0.009819609196,3
51.46513311,39.00134907,-76.50001697,-0.009819609209,3
51.51533085,39.00135042,-76.50001699,-0.009819609175,3
51.56555721,39.00135177,-76.50001701,-0.009819609237,3
51.61578057,39.00135312,-76.50001702,-0.009819609208,3
51.66601486,39.00135448,-76.50001704,-0.009819609208,3
51.71621247,39.00135583,-76.50001706,-0.009819609226,3
51.76647213,39.00135718,-76.50001707,-0.009819609193,3
51.816699,39.00135853,-76.50001709,-0.009819609214,3
51.86695439,39.00135988,-76.50001711,-0.009819609221,3
51.91714796,39.00136123,-76.50001712,-0.009819609222,3
51.96739323,39.00136258,-76.50001714,-0.009819609771,3
52.01759872,39.00136393,-76.50001716,-0.009819609737,3
52.06783625,39.00136528,-76.50001718,-0.00981960972,3
52.11807644,39.00136664,-76.50001719,-0.009819609785,3
52.16835394,39.00136799,-76.50001721,-0.009819609763,3
52.21858442,39.00136934,-76.50001723,-0.009819609743,3
52.2687996,39.00137069,-76.50001724,-0.009819609774,3
52.31905943,39.00137204,-76.50001726,-0.009819609733,3
52.36928518,39.00137339,-76.50001728,-0.009819609719,3
52.41951634,39.00137474,-76.50001729,-0.009819609761,3
52.46983896,39.00137609,-76.50001731,-0.009819609733,3
52.52010761,39.00137745,-76.50001733,-0.009819609754,3
52.57034391,39.0013788,-76.50001735,-0.009819609723,3
52.62056591,39.00138015,-76.50001736,-0.009819610231,3
52.6707931,39.0013815,-76.50001738,-0.009819610268,3
52.72105504,39.00138285,-76.5000174,-0.009819610211,3
52.77129513,39.0013842,-76.50001741,-0.009819610271,3
52.8215557,39.00138555,-76.50001743,-0.009819610269,3
52.87174328,39.0013869,-76.50001745,-0.009819610268,3
52.9219527,39.00138825,-76.50001746,-0.009819610265,3
52.97222981,39.00138961,-76.50001748,-0.009819610232,3
53.02244517,39.00139096,-76.5000175,-0.009819610235,3
53.07268443,39.00139231,-76.50001752,-0.009819610233,3
53.12305071,39.00139366,-76.50001753,-0.009819610265,3
53.17325325,39.00139501,-76.50001755,-0.009819610215,3
53.22353058,39.00139636,-76.50001757,-0.009819610236,3
53.27376376,39.00139771,-76.50001758,-0.009819610618,3
53.32400332,39.00139906,-76.5000176,-0.00981961065,3
53.37422927,39.00140041,-76.50001762,-0.00981961066,3
53.42442301,39.00140176,-76.50001763,-0.009819610679,3
53.47461316,39.00140311,-76.50001765,-0.009819610631,3
53.52481183,39.00140447,-76.50001767,-0.009819610696,3
53.57501553,39.00140582,-76.50001769,-0.009819610711,3
53.62520876,39.00140717,-76.5000177,-0.00981961067,3
53.67540835,39.00140852,-76.50001772,-0.009819610698,3
53.72563961,39.00140987,-76.50001774,-0.009819610709,3
53.77584332,39.00141122,-76.50001775,-0.009819610683,3
53.82617043,39.00141257,-76.50001777,-0.009819610701,3
53.87638459,39.00141392,-76.50001779,-0.009819610669,3
53.92662854,39.00141528,-76.5000178,-0.009819610715,3
53.97690641,39.00141663,-76.50001782,-0.009819611035,3
54.02718242,39.00141798,-76.50001784,-0.009819611066,3
54.07742006,39.00141933,-76.50001786,-0.009819611065,3
54.12769985,39.00142068,-76.50001787,-0.009819611056,3
54.17794192,39.00142203,-76.50001789,-0.009819611063,3
54.22818841,39.00142338,-76.50001791,-0.009819611039,3
54.27839255,39.00142473,-76.50001792,-0.009819611007,3
54.3286664,39.00142608,-76.50001794,-0.009819611055,3
54.37891877,39.00142744,-76.50001796,-0.009819611053,3
54.42920313,39.00142879,-76.50001797,-0.009819611077,3
54.47943327,39.00143014,-76.50001799,-0.009819611017,3
54.52972635,39.00143149,-76.50001801,-0.009819611062,3
54.57998471,39.00143284,-76.50001803,-0.009819611096,3
54.63022281,39.00143419,-76.50001804,-0.009819611416,3
54.68043594,39.00143554,-76.50001806,-0.009819611404,3
54.7306516,39.00143689,-76.50001808,-0.009819611419,3
54.78086692,39.00143824,-76.50001809,-0.009819611432,3
54.83110409,39.0014396,-76.50001811,-0.009819611389,3
54.88134367,39.00144095,-76.50001813,-0.009819611403,3
54.93163219,39.0014423,-76.50001814,-0.009819611385,3
54.98187433,39.00144365,-76.50001816,-0.00981961137,3
55.03210282,39.001445,-76.50001818,-0.009819611394,3
55.08234936,39.00144635,-76.5000182,-0.00981961141,3
55.13258092,39.0014477,-76.50001821,-0.009819611393,3
55.18290682,39.00144905,-76.50001823,-0.009819611377,3
55.23314139,39.0014504,-76.50001825,-0.009819611391,3
55.28339147,39.00145176,-76.50001826,-0.009819611703,3
55.33365485,39.00145311,-76.50001828,-0.009819611698,3
55.38401134,39.00145446,-76.5000183,-0.009819611689,3
55.43425848,39.00145581,-76.50001831,-0.009819611684,3
55.48447085,39.00145716,-76.50001833,-0.009819611673,3
55.53477328,39.00145851,-76.50001835,-0.009819611723,3
55.58507636,39.00145986,-76.50001837,-0.009819611719,3
55.6353163,39.00146121,-76.50001838,-0.009819611675,3
55.68558925,39.00146256,-76.5000184,-0.009819611708,3
55.7358761,39.00146392,-76.50001842,-0.009819611709,3
55.78615867,39.00146527,-76.50001843,-0.009819611707,3
55.83638794,39.00146662,-76.50001845,-0.009819611667,3
55.88662835,39.00146797,-76.50001847,-0.009819611671,3
55.93691226,39.00146932,-76.50001848,-0.00981961171,3
55.98721306,39.00147067,-76.5000185,-0.009819611999,3
56.03743303,39.00147202,-76.50001852,-0.00981961201,3
56.08768398,39.00147337,-76.50001854,-0.009819611976,3
56.13790104,39.00147472,-76.50001855,-0.009819611988,3
56.1881492,39.00147608,-76.50001857,-0.009819611984,3
56.2384189,39.00147743,-76.50001859,-0.009819611964,3
56.28868303,39.00147878,-76.5000186,-0.009819611914,3
56.33890953,39.00148013,-76.50001862,-0.009819611999,3
56.38918771,39.00148148,-76.50001864,-0.009819612006,3
56.43944633,39.00148283,-76.50001865,-0.009819611977,3
56.48967194,39.00148418,-76.50001867,-0.009819611937,3
56.53987481,39.00148553,-76.50001869,-0.00981961197,3
56.59007756,39.00148688,-76.50001871,-0.009819611984,3
56.64026954,39.00148824,-76.50001872,-0.009819612194,3
56.6904781,39.00148959,-76.50001874,-0.009819612202,3
56.74070055,39.00149094,-76.50001876,-0.009819612224,3
56.79090623,39.00149229,-76.50001877,-0.0098196122,3
56.84109534,39.00149364,-76.50001879,-0.009819612208,3
56.89127925,39.00149499,-76.50001881,-0.009819612189,3
56.9414674,39.00149634,-76.50001882,-0.009819612186,3
56.99166018,39.00149769,-76.50001884,-0.009819612232,3
57.04183129,39.00149904,-76.50001886,-0.009819612213,3
57.09203122,39.00150039,-76.50001888,-0.009819612215,3
57.14229179,39.00150174,-76.50001889,-0.009819612238,3
57.19253833,39.0015031,-76.50001891,-0.009819612194,3
57.24280137,39.00150445,-76.50001893,-0.009819612208,3
57.29306293,39.0015058,-76.50001894,-0.009819612385,3
57.34327388,39.00150715,-76.50001896,-0.009819612404,3
57.39345149,39.0015085,-76.50001898,-0.00981961238,3
57.44373126,39.00150985,-76.500019,-0.009819612449,3
57.49403365,39.0015112,-76.50001901,-0.00981961241,3
57.54426395,39.00151255,-76.50001903,-0.009819612423,3
57.5944856,39.00151391,-76.50001905,-0.00981961246,3
57.64474725,39.00151526,-76.50001906,-0.00981961246,3
57.69505091,39.00151661,-76.50001908,-0.009819612436,3
57.74528737,39.00151796,-76.5000191,-0.009819612461,3
57.79552679,39.00151931,-76.50001911,-0.009819612415,3
57.84590578,39.00152066,-76.50001913,-0.009819612392,3
57.896135,39.00152336,-76.50001917,-0.009819612399,3
57.94636063,39.00152472,-76.50001918,-0.009819612647,3
57.99656918,39.00152607,-76.5000192,-0.009819612632,3
58.04676757,39.00152742,-76.50001922,-0.009819612602,3
58.09698936,39.00152877,-76.50001923,-0.009819612648,3
58.14720267,39.00153012,-76.50001925,-0.009819612589,3
58.19741046,39.00153147,-76.50001927,-0.009819612618,3
58.24769673,39.00153282,-76.50001928,-0.009819612553,3
58.2978821,39.00153417,-76.5000193,-0.009819612601,3
58.34805405,39.00153552,-76.50001932,-0.009819612617,3
58.39824767,39.00153687,-76.50001934,-0.009819612596,3
58.44842534,39.00153823,-76.50001935,-0.009819612635,3
58.49861351,39.00153958,-76.50001937,-0.009819612608,3
58.54879773,39.00154093,-76.50001939,-0.009819612619,3
58.5990156,39.00154228,-76.5000194,-0.00981961279,3
58.64920086,39.00154363,-76.50001942,-0.009819612761,3
58.69943267,39.00154498,-76.50001944,-0.009819612788,3
58.74967279,39.00154633,-76.50001945,-0.009819612777,3
58.79986214,39.00154768,-76.50001947,-0.009819612808,3
58.8501044,39.00154903,-76.50001949,-0.00981961279,3
58.90028744,39.00155039,-76.50001951,-0.009819612829,3
58.95050637,39.00155174,-76.50001952,-0.009819612798,3
59.00070307,39.00155309,-76.50001954,-0.009819612804,3
59.0508964,39.00155444,-76.50001956,-0.009819612819,3
59.10107819,39.00155579,-76.50001957,-0.009819612743,3
59.1512738,39.00155714,-76.50001959,-0.00981961278,3
59.20146078,39.00155849,-76.50001961,-0.009819612767,3
59.25163591,39.00155984,-76.50001962,-0.009819612931,3
59.301817,39.0015612,-76.50001964,-0.009819612927,3
59.35200949,39.00156255,-76.50001966,-0.009819612979,3
59.40219238,39.0015639,-76.50001968,-0.009819612919,3
59.4523732,39.00156525,-76.50001969,-0.009819612932,3
59.50256651,39.0015666,-76.50001971,-0.009819612914,3
59.552744,39.00156795,-76.50001973,-0.009819612986,3
59.60295262,39.0015693,-76.50001974,-0.009819612933,3
59.65313404,39.00157065,-76.50001976,-0.009819612924,3
59.70337763,39.001572,-76.50001978,-0.009819612934,3
59.75357293,39.00157335,-76.50001979,-0.009819612903,3
59.8037549,39.00157471,-76.50001981,-0.009819612937,3
59.85394968,39.00157606,-76.50001983,-0.009819612957,3
59.90412786,39.00157741,-76.50001985,-0.009819612945,3
59.95431945,39.00157876,-76.50001986,-0.009819613097,3
60.0045738,39.00158011,-76.50001988,-0.009819613065,3
60.0547622,39.00158146,-76.5000199,-0.00981961307,3
60.10496317,39.00158281,-76.50001991,-0.009819613084,3
60.15514287,39.00158416,-76.50001993,-0.009819613087,3
60.20531986,39.00158552,-76.50001995,-0.009819613067,3
60.25552109,39.00158687,-76.50001996,-0.009819613094,3
60.3057685,39.00158822,-76.50001998,-0.009819613107,3
60.35600935,39.00158957,-76.50002,-0.009819613061,3
60.40623045,39.00159092,-76.50002002,-0.009819613073,3
60.45641872,39.00159227,-76.50002003,-0.009819613114,3
60.50667439,39.00159362,-76.50002005,-0.00981961311,3
60.55687608,39.00159497,-76.50002007,-0.009819613047,3
60.60707123,39.00159632,-76.50002008,-0.009819613217,3
60.6572594,39.00159768,-76.5000201,-0.009819613191,3
60.70745927,39.00159903,-76.50002012,-0.009819613155,3
60.75766243,39.00160038,-76.50002013,-0.009819613154,3
60.80784072,39.00160173,-76.50002015,-0.009819613169,3
60.85808856,39.00160308,-76.50002017,-0.009819613198,3
60.90827713,39.00160443,-76.50002019,-0.009819613189,3
60.9584787,39.00160578,-76.5000202,-0.009819613208,3
61.00868294,39.00160713,-76.50002022,-0.009819613164,3
61.05890238,39.00160848,-76.50002024,-0.009819613189,3
61.10909885,39.00160983,-76.50002025,-0.009819613214,3
61.15928556,39.00161119,-76.50002027,-0.009819613178,3
61.20948465,39.00161254,-76.50002029,-0.009819613162,3
61.25961773,39.00161389,-76.5000203,-0.009819613286,3
61.30988318,39.00161524,-76.50002032,-0.009819613302,3
61.36007987,39.00161659,-76.50002034,-0.009819613302,3
61.41027722,39.00161794,-76.50002036,-0.009819613304,3
61.4604694,39.00161929,-76.50002037,-0.009819613313,3
61.51065661,39.00162064,-76.50002039,-0.009819613289,3
61.56087382,39.00162199,-76.50002041,-0.009819613276,3
61.61112195,39.00162334,-76.50002042,-0.009819613293,3
61.6613349,39.0016247,-76.50002044,-0.009819613281,3
61.71153259,39.00162605,-76.50002046,-0.009819613319,3
61.76175029,39.0016274,-76.50002047,-0.009819613338,3
61.81192859,39.00162875,-76.50002049,-0.009819613268,3
61.86211799,39.0016301,-76.50002051,-0.009819613265,3
61.91229275,39.00163145,-76.50002053,-0.00981961329,3
61.96247486,39.0016328,-76.50002054,-0.009819613401,3
62.01265934,39.00163415,-76.50002056,-0.009819613393,3
62.06293298,39.0016355,-76.50002058,-0.009819613412,3
62.11311969,39.00163685,-76.50002059,-0.009819613417,3
62.16330909,39.00163821,-76.50002061,-0.009819613358,3
62.2135028,39.00163956,-76.50002063,-0.009819613394,3
62.26367313,39.00164091,-76.50002064,-0.00981961336,3
62.3138812,39.00164226,-76.50002066,-0.009819613407,3
62.36407269,39.00164361,-76.50002068,-0.009819613387,3
62.41436511,39.00164496,-76.5000207,-0.00981961339,3
62.464583,39.00164631,-76.50002071,-0.009819613397,3
62.51477768,39.00164766,-76.50002073,-0.009819613366,3
62.56497771,39.00164901,-76.50002075,-0.009819613387,3
62.61521402,39.00165037,-76.50002076,-0.009819613458,3
62.66545419,39.00165172,-76.50002078,-0.009819613476,3
62.71563013,39.00165307,-76.5000208,-0.009819613449,3
62.76582319,39.00165442,-76.50002081,-0.009819613454,3
62.81602954,39.00165577,-76.50002083,-0.009819613509,3
62.86621794,39.00165712,-76.50002085,-0.009819613482,3
62.91642735,39.00165847,-76.50002087,-0.009819613502,3
62.96662147,39.00165982,-76.50002088,-0.009819613501,3
63.01681019,39.00166117,-76.5000209,-0.0098196135,3
63.06754067,39.00166253,-76.50002092,-0.009819613508,3
63.11781406,39.00166388,-76.50002093,-0.00981961346,3
63.1680319,39.00166523,-76.50002095,-0.009819613455,3
63.21823358,39.00166658,-76.50002097,-0.009819613477,3
63.26842065,39.00166793,-76.50002098,-0.009819613564,3
63.31861858,39.00166928,-76.500021,-0.00981961355,3
63.36881356,39.00167063,-76.50002102,-0.009819613588,3
63.41905612,39.00167198,-76.50002104,-0.009819613528,3
63.46926176,39.00167334,-76.50002105,-0.009819613548,3
63.51946441,39.00167469,-76.50002107,-0.009819613558,3
63.56970657,39.00167604,-76.50002109,-0.009819613511,3
63.61990597,39.00167739,-76.5000211,-0.009819613546,3
63.67011216,39.00167874,-76.50002112,-0.009819613545,3
63.72037185,39.00168009,-76.50002114,-0.00981961354,3
63.77057411,39.00168144,-76.50002115,-0.009819613579,3
63.82082718,39.00168279,-76.50002117,-0.009819613556,3
63.87108332,39.00168414,-76.50002119,-0.009819613567,3
63.92127202,39.00168549,-76.50002121,-0.00981961352,3
63.97147946,39.00168685,-76.50002122,-0.00981961364,3
64.02172949,39.0016882,-76.50002124,-0.00981961361,3
64.07197141,39.00168955,-76.50002126,-0.009819613643,3
64.12220308,39.0016909,-76.50002127,-0.009819613646,3
64.17243033,39.00169225,-76.50002129,-0.009819613577,3
64.22267114,39.0016936,-76.50002131,-0.009819613577,3
64.27293345,39.00169495,-76.50002132,-0.009819613582,3
64.32322846,39.0016963,-76.50002134,-0.009819613574,3
64.37349153,39.00169766,-76.50002136,-0.009819613628,3
64.42377269,39.00169901,-76.50002138,-0.009819613649,3
64.47406868,39.00170036,-76.50002139,-0.00981961363,3
64.52435637,39.00170171,-76.50002141,-0.009819613622,3
64.5746116,39.00170306,-76.50002143,-0.009819613594,3
64.62486845,39.00170441,-76.50002144,-0.009819613669,3
64.67510019,39.00170576,-76.50002146,-0.009819613682,3
64.72546967,39.00170711,-76.50002148,-0.009819613706,3
64.77578089,39.00170846,-76.50002149,-0.00981961366,3
64.82610811,39.00170982,-76.50002151,-0.009819613662,3
64.87642115,39.00171117,-76.50002153,-0.00981961371,3
64.9267614,39.00171252,-76.50002155,-0.009819613683,3
64.977063,39.00171387,-76.50002156,-0.009819613675,3
65.02736005,39.00171522,-76.50002158,-0.009819613705,3
65.07764551,39.00171657,-76.5000216,-0.009819613679,3
65.12793522,39.00171792,-76.50002161,-0.009819613669,3
65.17823922,39.00171927,-76.50002163,-0.009819613707,3
65.22855921,39.00172062,-76.50002165,-0.009819613653,3
65.27876484,39.00172197,-76.50002166,-0.009819613714,3
65.32900074,39.00172333,-76.50002168,-0.009819613747,3
65.37920737,39.00172468,-76.5000217,-0.009819613716,3
65.42950465,39.00172603,-76.50002172,-0.009819613709,3
65.47978477,39.00172738,-76.50002173,-0.009819613697,3
65.53005368,39.00172873,-76.50002175,-0.009819613719,3
65.58032683,39.00173008,-76.50002177,-0.009819613695,3
65.63057854,39.00173143,-76.50002178,-0.009819613699,3
65.68082259,39.00173278,-76.5000218,-0.009819613707,3
65.73109725,39.00173413,-76.50002182,-0.009819613734,3
65.78135763,39.00173549,-76.50002183,-0.00981961371,3
65.83155034,39.00173684,-76.50002185,-0.00981961374,3
65.88178603,39.00173819,-76.50002187,-0.009819613789,3
65.93203688,39.00173954,-76.50002189,-0.009819613754,3
65.9822906,39.00174089,-76.5000219,-0.009819613776,3
66.03254094,39.00174224,-76.50002192,-0.009819613804,3
66.08279527,39.00174359,-76.50002194,-0.009819613773,3
66.13300395,39.00174494,-76.50002195,-0.009819613784,3
66.18319843,39.00174629,-76.50002197,-0.009819613793,3
66.23340428,39.00174764,-76.50002199,-0.009819613753,3
66.28360047,39.001749,-76.500022,-0.00981961382,3
66.33383256,39.00175035,-76.50002202,-0.009819613753,3
66.38408712,39.0017517,-76.50002204,-0.009819613803,3
66.43429618,39.00175305,-76.50002206,-0.009819613765,3
66.48452543,39.0017544,-76.50002207,-0.009819613769,3
66.53474432,39.00175575,-76.50002209,-0.009819613769,3
66.58495244,39.0017571,-76.50002211,-0.009819613821,3
66.63524191,39.00175845,-76.50002212,-0.009819613803,3
66.68547092,39.0017598,-76.50002214,-0.009819613811,3
66.73571668,39.00176116,-76.50002216,-0.009819613789,3
66.78590347,39.00176251,-76.50002217,-0.009819613839,3
66.83612419,39.00176386,-76.50002219,-0.009819613819,3
66.88637793,39.00176521,-76.50002221,-0.009819613865,3
66.93669998,39.00176656,-76.50002223,-0.009819613837,3
66.986972,39.00176791,-76.50002224,-0.009819613768,3
67.03718831,39.00176926,-76.50002226,-0.009819613785,3
67.08739628,39.00177061,-76.50002228,-0.009819613784,3
67.13758384,39.00177196,-76.50002229,-0.009819613777,3
67.18777617,39.00177332,-76.50002231,-0.009819613819,3
67.23803685,39.00177467,-76.50002233,-0.009819613805,3
67.28827246,39.00177602,-76.50002234,-0.009819613875,3
67.33849121,39.00177737,-76.50002236,-0.009819613857,3
67.38871009,39.00177872,-76.50002238,-0.009819613893,3
67.43898031,39.00178007,-76.5000224,-0.009819613891,3
67.48922501,39.00178142,-76.50002241,-0.009819613849,3
67.53946178,39.00178277,-76.50002243,-0.009819613871,3
67.58966055,39.00178412,-76.50002245,-0.009819613877,3
67.63988522,39.00178548,-76.50002246,-0.009819613871,3
67.6900867,39.00178683,-76.50002248,-0.00981961383,3
67.74028282,39.00178818,-76.5000225,-0.009819613847,3
67.79057015,39.00178953,-76.50002251,-0.009819613864,3
67.8407647,39.00179088,-76.50002253,-0.00981961384,3
67.89103121,39.00179223,-76.50002255,-0.009819613886,3
67.94121296,39.00179358,-76.50002257,-0.009819613863,3
67.99146565,39.00179493,-76.50002258,-0.009819613898,3
68.04180317,39.00179628,-76.5000226,-0.009819613885,3
68.09206262,39.00179764,-76.50002262,-0.009819613901,3
68.14230698,39.00179899,-76.50002263,-0.009819613881,3
68.19254535,39.00180034,-76.50002265,-0.009819613923,3
68.24281596,39.00180169,-76.50002267,-0.009819613879,3
68.29311304,39.00180304,-76.50002268,-0.009819613852,3
68.34335328,39.00180439,-76.5000227,-0.009819613907,3
68.39359142,39.00180574,-76.50002272,-0.009819613875,3
68.44384563,39.00180709,-76.50002274,-0.009819613887,3
68.49416901,39.00180845,-76.50002275,-0.009819613902,3
68.54437863,39.0018098,-76.50002277,-0.009819613917,3
68.59460236,39.00181115,-76.50002279,-0.009819613878,3
68.64482113,39.0018125,-76.5000228,-0.009819613917,3
68.6950613,39.00181385,-76.50002282,-0.009819613905,3
68.74525899,39.0018152,-76.50002284,-0.009819613893,3
68.79546988,39.00181655,-76.50002285,-0.009819613927,3
68.84566311,39.0018179,-76.50002287,-0.009819613896,3
68.89589938,39.00181925,-76.50002289,-0.0098196139,3
68.94618252,39.00182196,-76.50002292,-0.009819613935,3
68.99634361,39.00182331,-76.50002294,-0.009819613894,3
69.04651698,39.00182466,-76.50002296,-0.009819613929,3
69.09668352,39.00182601,-76.50002297,-0.009819613937,3
69.14687091,39.00182736,-76.50002299,-0.009819613853,3
69.19703884,39.00182871,-76.50002301,-0.009819613924,3
69.24719999,39.00183006,-76.50002302,-0.009819613948,3
69.29741067,39.00183141,-76.50002304,-0.00981961392,3
69.34768474,39.00183276,-76.50002306,-0.009819613965,3
69.3978655,39.00183411,-76.50002308,-0.009819613917,3
69.44804285,39.00183547,-76.50002309,-0.009819613961,3
69.49823853,39.00183682,-76.50002311,-0.009819613927,3
69.5484556,39.00183817,-76.50002313,-0.009819613927,3
69.59867574,39.00183952,-76.50002314,-0.009819613934,3
69.64891783,39.00184087,-76.50002316,-0.009819613949,3
69.69912986,39.00184222,-76.50002318,-0.009819613953,3
69.74930555,39.00184357,-76.50002319,-0.009819613981,3
69.79948988,39.00184492,-76.50002321,-0.009819613954,3
69.84970329,39.00184628,-76.50002323,-0.009819613931,3
69.89989123,39.00184763,-76.50002325,-0.009819613937,3
69.9500662,39.00184898,-76.50002326,-0.009819613955,3
70.00026057,39.00185033,-76.50002328,-0.009819614015,3
70.05046607,39.00185168,-76.5000233,-0.009819613926,3
70.10068826,39.00185303,-76.50002331,-0.009819613994,3
70.15095428,39.00185438,-76.50002333,-0.009819613969,3
70.20117472,39.00185573,-76.50002335,-0.009819613973,3
70.25143906,39.00185709,-76.50002337,-0.009819613958,3
70.30164966,39.00185844,-76.50002338,-0.009819613958,3
70.35189124,39.00185979,-76.5000234,-0.009819613954,3
70.40211004,39.00186114,-76.50002342,-0.009819613934,3
70.45229581,39.00186249,-76.50002343,-0.009819613969,3
70.50250384,39.00186384,-76.50002345,-0.009819613978,3
70.55268288,39.00186519,-76.50002347,-0.009819613964,3
70.60291659,39.00186654,-76.50002348,-0.009819614005,3
70.65309961,39.00186789,-76.5000235,-0.009819614,3
70.70328428,39.00186924,-76.50002352,-0.009819613976,3
70.75344463,39.00187059,-76.50002354,-0.009819614006,3
70.80363164,39.00187195,-76.50002355,-0.009819613945,3
70.85387686,39.0018733,-76.50002357,-0.009819613971,3
70.90405204,39.00187465,-76.50002359,-0.009819613989,3
70.95423636,39.001876,-76.5000236,-0.009819614018,3
71.00442085,39.00187735,-76.50002362,-0.009819613984,3
71.05464841,39.0018787,-76.50002364,-0.009819613972,3
71.10483223,39.00188005,-76.50002365,-0.009819613981,3
71.1550368,39.0018814,-76.50002367,-0.009819614032,3
71.20522762,39.00188276,-76.50002369,-0.009819613992,3
71.25541705,39.00188411,-76.50002371,-0.009819613986,3
71.30560682,39.00188546,-76.50002372,-0.009819614025,3
71.35578837,39.00188681,-76.50002374,-0.009819614021,3
71.40599141,39.00188816,-76.50002376,-0.009819614015,3
71.45619293,39.00188951,-76.50002377,-0.009819614041,3
71.50638971,39.00189086,-76.50002379,-0.009819614,3
71.55658855,39.00189221,-76.50002381,-0.009819613992,3
71.6068069,39.00189356,-76.50002382,-0.009819613979,3
71.6570786,39.00189491,-76.50002384,-0.009819614001,3
71.7073463,39.00189627,-76.50002386,-0.009819614021,3
71.75760271,39.00189762,-76.50002388,-0.009819613994,3
71.80781692,39.00189897,-76.50002389,-0.009819614043,3
71.85804475,39.00190032,-76.50002391,-0.009819613953,3
71.90822744,39.00190167,-76.50002393,-0.009819613977,3
71.95841236,39.00190302,-76.50002394,-0.00981961404,3
72.00863795,39.00190437,-76.50002396,-0.009819614058,3
72.05882378,39.00190572,-76.50002398,-0.009819614032,3
72.10906583,39.00190707,-76.50002399,-0.009819614001,3
72.15929447,39.00190843,-76.50002401,-0.009819613995,3
72.20949709,39.00190978,-76.50002403,-0.009819614042,3
72.25962183,39.00191113,-76.50002405,-0.009819614039,3
72.30981054,39.00191248,-76.50002406,-0.009819614041,3
72.36003378,39.00191383,-76.50002408,-0.009819614035,3
72.41022681,39.00191518,-76.5000241,-0.009819613993,3
72.46041706,39.00191653,-76.50002411,-0.009819614001,3
72.51060946,39.00191788,-76.50002413,-0.009819614042,3
72.56079782,39.00191923,-76.50002415,-0.009819614059,3
72.61105165,39.00192059,-76.50002416,-0.009819614021,3
72.66124904,39.00192194,-76.50002418,-0.009819614009,3
72.71145838,39.00192329,-76.5000242,-0.009819614063,3
72.76166661,39.00192464,-76.50002422,-0.00981961404,3
72.81183904,39.00192599,-76.50002423,-0.00981961407,3
72.86204195,39.00192734,-76.50002425,-0.009819614037,3
72.91222663,39.00192869,-76.50002427,-0.009819614044,3
72.96244993,39.00193004,-76.50002428,-0.00981961402,3
73.01268058,39.00193139,-76.5000243,-0.009819614049,3
73.06291521,39.00193275,-76.50002432,-0.00981961404,3
73.11312473,39.0019341,-76.50002433,-0.009819614022,3
73.16334688,39.00193545,-76.50002435,-0.009819614016,3
73.21353353,39.0019368,-76.50002437,-0.00981961405,3
73.26370966,39.00193815,-76.50002439,-0.009819614028,3
73.31396762,39.0019395,-76.5000244,-0.009819614019,3
73.36415576,39.00194085,-76.50002442,-0.009819614045,3
73.41436027,39.0019422,-76.50002444,-0.009819614024,3
73.46458502,39.00194356,-76.50002445,-0.009819614052,3
73.51479072,39.00194491,-76.50002447,-0.009819614056,3
73.56501332,39.00194626,-76.50002449,-0.009819614084,3
73.61523256,39.00194761,-76.5000245,-0.009819614068,3
73.66543578,39.00194896,-76.50002452,-0.009819614064,3
73.71562601,39.00195031,-76.50002454,-0.00981961407,3
73.76580872,39.00195166,-76.50002456,-0.009819614086,3
73.81606638,39.00195301,-76.50002457,-0.009819614061,3
73.8662752,39.00195436,-76.50002459,-0.009819614041,3
73.91650589,39.00195571,-76.50002461,-0.009819614022,3
73.96678836,39.00195707,-76.50002462,-0.00981961407,3
74.01715004,39.00195842,-76.50002464,-0.009819614035,3
74.0674186,39.00195977,-76.50002466,-0.00981961407,3
74.11763518,39.00196112,-76.50002467,-0.009819614112,3
74.16790127,39.00196247,-76.50002469,-0.009819614039,3
74.2181661,39.00196382,-76.50002471,-0.009819614032,3
74.26837004,39.00196517,-76.50002473,-0.009819614036,3
74.31863426,39.00196652,-76.50002474,-0.009819614072,3
74.36890353,39.00196787,-76.50002476,-0.009819614041,3
74.41914721,39.00196923,-76.50002478,-0.00981961401,3
74.46941093,39.00197058,-76.50002479,-0.009819614039,3
74.51966185,39.00197193,-76.50002481,-0.009819614081,3
74.5699243,39.00197328,-76.50002483,-0.00981961413,3
74.62015794,39.00197463,-76.50002484,-0.009819614088,3
74.67039841,39.00197598,-76.50002486,-0.009819614072,3
74.72060521,39.00197733,-76.50002488,-0.009819614049,3
74.77083795,39.00197868,-76.5000249,-0.0098196141,3
74.82108393,39.00198003,-76.50002491,-0.009819614041,3
74.8713196,39.00198139,-76.50002493,-0.009819614114,3
74.92153059,39.00198274,-76.50002495,-0.009819614088,3
74.97176191,39.00198409,-76.50002496,-0.009819614046,3
75.02205271,39.00198544,-76.50002498,-0.009819614053,3
75.07227242,39.00198679,-76.500025,-0.009819614095,3
75.12248823,39.00198814,-76.50002501,-0.00981961407,3
75.17274255,39.00198949,-76.50002503,-0.009819614032,3
75.22305241,39.00199084,-76.50002505,-0.00981961409,3
75.27325911,39.00199219,-76.50002507,-0.009819614051,3
75.32348827,39.00199354,-76.50002508,-0.009819614084,3
75.37373445,39.0019949,-76.5000251,-0.009819614117,3
75.4239969,39.00199625,-76.50002512,-0.009819614044,3
75.47423936,39.0019976,-76.50002513,-0.009819614063,3
75.52450449,39.00199895,-76.50002515,-0.009819614074,3
75.57481741,39.0020003,-76.50002517,-0.0098196141,3
75.62513754,39.00200165,-76.50002518,-0.009819614062,3
75.67535328,39.002003,-76.5000252,-0.009819614086,3
75.72560416,39.00200435,-76.50002522,-0.009819614117,3
75.7758209,39.0020057,-76.50002524,-0.009819614062,3
75.82610949,39.00200706,-76.50002525,-0.009819614096,3
75.87632046,39.00200841,-76.50002527,-0.009819614054,3
75.92653013,39.00200976,-76.50002529,-0.009819614133,3
75.97673654,39.00201111,-76.5000253,-0.009819614112,3
76.02705896,39.00201246,-76.50002532,-0.009819614127,3
76.07727382,39.00201381,-76.50002534,-0.00981961411,3
76.12754532,39.00201516,-76.50002535,-0.009819614128,3
76.17786868,39.00201651,-76.50002537,-0.009819614085,3
76.22818303,39.00201786,-76.50002539,-0.009819614079,3
76.27842872,39.00201921,-76.50002541,-0.009819614102,3
76.32869812,39.00202057,-76.50002542,-0.009819614076,3
76.37897555,39.00202192,-76.50002544,-0.009819614118,3
76.429372,39.00202327,-76.50002546,-0.009819614086,3
76.47964481,39.00202462,-76.50002547,-0.009819614086,3
76.52991696,39.00202597,-76.50002549,-0.009819614103,3
76.58017162,39.00202732,-76.50002551,-0.009819614077,3
76.63042704,39.00202867,-76.50002552,-0.009819614075,3
76.68067482,39.00203003,-76.50002554,-0.009819614111,3
76.73098258,39.00203138,-76.50002556,-0.009819614075,3
76.78122796,39.00203273,-76.50002558,-0.009819614095,3
76.83148009,39.00203408,-76.50002559,-0.009819614136,3
76.88179433,39.00203543,-76.50002561,-0.00981961412,3
76.93209261,39.00203678,-76.50002563,-0.009819614084,3
76.98230524,39.00203813,-76.50002564,-0.009819614133,3
77.03253763,39.00203948,-76.50002566,-0.009819614078,3
77.08284347,39.00204083,-76.50002568,-0.009819614103,3
77.13314395,39.00204219,-76.50002569,-0.00981961414,3
77.18336955,39.00204354,-76.50002571,-0.009819614114,3
77.23359774,39.00204489,-76.50002573,-0.009819614099,3
77.28382808,39.00204624,-76.50002575,-0.0098196141,3
77.3341116,39.00204759,-76.50002576,-0.009819614074,3
77.38435906,39.00204894,-76.50002578,-0.009819614092,3
77.43459563,39.00205029,-76.5000258,-0.00981961411,3
77.48482389,39.00205164,-76.50002581,-0.00981961414,3
77.53507959,39.00205299,-76.50002583,-0.009819614078,3
77.58534556,39.00205435,-76.50002585,-0.009819614117,3
77.63562759,39.0020557,-76.50002586,-0.009819614115,3
77.6859098,39.00205705,-76.50002588,-0.009819614097,3
77.73616253,39.0020584,-76.5000259,-0.009819614135,3
77.78639735,39.00205975,-76.50002592,-0.009819614131,3
77.83666154,39.0020611,-76.50002593,-0.009819614105,3
77.88696383,39.00206245,-76.50002595,-0.009819614152,3
77.93723313,39.0020638,-76.50002597,-0.009819614145,3
77.98749929,39.00206515,-76.50002598,-0.009819614108,3
78.03782791,39.0020665,-76.500026,-0.009819614096,3
78.08814261,39.00206786,-76.50002602,-0.009819614113,3
78.13834229,39.00206921,-76.50002603,-0.009819614134,3
78.18858015,39.00207056,-76.50002605,-0.009819614134,3
78.23880651,39.00207191,-76.50002607,-0.00981961414,3
78.28911455,39.00207326,-76.50002609,-0.009819614077,3
78.3393411,39.00207461,-76.5000261,-0.009819614102,3
78.38960711,39.00207596,-76.50002612,-0.009819614085,3
78.43983945,39.00207731,-76.50002614,-0.00981961412,3
78.49011805,39.00207866,-76.50002615,-0.009819614146,3
78.54037041,39.00208001,-76.50002617,-0.00981961411,3
78.59063286,39.00208137,-76.50002619,-0.009819614089,3
78.64094639,39.00208272,-76.5000262,-0.00981961412,3
78.69121527,39.00208407,-76.50002622,-0.009819614132,3
78.74148309,39.00208542,-76.50002624,-0.009819614122,3
78.79170711,39.00208677,-76.50002626,-0.009819614145,3
78.84191027,39.00208812,-76.50002627,-0.009819614072,3
78.89216213,39.00208947,-76.50002629,-0.009819614096,3
78.94236923,39.00209082,-76.50002631,-0.00981961408,3
78.99262352,39.00209218,-76.50002632,-0.009819614135,3
79.04286652,39.00209353,-76.50002634,-0.009819614095,3
79.09312923,39.00209488,-76.50002636,-0.009819614092,3
79.1434126,39.00209623,-76.50002637,-0.009819614103,3
79.19362462,39.00209758,-76.50002639,-0.009819614127,3
79.24387393,39.00209893,-76.50002641,-0.009819614101,3
79.29410988,39.00210028,-76.50002643,-0.009819614127,3
79.34436468,39.00210163,-76.50002644,-0.009819614104,3
79.39462435,39.00210298,-76.50002646,-0.009819614104,3
79.44483858,39.00210433,-76.50002648,-0.009819614122,3
79.49506658,39.00210569,-76.50002649,-0.009819614084,3
79.54528337,39.00210704,-76.50002651,-0.009819614098,3
79.59553769,39.00210839,-76.50002653,-0.009819614132,3
79.64590958,39.00210974,-76.50002654,-0.009819614152,3
79.69618695,39.00211244,-76.50002658,-0.00981961412,3
79.74637406,39.00211379,-76.5000266,-0.009819614121,3
79.79658122,39.00211514,-76.50002661,-0.009819614144,3
79.84678617,39.00211649,-76.50002663,-0.009819614134,3
79.89704554,39.00211785,-76.50002665,-0.009819614143,3
79.94724647,39.0021192,-76.50002666,-0.009819614119,3
79.99746456,39.00212055,-76.50002668,-0.009819614095,3
80.04767757,39.0021219,-76.5000267,-0.009819614155,3
80.09791079,39.00212325,-76.50002671,-0.009819614127,3
80.14810933,39.0021246,-76.50002673,-0.009819614146,3
80.19830943,39.00212595,-76.50002675,-0.009819614162,3
80.24849669,39.0021273,-76.50002677,-0.009819614108,3
80.2987473,39.00212865,-76.50002678,-0.009819614149,3
80.34889577,39.00213001,-76.5000268,-0.00981961412,3
80.39905563,39.00213136,-76.50002682,-0.009819614092,3
80.44924971,39.00213271,-76.50002683,-0.009819614122,3
80.49949889,39.00213406,-76.50002685,-0.009819614169,3
80.54972609,39.00213541,-76.50002687,-0.009819614161,3
80.59990896,39.00213676,-76.50002688,-0.009819614095,3
80.65008566,39.00213811,-76.5000269,-0.009819614133,3
80.70027061,39.00213946,-76.50002692,-0.00981961416,3
80.75044515,39.00214081,-76.50002694,-0.009819614104,3
80.80063084,39.00214217,-76.50002695,-0.009819614139,3
80.85084095,39.00214352,-76.50002697,-0.009819614136,3
80.90105533,39.00214487,-76.50002699,-0.009819614106,3
80.95126995,39.00214622,-76.500027,-0.009819614147,3
81.00147458,39.00214757,-76.50002702,-0.009819614114,3
81.05166026,39.00214892,-76.50002704,-0.009819614151,3
81.1018707,39.00215027,-76.50002705,-0.00981961412,3
81.15208378,39.00215162,-76.50002707,-0.009819614095,3
81.20228893,39.00215297,-76.50002709,-0.009819614158,3
81.25248973,39.00215433,-76.50002711,-0.009819614133,3
81.30269371,39.00215568,-76.50002712,-0.009819614148,3
81.35291597,39.00215703,-76.50002714,-0.009819614121,3
81.40314067,39.00215838,-76.50002716,-0.009819614142,3
81.4533563,39.00215973,-76.50002717,-0.009819614133,3
81.50354285,39.00216108,-76.50002719,-0.009819614118,3
81.55396327,39.00216243,-76.50002721,-0.009819614134,3
81.60419538,39.00216378,-76.50002722,-0.009819614114,3
81.65438862,39.00216514,-76.50002724,-0.009819614109,3
81.70454267,39.00216649,-76.50002726,-0.009819614118,3
81.75470022,39.00216784,-76.50002728,-0.009819614161,3
81.8049055,39.00216919,-76.50002729,-0.009819614128,3
81.85514328,39.00217054,-76.50002731,-0.009819614137,3
81.90534722,39.00217189,-76.50002733,-0.009819614078,3
81.95555638,39.00217324,-76.50002734,-0.009819614105,3
82.00579662,39.00217459,-76.50002736,-0.009819614167,3
82.05604086,39.00217594,-76.50002738,-0.009819614123,3
82.10625358,39.0021773,-76.5000274,-0.009819614091,3
82.15648785,39.00217864,-76.50002741,-0.009819614154,3
82.20670579,39.00218,-76.50002743,-0.009819614138,3
82.25693423,39.00218135,-76.50002745,-0.009819614128,3
82.30712424,39.0021827,-76.50002746,-0.009819614145,3
82.35732948,39.00218405,-76.50002748,-0.009819614109,3
82.40753509,39.0021854,-76.5000275,-0.009819614167,3
82.45782602,39.00218675,-76.50002751,-0.009819614082,3
82.50809785,39.0021881,-76.50002753,-0.009819614124,3
82.55828923,39.00218945,-76.50002755,-0.009819614101,3
82.60853327,39.00219081,-76.50002757,-0.009819614101,3
82.65878713,39.00219216,-76.50002758,-0.009819614128,3
82.70905006,39.00219351,-76.5000276,-0.009819614137,3
82.75928853,39.00219486,-76.50002762,-0.009819614168,3
82.80952658,39.00219621,-76.50002763,-0.009819614149,3
82.85976506,39.00219756,-76.50002765,-0.009819614096,3
82.90997765,39.00219891,-76.50002767,-0.009819614147,3
82.96019457,39.00220026,-76.50002768,-0.00981961414,3
83.01039204,39.00220161,-76.5000277,-0.009819614113,3
83.06065728,39.00220297,-76.50002772,-0.00981961414,3
83.11092497,39.00220432,-76.50002774,-0.0098196141,3
83.1611814,39.00220567,-76.50002775,-0.009819614086,3
83.21142706,39.00220702,-76.50002777,-0.00981961411,3
83.26165567,39.00220837,-76.50002779,-0.009819614158,3
83.31191019,39.00220972,-76.5000278,-0.009819614127,3
83.3621457,39.00221107,-76.50002782,-0.009819614124,3
83.41239627,39.00221242,-76.50002784,-0.009819614179,3
83.46266437,39.00221377,-76.50002785,-0.009819614145,3
83.51288901,39.00221513,-76.50002787,-0.009819614152,3
83.56307001,39.00221648,-76.50002789,-0.009819614154,3
83.61327415,39.00221783,-76.50002791,-0.009819614155,3
83.6635035,39.00221918,-76.50002792,-0.009819614142,3
83.71374716,39.00222053,-76.50002794,-0.009819614126,3
83.76395208,39.00222188,-76.50002796,-0.009819614122,3
83.81417534,39.00222323,-76.50002797,-0.009819614109,3
83.86443209,39.00222458,-76.50002799,-0.009819614136,3
83.91472103,39.00222593,-76.50002801,-0.009819614113,3
83.96502226,39.00222728,-76.50002802,-0.009819614125,3
84.0153375,39.00222864,-76.50002804,-0.009819614145,3
84.06566062,39.00222999,-76.50002806,-0.009819614154,3
84.11596839,39.00223134,-76.50002808,-0.009819614136,3
84.16630263,39.00223269,-76.50002809,-0.009819614091,3
84.21662267,39.00223404,-76.50002811,-0.009819614143,3
84.26695086,39.00223539,-76.50002813,-0.00981961414,3
84.31727027,39.00223674,-76.50002814,-0.009819614125,3
84.36763929,39.00223809,-76.50002816,-0.009819614152,3
84.41789429,39.00223944,-76.50002818,-0.009819614126,3
84.46810685,39.0022408,-76.50002819,-0.009819614154,3
84.51830582,39.00224215,-76.50002821,-0.009819614121,3
84.5685168,39.0022435,-76.50002823,-0.00981961418,3
84.61869455,39.00224485,-76.50002825,-0.009819614174,3
84.66891955,39.0022462,-76.50002826,-0.009819614152,3
84.71916721,39.00224755,-76.50002828,-0.009819614123,3
84.76938826,39.0022489,-76.5000283,-0.009819614127,3
84.81968683,39.00225025,-76.50002831,-0.009819614166,3
84.86990489,39.0022516,-76.50002833,-0.009819614117,3
84.92013873,39.00225296,-76.50002835,-0.009819614153,3
84.97034579,39.00225431,-76.50002836,-0.009819614153,3
85.02058722,39.00225566,-76.50002838,-0.00981961416,3
85.07084549,39.00225701,-76.5000284,-0.009819614181,3
85.12114453,39.00225836,-76.50002842,-0.00981961413,3
85.17141859,39.00225971,-76.50002843,-0.009819614127,3
85.22164183,39.00226106,-76.50002845,-0.009819614144,3
85.27194373,39.00226241,-76.50002847,-0.00981961413,3
85.32220226,39.00226377,-76.50002848,-0.009819614109,3
85.37242111,39.00226512,-76.5000285,-0.009819614154,3
85.42264524,39.00226647,-76.50002852,-0.00981961414,3
85.47287056,39.00226782,-76.50002853,-0.009819614152,3
85.52313867,39.00226917,-76.50002855,-0.009819614122,3
85.57338572,39.00227052,-76.50002857,-0.009819614133,3
85.62363603,39.00227187,-76.50002859,-0.009819614115,3
85.67391093,39.00227322,-76.5000286,-0.00981961419,3
85.72411552,39.00227457,-76.50002862,-0.009819614168,3
85.77434858,39.00227593,-76.50002864,-0.009819614151,3
85.82458191,39.00227728,-76.50002865,-0.009819614139,3
85.87479061,39.00227863,-76.50002867,-0.009819614146,3
85.92502428,39.00227998,-76.50002869,-0.009819614159,3
85.97526608,39.00228133,-76.5000287,-0.009819614137,3
86.02548384,39.00228268,-76.50002872,-0.009819614159,3
86.07571655,39.00228403,-76.50002874,-0.009819614128,3
86.12600027,39.00228538,-76.50002876,-0.009819614142,3
86.17622883,39.00228673,-76.50002877,-0.009819614112,3
86.22644651,39.00228809,-76.50002879,-0.00981961419,3
86.27667485,39.00228944,-76.50002881,-0.009819614179,3
86.32693151,39.00229079,-76.50002882,-0.00981961417,3
86.37716579,39.00229214,-76.50002884,-0.009819614113,3
86.42736833,39.00229349,-76.50002886,-0.009819614139,3
86.47761049,39.00229484,-76.50002887,-0.009819614097,3
86.52789801,39.00229619,-76.50002889,-0.009819614163,3
86.57813042,39.00229754,-76.50002891,-0.009819614129,3
86.62837249,39.00229889,-76.50002893,-0.009819614146,3
86.67867531,39.00230024,-76.50002894,-0.009819614155,3
86.72893623,39.0023016,-76.50002896,-0.009819614157,3
86.77914832,39.00230295,-76.50002898,-0.009819614094,3
86.82937337,39.0023043,-76.50002899,-0.00981961416,3
86.87961909,39.00230565,-76.50002901,-0.009819614108,3
86.92987155,39.002307,-76.50002903,-0.009819614151,3
86.98009915,39.00230835,-76.50002904,-0.009819614134,3
87.03038242,39.0023097,-76.50002906,-0.009819614161,3
87.08059122,39.00231105,-76.50002908,-0.009819614113,3
87.13082101,39.0023124,-76.5000291,-0.009819614182,3
87.18111024,39.00231376,-76.50002911,-0.009819614172,3
87.23140329,39.00231511,-76.50002913,-0.009819614134,3
87.2816569,39.00231646,-76.50002915,-0.00981961419,3
87.3319437,39.00231781,-76.50002916,-0.00981961413,3
87.3822049,39.00231916,-76.50002918,-0.00981961415,3
87.43248207,39.00232051,-76.5000292,-0.009819614166,3
87.48274815,39.00232186,-76.50002921,-0.00981961417,3
87.5330331,39.00232321,-76.50002923,-0.009819614113,3
87.58325875,39.00232456,-76.50002925,-0.00981961417,3
87.63350734,39.00232592,-76.50002927,-0.009819614135,3
87.68379796,39.00232727,-76.50002928,-0.009819614122,3
87.73408718,39.00232862,-76.5000293,-0.009819614123,3
87.78431424,39.00232997,-76.50002932,-0.009819614135,3
87.83451918,39.00233132,-76.50002933,-0.00981961419,3
87.88476839,39.00233267,-76.50002935,-0.009819614177,3
87.93500073,39.00233402,-76.50002937,-0.00981961417,3
87.98524294,39.00233537,-76.50002938,-0.009819614163,3
88.03546037,39.00233672,-76.5000294,-0.00981961415,3
88.08569819,39.00233808,-76.50002942,-0.009819614182,3
88.13590939,39.00233943,-76.50002944,-0.009819614163,3
88.1861591,39.00234078,-76.50002945,-0.009819614125,3
88.23643263,39.00234213,-76.50002947,-0.009819614152,3
88.28669298,39.00234348,-76.50002949,-0.009819614162,3
88.33692179,39.00234483,-76.5000295,-0.009819614173,3
88.3871453,39.00234618,-76.50002952,-0.009819614149,3
88.43735383,39.00234753,-76.50002954,-0.009819614109,3
88.48759247,39.00234888,-76.50002955,-0.009819614134,3
88.53780433,39.00235023,-76.50002957,-0.009819614161,3
88.58808402,39.00235159,-76.50002959,-0.009819614176,3
88.63831875,39.00235294,-76.50002961,-0.009819614154,3
88.6885824,39.00235429,-76.50002962,-0.009819614146,3
88.73881357,39.00235564,-76.50002964,-0.009819614168,3
88.7890686,39.00235699,-76.50002966,-0.009819614168,3
88.83933586,39.00235834,-76.50002967,-0.009819614168,3
88.88956462,39.00235969,-76.50002969,-0.009819614099,3
88.93982011,39.00236104,-76.50002971,-0.00981961415,3
88.99009171,39.0023624,-76.50002972,-0.009819614125,3
89.04032485,39.00236375,-76.50002974,-0.009819614184,3
89.09054362,39.0023651,-76.50002976,-0.009819614133,3
89.14076347,39.00236645,-76.50002978,-0.00981961414,3
89.19101624,39.0023678,-76.50002979,-0.009819614164,3
89.24129626,39.00236915,-76.50002981,-0.009819614146,3
89.29160404,39.0023705,-76.50002983,-0.009819614175,3
89.34190121,39.00237185,-76.50002984,-0.009819614145,3
89.39217446,39.0023732,-76.50002986,-0.009819614128,3
89.44243437,39.00237455,-76.50002988,-0.009819614146,3
89.49269291,39.00237591,-76.50002989,-0.009819614165,3
89.54297096,39.00237726,-76.50002991,-0.00981961417,3
89.59323487,39.00237861,-76.50002993,-0.009819614157,3
89.64352189,39.00237996,-76.50002995,-0.009819614193,3
89.6938801,39.00238131,-76.50002996,-0.009819614125,3
89.74410323,39.00238266,-76.50002998,-0.009819614171,3
89.7943181,39.00238401,-76.50003,-0.009819614121,3
89.84458345,39.00238536,-76.50003001,-0.009819614145,3
89.89491227,39.00238672,-76.50003003,-0.009819614155,3
89.94514135,39.00238807,-76.50003005,-0.009819614135,3
89.99535671,39.00238942,-76.50003006,-0.009819614168,3
90.04557325,39.00239077,-76.50003008,-0.009819614132,3
90.09581773,39.00239212,-76.5000301,-0.009819614187,3
90.14617696,39.00239482,-76.50003013,-0.00981961415,3
90.19640179,39.00239617,-76.50003015,-0.009819614115,3
90.24662851,39.00239752,-76.50003017,-0.009819614105,3
90.29691019,39.00239888,-76.50003018,-0.009819614123,3
90.34716065,39.00240023,-76.5000302,-0.009819614117,3
90.39742447,39.00240158,-76.50003022,-0.00981961415,3
90.44769581,39.00240293,-76.50003023,-0.009819614115,3
90.49792667,39.00240428,-76.50003025,-0.00981961413,3
90.5481432,39.00240563,-76.50003027,-0.009819614152,3
90.59840324,39.00240698,-76.50003029,-0.009819614152,3
90.64861483,39.00240833,-76.5000303,-0.009819614164,3
90.69892614,39.00240968,-76.50003032,-0.009819614159,3
90.74915447,39.00241104,-76.50003034,-0.009819614133,3
90.79936372,39.00241239,-76.50003035,-0.009819614129,3
90.84955842,39.00241374,-76.50003037,-0.009819614142,3
90.89980841,39.00241509,-76.50003039,-0.009819614132,3
90.95003946,39.00241644,-76.5000304,-0.009819614152,3
91.00025816,39.00241779,-76.50003042,-0.009819614145,3
91.05048946,39.00241914,-76.50003044,-0.009819614181,3
91.1006752,39.00242049,-76.50003046,-0.009819614139,3
91.15086166,39.00242184,-76.50003047,-0.009819614149,3
91.20105721,39.00242319,-76.50003049,-0.009819614178,3
91.25123595,39.00242454,-76.50003051,-0.009819614154,3
91.30140673,39.0024259,-76.50003052,-0.009819614161,3
91.35159703,39.00242725,-76.50003054,-0.009819614173,3
91.40178357,39.0024286,-76.50003056,-0.009819614177,3
91.45198116,39.00242995,-76.50003057,-0.009819614163,3
91.50218808,39.0024313,-76.50003059,-0.009819614135,3
91.55236477,39.00243265,-76.50003061,-0.009819614127,3
91.60256971,39.002434,-76.50003063,-0.009819614144,3
91.65275633,39.00243535,-76.50003064,-0.009819614149,3
91.7029809,39.00243671,-76.50003066,-0.009819614147,3
91.75316596,39.00243806,-76.50003068,-0.009819614151,3
91.80335215,39.00243941,-76.50003069,-0.009819614142,3
91.8535684,39.00244076,-76.50003071,-0.009819614193,3
91.90374967,39.00244211,-76.50003073,-0.009819614108,3
91.95395337,39.00244346,-76.50003074,-0.00981961413,3
92.00413654,39.00244481,-76.50003076,-0.00981961412,3
92.05434221,39.00244616,-76.50003078,-0.009819614152,3
92.10452759,39.00244751,-76.5000308,-0.009819614175,3
92.15476795,39.00244887,-76.50003081,-0.009819614125,3
92.20502948,39.00245022,-76.50003083,-0.009819614163,3
92.25524335,39.00245157,-76.50003085,-0.009819614155,3
92.30545933,39.00245292,-76.50003086,-0.009819614185,3
92.3556841,39.00245427,-76.50003088,-0.009819614125,3
92.40594042,39.00245562,-76.5000309,-0.009819614174,3
92.45617128,39.00245697,-76.50003091,-0.009819614115,3
92.50636579,39.00245832,-76.50003093,-0.00981961413,3
92.55658046,39.00245967,-76.50003095,-0.009819614123,3
92.60679205,39.00246102,-76.50003097,-0.009819614133,3
92.65701459,39.00246238,-76.50003098,-0.009819614147,3
92.7072135,39.00246373,-76.500031,-0.009819614156,3
92.7574264,39.00246508,-76.50003102,-0.009819614143,3
92.80766164,39.00246643,-76.50003103,-0.009819614166,3
92.85789937,39.00246778,-76.50003105,-0.009819614163,3
92.90809443,39.00246913,-76.50003107,-0.009819614113,3
92.9583436,39.00247049,-76.50003108,-0.009819614142,3
93.00864354,39.00247183,-76.5000311,-0.00981961414,3
93.0588419,39.00247319,-76.50003112,-0.009819614144,3
93.10911891,39.00247454,-76.50003114,-0.009819614167,3
93.15934169,39.00247589,-76.50003115,-0.009819614174,3
93.20958555,39.00247724,-76.50003117,-0.009819614197,3
93.2597737,39.00247859,-76.50003119,-0.009819614137,3
93.3100021,39.00247994,-76.5000312,-0.009819614139,3
93.36024619,39.00248129,-76.50003122,-0.009819614146,3
93.41051296,39.00248264,-76.50003124,-0.009819614157,3
93.46077384,39.00248399,-76.50003125,-0.009819614146,3
93.51105038,39.00248535,-76.50003127,-0.009819614142,3
93.56125351,39.0024867,-76.50003129,-0.009819614177,3
93.61148317,39.00248805,-76.50003131,-0.009819614158,3
93.66173831,39.0024894,-76.50003132,-0.009819614152,3
93.71195087,39.00249075,-76.50003134,-0.009819614175,3
93.76222077,39.0024921,-76.50003136,-0.009819614172,3
93.81242191,39.00249345,-76.50003137,-0.009819614163,3
93.86266941,39.0024948,-76.50003139,-0.00981961417,3
93.91292381,39.00249615,-76.50003141,-0.009819614161,3
93.9631263,39.00249751,-76.50003143,-0.00981961411,3
94.01337639,39.00249886,-76.50003144,-0.00981961413,3
94.06361335,39.00250021,-76.50003146,-0.009819614158,3
94.11390773,39.00250156,-76.50003148,-0.009819614124,3
94.16415985,39.00250291,-76.50003149,-0.009819614114,3
94.2143705,39.00250426,-76.50003151,-0.009819614123,3
94.26457253,39.00250561,-76.50003153,-0.009819614148,3
94.31482452,39.00250696,-76.50003154,-0.009819614167,3
94.36508401,39.00250831,-76.50003156,-0.009819614183,3
94.41531178,39.00250966,-76.50003158,-0.009819614169,3
94.46556619,39.00251102,-76.5000316,-0.009819614188,3
94.51578041,39.00251237,-76.50003161,-0.009819614105,3
94.56602845,39.00251372,-76.50003163,-0.009819614144,3
94.61626494,39.00251507,-76.50003165,-0.009819614166,3
94.66652482,39.00251642,-76.50003166,-0.009819614175,3
94.71676079,39.00251777,-76.50003168,-0.009819614131,3
94.76704153,39.00251912,-76.5000317,-0.009819614136,3
94.8172783,39.00252048,-76.50003171,-0.009819614125,3
94.86751521,39.00252182,-76.50003173,-0.009819614129,3
94.91791361,39.00252318,-76.50003175,-0.009819614129,3
94.96810558,39.00252453,-76.50003177,-0.009819614114,3
95.01833845,39.00252588,-76.50003178,-0.009819614117,3
95.06855721,39.00252723,-76.5000318,-0.009819614158,3
95.11876231,39.00252858,-76.50003182,-0.00981961414,3
95.16898806,39.00252993,-76.50003183,-0.009819614144,3
95.21925841,39.00253128,-76.50003185,-0.009819614159,3
95.26952751,39.00253263,-76.50003187,-0.009819614158,3
95.31976619,39.00253399,-76.50003188,-0.009819614142,3
95.37002948,39.00253534,-76.5000319,-0.00981961411,3
95.42029147,39.00253669,-76.50003192,-0.00981961417,3
95.47054213,39.00253804,-76.50003194,-0.009819614151,3
95.52078193,39.00253939,-76.50003195,-0.00981961413,3
95.57101144,39.00254074,-76.50003197,-0.009819614156,3
95.62127858,39.00254209,-76.50003199,-0.009819614182,3
95.67150398,39.00254344,-76.500032,-0.009819614133,3
95.72178452,39.00254479,-76.50003202,-0.009819614164,3
95.77203853,39.00254615,-76.50003204,-0.009819614124,3
95.82229419,39.0025475,-76.50003205,-0.009819614161,3
95.87251975,39.00254885,-76.50003207,-0.009819614125,3
95.92282327,39.0025502,-76.50003209,-0.00981961411,3
95.9730556,39.00255155,-76.50003211,-0.009819614172,3
96.02334068,39.0025529,-76.50003212,-0.009819614185,3
96.07359709,39.00255425,-76.50003214,-0.009819614171,3
96.12380177,39.0025556,-76.50003216,-0.009819614146,3
96.17410003,39.00255695,-76.50003217,-0.009819614174,3
96.22437226,39.0025583,-76.50003219,-0.00981961415,3
96.2746155,39.00255966,-76.50003221,-0.00981961413,3
96.32487738,39.00256101,-76.50003222,-0.009819614129,3
96.37510517,39.00256236,-76.50003224,-0.009819614135,3
96.42535359,39.00256371,-76.50003226,-0.009819614154,3
96.47560305,39.00256506,-76.50003228,-0.009819614188,3
96.5258401,39.00256641,-76.50003229,-0.009819614168,3
96.57607121,39.00256776,-76.50003231,-0.009819614192,3
96.62630163,39.00256911,-76.50003233,-0.009819614169,3
96.67656139,39.00257046,-76.50003234,-0.009819614151,3
96.72681773,39.00257182,-76.50003236,-0.009819614151,3
96.77707906,39.00257317,-76.50003238,-0.009819614169,3
96.82733287,39.00257452,-76.50003239,-0.009819614124,3
96.87762592,39.00257587,-76.50003241,-0.009819614141,3
96.9279012,39.00257722,-76.50003243,-0.009819614124,3
96.97812406,39.00257857,-76.50003245,-0.009819614122,3
97.02839034,39.00257992,-76.50003246,-0.009819614187,3
97.07864138,39.00258127,-76.50003248,-0.009819614203,3
97.12894006,39.00258262,-76.5000325,-0.009819614138,3
97.17916961,39.00258397,-76.50003251,-0.009819614191,3
97.2293978,39.00258533,-76.50003253,-0.009819614132,3
97.27962535,39.00258668,-76.50003255,-0.009819614121,3
97.32987927,39.00258803,-76.50003256,-0.009819614167,3
97.380115,39.00258938,-76.50003258,-0.009819614112,3
97.43034988,39.00259073,-76.5000326,-0.009819614187,3
97.48061734,39.00259208,-76.50003262,-0.009819614154,3
97.53091377,39.00259343,-76.50003263,-0.009819614125,3
97.58115417,39.00259478,-76.50003265,-0.009819614161,3
97.63140214,39.00259614,-76.50003267,-0.009819614191,3
97.6816512,39.00259749,-76.50003268,-0.009819614162,3
97.73193528,39.00259884,-76.5000327,-0.009819614187,3
97.78224101,39.00260019,-76.50003272,-0.009819614165,3
97.83251227,39.00260154,-76.50003273,-0.009819614164,3
97.88272129,39.00260289,-76.50003275,-0.009819614141,3
97.93298962,39.00260424,-76.50003277,-0.009819614113,3
97.98321393,39.00260559,-76.50003279,-0.009819614172,3
98.03344311,39.00260694,-76.5000328,-0.009819614163,3
98.08370083,39.00260829,-76.50003282,-0.009819614153,3
98.13396962,39.00260965,-76.50003284,-0.009819614117,3
98.18422105,39.002611,-76.50003285,-0.009819614164,3
98.23448896,39.00261235,-76.50003287,-0.0098196142,3
98.28478089,39.0026137,-76.50003289,-0.009819614151,3
98.33505773,39.00261505,-76.5000329,-0.009819614154,3
98.38533034,39.0026164,-76.50003292,-0.009819614179,3
98.43559492,39.00261775,-76.50003294,-0.009819614196,3
98.48590397,39.0026191,-76.50003296,-0.009819614161,3
98.53615376,39.00262045,-76.50003297,-0.009819614129,3
98.58642448,39.00262181,-76.50003299,-0.00981961414,3
98.63667641,39.00262316,-76.50003301,-0.009819614123,3
98.68692623,39.00262451,-76.50003302,-0.009819614145,3
98.73715692,39.00262586,-76.50003304,-0.009819614204,3
98.78737583,39.00262721,-76.50003306,-0.009819614174,3
98.83766763,39.00262856,-76.50003307,-0.009819614138,3
98.88793697,39.00262991,-76.50003309,-0.009819614186,3
98.93817527,39.00263126,-76.50003311,-0.009819614174,3
98.98840904,39.00263261,-76.50003313,-0.009819614175,3
99.03865675,39.00263396,-76.50003314,-0.009819614134,3
99.08894507,39.00263532,-76.50003316,-0.009819614141,3
99.13921632,39.00263667,-76.50003318,-0.009819614111,3
99.18946042,39.00263802,-76.50003319,-0.009819614155,3
99.23972398,39.00263937,-76.50003321,-0.009819614137,3
99.29005313,39.00264072,-76.50003323,-0.009819614128,3
99.34032251,39.00264207,-76.50003324,-0.009819614141,3
99.39058807,39.00264342,-76.50003326,-0.009819614148,3
99.44087987,39.00264477,-76.50003328,-0.009819614142,3
99.49112606,39.00264613,-76.5000333,-0.009819614167,3
99.54133922,39.00264748,-76.50003331,-0.009819614179,3
99.59161366,39.00264883,-76.50003333,-0.009819614143,3
99.64189151,39.00265018,-76.50003335,-0.009819614181,3
99.69211934,39.00265153,-76.50003336,-0.009819614139,3
99.74237492,39.00265288,-76.50003338,-0.00981961416,3
99.79264826,39.00265423,-76.5000334,-0.00981961415,3
99.84293034,39.00265558,-76.50003341,-0.00981961416,3
99.89315589,39.00265693,-76.50003343,-0.009819614153,3
99.9433752,39.00265829,-76.50003345,-0.009819614096,3
99.9935856,39.00265964,-76.50003347,-0.009819614156,3
100.0438644,39.00266099,-76.50003348,-0.009819614171,3
100.0940529,39.00266234,-76.5000335,-0.009819614151,3
100.144295,39.00266369,-76.50003352,-0.009819614191,3
100.1945316,39.00266504,-76.50003353,-0.009819614146,3
100.2447723,39.00266639,-76.50003355,-0.00981961416,3
100.2950515,39.00266774,-76.50003357,-0.00981961416,3
100.3452965,39.00266909,-76.50003358,-0.009819614153,3
100.395631,39.00267045,-76.5000336,-0.009819614119,3
100.4459297,39.0026718,-76.50003362,-0.00981961414,3
100.496189,39.0026745,-76.50003365,-0.009819614158,3
100.5464197,39.00267585,-76.50003367,-0.009819614204,3
100.5966772,39.0026772,-76.50003369,-0.009819614137,3
100.646924,39.00267855,-76.5000337,-0.009819614168,3
100.6971144,39.0026799,-76.50003372,-0.009819614154,3
100.7473031,39.00268125,-76.50003374,-0.009819614154,3
100.7974888,39.0026826,-76.50003375,-0.009819614163,3
100.8477764,39.00268396,-76.50003377,-0.009819614154,3
100.8980037,39.00268531,-76.50003379,-0.009819614185,3
100.9482308,39.00268666,-76.50003381,-0.009819614163,3
100.9984375,39.00268801,-76.50003382,-0.009819614166,3
101.0486113,39.00268936,-76.50003384,-0.009819614132,3
101.0988095,39.00269071,-76.50003386,-0.009819614137,3
101.1490551,39.00269206,-76.50003387,-0.009819614189,3
101.1992999,39.00269341,-76.50003389,-0.009819614164,3
101.2495394,39.00269477,-76.50003391,-0.009819614169,3
101.2997582,39.00269612,-76.50003392,-0.009819614156,3
101.3500092,39.00269747,-76.50003394,-0.00981961418,3
101.4002224,39.00269882,-76.50003396,-0.009819614148,3
101.4504838,39.00270017,-76.50003398,-0.009819614153,3
101.5007488,39.00270152,-76.50003399,-0.009819614094,3
101.5510305,39.00270287,-76.50003401,-0.009819614148,3
101.6012382,39.00270422,-76.50003403,-0.009819614149,3
101.6515135,39.00270557,-76.50003404,-0.00981961414,3
101.7018952,39.00270692,-76.50003406,-0.009819614134,3
101.7521559,39.00270828,-76.50003408,-0.009819614191,3
101.8023577,39.00270963,-76.50003409,-0.009819614143,3
101.8525697,39.00271098,-76.50003411,-0.009819614175,3
101.9027897,39.00271233,-76.50003413,-0.009819614127,3
101.9530191,39.00271368,-76.50003415,-0.009819614186,3
102.0032102,39.00271503,-76.50003416,-0.009819614174,3
102.0534105,39.00271638,-76.50003418,-0.009819614153,3
102.1036148,39.00271773,-76.5000342,-0.009819614176,3
102.1538753,39.00271909,-76.50003421,-0.00981961417,3
102.2041067,39.00272044,-76.50003423,-0.009819614171,3
102.2543081,39.00272179,-76.50003425,-0.009819614189,3
102.3045685,39.00272314,-76.50003426,-0.009819614173,3
102.3548191,39.00272449,-76.50003428,-0.009819614152,3
102.4050188,39.00272584,-76.5000343,-0.009819614171,3
102.4551966,39.00272719,-76.50003432,-0.009819614125,3
102.5053717,39.00272854,-76.50003433,-0.009819614159,3
102.5555581,39.00272989,-76.50003435,-0.009819614151,3
102.6058301,39.00273125,-76.50003437,-0.009819614159,3
102.6560437,39.0027326,-76.50003438,-0.009819614197,3
102.7062617,39.00273395,-76.5000344,-0.009819614129,3
102.7564997,39.0027353,-76.50003442,-0.009819614165,3
102.8067264,39.00273665,-76.50003443,-0.009819614178,3
102.8569474,39.002738,-76.50003445,-0.009819614158,3
102.9071429,39.00273935,-76.50003447,-0.009819614184,3
102.9573446,39.0027407,-76.50003449,-0.009819614159,3
103.0075509,39.00274205,-76.5000345,-0.009819614172,3
103.057813,39.0027434,-76.50003452,-0.009819614141,3
103.108042,39.00274476,-76.50003454,-0.009819614127,3
103.158306,39.00274611,-76.50003455,-0.009819614201,3
103.2085715,39.00274746,-76.50003457,-0.009819614184,3
103.2588255,39.00274881,-76.50003459,-0.009819614123,3
103.309089,39.00275016,-76.5000346,-0.00981961414,3
103.3593509,39.00275151,-76.50003462,-0.00981961416,3
103.4095899,39.00275286,-76.50003464,-0.009819614155,3
103.4597995,39.00275421,-76.50003466,-0.009819614176,3
103.5100351,39.00275557,-76.50003467,-0.009819614133,3
103.5602684,39.00275692,-76.50003469,-0.009819614162,3
103.610487,39.00275827,-76.50003471,-0.009819614133,3
103.6607148,39.00275962,-76.50003472,-0.009819614188,3
103.7109647,39.00276097,-76.50003474,-0.009819614167,3
103.7612292,39.00276232,-76.50003476,-0.009819614121,3
103.8114867,39.00276367,-76.50003477,-0.009819614133,3
103.8617969,39.00276502,-76.50003479,-0.009819614145,3
103.9120445,39.00276637,-76.50003481,-0.009819614142,3
103.9622788,39.00276772,-76.50003483,-0.009819614164,3
104.0124957,39.00276908,-76.50003484,-0.009819614172,3
104.062742,39.00277043,-76.50003486,-0.009819614164,3
104.112953,39.00277178,-76.50003488,-0.009819614163,3
104.1631596,39.00277313,-76.50003489,-0.009819614154,3
104.2133622,39.00277448,-76.50003491,-0.009819614172,3
104.2636139,39.00277583,-76.50003493,-0.009819614212,3
104.3137903,39.00277718,-76.50003494,-0.009819614102,3
104.3640563,39.00277853,-76.50003496,-0.009819614114,3
104.4142924,39.00277988,-76.50003498,-0.009819614185,3
104.464516,39.00278124,-76.500035,-0.009819614116,3
104.5147415,39.00278259,-76.50003501,-0.009819614191,3
104.5650025,39.00278394,-76.50003503,-0.009819614169,3
104.6152507,39.00278529,-76.50003505,-0.009819614187,3
104.6654723,39.00278664,-76.50003506,-0.009819614181,3
104.715692,39.00278799,-76.50003508,-0.009819614124,3
104.7659132,39.00278934,-76.5000351,-0.009819614131,3
104.8161485,39.00279069,-76.50003511,-0.009819614099,3
104.8664144,39.00279204,-76.50003513,-0.009819614153,3
104.9166383,39.00279339,-76.50003515,-0.009819614135,3
104.9668803,39.00279475,-76.50003517,-0.009819614166,3
105.0170922,39.0027961,-76.50003518,-0.009819614144,3
105.0673359,39.00279745,-76.5000352,-0.009819614114,3
105.1175788,39.0027988,-76.50003522,-0.009819614153,3
105.1678131,39.00280015,-76.50003523,-0.00981961421,3
105.2180799,39.0028015,-76.50003525,-0.009819614138,3
105.2682856,39.00280285,-76.50003527,-0.009819614184,3
105.318524,39.00280421,-76.50003529,-0.009819614162,3
105.3687444,39.00280556,-76.5000353,-0.009819614172,3
105.4189594,39.00280691,-76.50003532,-0.009819614157,3
105.4692022,39.00280826,-76.50003534,-0.009819614112,3
105.5194587,39.00280961,-76.50003535,-0.009819614169,3
105.5697643,39.00281096,-76.50003537,-0.009819614142,3
105.6200381,39.00281231,-76.50003539,-0.009819614118,3
105.67024,39.00281366,-76.5000354,-0.009819614171,3
105.7205056,39.00281501,-76.50003542,-0.009819614124,3
105.7707422,39.00281636,-76.50003544,-0.009819614136,3
105.8210519,39.00281772,-76.50003546,-0.009819614186,3
105.8712936,39.00281907,-76.50003547,-0.009819614148,3
105.9215588,39.00282042,-76.50003549,-0.009819614171,3
105.9717387,39.00282177,-76.50003551,-0.00981961416,3
106.0219786,39.00282312,-76.50003552,-0.009819614161,3
106.0722234,39.00282447,-76.50003554,-0.009819614124,3
106.1225101,39.00282582,-76.50003556,-0.009819614132,3
106.172711,39.00282717,-76.50003557,-0.009819614195,3
106.2229743,39.00282852,-76.50003559,-0.009819614189,3
106.2731949,39.00282987,-76.50003561,-0.009819614161,3
106.3234475,39.00283122,-76.50003563,-0.009819614192,3
106.3737336,39.00283258,-76.50003564,-0.009819614143,3
106.4239515,39.00283393,-76.50003566,-0.009819614122,3
106.474163,39.00283528,-76.50003568,-0.009819614156,3
106.52438,39.00283663,-76.50003569,-0.009819614177,3
106.5746133,39.00283798,-76.50003571,-0.009819614176,3
106.624825,39.00283933,-76.50003573,-0.009819614092,3
106.6750864,39.00284068,-76.50003574,-0.009819614163,3
106.7253055,39.00284203,-76.50003576,-0.009819614131,3
106.7755398,39.00284339,-76.50003578,-0.009819614131,3
106.8258286,39.00284474,-76.5000358,-0.00981961418,3
106.8760598,39.00284609,-76.50003581,-0.009819614097,3
106.926299,39.00284744,-76.50003583,-0.009819614197,3
106.9765451,39.00284879,-76.50003585,-0.009819614173,3
107.0267816,39.00285014,-76.50003586,-0.009819614145,3
107.0770423,39.00285149,-76.50003588,-0.009819614192,3
107.1272822,39.00285284,-76.5000359,-0.00981961415,3
107.1775381,39.00285419,-76.50003591,-0.009819614169,3
107.227827,39.00285554,-76.50003593,-0.009819614129,3
107.2780845,39.0028569,-76.50003595,-0.009819614126,3
107.3283265,39.00285825,-76.50003597,-0.009819614118,3
107.3785808,39.0028596,-76.50003598,-0.009819614114,3
107.428804,39.00286095,-76.500036,-0.00981961416,3
107.4790687,39.0028623,-76.50003602,-0.009819614147,3
107.5293298,39.00286365,-76.50003603,-0.009819614128,3
107.5796261,39.002865,-76.50003605,-0.009819614145,3
107.6298968,39.00286635,-76.50003607,-0.00981961417,3
107.6801277,39.00286771,-76.50003608,-0.009819614156,3
107.7304329,39.00286906,-76.5000361,-0.00981961419,3
107.7806802,39.00287041,-76.50003612,-0.009819614164,3
107.8309337,39.00287176,-76.50003614,-0.009819614114,3
107.8812422,39.00287311,-76.50003615,-0.009819614157,3
107.9314955,39.00287446,-76.50003617,-0.009819614162,3
107.9817993,39.00287581,-76.50003619,-0.009819614197,3
108.0320865,39.00287716,-76.5000362,-0.009819614171,3
108.0823265,39.00287851,-76.50003622,-0.009819614196,3
108.1325695,39.00287986,-76.50003624,-0.009819614172,3
108.1827835,39.00288122,-76.50003625,-0.009819614171,3
108.2329969,39.00288257,-76.50003627,-0.009819614131,3
108.2831964,39.00288392,-76.50003629,-0.009819614144,3
108.3334125,39.00288527,-76.50003631,-0.009819614155,3
108.3836063,39.00288662,-76.50003632,-0.009819614137,3
108.4338023,39.00288797,-76.50003634,-0.0098196142,3
108.4840246,39.00288932,-76.50003636,-0.009819614168,3
108.534258,39.00289067,-76.50003637,-0.009819614135,3
108.5844962,39.00289203,-76.50003639,-0.009819614171,3
108.6347283,39.00289338,-76.50003641,-0.009819614143,3
108.6849441,39.00289473,-76.50003642,-0.009819614187,3
108.7351381,39.00289608,-76.50003644,-0.009819614186,3
108.7853522,39.00289743,-76.50003646,-0.009819614131,3
108.8355601,39.00289878,-76.50003648,-0.009819614133,3
108.8858252,39.00290013,-76.50003649,-0.00981961416,3
108.936084,39.00290148,-76.50003651,-0.009819614175,3
108.9863023,39.00290283,-76.50003653,-0.009819614128,3
109.036498,39.00290419,-76.50003654,-0.009819614137,3
109.0867346,39.00290554,-76.50003656,-0.009819614159,3
109.1369612,39.00290689,-76.50003658,-0.009819614116,3
109.1871482,39.00290824,-76.50003659,-0.009819614139,3
109.2373576,39.00290959,-76.50003661,-0.009819614168,3
109.2875944,39.00291094,-76.50003663,-0.009819614169,3
109.3378074,39.00291229,-76.50003665,-0.009819614172,3
109.3880271,39.00291364,-76.50003666,-0.009819614143,3
109.4382267,39.00291499,-76.50003668,-0.009819614184,3
109.48841,39.00291634,-76.5000367,-0.009819614156,3
109.5386092,39.0029177,-76.50003671,-0.009819614172,3
109.5888265,39.00291905,-76.50003673,-0.009819614115,3
109.6390507,39.0029204,-76.50003675,-0.009819614203,3
109.6892462,39.00292175,-76.50003676,-0.009819614185,3
109.7394407,39.0029231,-76.50003678,-0.009819614142,3
109.7896413,39.00292445,-76.5000368,-0.009819614158,3
109.8398631,39.0029258,-76.50003682,-0.009819614155,3
109.8900986,39.00292715,-76.50003683,-0.009819614149,3
109.9403624,39.0029285,-76.50003685,-0.00981961416,3
109.9905736,39.00292986,-76.50003686,-0.005173713602,3
110.0407882,39.00293121,-76.50003687,-0.005173713602,3
110.0910408,39.00293256,-76.50003688,-0.005173713617,3
110.1412458,39.00293391,-76.50003689,-0.00517371362,3
110.1914596,39.00293526,-76.50003689,-0.005173713581,3
110.2416564,39.00293661,-76.5000369,-0.005173713609,3
110.2918649,39.00293796,-76.50003691,-0.005173713631,3
110.3420838,39.00293931,-76.50003692,-0.005173713591,3
110.3923312,39.00294067,-76.50003693,-0.005173713596,3
110.442565,39.00294202,-76.50003694,-0.005173713582,3
110.492813,39.00294337,-76.50003695,-0.005173713572,3
110.5431002,39.00294472,-76.50003696,-0.005173713619,3
110.5933403,39.00294607,-76.50003697,-0.00517371358,3
110.6435344,39.00294742,-76.50003695,0.007927689642,3
110.6938233,39.00294877,-76.50003692,0.017267055,3
110.7441147,39.00295012,-76.50003689,0.01726705496,3
110.7943544,39.00295147,-76.50003686,0.01726705501,3
110.8445997,39.00295282,-76.50003683,0.01726705497,3
110.8947943,39.00295418,-76.5000368,0.01726705498,3
110.9450134,39.00295553,-76.50003677,0.01726705501,3
110.9952699,39.00295688,-76.50003674,0.01726705494,3
111.0454827,39.00295823,-76.50003671,0.01726705496,3
111.0956838,39.00295958,-76.50003668,0.01726705499,3
111.1458874,39.00296093,-76.50003665,0.01726705496,3
111.1961349,39.00296363,-76.50003659,0.01726705496,3
111.246349,39.00296498,-76.50003654,0.03037473431,3
111.2965578,39.00296633,-76.50003647,0.04345470711,3
111.3468044,39.00296768,-76.50003637,0.05623928309,3
111.3970724,39.00296903,-76.50003627,0.05623928309,3
111.4472989,39.00297038,-76.50003617,0.05623928309,3
111.4975529,39.00297173,-76.50003608,0.05623928311,3
111.5477935,39.00297308,-76.50003598,0.05623928308,3
111.5980135,39.00297443,-76.50003588,0.05623928307,3
111.6481958,39.00297577,-76.50003578,0.05623928306,3
111.6983807,39.00297713,-76.50003569,0.0562392831,3
111.7485649,39.00297847,-76.50003559,0.0562392831,3
111.7987277,39.00297982,-76.50003549,0.05623928306,3
111.8489417,39.00298117,-76.50003539,0.05623928309,3
111.8991493,39.00298252,-76.5000353,0.05623928306,3
111.9493607,39.00298387,-76.50003518,0.06932611135,3
111.9996022,39.00298521,-76.50003504,0.08241923645,3
112.0498099,39.00298656,-76.50003487,0.09551274719,3
112.1000181,39.0029879,-76.50003468,0.1086078842,3
112.1501945,39.00298925,-76.50003449,0.1102526164,3
112.2004261,39.00299059,-76.5000343,0.1102526164,3
112.2506657,39.00299193,-76.50003411,0.1102526164,3
112.3009273,39.00299328,-76.50003392,0.1102526164,3
112.3511437,39.00299462,-76.50003373,0.1102526164,3
112.4013471,39.00299596,-76.50003354,0.1102526164,3
112.4516081,39.00299731,-76.50003335,0.1102526164,3
112.5018098,39.00299865,-76.50003316,0.1102526164,3
112.5520009,39.00299999,-76.50003297,0.1102526164,3
112.6021713,39.00300133,-76.50003275,0.1233462114,3
112.6523418,39.00300267,-76.50003252,0.1364378079,3
112.7025339,39.00300401,-76.50003226,0.1495723445,3
112.7527296,39.00300534,-76.50003198,0.1626059659,3
112.8029155,39.00300667,-76.50003168,0.1757078408,3
112.8530965,39.003008,-76.50003137,0.1772166062,3
112.9032915,39.00300933,-76.50003107,0.1772166062,3
112.9534717,39.00301066,-76.50003076,0.1772166062,3
113.003662,39.00301199,-76.50003046,0.1772166062,3
113.0538309,39.00301332,-76.50003015,0.1772166062,3
113.1040338,39.00301465,-76.50002985,0.1772166062,3
113.1542172,39.00301598,-76.50002954,0.1772166062,3
113.2044015,39.00301731,-76.50002924,0.1772166062,3
113.2545761,39.00301864,-76.50002893,0.1772166062,3
113.3048879,39.00301997,-76.5000286,0.1903073143,3
113.355116,39.00302129,-76.50002825,0.2034029001,3
113.4053861,39.00302261,-76.50002788,0.2164963179,3
113.4556717,39.00302392,-76.50002749,0.2295796132,3
113.5059624,39.00302524,-76.50002707,0.2426663899,3
113.5562081,39.00302655,-76.50002665,0.2457862001,3
113.606422,39.00302786,-76.50002623,0.2457862,3
113.6566696,39.00302917,-76.50002581,0.2457862001,3
113.706909,39.00303048,-76.50002539,0.2457862,3
113.757116,39.00303179,-76.50002496,0.2457862,3
113.8073106,39.0030331,-76.50002454,0.2457862,3
113.8574922,39.00303441,-76.50002412,0.2457862,3
113.907676,39.00303572,-76.5000237,0.2457862001,3
113.9578863,39.00303703,-76.50002326,0.2588715455,3
114.0080628,39.00303833,-76.50002279,0.2719763979,3
114.0582935,39.00303963,-76.5000223,0.2850700946,3
114.1085056,39.00304092,-76.5000218,0.2981628885,3
114.1587233,39.0030422,-76.50002127,0.3080603809,3
114.2089461,39.00304349,-76.50002075,0.3080603809,3
114.259155,39.00304478,-76.50002022,0.3080603809,3
114.3093798,39.00304607,-76.5000197,0.3080603809,3
114.359656,39.00304735,-76.50001917,0.3080603808,3
114.4098738,39.00304864,-76.50001862,0.3211503863,3
114.4600824,39.00304991,-76.50001806,0.3342448241,3
114.5103014,39.00305118,-76.50001747,0.3473215747,3
114.560564,39.00305245,-76.50001686,0.36042801,3
114.6108402,39.00305371,-76.50001622,0.3735105699,3
114.6611516,39.00305496,-76.50001557,0.3866019383,3
114.7114472,39.0030562,-76.5000149,0.3997008667,3
114.7617322,39.00305744,-76.5000142,0.4127871175,3
114.8119483,39.00305867,-76.50001349,0.4258743136,3
114.8621439,39.00305989,-76.50001275,0.4389747775,3
114.9123952,39.00306111,-76.500012,0.4520509762,3
114.9626417,39.00306232,-76.50001122,0.4651395609,3
115.0128275,39.00306352,-76.50001042,0.4782387268,3
115.0630651,39.00306471,-76.5000096,0.4913196062,3
115.1133304,39.00306589,-76.50000877,0.504411044,3
115.1636173,39.00306707,-76.50000792,0.5131709626,3
115.2138908,39.00306824,-76.50000707,0.5131709626,3
115.2641667,39.00306942,-76.50000622,0.5131709626,3
115.3144365,39.0030706,-76.50000537,0.5131709626,3
115.3646996,39.00307178,-76.50000452,0.5131709626,3
115.4149694,39.00307295,-76.50000367,0.5131709626,3
115.4652206,39.00307413,-76.50000282,0.5131709625,3
115.5154937,39.00307531,-76.50000197,0.5131709625,3
115.5658349,39.00307648,-76.50000112,0.5131709625,3
115.6162764,39.00307766,-76.50000027,0.5131709625,3
115.6665495,39.00307884,-76.49999941,0.5131709626,3
115.7168281,39.00308002,-76.49999856,0.5131709625,3
115.7671352,39.00308119,-76.49999771,0.5131709625,3
115.8173912,39.00308237,-76.49999686,0.5131709625,3
115.8676519,39.00308355,-76.49999602,0.5131709625,3
115.9179323,39.00308472,-76.49999517,0.5131709625,3
115.968178,39.0030859,-76.49999431,0.5131709625,3
116.0184211,39.00308708,-76.49999346,0.5131709625,3
116.068649,39.00308826,-76.49999261,0.5131709625,3
116.1189261,39.00308943,-76.49999176,0.5131709625,3
116.1691464,39.00309061,-76.49999091,0.5131709625,3
116.2194025,39.00309179,-76.49999006,0.5131709624,3
116.2696533,39.00309296,-76.49998921,0.5131709625,3
116.3199141,39.00309414,-76.49998836,0.5131709624,3
116.3701662,39.00309532,-76.49998751,0.5131709624,3
116.4204178,39.0030965,-76.49998666,0.5131709624,3
116.4706458,39.00309767,-76.49998581,0.5131709624,3
116.5209297,39.00309885,-76.49998496,0.5131709624,3
116.5711747,39.00310003,-76.49998411,0.5131709624,3
116.6214327,39.0031012,-76.49998326,0.5131709624,3
116.6717632,39.00310238,-76.49998241,0.5131709624,3
116.7220439,39.00310356,-76.49998156,0.5131709624,3
116.7722447,39.00310473,-76.49998071,0.5131709623,3
116.8225,39.00310591,-76.49997986,0.5131709623,3
116.8727302,39.00310709,-76.49997901,0.5131709623,3
116.9229744,39.00310826,-76.49997816,0.5131709623,3
116.9731772,39.00310944,-76.49997731,0.5131709623,3
117.0233955,39.00311062,-76.49997646,0.5131709623,3
117.0735871,39.0031118,-76.49997561,0.5131709623,3
117.1237861,39.00311298,-76.49997476,0.5131709623,3
117.1740822,39.00311415,-76.49997391,0.5131709623,3
117.2243496,39.00311533,-76.49997306,0.5131709623,3
117.2745995,39.00311651,-76.49997221,0.5131709622,3
117.3248995,39.00311768,-76.49997136,0.5131709622,3
117.3751451,39.00311886,-76.49997051,0.5131709623,3
117.4253951,39.00312004,-76.49996966,0.5131709622,3
117.4756659,39.00312122,-76.49996881,0.5131709622,3
117.52594,39.00312239,-76.49996796,0.5131709622,3
117.5762165,39.00312357,-76.49996711,0.5131709622,3
117.6264749,39.00312475,-76.49996626,0.5131709622,3
117.6767493,39.00312592,-76.49996541,0.5131709622,3
117.7270058,39.0031271,-76.49996456,0.5131709622,3
117.7772691,39.00312828,-76.49996371,0.5131709621,3
117.8275407,39.00312946,-76.49996286,0.5131709621,3
117.8778964,39.00313063,-76.49996201,0.5131709622,3
117.9281473,39.00313181,-76.49996116,0.5131709621,3
117.9784168,39.00313299,-76.49996031,0.5131709621,3
118.028632,39.00313416,-76.49995946,0.5131709621,3
118.0788982,39.00313534,-76.49995861,0.513170962,3
118.129117,39.00313651,-76.49995774,0.526277097,3
118.179326,39.00313767,-76.49995685,0.5387409339,3
118.2296054,39.00313883,-76.49995596,0.5387409339,3
118.2798807,39.00313999,-76.49995507,0.5387409339,3
118.3301584,39.00314115,-76.49995419,0.5387409338,3
118.3804226,39.00314231,-76.4999533,0.5387409338,3
118.4307161,39.00314347,-76.49995241,0.5387409338,3
118.4809927,39.00314463,-76.49995152,0.5387409338,3
118.5312559,39.00314579,-76.49995063,0.5387409338,3
118.5814973,39.00314695,-76.49994974,0.5387409338,3
118.6317599,39.00314811,-76.49994885,0.5387409338,3
118.6820558,39.00314927,-76.49994797,0.5387409337,3
118.7323279,39.00315043,-76.49994708,0.5387409338,3
118.7825299,39.00315159,-76.49994619,0.5387409338,3
118.8327919,39.00315275,-76.4999453,0.5387409337,3
118.8830933,39.0031539,-76.49994439,0.5518345298,3
118.9333738,39.00315504,-76.49994347,0.5619707427,3
118.9836446,39.00315618,-76.49994255,0.5619707427,3
119.0339244,39.00315733,-76.49994162,0.5619707427,3
119.0841877,39.00315847,-76.4999407,0.5619707427,3
119.1344461,39.00315961,-76.49993978,0.5619707426,3
119.1847069,39.00316076,-76.49993886,0.5619707426,3
119.2350028,39.0031619,-76.49993793,0.5619707426,3
119.2852436,39.00316304,-76.49993701,0.5619707426,3
119.3356319,39.00316419,-76.49993609,0.5619707426,3
119.3859674,39.00316533,-76.49993517,0.5619707426,3
119.4362609,39.00316647,-76.49993424,0.5619707426,3
119.4865704,39.00316761,-76.4999333,0.5750531944,3
119.5368203,39.00316874,-76.49993235,0.5824989564,3
119.5870761,39.00316986,-76.4999314,0.5824989565,3
119.6373443,39.00317099,-76.49993044,0.5824989565,3
119.6876501,39.00317212,-76.49992949,0.5824989564,3
119.7379344,39.00317325,-76.49992854,0.5824989564,3
119.788168,39.00317438,-76.49992759,0.5824989564,3
119.8384095,39.00317551,-76.49992663,0.5824989563,3
119.8886674,39.00317663,-76.49992568,0.5824989564,3
119.93895,39.00317776,-76.49992473,0.5824989563,3
119.9891852,39.00317889,-76.49992378,0.5824989564,3
120.0394268,39.00318002,-76.49992282,0.5824989563,3
120.0897336,39.00318115,-76.49992187,0.5824989562,3
120.1399536,39.00318228,-76.49992092,0.5824989563,3
120.1902189,39.00318339,-76.49991995,0.5955826294,3
120.2404951,39.00318451,-76.49991897,0.6009455475,3
120.2907696,39.00318562,-76.49991799,0.6009455475,3
120.3410474,39.00318674,-76.49991701,0.6009455476,3
120.3913009,39.00318785,-76.49991603,0.6009455476,3
120.4415154,39.00318897,-76.49991505,0.6009455476,3
120.4917819,39.00319008,-76.49991407,0.6009455475,3
120.5420559,39.0031912,-76.49991309,0.6009455475,3
120.5923626,39.00319231,-76.49991211,0.6009455475,3
120.6426513,39.00319342,-76.49991113,0.6009455474,3
120.6929566,39.00319454,-76.49991016,0.6009455475,3
120.7432474,39.00319565,-76.49990918,0.6009455475,3
120.7935115,39.00319677,-76.4999082,0.6009455474,3
120.8437569,39.00319787,-76.4999072,0.6140284173,3
120.8940925,39.00319897,-76.4999062,0.6173606021,3
120.944371,39.00320007,-76.49990519,0.617360602,3
120.9946658,39.00320118,-76.49990419,0.6173606021,3
121.0449237,39.00320228,-76.49990319,0.617360602,3
121.0951838,39.00320338,-76.49990219,0.617360602,3
121.1453956,39.00320448,-76.49990118,0.617360602,3
121.1956124,39.00320558,-76.49990018,0.617360602,3
121.2459549,39.00320668,-76.49989918,0.617360602,3
121.2962104,39.00320889,-76.49989717,0.6173606019,3
121.3464637,39.00320999,-76.49989617,0.617360602,3
121.3966881,39.00321109,-76.49989517,0.617360602,3
121.4469921,39.00321219,-76.49989417,0.6173606019,3
121.4972487,39.00321329,-76.49989315,0.6304567021,3
121.5474972,39.00321437,-76.49989212,0.6320838571,3
121.5978015,39.00321547,-76.4998911,0.6320838571,3
121.6480798,39.00321656,-76.49989008,0.6320838571,3
121.6983071,39.00321765,-76.49988905,0.6320838572,3
121.748537,39.00321874,-76.49988803,0.6320838571,3
121.798708,39.00321983,-76.49988701,0.6320838571,3
121.8490201,39.00322092,-76.49988598,0.6320838571,3
121.899262,39.00322201,-76.49988496,0.6320838571,3
121.9494596,39.0032231,-76.49988394,0.6320838571,3
121.9996157,39.00322419,-76.49988292,0.632083857,3
122.0498672,39.00322528,-76.49988189,0.6320838571,3
122.1000886,39.00322637,-76.49988087,0.632083857,3
122.1502777,39.00322745,-76.49987983,0.6451524667,3
122.2005085,39.00322853,-76.49987879,0.6451652526,3
122.2507519,39.0032296,-76.49987775,0.6451652526,3
122.3009431,39.00323068,-76.4998767,0.6451652526,3
122.3511725,39.00323176,-76.49987566,0.6451652526,3
122.4013756,39.00323284,-76.49987462,0.6451652526,3
122.4516235,39.00323392,-76.49987358,0.6451652526,3
122.5018762,39.003235,-76.49987254,0.6451652526,3
122.5522703,39.00323608,-76.4998715,0.6451652525,3
122.6025078,39.00323716,-76.49987046,0.6451652525,3
122.6527399,39.00323824,-76.49986941,0.6451652525,3
122.7029936,39.00323932,-76.49986837,0.6451652525,3
122.7532315,39.0032404,-76.49986733,0.6451652525,3
122.8034528,39.00324148,-76.49986629,0.6451652525,3
122.8536825,39.00324255,-76.49986523,0.6568943391,3
122.9038809,39.00324362,-76.49986418,0.6568943391,3
122.9541229,39.00324469,-76.49986312,0.6568943391,3
123.0043452,39.00324576,-76.49986206,0.6568943391,3
123.0545465,39.00324683,-76.499861,0.6568943391,3
123.1047851,39.0032479,-76.49985995,0.6568943391,3
123.1550278,39.00324897,-76.49985889,0.6568943391,3
123.2052272,39.00325004,-76.49985783,0.6568943391,3
123.2554179,39.00325111,-76.49985677,0.656894339,3
123.3056256,39.00325218,-76.49985572,0.656894339,3
123.3558412,39.00325325,-76.49985466,0.656894339,3
123.4060797,39.00325432,-76.4998536,0.656894339,3
123.4563336,39.00325539,-76.49985254,0.656894339,3
123.5065357,39.00325645,-76.49985147,0.6673142698,3
123.5567586,39.00325751,-76.4998504,0.6673142697,3
123.6069775,39.00325858,-76.49984933,0.6673142697,3
123.6571905,39.00325964,-76.49984826,0.6673142697,3
123.7074158,39.0032607,-76.49984718,0.6673142697,3
123.7577107,39.00326176,-76.49984611,0.6673142696,3
123.8079747,39.00326282,-76.49984504,0.6673142697,3
123.858209,39.00326388,-76.49984397,0.6673142697,3
123.9084353,39.00326494,-76.4998429,0.6673142697,3
123.9586856,39.003266,-76.49984183,0.6673142697,3
124.0089265,39.00326707,-76.49984076,0.6673142696,3
124.0591799,39.00326813,-76.49983969,0.6673142696,3
124.1094041,39.00326919,-76.49983861,0.6673142696,3
124.1596009,39.00327025,-76.49983754,0.6673142696,3
124.2098352,39.0032713,-76.49983646,0.6766483905,3
124.2600775,39.00327236,-76.49983537,0.6766483905,3
124.3103305,39.00327341,-76.49983429,0.6766483905,3
124.3606142,39.00327446,-76.4998332,0.6766483905,3
124.4109167,39.00327552,-76.49983212,0.6766483904,3
124.4612022,39.00327657,-76.49983103,0.6766483905,3
124.5114722,39.00327762,-76.49982995,0.6766483904,3
124.561767,39.00327868,-76.49982886,0.6766483904,3
124.6120378,39.00327973,-76.49982778,0.6766483904,3
124.6623182,39.00328078,-76.4998267,0.6766483904,3
124.7125475,39.00328184,-76.49982561,0.6766483904,3
124.7627776,39.00328289,-76.49982453,0.6766483903,3
124.8130464,39.00328394,-76.49982345,0.6766483904,3
124.8632797,39.00328499,-76.49982235,0.6849336447,3
124.9135039,39.00328604,-76.49982125,0.6849336447,3
124.963713,39.00328708,-76.49982016,0.6849336446,3
125.013945,39.00328813,-76.49981906,0.6849336446,3
125.0641661,39.00328918,-76.49981797,0.6849336446,3
125.1144396,39.00329022,-76.49981687,0.6849336446,3
125.1646431,39.00329127,-76.49981578,0.6849336446,3
125.2148734,39.00329232,-76.49981468,0.6849336446,3
125.2650711,39.00329336,-76.49981358,0.6849336445,3
125.3152658,39.00329441,-76.49981249,0.6849336445,3
125.3654638,39.00329546,-76.49981139,0.6849336445,3
125.4156372,39.0032965,-76.4998103,0.6849336445,3
125.4658207,39.00329755,-76.4998092,0.6849336445,3
125.5160314,39.00329859,-76.4998081,0.6922892356,3
125.5662485,39.00329963,-76.49980699,0.6922892356,3
125.6164405,39.00330067,-76.49980589,0.6922892355,3
125.6666509,39.00330171,-76.49980478,0.6922892356,3
125.7168619,39.00330275,-76.49980368,0.6922892355,3
125.7670822,39.00330379,-76.49980257,0.6922892355,3
125.817275,39.00330483,-76.49980146,0.6922892355,3
125.8674929,39.00330587,-76.49980036,0.6922892355,3
125.9177401,39.00330691,-76.49979926,0.6922892355,3
125.9679278,39.00330795,-76.49979815,0.6922892355,3
126.0181339,39.00330899,-76.49979704,0.6922892355,3
126.0683251,39.00331003,-76.49979594,0.6922892354,3
126.1185442,39.00331107,-76.49979483,0.6922892354,3
126.1687295,39.00331211,-76.49979373,0.6922892355,3
126.2189365,39.00331314,-76.49979261,0.6988749424,3
126.2691422,39.00331418,-76.4997915,0.6988749424,3
126.3193624,39.00331521,-76.49979039,0.6988749424,3
126.3695793,39.00331625,-76.49978927,0.6988749424,3
126.4198219,39.00331728,-76.49978816,0.6988749423,3
126.4700756,39.00331832,-76.49978704,0.6988749424,3
126.5203151,39.00331935,-76.49978593,0.6988749424,3
126.5705322,39.00332038,-76.49978482,0.6988749423,3
126.6207289,39.00332142,-76.4997837,0.6988749424,3
126.6709573,39.00332245,-76.49978259,0.6988749423,3
126.7211929,39.00332349,-76.49978147,0.6988749423,3
126.7714346,39.00332452,-76.49978036,0.6988749423,3
126.8216818,39.00332556,-76.49977925,0.6988749422,3
126.8719479,39.00332659,-76.49977812,0.7047181314,3
126.9221909,39.00332761,-76.499777,0.7047181314,3
126.9723944,39.00332864,-76.49977588,0.7047181313,3
127.0226314,39.00332967,-76.49977476,0.7047181313,3
127.072905,39.0033307,-76.49977364,0.7047181313,3
127.123143,39.00333173,-76.49977252,0.7047181312,3
127.17335,39.00333276,-76.49977139,0.7047181313,3
127.2236238,39.00333379,-76.49977027,0.7047181313,3
127.2739106,39.00333482,-76.49976915,0.7047181312,3
127.3241797,39.00333585,-76.49976803,0.7047181312,3
127.3744473,39.00333688,-76.49976691,0.7047181312,3
127.4247219,39.00333791,-76.49976578,0.7047181312,3
127.4749839,39.00333894,-76.49976466,0.7047181311,3
127.525256,39.00333996,-76.49976353,0.7099038992,3
127.5755151,39.00334099,-76.4997624,0.7099038992,3
127.6258003,39.00334201,-76.49976128,0.7099038992,3
127.6761011,39.00334304,-76.49976015,0.7099038992,3
127.7263619,39.00334406,-76.49975902,0.709903899,3
127.7766118,39.00334509,-76.49975789,0.7099038991,3
127.8269107,39.00334611,-76.49975676,0.709903899,3
127.8771724,39.00334713,-76.49975563,0.7099038991,3
127.9273963,39.00334816,-76.4997545,0.709903899,3
127.9776819,39.00334919,-76.49975338,0.709903899,3
128.0279277,39.00335021,-76.49975225,0.709903899,3
128.0781976,39.00335123,-76.49975112,0.709903899,3
128.1284687,39.00335226,-76.49974999,0.709903899,3
128.1787205,39.00335328,-76.49974886,0.709903899,3
128.2290391,39.00335431,-76.49974773,0.7145457223,3
128.2793296,39.00335533,-76.49974659,0.7145457222,3
128.3296485,39.00335635,-76.49974546,0.7145457222,3
128.3799,39.00335737,-76.49974432,0.7145457223,3
128.4301464,39.00335839,-76.49974319,0.7145457222,3
128.4804202,39.00335941,-76.49974205,0.7145457222,3
128.5306598,39.00336043,-76.49974092,0.7145457222,3
128.5809107,39.00336145,-76.49973978,0.7145457222,3
128.6311564,39.00336247,-76.49973865,0.7145457221,3
128.6814295,39.00336349,-76.49973751,0.7145457221,3
128.7316347,39.00336451,-76.49973638,0.7145457221,3
128.7818908,39.00336553,-76.49973524,0.714545722,3
128.832155,39.00336655,-76.49973411,0.7145457221,3
128.8824309,39.00336757,-76.49973297,0.7186633429,3
128.9327064,39.00336859,-76.49973183,0.7186633428,3
128.9829836,39.0033696,-76.49973069,0.7186633429,3
129.0332407,39.00337062,-76.49972955,0.7186633428,3
129.0834954,39.00337164,-76.49972841,0.7186633429,3
129.1337873,39.00337265,-76.49972727,0.7186633428,3
129.1841334,39.00337367,-76.49972613,0.7186633428,3
129.2343656,39.00337469,-76.49972499,0.7186633428,3
129.2845824,39.00337571,-76.49972385,0.7186633427,3
129.3348264,39.00337672,-76.49972271,0.7186633427,3
129.3850942,39.00337774,-76.49972157,0.7186633427,3
129.4353694,39.00337876,-76.49972043,0.7186633427,3
129.4855918,39.00337977,-76.49971929,0.7186633427,3
129.5358239,39.00338079,-76.49971814,0.7223170641,3
129.5860682,39.0033818,-76.499717,0.722317064,3
129.6363069,39.00338282,-76.49971585,0.722317064,3
129.6865466,39.00338383,-76.49971471,0.722317064,3
129.73677,39.00338484,-76.49971356,0.722317064,3
129.7870133,39.00338586,-76.49971242,0.7223170639,3
129.8372457,39.00338687,-76.49971127,0.722317064,3
129.8875077,39.00338788,-76.49971013,0.722317064,3
129.9378162,39.0033889,-76.49970898,0.7223170639,3
129.9880699,39.00338991,-76.49970784,0.7223170639,3
130.0383412,39.00339093,-76.49970669,0.7223170639,3
130.0886421,39.00339194,-76.49970555,0.7223170639,3
130.1389305,39.00339295,-76.49970441,0.7223170639,3
130.189201,39.00339397,-76.49970326,0.7223170638,3
130.2394826,39.00339498,-76.49970211,0.7255870966,3
130.2897858,39.00339599,-76.49970096,0.7255870965,3
130.3400772,39.003397,-76.49969981,0.7255870966,3
130.3903311,39.00339801,-76.49969866,0.7255870965,3
130.4406071,39.00339902,-76.49969751,0.7255870965,3
130.4908726,39.00340003,-76.49969637,0.7255870965,3
130.5411489,39.00340104,-76.49969522,0.7255870965,3
130.5914331,39.00340205,-76.49969407,0.7255870965,3
130.6417489,39.00340306,-76.49969292,0.7255870964,3
130.6920667,39.00340407,-76.49969177,0.7255870964,3
130.7423125,39.00340508,-76.49969062,0.7255870964,3
130.7925412,39.0034061,-76.49968947,0.7255870964,3
130.8427842,39.00340711,-76.49968832,0.7255870964,3
130.8930436,39.00340812,-76.49968717,0.7284875337,3
130.9432838,39.00340912,-76.49968602,0.7284875337,3
130.9935688,39.00341013,-76.49968486,0.7284875337,3
131.0438342,39.00341114,-76.49968371,0.7284875337,3
131.0941272,39.00341215,-76.49968256,0.7284875337,3
131.1443753,39.00341316,-76.49968141,0.7284875337,3
131.1946075,39.00341416,-76.49968025,0.7284875336,3
131.2448833,39.00341517,-76.4996791,0.7284875336,3
131.2951716,39.00341618,-76.49967795,0.7284875336,3
131.3454775,39.00341719,-76.49967679,0.7284875336,3
131.3957498,39.0034182,-76.49967564,0.7284875336,3
131.4460686,39.00341921,-76.49967449,0.7284875336,3
131.4963546,39.00342122,-76.49967218,0.7310610022,3
131.5465547,39.00342222,-76.49967102,0.7310610022,3
131.5967963,39.00342323,-76.49966987,0.7310610022,3
131.647034,39.00342424,-76.49966871,0.7310610022,3
131.6972777,39.00342524,-76.49966755,0.7310610022,3
131.7475384,39.00342625,-76.4996664,0.7310610022,3
131.7978151,39.00342725,-76.49966524,0.7310610022,3
131.8480654,39.00342826,-76.49966409,0.7310610021,3
131.8983303,39.00342927,-76.49966293,0.7310610021,3
131.9485697,39.00343027,-76.49966177,0.7310610021,3
131.9987969,39.00343128,-76.49966062,0.7310610022,3
132.0490597,39.00343228,-76.49965946,0.7310610021,3
132.0992927,39.00343329,-76.49965831,0.7310610021,3
132.1495081,39.0034343,-76.49965715,0.731061002,3
132.1997555,39.0034353,-76.49965599,0.733364069,3
132.2499759,39.0034363,-76.49965483,0.7333640689,3
132.3002096,39.00343731,-76.49965367,0.7333640689,3
132.3504502,39.00343831,-76.49965251,0.7333640689,3
132.4006732,39.00343931,-76.49965135,0.733364069,3
132.4509356,39.00344032,-76.49965019,0.733364069,3
132.5011603,39.00344132,-76.49964904,0.7333640689,3
132.5514023,39.00344233,-76.49964788,0.7333640689,3
132.6016407,39.00344333,-76.49964672,0.7333640689,3
132.6519111,39.00344433,-76.49964556,0.7333640689,3
132.7021191,39.00344534,-76.4996444,0.7333640688,3
132.7523437,39.00344634,-76.49964324,0.7333640688,3
132.802546,39.00344734,-76.49964208,0.7333640688,3
132.8527891,39.00344835,-76.49964092,0.7354067136,3
132.9030369,39.00344935,-76.49963976,0.7354067136,3
132.9532557,39.00345035,-76.49963859,0.7354067136,3
133.0035035,39.00345135,-76.49963743,0.7354067136,3
133.0537905,39.00345236,-76.49963627,0.7354067136,3
133.1040166,39.00345336,-76.49963511,0.7354067136,3
133.1542689,39.00345436,-76.49963395,0.7354067136,3
133.2045234,39.00345536,-76.49963279,0.7354067135,3
133.2547213,39.00345636,-76.49963162,0.7354067135,3
133.3049448,39.00345736,-76.49963046,0.7354067136,3
133.3551519,39.00345837,-76.4996293,0.7354067135,3
133.4053906,39.00345937,-76.49962814,0.7354067135,3
133.4556314,39.00346037,-76.49962698,0.7354067135,3
133.5059009,39.00346137,-76.49962581,0.7372190546,3
133.556087,39.00346237,-76.49962465,0.7372190546,3
133.6062864,39.00346337,-76.49962349,0.7372190546,3
133.6565062,39.00346437,-76.49962232,0.7372190545,3
133.70673,39.00346537,-76.49962116,0.7372190545,3
133.7569811,39.00346637,-76.49961999,0.7372190546,3
133.8072342,39.00346737,-76.49961883,0.7372190545,3
133.8574388,39.00346838,-76.49961766,0.7372190545,3
133.9076406,39.00346937,-76.4996165,0.7372190545,3
133.957906,39.00347037,-76.49961534,0.7372190544,3
134.0081164,39.00347137,-76.49961417,0.7372190544,3
134.0583339,39.00347238,-76.49961301,0.7372190544,3
134.1085195,39.00347337,-76.49961184,0.7372190544,3
134.1587499,39.00347438,-76.49961068,0.7372190544,3
134.2090062,39.00347537,-76.49960951,0.738840896,3
134.2592296,39.00347637,-76.49960835,0.738840896,3
134.3094812,39.00347737,-76.49960718,0.738840896,3
134.3596234,39.00347837,-76.49960602,0.738840896,3
134.4099074,39.00347937,-76.49960485,0.738840896,3
134.4601326,39.00348037,-76.49960368,0.7388408959,3
134.5103491,39.00348137,-76.49960252,0.7388408959,3
134.5605526,39.00348237,-76.49960135,0.738840896,3
134.610787,39.00348336,-76.49960019,0.7388408959,3
134.66107,39.00348436,-76.49959902,0.7388408959,3
134.711263,39.00348537,-76.49959785,0.7388408959,3
134.7614815,39.00348636,-76.49959669,0.7388408959,3
134.8116128,39.00348736,-76.49959552,0.7388408958,3
134.8618394,39.00348836,-76.49959435,0.7402793128,3
134.912066,39.00348936,-76.49959318,0.7402793128,3
134.9622652,39.00349035,-76.49959202,0.7402793127,3
135.0124622,39.00349135,-76.49959085,0.7402793127,3
135.0626986,39.00349235,-76.49958968,0.7402793127,3
135.1128873,39.00349335,-76.49958851,0.7402793127,3
135.1631306,39.00349434,-76.49958735,0.7402793127,3
135.2133703,39.00349534,-76.49958618,0.7402793127,3
135.2636499,39.00349634,-76.49958501,0.7402793126,3
135.3139163,39.00349734,-76.49958384,0.7402793126,3
135.3642204,39.00349833,-76.49958267,0.7402793126,3
135.4144269,39.00349933,-76.4995815,0.7402793126,3
135.4646636,39.00350033,-76.49958034,0.7402793126,3
135.514878,39.00350133,-76.49957917,0.7415554981,3
135.5651427,39.00350232,-76.499578,0.741555498,3
135.6154031,39.00350332,-76.49957683,0.741555498,3
135.6656763,39.00350431,-76.49957566,0.741555498,3
135.7159233,39.00350531,-76.49957449,0.741555498,3
135.7661708,39.00350631,-76.49957332,0.741555498,3
135.8163998,39.0035073,-76.49957215,0.741555498,3
135.8666895,39.0035083,-76.49957098,0.7415554979,3
135.9168988,39.0035093,-76.49956981,0.7415554979,3
135.9671545,39.00351029,-76.49956864,0.7415554979,3
136.0174004,39.00351129,-76.49956747,0.7415554979,3
136.0676765,39.00351229,-76.4995663,0.7415554979,3
136.1179545,39.00351328,-76.49956513,0.7415554979,3
136.1681511,39.00351428,-76.49956396,0.7415554979,3
136.218406,39.00351527,-76.49956279,0.742697537,3
136.2686329,39.00351627,-76.49956162,0.742697537,3
136.3189484,39.00351726,-76.49956045,0.7426975369,3
136.3692099,39.00351826,-76.49955928,0.7426975369,3
136.4194433,39.00351925,-76.49955811,0.7426975369,3
136.4697091,39.00352025,-76.49955694,0.7426975369,3
136.5200349,39.00352125,-76.49955576,0.7426975369,3
136.5702769,39.00352224,-76.49955459,0.7426975369,3
136.620548,39.00352324,-76.49955342,0.7426975369,3
136.6707788,39.00352423,-76.49955225,0.7426975368,3
136.7210664,39.00352523,-76.49955108,0.7426975368,3
136.7713203,39.00352622,-76.49954991,0.7426975368,3
136.8215828,39.00352722,-76.49954874,0.7426975368,3
136.8719155,39.00352821,-76.49954757,0.7437104056,3
136.9222183,39.0035292,-76.49954639,0.7437104056,3
136.9724247,39.0035302,-76.49954522,0.7437104056,3
137.0226945,39.00353119,-76.49954405,0.7437104056,3
137.0729139,39.00353219,-76.49954288,0.7437104056,3
137.1231661,39.00353318,-76.4995417,0.7437104055,3
137.1733975,39.00353418,-76.49954053,0.7437104056,3
137.2236367,39.00353517,-76.49953936,0.7437104055,3
137.2738748,39.00353617,-76.49953818,0.7437104055,3
137.3241243,39.00353716,-76.49953701,0.7437104055,3
137.3743276,39.00353815,-76.49953584,0.7437104054,3
137.4246162,39.00353915,-76.49953467,0.7437104055,3
137.4748833,39.00354014,-76.4995335,0.7437104054,3
137.5251518,39.00354114,-76.49953232,0.7446090361,3
137.5754253,39.00354213,-76.49953115,0.7446090361,3
137.6257043,39.00354312,-76.49952998,0.7446090361,3
137.676141,39.00354412,-76.4995288,0.744609036,3
137.7264152,39.00354511,-76.49952763,0.744609036,3
137.7766381,39.00354611,-76.49952646,0.744609036,3
137.8268991,39.0035471,-76.49952528,0.744609036,3
137.877176,39.00354809,-76.49952411,0.744609036,3
137.9274349,39.00354909,-76.49952293,0.7446090359,3
137.9777105,39.00355008,-76.49952176,0.744609036,3
138.0280034,39.00355107,-76.49952059,0.7446090359,3
138.0782606,39.00355207,-76.49951941,0.7446090359,3
138.1285346,39.00355306,-76.49951824,0.7446090359,3
138.1787877,39.00355405,-76.49951707,0.7446090359,3
138.2291058,39.00355505,-76.49951589,0.7454131999,3
138.2793865,39.00355604,-76.49951472,0.7454131999,3
138.3296392,39.00355703,-76.49951354,0.7454131999,3
138.3799031,39.00355803,-76.49951237,0.7454131999,3
138.43016,39.00355902,-76.4995112,0.7454131999,3
138.4803816,39.00356001,-76.49951002,0.7454131998,3
138.5306254,39.003561,-76.49950885,0.7454131999,3
138.580907,39.003562,-76.49950767,0.7454131998,3
138.6311775,39.00356299,-76.4995065,0.7454131998,3
138.6814698,39.00356398,-76.49950532,0.7454131998,3
138.7316988,39.00356498,-76.49950415,0.7454131998,3
138.782013,39.00356597,-76.49950297,0.7454131998,3
138.8323046,39.00356696,-76.4995018,0.7454131997,3
138.8825727,39.00356795,-76.49950062,0.7461264046,3
138.9328107,39.00356895,-76.49949945,0.7461264046,3
138.9830748,39.00356994,-76.49949827,0.7461264046,3
139.03333,39.00357093,-76.4994971,0.7461264045,3
139.0836094,39.00357192,-76.49949592,0.7461264046,3
139.1339515,39.00357291,-76.49949475,0.7461264045,3
139.1841651,39.00357391,-76.49949357,0.7461264045,3
139.2344162,39.0035749,-76.4994924,0.7461264045,3
139.2846359,39.00357589,-76.49949122,0.7461264045,3
139.3349265,39.00357688,-76.49949004,0.7461264045,3
139.3851873,39.00357787,-76.49948887,0.7461264045,3
139.4355606,39.00357887,-76.49948769,0.7461264045,3
139.4859383,39.00357986,-76.49948652,0.7461264044,3
139.5361919,39.00358085,-76.49948534,0.7467591648,3
139.5864799,39.00358184,-76.49948416,0.7467591648,3
139.6367434,39.00358283,-76.49948299,0.7467591648,3
139.6869769,39.00358383,-76.49948181,0.7467591648,3
139.7372379,39.00358482,-76.49948064,0.7467591647,3
139.7875096,39.00358581,-76.49947946,0.7467591647,3
139.8377988,39.0035868,-76.49947828,0.7467591647,3
139.8880852,39.00358779,-76.49947711,0.7467591647,3
139.938333,39.00358878,-76.49947593,0.7467591647,3
139.98862,39.00358977,-76.49947475,0.7467591647,3
140.0389427,39.00359077,-76.49947358,0.7467591646,3
140.0892338,39.00359176,-76.4994724,0.7467591646,3
140.139485,39.00359275,-76.49947123,0.7467591646,3
140.1897854,39.00359374,-76.49947005,0.7467591646,3
140.24007,39.00359473,-76.49946887,0.7473254034,3
140.2903177,39.00359572,-76.4994677,0.7473254034,3
140.3405922,39.00359672,-76.49946652,0.7473254034,3
140.3907925,39.00359771,-76.49946534,0.7473254034,3
140.4410423,39.0035987,-76.49946417,0.7473254033,3
140.4912784,39.00359969,-76.49946299,0.7473254034,3
140.5415344,39.00360068,-76.49946181,0.7473254033,3
140.5918074,39.00360167,-76.49946063,0.7473254032,3
140.642091,39.00360266,-76.49945946,0.7473254033,3
140.6923621,39.00360365,-76.49945828,0.7473254033,3
140.7426133,39.00360465,-76.4994571,0.7473254032,3
140.7928986,39.00360563,-76.49945593,0.7473254032,3
140.8431321,39.00360663,-76.49945475,0.7473254032,3
140.8933624,39.00360762,-76.49945357,0.7478275917,3
140.9436197,39.00360861,-76.49945239,0.7478275917,3
140.9938914,39.0036096,-76.49945122,0.7478275917,3
141.0441711,39.00361059,-76.49945004,0.7478275917,3
141.0944129,39.00361158,-76.49944886,0.7478275917,3
141.1446862,39.00361257,-76.49944768,0.7478275917,3
141.1948946,39.00361356,-76.4994465,0.7478275916,3
141.2451981,39.00361455,-76.49944533,0.7478275916,3
141.2954083,39.00361554,-76.49944415,0.7478275916,3
141.3456795,39.00361653,-76.49944297,0.7478275916,3
141.3959364,39.00361752,-76.4994418,0.7478275916,3
141.4462109,39.0036195,-76.49943944,0.7478275916,3
141.4964473,39.00362049,-76.49943826,0.7482731327,3
141.5466807,39.00362148,-76.49943708,0.7482731327,3
141.5969802,39.00362247,-76.49943591,0.7482731327,3
141.6472121,39.00362347,-76.49943472,0.7482731326,3
141.697396,39.00362445,-76.49943355,0.7482731327,3
141.7477111,39.00362544,-76.49943237,0.7482731326,3
141.7979287,39.00362643,-76.49943119,0.7482731326,3
141.8481646,39.00362742,-76.49943001,0.7482731326,3
141.8983979,39.00362842,-76.49942884,0.7482731326,3
141.9485655,39.00362941,-76.49942766,0.7482731326,3
141.9987614,39.0036304,-76.49942648,0.7482731325,3
142.0489372,39.00363139,-76.4994253,0.7482731325,3
142.0991493,39.00363238,-76.49942412,0.7482731325,3
142.149412,39.00363337,-76.49942295,0.7482731325,3
142.1996516,39.00363436,-76.49942177,0.7486718346,3
142.2499314,39.00363535,-76.49942059,0.7486718346,3
142.3002023,39.00363634,-76.49941941,0.7486718346,3
142.3504306,39.00363733,-76.49941823,0.7486718346,3
142.4006735,39.00363832,-76.49941705,0.7486718346,3
142.4509427,39.00363931,-76.49941587,0.7486718346,3
142.5011793,39.0036403,-76.49941469,0.7486718346,3
142.5514316,39.00364129,-76.49941352,0.7486718346,3
142.6016809,39.00364228,-76.49941234,0.7486718345,3
142.6519378,39.00364327,-76.49941116,0.7486718345,3
142.7021464,39.00364426,-76.49940998,0.7486718345,3
142.7523378,39.00364524,-76.4994088,0.7486718345,3
142.8025198,39.00364623,-76.49940762,0.7486718344,3
142.8527468,39.00364722,-76.49940644,0.7490254401,3
142.9029699,39.00364821,-76.49940526,0.74902544,3
142.9531811,39.0036492,-76.49940409,0.74902544,3
143.0033948,39.00365019,-76.49940291,0.74902544,3
143.0536274,39.00365118,-76.49940173,0.74902544,3
143.1039194,39.00365217,-76.49940055,0.74902544,3
143.1541496,39.00365316,-76.49939937,0.7490254399,3
143.2043618,39.00365415,-76.49939819,0.7490254399,3
143.2546162,39.00365514,-76.49939701,0.7490254399,3
143.304911,39.00365613,-76.49939583,0.7490254399,3
143.3552122,39.00365712,-76.49939465,0.7490254399,3
143.4054804,39.00365811,-76.49939347,0.7490254399,3
143.4557907,39.0036591,-76.49939229,0.7490254398,3
143.5060748,39.00366009,-76.49939111,0.7493391583,3
143.5563225,39.00366108,-76.49938993,0.7493391583,3
143.6065875,39.00366207,-76.49938875,0.7493391583,3
143.6568905,39.00366306,-76.49938758,0.7493391582,3
143.7071532,39.00366404,-76.4993864,0.7493391582,3
143.7573887,39.00366503,-76.49938522,0.7493391582,3
143.8076717,39.00366602,-76.49938404,0.7493391582,3
143.8579252,39.00366701,-76.49938286,0.7493391582,3
143.9081851,39.003668,-76.49938168,0.7493391582,3
143.9583895,39.00366899,-76.4993805,0.7493391581,3
144.0086152,39.00366998,-76.49937932,0.7493391581,3
144.0589482,39.00367097,-76.49937814,0.7493391581,3
144.1092066,39.00367196,-76.49937696,0.7493391581,3
144.1594581,39.00367295,-76.49937578,0.7493391581,3
144.2097202,39.00367394,-76.4993746,0.7496198962,3
144.2599299,39.00367493,-76.49937342,0.7496198961,3
144.3101808,39.00367592,-76.49937224,0.7496198961,3
144.3604426,39.0036769,-76.49937106,0.7496198961,3
144.410657,39.00367789,-76.49936988,0.7496198962,3
144.4609367,39.00367888,-76.4993687,0.7496198961,3
144.511201,39.00367987,-76.49936752,0.7496198961,3
144.5614624,39.00368086,-76.49936634,0.7496198961,3
144.6117369,39.00368185,-76.49936516,0.7496198961,3
144.6620081,39.00368284,-76.49936398,0.749619896,3
144.7122624,39.00368383,-76.4993628,0.749619896,3
144.7625327,39.00368482,-76.49936162,0.749619896,3
144.8127699,39.0036858,-76.49936044,0.7496198959,3
144.8630208,39.00368679,-76.49935926,0.7498688787,3
144.9132743,39.00368778,-76.49935808,0.7498688787,3
144.9635482,39.00368877,-76.4993569,0.7498688787,3
145.0138763,39.00368976,-76.49935572,0.7498688787,3
145.0641756,39.00369075,-76.49935454,0.7498688786,3
145.1143878,39.00369174,-76.49935336,0.7498688787,3
145.1646419,39.00369273,-76.49935218,0.7498688786,3
145.2149465,39.00369371,-76.499351,0.7498688786,3
145.2652126,39.0036947,-76.49934982,0.7498688786,3
145.3154864,39.00369569,-76.49934864,0.7498688785,3
145.36579,39.00369668,-76.49934746,0.7498688786,3
145.4161076,39.00369767,-76.49934628,0.7498688785,3
145.4664348,39.00369866,-76.4993451,0.7498688785,3
145.5166922,39.00369965,-76.49934392,0.7500897747,3
145.5669849,39.00370064,-76.49934274,0.7500897746,3
145.6172394,39.00370162,-76.49934156,0.7500897746,3
145.6675029,39.00370261,-76.49934038,0.7500897746,3
145.7178115,39.0037036,-76.4993392,0.7500897747,3
145.7681309,39.00370459,-76.49933802,0.7500897746,3
145.8183833,39.00370558,-76.49933684,0.7500897746,3
145.8686467,39.00370657,-76.49933565,0.7500897745,3
145.9189314,39.00370755,-76.49933447,0.7500897745,3
145.9691845,39.00370854,-76.49933329,0.7500897745,3
146.0194492,39.00370953,-76.49933211,0.7500897745,3
146.069698,39.00371052,-76.49933093,0.7500897744,3
146.1199718,39.00371151,-76.49932975,0.7500897745,3
146.1702477,39.0037125,-76.49932857,0.7500897745,3
146.2204965,39.00371349,-76.49932739,0.7502874494,3
146.2707294,39.00371448,-76.49932621,0.7502874493,3
146.3209797,39.00371546,-76.49932503,0.7502874493,3
146.3712467,39.00371645,-76.49932385,0.7502874493,3
146.4215358,39.00371744,-76.49932267,0.7502874493,3
146.4718268,39.00371843,-76.49932149,0.7502874492,3
146.5221354,39.00371942,-76.49932031,0.7502874493,3
146.5724158,39.00372041,-76.49931912,0.7502874492,3
146.622654,39.00372139,-76.49931794,0.7502874492,3
146.6729572,39.00372238,-76.49931676,0.7502874492,3
146.7232081,39.00372337,-76.49931558,0.7502874492,3
146.7734836,39.00372436,-76.4993144,0.7502874491,3
146.8237593,39.00372535,-76.49931322,0.7502874492,3
146.8740776,39.00372634,-76.49931204,0.7504627626,3
146.9243381,39.00372732,-76.49931086,0.7504627626,3
146.9745947,39.00372831,-76.49930968,0.7504627626,3
147.0248773,39.0037293,-76.4993085,0.7504627626,3
147.0751391,39.00373029,-76.49930732,0.7504627626,3
147.1254087,39.00373128,-76.49930614,0.7504627625,3
147.1756545,39.00373226,-76.49930495,0.7504627626,3
147.2259477,39.00373325,-76.49930377,0.7504627625,3
147.2761938,39.00373424,-76.49930259,0.7504627625,3
147.3264276,39.00373523,-76.49930141,0.7504627625,3
147.3766717,39.00373622,-76.49930023,0.7504627625,3
147.4269627,39.0037372,-76.49929905,0.7504627624,3
147.4772104,39.00373819,-76.49929787,0.7504627624,3
147.5275043,39.00373918,-76.49929669,0.7506183001,3
147.5778212,39.00374017,-76.49929551,0.7506183001,3
147.6280987,39.00374116,-76.49929433,0.7506183,3
147.6783747,39.00374214,-76.49929315,0.7506183,3
147.7286209,39.00374313,-76.49929196,0.7506183,3
147.7789046,39.00374412,-76.49929078,0.7506183,3
147.8291741,39.00374511,-76.4992896,0.7506183,3
147.8794357,39.0037461,-76.49928842,0.7506183,3
147.9296682,39.00374709,-76.49928724,0.7506182999,3
147.9799531,39.00374807,-76.49928606,0.7506183,3
148.0302155,39.00374906,-76.49928488,0.7506183,3
148.0804704,39.00375005,-76.4992837,0.7506182999,3
148.1307472,39.00375104,-76.49928251,0.7506182998,3
148.1810142,39.00375202,-76.49928133,0.7506182998,3
148.2312517,39.00375301,-76.49928015,0.7507574857,3
148.2814713,39.003754,-76.49927897,0.7507574858,3
148.3317336,39.00375499,-76.49927779,0.7507574858,3
148.3819981,39.00375598,-76.49927661,0.7507574857,3
148.432235,39.00375696,-76.49927543,0.7507574857,3
148.4824726,39.00375795,-76.49927425,0.7507574857,3
148.5327432,39.00375894,-76.49927306,0.7507574856,3
148.5830334,39.00375993,-76.49927188,0.7507574856,3
148.6333091,39.00376092,-76.4992707,0.7507574856,3
148.683539,39.0037619,-76.49926952,0.7507574857,3
148.7339046,39.00376289,-76.49926834,0.7507574857,3
148.7841475,39.00376388,-76.49926716,0.7507574856,3
148.8344044,39.00376487,-76.49926598,0.7507574855,3
148.8846634,39.00376586,-76.49926479,0.7508809284,3
148.9349343,39.00376684,-76.49926361,0.7508809283,3
148.9851801,39.00376783,-76.49926243,0.7508809283,3
149.0354264,39.00376882,-76.49926125,0.7508809283,3
149.085686,39.00376981,-76.49926007,0.7508809282,3
149.1359045,39.0037708,-76.49925889,0.7508809283,3
149.1861352,39.00377178,-76.49925771,0.7508809283,3
149.2363839,39.00377277,-76.49925652,0.7508809282,3
149.2866289,39.00377376,-76.49925534,0.7508809282,3
149.3369053,39.00377475,-76.49925416,0.7508809282,3
149.3871398,39.00377573,-76.49925298,0.7508809282,3
149.4374166,39.00377672,-76.4992518,0.7508809281,3
149.4876779,39.00377771,-76.49925062,0.7508809282,3
149.5379506,39.0037787,-76.49924943,0.7509904469,3
149.5881812,39.00377969,-76.49924825,0.7509904469,3
149.6384493,39.00378067,-76.49924707,0.7509904469,3
149.688712,39.00378166,-76.49924589,0.7509904468,3
149.7389722,39.00378265,-76.49924471,0.7509904468,3
149.7892435,39.00378364,-76.49924353,0.7509904468,3
149.8394958,39.00378462,-76.49924234,0.7509904467,3
149.8897907,39.00378561,-76.49924116,0.7509904467,3
149.9400611,39.0037866,-76.49923998,0.7509904467,3
149.9902799,39.00378759,-76.4992388,0.7509904467,3
150.0405226,39.00378857,-76.49923762,0.7509904466,3
150.0907601,39.00378956,-76.49923644,0.7509904467,3
150.1410263,39.00379055,-76.49923526,0.7509904466,3
150.1912704,39.00379154,-76.49923407,0.7509904466,3
150.2414892,39.00379253,-76.49923289,0.7510884509,3
150.2917174,39.00379351,-76.49923171,0.7510884508,3
150.3419145,39.0037945,-76.49923053,0.7510884508,3
150.3921885,39.00379549,-76.49922935,0.7510884508,3
150.4424403,39.00379648,-76.49922816,0.7510884507,3
150.4926836,39.00379746,-76.49922698,0.7510884507,3
150.5429424,39.00379845,-76.4992258,0.7510884507,3
150.593189,39.00379944,-76.49922462,0.7510884508,3
150.6434953,39.00380043,-76.49922344,0.7510884507,3
150.6937978,39.00380141,-76.49922226,0.7510884507,3
150.744079,39.0038024,-76.49922108,0.7510884506,3
150.7942921,39.00380339,-76.49921989,0.7510884507,3
150.8445155,39.00380438,-76.49921871,0.7510884506,3
150.8947911,39.00380536,-76.49921753,0.7511753688,3
150.9450464,39.00380635,-76.49921635,0.7511753688,3
150.9953062,39.00380734,-76.49921517,0.7511753688,3
151.0455648,39.00380833,-76.49921398,0.7511753687,3
151.0959267,39.00380931,-76.4992128,0.7511753687,3
151.1462455,39.00381129,-76.49921044,0.7511753686,3
151.1964563,39.00381228,-76.49920926,0.7511753687,3
151.2466988,39.00381326,-76.49920807,0.7511753686,3
151.2969603,39.00381425,-76.49920689,0.7511753686,3
151.3472225,39.00381524,-76.49920571,0.7511753686,3
151.3975198,39.00381623,-76.49920453,0.7511753686,3
151.4477931,39.00381722,-76.49920335,0.7511753686,3
151.4981164,39.0038182,-76.49920217,0.751252483,3
151.5483246,39.00381919,-76.49920098,0.751252483,3
151.5985563,39.00382018,-76.4991998,0.7512524829,3
151.6487887,39.00382116,-76.49919862,0.7512524829,3
151.698988,39.00382215,-76.49919743,0.7512524829,3
151.7491833,39.00382314,-76.49919625,0.7512524829,3
151.7994232,39.00382413,-76.49919507,0.7512524829,3
151.8496165,39.00382511,-76.49919389,0.7512524829,3
151.8997953,39.0038261,-76.49919271,0.7512524829,3
151.9499888,39.00382709,-76.49919153,0.7512524827,3
152.0001482,39.00382808,-76.49919034,0.7512524828,3
152.0503232,39.00382906,-76.49918916,0.7512524828,3
152.1004914,39.00383005,-76.49918798,0.7512524827,3
152.1507178,39.00383104,-76.4991868,0.7512524828,3
152.2009476,39.00383203,-76.49918562,0.7513214901,3
152.251151,39.00383301,-76.49918443,0.7513214901,3
152.3013459,39.003834,-76.49918325,0.7513214901,3
152.3515441,39.00383499,-76.49918207,0.7513214901,3
152.4017458,39.00383598,-76.49918089,0.7513214901,3
152.4519149,39.00383696,-76.49917971,0.75132149,3
152.5020994,39.00383795,-76.49917852,0.75132149,3
152.5523298,39.00383894,-76.49917734,0.75132149,3
152.6025889,39.00383993,-76.49917616,0.75132149,3
152.6528162,39.00384091,-76.49917498,0.75132149,3
152.7030862,39.0038419,-76.4991738,0.7513214899,3
152.7533918,39.00384289,-76.49917261,0.7513214899,3
152.8036706,39.00384388,-76.49917143,0.7513214899,3
152.8539209,39.00384486,-76.49917025,0.7513826916,3
152.9041157,39.00384585,-76.49916907,0.7513826916,3
152.9542979,39.00384684,-76.49916789,0.7513826915,3
153.0044636,39.00384783,-76.4991667,0.7513826916,3
153.0546382,39.00384881,-76.49916552,0.7513826915,3
153.1048211,39.0038498,-76.49916434,0.7513826915,3
153.1550788,39.00385079,-76.49916316,0.7513826915,3
153.205286,39.00385177,-76.49916198,0.7513826915,3
153.2555283,39.00385276,-76.49916079,0.7513826915,3
153.305915,39.00385375,-76.49915961,0.7513826915,3
153.3561544,39.00385474,-76.49915843,0.7513826914,3
153.4063387,39.00385572,-76.49915725,0.7513826914,3
153.4565759,39.00385671,-76.49915606,0.7513826914,3
153.5067747,39.0038577,-76.49915488,0.7514369892,3
153.5569947,39.00385869,-76.4991537,0.7514369891,3
153.6072539,39.00385967,-76.49915252,0.7514369891,3
153.6574802,39.00386066,-76.49915133,0.7514369891,3
153.7077807,39.00386165,-76.49915015,0.7514369891,3
153.7580361,39.00386264,-76.49914897,0.751436989,3
153.8082654,39.00386362,-76.49914779,0.751436989,3
153.8585616,39.00386461,-76.49914661,0.7514369891,3
153.9088234,39.0038656,-76.49914542,0.751436989,3
153.9590945,39.00386658,-76.49914424,0.751436989,3
154.0093718,39.00386757,-76.49914306,0.7514369889,3
154.0596219,39.00386856,-76.49914188,0.7514369889,3
154.1098642,39.00386955,-76.49914069,0.7514369889,3
154.1601043,39.00387053,-76.49913951,0.7514369889,3
154.210302,39.00387152,-76.49913833,0.751485579,3
154.2605107,39.00387251,-76.49913715,0.751485579,3
154.3107459,39.00387349,-76.49913597,0.7514855789,3
154.3610101,39.00387448,-76.49913478,0.7514855789,3
154.4112593,39.00387547,-76.4991336,0.751485579,3
154.4614867,39.00387646,-76.49913242,0.7514855789,3
154.5117281,39.00387744,-76.49913124,0.7514855789,3
154.562,39.00387843,-76.49913005,0.7514855789,3
154.612248,39.00387942,-76.49912887,0.7514855788,3
154.662499,39.00388041,-76.49912769,0.7514855788,3
154.712754,39.00388139,-76.49912651,0.7514855789,3
154.7630156,39.00388238,-76.49912533,0.7514855788,3
154.8132293,39.00388337,-76.49912414,0.7514855788,3
154.8634833,39.00388436,-76.49912296,0.7515286722,3
154.9138026,39.00388534,-76.49912178,0.7515286722,3
154.9640347,39.00388633,-76.4991206,0.7515286722,3
155.0142319,39.00388732,-76.49911941,0.7515286722,3
155.0644296,39.0038883,-76.49911823,0.7515286722,3
155.1146906,39.00388929,-76.49911705,0.7515286721,3
155.1648981,39.00389028,-76.49911587,0.7515286721,3
155.2151067,39.00389126,-76.49911469,0.7515286721,3
155.265308,39.00389225,-76.4991135,0.7515286721,3
155.3155034,39.00389324,-76.49911232,0.7515286721,3
155.36578,39.00389423,-76.49911114,0.7515286721,3
155.4160998,39.00389521,-76.49910996,0.751528672,3
155.4663091,39.0038962,-76.49910877,0.751528672,3
155.5165893,39.00389719,-76.49910759,0.7515669045,3
155.5669623,39.00389818,-76.49910641,0.7515669045,3
155.6172155,39.00389916,-76.49910523,0.7515669045,3
155.6674884,39.00390015,-76.49910404,0.7515669044,3
155.7178381,39.00390114,-76.49910286,0.7515669045,3
155.7681486,39.00390212,-76.49910168,0.7515669044,3
155.8184347,39.00390311,-76.4991005,0.7515669044,3
155.8686535,39.0039041,-76.49909932,0.7515669044,3
155.9189449,39.00390509,-76.49909813,0.7515669044,3
155.9691788,39.00390607,-76.49909695,0.7515669044,3
156.0194192,39.00390706,-76.49909577,0.7515669044,3
156.069646,39.00390805,-76.49909459,0.7515669043,3
156.1199105,39.00390903,-76.4990934,0.7515669043,3
156.1701594,39.00391002,-76.49909222,0.7515669043,3
156.2203458,39.00391101,-76.49909104,0.7516011176,3
156.2705687,39.003912,-76.49908986,0.7516011176,3
156.3208229,39.00391298,-76.49908867,0.7516011176,3
156.3710912,39.00391397,-76.49908749,0.7516011176,3
156.4213484,39.00391496,-76.49908631,0.7516011175,3
156.4715954,39.00391594,-76.49908513,0.7516011175,3
156.5218798,39.00391693,-76.49908394,0.7516011174,3
156.5721292,39.00391792,-76.49908276,0.7516011175,3
156.6223674,39.00391891,-76.49908158,0.7516011175,3
156.6725825,39.00391989,-76.4990804,0.7516011175,3
156.7229142,39.00392088,-76.49907921,0.7516011174,3
156.7731188,39.00392187,-76.49907803,0.7516011173,3
156.8233594,39.00392285,-76.49907685,0.7516011174,3
156.8735561,39.00392384,-76.49907567,0.7516314606,3
156.9238008,39.00392483,-76.49907448,0.7516314605,3
156.9740445,39.00392582,-76.4990733,0.7516314605,3
157.024285,39.0039268,-76.49907212,0.7516314605,3
157.0745238,39.00392779,-76.49907094,0.7516314605,3
157.124773,39.00392878,-76.49906975,0.7516314604,3
157.1750291,39.00392977,-76.49906857,0.7516314605,3
157.2252649,39.00393075,-76.49906739,0.7516314605,3
157.2755075,39.00393174,-76.49906621,0.7516314604,3
157.3257933,39.00393273,-76.49906502,0.7516314604,3
157.3760318,39.00393371,-76.49906384,0.7516314604,3
157.4262766,39.0039347,-76.49906266,0.7516314604,3
157.4765129,39.00393569,-76.49906148,0.7516314603,3
157.5267604,39.00393667,-76.4990603,0.7516583809,3
157.577042,39.00393766,-76.49905911,0.7516583809,3
157.6272894,39.00393865,-76.49905793,0.7516583809,3
157.6775446,39.00393964,-76.49905675,0.7516583809,3
157.7277916,39.00394062,-76.49905557,0.7516583809,3
157.7780459,39.00394161,-76.49905438,0.7516583808,3
157.8282794,39.0039426,-76.4990532,0.7516583808,3
157.8785252,39.00394358,-76.49905202,0.7516583808,3
157.9287789,39.00394457,-76.49905083,0.7516583808,3
157.9791144,39.00394556,-76.49904965,0.7516583808,3
158.0293492,39.00394655,-76.49904847,0.7516583807,3
158.0796243,39.00394753,-76.49904729,0.7516583808,3
158.1298762,39.00394852,-76.49904611,0.7516583807,3
158.1801265,39.00394958,-76.49904483,0.7516583807,3
158.2303881,39.00395049,-76.49904374,0.7516824862,3
158.2806428,39.00395148,-76.49904256,0.7516824862,3
158.3309233,39.00395247,-76.49904138,0.7516824861,3
158.3811628,39.00395346,-76.49904019,0.751682486,3
158.4313617,39.00395444,-76.49903901,0.7516824861,3
158.4815919,39.00395543,-76.49903783,0.7516824861,3
158.5318697,39.00395642,-76.49903664,0.751682486,3
158.5821096,39.0039574,-76.49903546,0.751682486,3
158.6323598,39.00395839,-76.49903428,0.751682486,3
158.6826224,39.00395938,-76.4990331,0.751682486,3
158.7329054,39.00396036,-76.49903191,0.7516824859,3
158.7831521,39.00396135,-76.49903073,0.751682486,3
158.8334221,39.00396234,-76.49902955,0.7516824859,3
158.8837047,39.00396333,-76.49902837,0.7517038497,3
158.9339515,39.00396431,-76.49902718,0.7517038497,3
158.9841962,39.0039653,-76.499026,0.7517038496,3
159.0344475,39.00396629,-76.49902482,0.7517038496,3
159.0847072,39.00396727,-76.49902364,0.7517038496,3
159.1349706,39.00396826,-76.49902245,0.7517038495,3
159.1852192,39.00396925,-76.49902127,0.7517038496,3
159.2354577,39.00397024,-76.49902009,0.7517038495,3
159.2856964,39.00397122,-76.49901891,0.7517038495,3
159.3359559,39.00397221,-76.49901772,0.7517038495,3
159.3862039,39.0039732,-76.49901654,0.7517038495,3
159.4364619,39.00397418,-76.49901536,0.7517038494,3
159.4867271,39.00397517,-76.49901418,0.7517038494,3
159.5369764,39.00397616,-76.49901299,0.7517228034,3
159.5872606,39.00397714,-76.49901181,0.7517228034,3
159.6375184,39.00397813,-76.49901063,0.7517228034,3
159.6877567,39.00397912,-76.49900945,0.7517228033,3
159.7379981,39.00398011,-76.49900826,0.7517228034,3
159.7882337,39.00398109,-76.49900708,0.7517228033,3
159.8385372,39.00398208,-76.4990059,0.7517228032,3
159.8887867,39.00398307,-76.49900472,0.7517228033,3
159.9390619,39.00398406,-76.49900353,0.7517228032,3
159.989301,39.00398504,-76.49900235,0.7517228033,3
160.0395498,39.00398603,-76.49900117,0.7517228032,3
160.0898278,39.00398701,-76.49899999,0.7517228032,3
160.1400891,39.003988,-76.4989988,0.7517228031,3
160.1903392,39.00398899,-76.49899762,0.7517228031,3
160.2406058,39.00398998,-76.49899644,0.7517397644,3
160.2908705,39.00399096,-76.49899526,0.7517397644,3
160.3411261,39.00399195,-76.49899407,0.7517397645,3
160.3913643,39.00399294,-76.49899289,0.7517397643,3
160.4416412,39.00399392,-76.49899171,0.7517397644,3
160.4919294,39.00399491,-76.49899053,0.7517397644,3
160.5421318,39.0039959,-76.49898934,0.7517397643,3
160.5923678,39.00399688,-76.49898816,0.7517397643,3
160.6426078,39.00399787,-76.49898698,0.7517397643,3
160.6928075,39.00399886,-76.49898579,0.7517397643,3
160.7430844,39.00399985,-76.49898461,0.7517397643,3
160.7933455,39.00400083,-76.49898343,0.7517397642,3
160.8435977,39.00400182,-76.49898225,0.7517397642,3
160.893879,39.00400281,-76.49898106,0.7517548068,3
160.9441434,39.00400379,-76.49897988,0.7517548068,3
160.9943675,39.00400478,-76.4989787,0.7517548068,3
161.0446022,39.00400577,-76.49897752,0.7517548068,3
161.0948156,39.00400676,-76.49897633,0.7517548068,3
161.1450874,39.00400774,-76.49897515,0.7517548068,3
161.195353,39.00400873,-76.49897397,0.7517548068,3
161.2456078,39.00400972,-76.49897279,0.7517548067,3
161.295878,39.0040107,-76.4989716,0.7517548067,3
161.3461615,39.00401268,-76.49896924,0.7517548066,3
161.3963749,39.00401366,-76.49896806,0.7517548067,3
161.4466419,39.00401465,-76.49896687,0.7517548067,3
161.4968872,39.00401564,-76.49896569,0.7517681525,3
161.5470976,39.00401662,-76.49896451,0.7517681525,3
161.5972678,39.00401761,-76.49896333,0.7517681525,3
161.647429,39.0040186,-76.49896214,0.7517681525,3
161.6975898,39.00401959,-76.49896096,0.7517681525,3
161.7478636,39.00402057,-76.49895978,0.7517681524,3
161.7980372,39.00402156,-76.49895859,0.7517681524,3
161.8482142,39.00402255,-76.49895741,0.7517681524,3
161.8984686,39.00402353,-76.49895623,0.7517681524,3
161.9486543,39.00402452,-76.49895505,0.7517681524,3
161.9988114,39.00402551,-76.49895386,0.7517681524,3
162.0490209,39.00402649,-76.49895268,0.7517681523,3
162.0992192,39.00402748,-76.4989515,0.7517681523,3
162.1494538,39.00402847,-76.49895032,0.7517681523,3
162.1996454,39.00402946,-76.49894913,0.7517800952,3
162.2499263,39.00403044,-76.49894795,0.7517800952,3
162.3001207,39.00403143,-76.49894677,0.7517800952,3
162.3503223,39.00403242,-76.49894559,0.7517800951,3
162.4005143,39.0040334,-76.4989444,0.7517800952,3
162.4507595,39.00403439,-76.49894322,0.7517800951,3
162.5009773,39.00403538,-76.49894204,0.7517800951,3
162.5511894,39.00403637,-76.49894085,0.751780095,3
162.6014479,39.00403735,-76.49893967,0.7517800951,3
162.6516627,39.00403834,-76.49893849,0.7517800951,3
162.7018615,39.00403933,-76.49893731,0.751780095,3
162.7520426,39.00404031,-76.49893612,0.751780095,3
162.8022813,39.0040413,-76.49893494,0.751780095,3
162.8525159,39.00404229,-76.49893376,0.751790687,3
162.9027195,39.00404327,-76.49893258,0.751790687,3
162.9528986,39.00404426,-76.49893139,0.751790687,3
163.0030935,39.00404525,-76.49893021,0.751790687,3
163.053309,39.00404623,-76.49892903,0.751790687,3
163.1034902,39.00404722,-76.49892785,0.7517906869,3
163.1537055,39.00404821,-76.49892666,0.751790687,3
163.2038922,39.0040492,-76.49892548,0.7517906869,3
163.2540905,39.00405018,-76.4989243,0.7517906869,3
163.3043364,39.00405117,-76.49892312,0.7517906869,3
163.3545516,39.00405216,-76.49892193,0.7517906869,3
163.4047384,39.00405314,-76.49892075,0.7517906868,3
163.4549625,39.00405413,-76.49891957,0.7517906868,3
163.5051629,39.00405512,-76.49891839,0.751800084,3
163.5553577,39.0040561,-76.4989172,0.751800084,3
163.6055401,39.00405709,-76.49891602,0.751800084,3
163.6556973,39.00405808,-76.49891484,0.7518000839,3
163.7059173,39.00405906,-76.49891366,0.7518000839,3
163.7561578,39.00406005,-76.49891247,0.7518000839,3
163.8063789,39.00406104,-76.49891129,0.7518000839,3
163.8565889,39.00406203,-76.49891011,0.7518000839,3
163.9068229,39.00406301,-76.49890892,0.7518000839,3
163.9570311,39.004064,-76.49890774,0.7518000839,3
164.0072215,39.00406499,-76.49890656,0.7518000838,3
164.057453,39.00406597,-76.49890538,0.7518000838,3
164.1076797,39.00406696,-76.49890419,0.7518000837,3
164.1579416,39.00406795,-76.49890301,0.7518000837,3
164.208161,39.00406893,-76.49890183,0.7518084931,3
164.2583978,39.00406992,-76.49890064,0.751808493,3
164.3086461,39.00407091,-76.49889946,0.751808493,3
164.3589444,39.0040719,-76.49889828,0.751808493,3
164.409193,39.00407288,-76.4988971,0.751808493,3
164.4594545,39.00407387,-76.49889591,0.751808493,3
164.5097341,39.00407486,-76.49889473,0.7518084929,3
164.5600004,39.00407584,-76.49889355,0.7518084929,3
164.610232,39.00407683,-76.49889237,0.7518084929,3
164.6604894,39.00407782,-76.49889118,0.7518084928,3
164.710735,39.0040788,-76.49889,0.7518084929,3
164.7609843,39.00407979,-76.49888882,0.7518084928,3
164.8112242,39.00408078,-76.49888764,0.7518084928,3
164.8615447,39.00408176,-76.49888645,0.7518084928,3
164.9118139,39.00408275,-76.49888527,0.7518160132,3
164.9621218,39.00408374,-76.49888409,0.7518160131,3
165.0123269,39.00408473,-76.4988829,0.7518160131,3
165.0625767,39.00408571,-76.49888172,0.7518160131,3
165.1128694,39.0040867,-76.49888054,0.7518160131,3
165.1631242,39.00408769,-76.49887935,0.7518160131,3
165.2133673,39.00408868,-76.49887817,0.751816013,3
165.2636391,39.00408966,-76.49887699,0.751816013,3
165.3139347,39.00409065,-76.49887581,0.7518160131,3
165.3641459,39.00409163,-76.49887463,0.751816013,3
165.4143523,39.00409262,-76.49887344,0.751816013,3
165.4645293,39.00409361,-76.49887226,0.751816013,3
165.5147419,39.00409459,-76.49887108,0.7518226229,3
165.564947,39.00409558,-76.4988699,0.7518226229,3
165.6151236,39.00409657,-76.49886871,0.7518226229,3
165.6653237,39.00409756,-76.49886753,0.7518226229,3
165.7155237,39.00409854,-76.49886635,0.7518226228,3
165.7658123,39.00409953,-76.49886516,0.7518226228,3
165.816082,39.00410052,-76.49886398,0.7518226228,3
165.8663028,39.0041015,-76.4988628,0.7518226228,3
165.9166663,39.00410249,-76.49886162,0.7518226228,3
165.9669809,39.00410348,-76.49886043,0.7518226227,3
166.0172246,39.00410446,-76.49885925,0.7518226228,3
166.0674975,39.00410545,-76.49885807,0.7518226227,3
166.1178149,39.00410644,-76.49885689,0.7518226227,3
166.168103,39.00410743,-76.4988557,0.7518226226,3
166.218325,39.00410841,-76.49885452,0.7518285378,3
166.2685807,39.0041094,-76.49885334,0.7518285378,3
166.3188654,39.00411039,-76.49885216,0.7518285378,3
166.3691578,39.00411137,-76.49885097,0.7518285378,3
166.4193952,39.00411236,-76.49884979,0.7518285378,3
166.469647,39.00411335,-76.49884861,0.7518285377,3
166.5198597,39.00411433,-76.49884742,0.7518285376,3
166.5700944,39.00411532,-76.49884624,0.7518285377,3
166.6203247,39.00411631,-76.49884506,0.7518285376,3
166.6705942,39.0041173,-76.49884388,0.7518285376,3
166.7208293,39.00411828,-76.49884269,0.7518285376,3
166.7711209,39.00411927,-76.49884151,0.7518285376,3
166.8213536,39.00412026,-76.49884033,0.7518285375,3
166.8715567,39.00412124,-76.49883914,0.7518337837,3
166.9218195,39.00412223,-76.49883796,0.7518337837,3
166.9720364,39.00412322,-76.49883678,0.7518337837,3
167.0222829,39.0041242,-76.4988356,0.7518337837,3
167.0725428,39.00412519,-76.49883441,0.7518337836,3
167.1227468,39.00412618,-76.49883323,0.7518337836,3
167.1729602,39.00412716,-76.49883205,0.7518337836,3
167.2231669,39.00412815,-76.49883087,0.7518337836,3
167.2733522,39.00412914,-76.49882968,0.7518337836,3
167.323595,39.00413012,-76.4988285,0.7518337835,3
167.3737982,39.00413111,-76.49882732,0.7518337835,3
167.424036,39.0041321,-76.49882613,0.7518337835,3
167.4742741,39.00413309,-76.49882495,0.7518337834,3
167.5245359,39.00413407,-76.49882377,0.7518384378,3
167.5747865,39.00413506,-76.49882259,0.7518384378,3
167.6250753,39.00413605,-76.4988214,0.7518384378,3
167.6752761,39.00413703,-76.49882022,0.7518384377,3
167.725528,39.00413802,-76.49881904,0.7518384377,3
167.7757456,39.00413901,-76.49881786,0.7518384377,3
167.8260126,39.00414,-76.49881667,0.7518384377,3
167.8762665,39.00414098,-76.49881549,0.7518384376,3
167.9265183,39.00414197,-76.49881431,0.7518384376,3
167.9767762,39.00414295,-76.49881312,0.7518384376,3
168.0270095,39.00414394,-76.49881194,0.7518384376,3
168.0772327,39.00414493,-76.49881076,0.7518384376,3
168.127643,39.00414592,-76.49880958,0.7518384375,3
168.1779742,39.0041469,-76.49880839,0.7518384375,3
168.2282121,39.00414789,-76.49880721,0.7518426026,3
168.2784861,39.00414888,-76.49880603,0.7518426026,3
168.3287134,39.00414986,-76.49880485,0.7518426025,3
168.3789811,39.00415085,-76.49880366,0.7518426026,3
168.4292411,39.00415184,-76.49880248,0.7518426026,3
168.4794854,39.00415282,-76.4988013,0.7518426025,3
168.5297767,39.00415381,-76.49880011,0.7518426025,3
168.5801103,39.0041548,-76.49879893,0.7518426025,3
168.6303323,39.00415578,-76.49879775,0.7518426024,3
168.6805918,39.00415677,-76.49879657,0.7518426024,3
168.7308383,39.00415776,-76.49879538,0.7518426023,3
168.7811195,39.00415875,-76.4987942,0.7518426024,3
168.8313685,39.00415973,-76.49879302,0.7518426023,3
168.8816095,39.00416072,-76.49879184,0.7518462963,3
168.9318944,39.00416171,-76.49879065,0.7518462963,3
168.9820852,39.00416269,-76.49878947,0.7518462962,3
169.0323276,39.00416368,-76.49878829,0.7518462962,3
169.0825606,39.00416467,-76.4987871,0.7518462962,3
169.1328045,39.00416565,-76.49878592,0.7518462962,3
169.1831068,39.00416664,-76.49878474,0.7518462962,3
169.2332977,39.00416763,-76.49878356,0.7518462961,3
169.2835389,39.00416861,-76.49878237,0.7518462961,3
169.3338703,39.0041696,-76.49878119,0.7518462961,3
169.3841432,39.00417059,-76.49878001,0.7518462961,3
169.4344398,39.00417158,-76.49877883,0.751846296,3
169.4846527,39.00417256,-76.49877764,0.7518462961,3
169.5349408,39.00417355,-76.49877646,0.7518495734,3
169.5851541,39.00417454,-76.49877528,0.7518495733,3
169.6354125,39.00417552,-76.4987741,0.7518495733,3
169.6856488,39.00417651,-76.49877291,0.7518495733,3
169.7358981,39.0041775,-76.49877173,0.7518495733,3
169.7861098,39.00417848,-76.49877055,0.7518495732,3
169.8363246,39.00417947,-76.49876936,0.7518495732,3
169.8865966,39.00418046,-76.49876818,0.7518495732,3
169.9368365,39.00418144,-76.498767,0.7518495732,3
169.9870555,39.00418243,-76.49876582,0.7518495732,3
170.0372846,39.00418342,-76.49876463,0.7518495732,3
170.0875583,39.0041844,-76.49876345,0.7518495731,3
170.1379477,39.00418539,-76.49876227,0.7518495731,3
170.1882122,39.00418638,-76.49876108,0.7518495731,3
170.238582,39.00418737,-76.4987599,0.7518525059,3
170.2888953,39.00418835,-76.49875872,0.7518525058,3
170.3391148,39.00418934,-76.49875754,0.7518525058,3
170.3893804,39.00419033,-76.49875635,0.7518525058,3
170.439625,39.00419131,-76.49875517,0.7518525058,3
170.4898988,39.0041923,-76.49875399,0.7518525057,3
170.5401037,39.00419329,-76.49875281,0.7518525058,3
170.590489,39.00419427,-76.49875162,0.7518525057,3
170.6407556,39.00419526,-76.49875044,0.7518525057,3
170.6910473,39.00419625,-76.49874926,0.7518525057,3
170.7412546,39.00419724,-76.49874807,0.7518525057,3
170.7914634,39.00419822,-76.49874689,0.7518525056,3
170.8416827,39.00419921,-76.49874571,0.7518525056,3
170.8919713,39.0042002,-76.49874453,0.7518551067,3
170.9421735,39.00420118,-76.49874334,0.7518551066,3
170.9924029,39.00420217,-76.49874216,0.7518551066,3
171.0426181,39.00420316,-76.49874098,0.7518551066,3
171.0929054,39.00420414,-76.4987398,0.7518551066,3
171.1431803,39.00420513,-76.49873861,0.7518551066,3
171.193456,39.00420612,-76.49873743,0.7518551066,3
171.2436684,39.0042071,-76.49873625,0.7518551065,3
171.293903,39.00420809,-76.49873507,0.7518551066,3
171.3441183,39.00420908,-76.49873388,0.7518551064,3
171.3943916,39.00421006,-76.4987327,0.7518551065,3
171.4446919,39.00421105,-76.49873152,0.7518551064,3
171.4949731,39.00421204,-76.49873033,0.7518551064,3
171.5452218,39.00421303,-76.49872915,0.7518574141,3
171.5954895,39.00421401,-76.49872797,0.751857414,3
171.6458065,39.004215,-76.49872679,0.7518574141,3
171.6961156,39.00421599,-76.4987256,0.7518574141,3
171.7463505,39.00421796,-76.49872324,0.7518574141,3
171.7965737,39.00421895,-76.49872205,0.751857414,3
171.8468295,39.00421993,-76.49872087,0.751857414,3
171.8971065,39.00422092,-76.49871969,0.7518574139,3
171.9473584,39.00422191,-76.49871851,0.7518574139,3
171.9975717,39.00422289,-76.49871732,0.7518574139,3
172.0477926,39.00422388,-76.49871614,0.7518574138,3
172.0980495,39.00422487,-76.49871496,0.7518574139,3
172.1482725,39.00422586,-76.49871377,0.7518574138,3
172.198532,39.00422684,-76.49871259,0.7518594789,3
172.2487776,39.00422783,-76.49871141,0.751859479,3
172.299032,39.00422882,-76.49871023,0.7518594789,3
172.3492502,39.0042298,-76.49870904,0.7518594789,3
172.3994697,39.00423079,-76.49870786,0.7518594789,3
172.4496935,39.00423178,-76.49870668,0.7518594789,3
172.4999006,39.00423276,-76.4987055,0.7518594788,3
172.5501314,39.00423375,-76.49870431,0.7518594788,3
172.6003662,39.00423474,-76.49870313,0.7518594788,3
172.650597,39.00423572,-76.49870195,0.7518594788,3
172.7008641,39.00423671,-76.49870076,0.7518594787,3
172.751097,39.0042377,-76.49869958,0.7518594788,3
172.8013291,39.00423869,-76.4986984,0.7518594787,3
172.8515594,39.00423967,-76.49869722,0.7518613103,3
172.9018134,39.00424066,-76.49869603,0.7518613102,3
172.952067,39.00424165,-76.49869485,0.7518613102,3
173.0023191,39.00424263,-76.49869367,0.7518613102,3
173.0525952,39.00424362,-76.49869249,0.7518613102,3
173.102868,39.00424461,-76.4986913,0.7518613101,3
173.1531028,39.00424559,-76.49869012,0.7518613102,3
173.2033293,39.00424658,-76.49868894,0.7518613101,3
173.2535708,39.00424757,-76.49868775,0.7518613101,3
173.3038356,39.00424855,-76.49868657,0.7518613101,3
173.3541088,39.00424954,-76.49868539,0.7518613101,3
173.4043731,39.00425053,-76.49868421,0.75186131,3
173.4546531,39.00425151,-76.49868302,0.75186131,3
173.5048836,39.0042525,-76.49868184,0.751862935,3
173.5550737,39.00425349,-76.49868066,0.7518629349,3
173.6052656,39.00425448,-76.49867948,0.7518629349,3
173.6554663,39.00425546,-76.49867829,0.7518629349,3
173.7057034,39.00425645,-76.49867711,0.7518629349,3
173.7559869,39.00425744,-76.49867593,0.7518629349,3
173.8062725,39.00425842,-76.49867474,0.7518629349,3
173.8565233,39.00425941,-76.49867356,0.7518629348,3
173.906774,39.0042604,-76.49867238,0.7518629348,3
173.9570339,39.00426138,-76.4986712,0.7518629348,3
174.0072601,39.00426237,-76.49867001,0.7518629348,3
174.0575188,39.00426336,-76.49866883,0.7518629348,3
174.1076915,39.00426435,-76.49866765,0.7518629348,3
174.1579407,39.00426533,-76.49866647,0.7518629348,3
174.2081504,39.00426632,-76.49866528,0.7518643889,3
174.2584097,39.0042673,-76.4986641,0.7518643889,3
174.3085921,39.00426829,-76.49866292,0.7518643889,3
174.3588175,39.00426928,-76.49866173,0.7518643888,3
174.4090442,39.00427027,-76.49866055,0.7518643888,3
174.4592259,39.00427125,-76.49865937,0.7518643888,3
174.5094648,39.00427224,-76.49865819,0.7518643888,3
174.5596892,39.00427323,-76.498657,0.7518643887,3
174.6098946,39.00427421,-76.49865582,0.7518643887,3
174.6601576,39.0042752,-76.49865464,0.7518643887,3
174.7104146,39.00427619,-76.49865345,0.7518643887,3
174.7606561,39.00427717,-76.49865227,0.7518643886,3
174.8109197,39.00427816,-76.49865109,0.7518643886,3
174.8611671,39.00427915,-76.49864991,0.7518656783,3
174.911398,39.00428014,-76.49864872,0.7518656783,3
174.9616408,39.00428112,-76.49864754,0.7518656783,3
175.0119299,39.00428211,-76.49864636,0.7518656783,3
175.0621647,39.0042831,-76.49864517,0.7518656783,3
175.1123942,39.00428408,-76.49864399,0.7518656782,3
175.1626197,39.00428507,-76.49864281,0.7518656782,3
175.2129325,39.00428606,-76.49864163,0.7518656782,3
175.2632042,39.00428704,-76.49864044,0.7518656782,3
175.3134404,39.00428803,-76.49863926,0.7518656781,3
175.3637537,39.00428902,-76.49863808,0.7518656782,3
175.4140454,39.00429,-76.4986369,0.7518656781,3
175.4642437,39.00429099,-76.49863571,0.7518656781,3
175.5144506,39.00429198,-76.49863453,0.7518668223,3
175.5646547,39.00429296,-76.49863335,0.7518668223,3
175.6149143,39.00429395,-76.49863216,0.7518668223,3
175.6651175,39.00429494,-76.49863098,0.7518668223,3
175.7153558,39.00429593,-76.4986298,0.7518668222,3
175.765609,39.00429691,-76.49862862,0.7518668222,3
175.8158269,39.0042979,-76.49862743,0.7518668222,3
175.8660716,39.00429889,-76.49862625,0.7518668222,3
175.9162928,39.00429987,-76.49862507,0.7518668222,3
175.9664923,39.00430086,-76.49862389,0.7518668221,3
176.0166851,39.00430185,-76.4986227,0.7518668221,3
176.066887,39.00430283,-76.49862152,0.7518668221,3
176.1171167,39.00430382,-76.49862034,0.7518668221,3
176.1673426,39.00430481,-76.49861915,0.751866822,3
176.2175724,39.0043058,-76.49861797,0.7518678461,3
176.267838,39.00430678,-76.49861679,0.751867846,3
176.3180748,39.00430777,-76.49861561,0.751867846,3
176.3682833,39.00430875,-76.49861442,0.751867846,3
176.4185342,39.00430974,-76.49861324,0.751867846,3
176.4688026,39.00431073,-76.49861206,0.751867846,3
176.5190442,39.00431172,-76.49861087,0.7518678459,3
176.5692502,39.0043127,-76.49860969,0.751867846,3
176.6194544,39.00431369,-76.49860851,0.7518678459,3
176.6697118,39.00431468,-76.49860733,0.7518678459,3
176.7199025,39.00431566,-76.49860614,0.7518678459,3
176.7701346,39.00431665,-76.49860496,0.7518678458,3
176.8203981,39.00431764,-76.49860378,0.7518678458,3
176.8706091,39.00431862,-76.4986026,0.751868754,3
176.9208042,39.00431961,-76.49860141,0.751868754,3
176.9710527,39.0043206,-76.49860023,0.751868754,3
177.021309,39.00432159,-76.49859905,0.751868754,3
177.0715187,39.00432257,-76.49859786,0.7518687539,3
177.1218217,39.00432356,-76.49859668,0.7518687539,3
177.1721023,39.00432455,-76.4985955,0.7518687539,3
177.2223293,39.00432553,-76.49859432,0.7518687538,3
177.2726064,39.00432652,-76.49859313,0.7518687538,3
177.3228054,39.00432751,-76.49859195,0.7518687538,3
177.3730217,39.00432849,-76.49859077,0.7518687538,3
177.4232666,39.00432948,-76.49858958,0.7518687538,3
177.4734536,39.00433047,-76.4985884,0.7518687538,3
177.523671,39.00433145,-76.49858722,0.7518695595,3
177.5738853,39.00433244,-76.49858604,0.7518695595,3
177.6240878,39.00433343,-76.49858485,0.7518695595,3
177.6742981,39.00433441,-76.49858367,0.7518695595,3
177.7245438,39.0043354,-76.49858249,0.7518695595,3
177.7747606,39.00433639,-76.49858131,0.7518695594,3
177.8249794,39.00433738,-76.49858012,0.7518695594,3
177.875228,39.00433836,-76.49857894,0.7518695594,3
177.9255443,39.00433935,-76.49857776,0.7518695593,3
177.9757828,39.00434034,-76.49857657,0.7518695593,3
178.0260321,39.00434132,-76.49857539,0.7518695594,3
178.0762448,39.00434231,-76.49857421,0.7518695593,3
178.1264912,39.0043433,-76.49857303,0.7518695593,3
178.1766882,39.00434428,-76.49857184,0.7518695593,3
178.2268868,39.00434527,-76.49857066,0.7518702803,3
178.2770779,39.00434626,-76.49856948,0.7518702803,3
178.3273221,39.00434724,-76.4985683,0.7518702803,3
178.3775373,39.00434823,-76.49856711,0.7518702803,3
178.4277524,39.00434922,-76.49856593,0.7518702802,3
178.4781142,39.0043502,-76.49856475,0.7518702802,3
178.528364,39.00435119,-76.49856356,0.7518702802,3
178.5785994,39.00435218,-76.49856238,0.7518702801,3
178.6288712,39.00435317,-76.4985612,0.7518702802,3
178.6791186,39.00435415,-76.49856002,0.7518702801,3
178.7293613,39.00435514,-76.49855883,0.7518702801,3
178.7796097,39.00435613,-76.49855765,0.7518702801,3
178.82983,39.00435711,-76.49855647,0.7518702801,3
178.8800663,39.0043581,-76.49855528,0.7518709197,3
178.9303132,39.00435909,-76.4985541,0.7518709196,3
178.9805077,39.00436007,-76.49855292,0.7518709196,3
179.0307142,39.00436106,-76.49855174,0.7518709196,3
179.0809658,39.00436205,-76.49855055,0.7518709196,3
179.1312017,39.00436303,-76.49854937,0.7518709195,3
179.1814336,39.00436402,-76.49854819,0.7518709196,3
179.231654,39.00436501,-76.49854701,0.7518709195,3
179.2818876,39.00436599,-76.49854582,0.7518709195,3
179.332088,39.00436698,-76.49854464,0.7518709194,3
179.3823223,39.00436797,-76.49854346,0.7518709194,3
179.4325844,39.00436896,-76.49854227,0.7518709194,3
179.482792,39.00436994,-76.49854109,0.7518709194,3
179.5330269,39.00437093,-76.49853991,0.7518714868,3
179.583271,39.00437192,-76.49853873,0.7518714868,3
179.6335505,39.0043729,-76.49853754,0.7518714868,3
179.6839175,39.00437389,-76.49853636,0.7518714868,3
179.734142,39.00437488,-76.49853518,0.7518714867,3
179.7844032,39.00437586,-76.498534,0.7518714867,3
179.8346682,39.00437685,-76.49853281,0.7518714866,3
179.8849263,39.00437784,-76.49853163,0.7518714867,3
179.9351378,39.00437882,-76.49853045,0.7518714867,3
179.9853603,39.00437981,-76.49852926,0.7518714867,3
180.0356432,39.0043808,-76.49852808,0.7518714866,3
180.0859327,39.00438178,-76.4985269,0.7518714866,3
180.1362051,39.00438277,-76.49852572,0.7518714865,3
180.1864316,39.00438376,-76.49852453,0.7518714865,3
180.2366559,39.00438474,-76.49852335,0.7518719944,3
180.2869256,39.00438573,-76.49852217,0.7518719943,3
180.3372171,39.00438672,-76.49852098,0.7518719943,3
180.3874668,39.00438771,-76.4985198,0.7518719942,3
180.4377696,39.00438869,-76.49851862,0.7518719943,3
180.4880621,39.00438968,-76.49851744,0.7518719943,3
180.538312,39.00439067,-76.49851625,0.7518719942,3
180.58855,39.00439165,-76.49851507,0.7518719942,3
180.6388127,39.00439264,-76.49851389,0.7518719942,3
180.6890995,39.00439363,-76.49851271,0.7518719941,3
180.7393749,39.00439461,-76.49851152,0.7518719941,3
180.789672,39.0043956,-76.49851034,0.7518719942,3
180.8399069,39.00439659,-76.49850916,0.7518719941,3
180.8901869,39.00439757,-76.49850798,0.7518724445,3
180.9404571,39.00439856,-76.49850679,0.7518724445,3
180.9906853,39.00439955,-76.49850561,0.7518724445,3
181.0409552,39.00440054,-76.49850443,0.7518724444,3
181.0912107,39.00440152,-76.49850324,0.7518724444,3
181.1414716,39.00440251,-76.49850206,0.7518724444,3
181.1917455,39.0044035,-76.49850088,0.7518724444,3
181.2421123,39.00440448,-76.49849969,0.7518724443,3
181.292379,39.00440547,-76.49849851,0.7518724443,3
181.3426054,39.00440646,-76.49849733,0.7518724444,3
181.3929072,39.00440744,-76.49849615,0.7518724443,3
181.4432135,39.00440843,-76.49849496,0.7518724443,3
181.4934475,39.00440942,-76.49849378,0.7518724442,3
181.5437,39.0044104,-76.4984926,0.7518728439,3
181.5939718,39.00441139,-76.49849142,0.7518728438,3
181.6442476,39.00441238,-76.49849023,0.7518728438,3
181.6945079,39.00441337,-76.49848905,0.7518728438,3
181.7447708,39.00441435,-76.49848787,0.7518728437,3
181.7950288,39.00441534,-76.49848668,0.7518728437,3
181.8453043,39.00441633,-76.4984855,0.7518728437,3
181.8956037,39.00441731,-76.49848432,0.7518728437,3
181.9458172,39.0044183,-76.49848314,0.7518728437,3
181.996101,39.00442027,-76.49848077,0.7518728437,3
182.0463669,39.00442126,-76.49847959,0.7518728436,3
182.0966169,39.00442225,-76.49847841,0.7518728436,3
182.1469158,39.00442323,-76.49847722,0.7518728436,3
182.1971223,39.00442422,-76.49847604,0.7518732013,3
182.2473685,39.00442521,-76.49847486,0.7518732013,3
182.297637,39.00442619,-76.49847367,0.7518732012,3
182.3478231,39.00442718,-76.49847249,0.7518732012,3
182.3980734,39.00442817,-76.49847131,0.7518732011,3
182.448317,39.00442916,-76.49847013,0.7518732012,3
182.4985339,39.00443014,-76.49846894,0.751873201,3
182.5487511,39.00443113,-76.49846776,0.751873201,3
182.5989953,39.00443212,-76.49846658,0.7518732011,3
182.6492062,39.0044331,-76.49846539,0.751873201,3
182.6993992,39.00443409,-76.49846421,0.751873201,3
182.7495944,39.00443508,-76.49846303,0.751873201,3
182.7997741,39.00443606,-76.49846185,0.751873201,3
182.8500635,39.00443705,-76.49846066,0.7518735182,3
182.9002921,39.00443804,-76.49845948,0.7518735181,3
182.950526,39.00443902,-76.4984583,0.7518735181,3
183.0007309,39.00444001,-76.49845711,0.7518735181,3
183.0509714,39.004441,-76.49845593,0.751873518,3
183.1012036,39.00444199,-76.49845475,0.7518735181,3
183.1514401,39.00444297,-76.49845357,0.751873518,3
183.2016649,39.00444396,-76.49845238,0.751873518,3
183.2519185,39.00444495,-76.4984512,0.7518735179,3
183.302168,39.00444593,-76.49845002,0.751873518,3
183.3523995,39.00444692,-76.49844884,0.7518735179,3
183.4026153,39.00444791,-76.49844765,0.7518735179,3
183.452833,39.00444889,-76.49844647,0.7518735179,3
183.5030769,39.00444988,-76.49844529,0.7518737994,3
183.5533219,39.00445087,-76.4984441,0.7518737994,3
183.6035512,39.00445185,-76.49844292,0.7518737994,3
183.6538092,39.00445284,-76.49844174,0.7518737993,3
183.7040696,39.00445383,-76.49844056,0.7518737993,3
183.7543409,39.00445482,-76.49843937,0.7518737992,3
183.8046172,39.0044558,-76.49843819,0.7518737992,3
183.854897,39.00445679,-76.49843701,0.7518737992,3
183.9051203,39.00445778,-76.49843583,0.7518737992,3
183.9553542,39.00445877,-76.49843464,0.7518737992,3
184.0055979,39.00445975,-76.49843346,0.7518737992,3
184.0558824,39.00446074,-76.49843228,0.7518737992,3
184.1061584,39.00446172,-76.49843109,0.7518737991,3
184.1564311,39.00446271,-76.49842991,0.7518737991,3
184.2066889,39.0044637,-76.49842873,0.751874051,3
184.2569055,39.00446468,-76.49842755,0.751874051,3
184.3071543,39.00446567,-76.49842636,0.751874051,3
184.3573968,39.00446666,-76.49842518,0.7518740509,3
184.4076638,39.00446764,-76.498424,0.7518740509,3
184.4579441,39.00446863,-76.49842281,0.7518740509,3
184.5081492,39.00446962,-76.49842163,0.7518740509,3
184.5584101,39.0044706,-76.49842045,0.7518740508,3
184.6087019,39.00447159,-76.49841927,0.7518740508,3
184.6589328,39.00447258,-76.49841808,0.7518740508,3
184.7091355,39.00447357,-76.4984169,0.7518740508,3
184.7593748,39.00447455,-76.49841572,0.7518740507,3
184.8095788,39.00447554,-76.49841453,0.7518740507,3
184.8598256,39.00447653,-76.49841335,0.7518742742,3
184.9101161,39.00447751,-76.49841217,0.7518742742,3
184.9603093,39.0044785,-76.49841099,0.7518742742,3
185.0105124,39.00447949,-76.4984098,0.7518742742,3
185.0607334,39.00448047,-76.49840862,0.7518742741,3
185.110987,39.00448146,-76.49840744,0.751874274,3
185.1611846,39.00448245,-76.49840626,0.7518742741,3
185.2113855,39.00448343,-76.49840507,0.751874274,3
185.2616209,39.00448442,-76.49840389,0.751874274,3
185.31182,39.00448541,-76.49840271,0.751874274,3
185.3620678,39.0044864,-76.49840152,0.7518742739,3
185.4123256,39.00448738,-76.49840034,0.7518742739,3
185.4625479,39.00448837,-76.49839916,0.7518742739,3
185.5127514,39.00448936,-76.49839798,0.7518744721,3
185.5630123,39.00449034,-76.49839679,0.7518744722,3
185.613216,39.00449133,-76.49839561,0.7518744721,3
185.6634328,39.00449232,-76.49839443,0.7518744721,3
185.7136344,39.0044933,-76.49839324,0.7518744721,3
185.7638707,39.00449429,-76.49839206,0.751874472,3
185.8140879,39.00449528,-76.49839088,0.751874472,3
185.8642857,39.00449626,-76.4983897,0.751874472,3
185.9144878,39.00449725,-76.49838851,0.751874472,3
185.9646829,39.00449824,-76.49838733,0.751874472,3
186.0148782,39.00449922,-76.49838615,0.7518744719,3
186.0651014,39.00450021,-76.49838497,0.7518744719,3
186.1153287,39.0045012,-76.49838378,0.7518744719,3
186.1655594,39.00450219,-76.4983826,0.7518744719,3
186.2158004,39.00450317,-76.49838142,0.7518746493,3
186.2660437,39.00450416,-76.49838023,0.7518746493,3
186.3162729,39.00450515,-76.49837905,0.7518746493,3
186.3665405,39.00450613,-76.49837787,0.7518746493,3
186.4168134,39.00450712,-76.49837669,0.7518746493,3
186.4671354,39.00450811,-76.4983755,0.7518746492,3
186.5173915,39.00450909,-76.49837432,0.7518746492,3
186.5676195,39.00451008,-76.49837314,0.7518746491,3
186.6178348,39.00451107,-76.49837196,0.7518746491,3
186.6680505,39.00451205,-76.49837077,0.7518746491,3
186.7182889,39.00451304,-76.49836959,0.7518746491,3
186.7685263,39.00451403,-76.49836841,0.7518746491,3
186.8188126,39.00451501,-76.49836722,0.751874649,3
186.8691669,39.004516,-76.49836604,0.7518748065,3
186.9194248,39.00451699,-76.49836486,0.7518748064,3
186.9696835,39.00451798,-76.49836368,0.7518748064,3
187.0199606,39.00451896,-76.49836249,0.7518748064,3
187.0702421,39.00451995,-76.49836131,0.7518748064,3
187.1204577,39.00452094,-76.49836013,0.7518748063,3
187.1707313,39.00452192,-76.49835894,0.7518748064,3
187.220991,39.00452291,-76.49835776,0.7518748063,3
187.2712851,39.0045239,-76.49835658,0.7518748064,3
187.3215103,39.00452488,-76.4983554,0.7518748062,3
187.3717435,39.00452587,-76.49835421,0.7518748063,3
187.4219965,39.00452686,-76.49835303,0.7518748062,3
187.472261,39.00452784,-76.49835185,0.7518748062,3
187.5225286,39.00452883,-76.49835066,0.7518749459,3
187.5728094,39.00452982,-76.49834948,0.7518749458,3
187.6231222,39.00453081,-76.4983483,0.7518749459,3
187.6733415,39.00453179,-76.49834712,0.7518749458,3
187.7236085,39.00453278,-76.49834593,0.7518749457,3
187.7738277,39.00453377,-76.49834475,0.7518749458,3
187.8240898,39.00453475,-76.49834357,0.7518749457,3
187.8743586,39.00453574,-76.49834239,0.7518749458,3
187.9246085,39.00453673,-76.4983412,0.7518749457,3
187.9748575,39.00453771,-76.49834002,0.7518749457,3
188.0251551,39.0045387,-76.49833884,0.7518749456,3
188.0754025,39.00453969,-76.49833766,0.7518749456,3
188.1256806,39.00454067,-76.49833647,0.7518749456,3
188.1759608,39.00454166,-76.49833529,0.7518749455,3
188.226242,39.00454265,-76.49833411,0.7518750707,3
188.2765229,39.00454363,-76.49833292,0.7518750706,3
188.3267301,39.00454462,-76.49833174,0.7518750705,3
188.3769903,39.00454561,-76.49833056,0.7518750706,3
188.4272444,39.00454659,-76.49832938,0.7518750705,3
188.4775033,39.00454758,-76.49832819,0.7518750705,3
188.5277445,39.00454857,-76.49832701,0.7518750705,3
188.5780638,39.00454955,-76.49832583,0.7518750705,3
188.6283329,39.00455054,-76.49832464,0.7518750704,3
188.6785864,39.00455153,-76.49832346,0.7518750704,3
188.7288987,39.00455252,-76.49832228,0.7518750704,3
188.7791945,39.0045535,-76.4983211,0.7518750703,3
188.8294543,39.00455449,-76.49831991,0.7518750703,3
188.8797056,39.00455548,-76.49831873,0.7518751813,3
188.9299886,39.00455646,-76.49831755,0.7518751812,3
188.980265,39.00455745,-76.49831636,0.7518751813,3
189.0305152,39.00455844,-76.49831518,0.7518751812,3
189.0807557,39.00455943,-76.498314,0.7518751812,3
189.1310621,39.00456041,-76.49831282,0.7518751812,3
189.1813523,39.0045614,-76.49831163,0.7518751811,3
189.2316325,39.00456239,-76.49831045,0.7518751811,3
189.2819221,39.00456337,-76.49830927,0.7518751811,3
189.3322065,39.00456436,-76.49830808,0.7518751811,3
189.3824892,39.00456535,-76.4983069,0.7518751811,3
189.4327815,39.00456633,-76.49830572,0.751875181,3
189.4830827,39.00456732,-76.49830454,0.7518751809,3
189.5333009,39.00456831,-76.49830335,0.7518752794,3
189.5836096,39.00456929,-76.49830217,0.7518752795,3
189.6338274,39.00457028,-76.49830099,0.7518752794,3
189.6840696,39.00457127,-76.49829981,0.7518752793,3
189.7342813,39.00457226,-76.49829862,0.7518752794,3
189.7844727,39.00457324,-76.49829744,0.7518752793,3
189.8347209,39.00457423,-76.49829626,0.7518752793,3
189.8849918,39.00457521,-76.49829507,0.7518752793,3
189.9352762,39.0045762,-76.49829389,0.7518752792,3
189.985535,39.00457719,-76.49829271,0.7518752793,3
190.0358049,39.00457817,-76.49829153,0.7518752792,3
190.0860827,39.00457916,-76.49829034,0.7518752792,3
190.1363423,39.00458015,-76.49828916,0.7518752792,3
190.186698,39.00458114,-76.49828798,0.7518752791,3
190.236919,39.00458212,-76.4982868,0.7518753672,3
190.2871923,39.00458311,-76.49828561,0.7518753672,3
190.3375043,39.0045841,-76.49828443,0.7518753672,3
190.3877423,39.00458508,-76.49828325,0.7518753671,3
190.4380394,39.00458607,-76.49828207,0.7518753672,3
190.4883164,39.00458706,-76.49828088,0.7518753671,3
190.5386012,39.00458804,-76.4982797,0.7518753671,3
190.5889144,39.00458903,-76.49827851,0.7518753671,3
190.6391947,39.00459002,-76.49827733,0.7518753671,3
190.6894546,39.004591,-76.49827615,0.7518753669,3
190.7397138,39.004592,-76.49827496,0.751875367,3
190.7899751,39.00459298,-76.49827378,0.7518753669,3
190.8402523,39.00459396,-76.4982726,0.7518753669,3
190.8905205,39.00459495,-76.49827142,0.7518754452,3
190.9407858,39.00459594,-76.49827024,0.7518754451,3
190.9910619,39.00459693,-76.49826905,0.7518754451,3
191.0413284,39.00459791,-76.49826787,0.7518754451,3
191.0916031,39.0045989,-76.49826669,0.7518754451,3
191.1418978,39.00459989,-76.4982655,0.751875445,3
191.1921672,39.00460087,-76.49826432,0.751875445,3
191.2424252,39.00460186,-76.49826314,0.751875445,3
191.2927346,39.00460285,-76.49826196,0.7518754449,3
191.3434201,39.00460383,-76.49826077,0.7518754449,3
191.3937167,39.00460482,-76.49825959,0.7518754449,3
191.443997,39.00460581,-76.49825841,0.7518754449,3
191.4942886,39.00460679,-76.49825723,0.7518754449,3
191.5445863,39.00460778,-76.49825604,0.7518755143,3
191.5948893,39.00460877,-76.49825486,0.7518755142,3
191.645153,39.00460976,-76.49825368,0.7518755142,3
191.6954004,39.00461074,-76.49825249,0.7518755142,3
191.7456643,39.00461173,-76.49825131,0.7518755141,3
191.7959174,39.00461272,-76.49825013,0.7518755141,3
191.8461685,39.00461469,-76.49824776,0.7518755141,3
191.8964227,39.00461568,-76.49824658,0.7518755141,3
191.9466901,39.00461667,-76.4982454,0.751875514,3
191.9969496,39.00461765,-76.49824422,0.751875514,3
192.0471387,39.00461864,-76.49824303,0.7518755139,3
192.0973851,39.00461963,-76.49824185,0.751875514,3
192.1476543,39.00462061,-76.49824066,0.751875514,3
192.1979248,39.0046216,-76.49823948,0.751875576,3
192.2481555,39.00462259,-76.4982383,0.7518755761,3
192.2983617,39.00462357,-76.49823712,0.7518755761,3
192.3485564,39.00462456,-76.49823593,0.751875576,3
192.3987629,39.00462555,-76.49823475,0.751875576,3
192.4490407,39.00462653,-76.49823357,0.751875576,3
192.4993026,39.00462752,-76.49823239,0.751875576,3
192.549541,39.00462851,-76.4982312,0.751875576,3
192.5997866,39.00462949,-76.49823002,0.7518755759,3
192.6500578,39.00463048,-76.49822884,0.7518755759,3
192.7002493,39.00463147,-76.49822766,0.7518755759,3
192.750468,39.00463245,-76.49822647,0.7518755758,3
192.8006928,39.00463344,-76.49822529,0.7518755758,3
192.8509148,39.00463443,-76.49822411,0.751875631,3
192.9011561,39.00463541,-76.49822292,0.7518756309,3
192.9514293,39.0046364,-76.49822174,0.7518756309,3
193.0016415,39.00463739,-76.49822056,0.7518756309,3
193.0519584,39.00463838,-76.49821938,0.7518756309,3
193.1022028,39.00463936,-76.49821819,0.7518756308,3
193.1524489,39.00464035,-76.49821701,0.7518756308,3
193.2026459,39.00464134,-76.49821583,0.7518756308,3
193.2528794,39.00464232,-76.49821464,0.7518756308,3
193.3030888,39.00464331,-76.49821346,0.7518756307,3
193.3533531,39.0046443,-76.49821228,0.7518756307,3
193.4036359,39.00464528,-76.4982111,0.7518756307,3
193.453895,39.00464627,-76.49820991,0.7518756307,3
193.5041775,39.00464726,-76.49820873,0.7518756796,3
193.5544149,39.00464824,-76.49820755,0.7518756796,3
193.6046786,39.00464923,-76.49820637,0.7518756796,3
193.6549655,39.00465022,-76.49820518,0.7518756795,3
193.7052034,39.00465121,-76.498204,0.7518756795,3
193.7555097,39.00465219,-76.49820282,0.7518756795,3
193.8058008,39.00465318,-76.49820163,0.7518756795,3
193.8560577,39.00465417,-76.49820045,0.7518756794,3
193.906274,39.00465515,-76.49819927,0.7518756794,3
193.9565195,39.00465614,-76.49819809,0.7518756794,3
194.0067907,39.00465713,-76.4981969,0.7518756794,3
194.0570874,39.00465811,-76.49819572,0.7518756793,3
194.1073394,39.0046591,-76.49819454,0.7518756793,3
194.1575994,39.00466009,-76.49819335,0.7518756793,3
194.2078769,39.00466107,-76.49819217,0.7518757232,3
194.2581318,39.00466206,-76.49819099,0.7518757231,3
194.3084115,39.00466305,-76.49818981,0.7518757231,3
194.3586477,39.00466403,-76.49818862,0.7518757231,3
194.4088951,39.00466502,-76.49818744,0.7518757231,3
194.4591063,39.00466601,-76.49818626,0.751875723,3
194.5093507,39.004667,-76.49818507,0.751875723,3
194.5595533,39.00466798,-76.49818389,0.751875723,3
194.6097973,39.00466897,-76.49818271,0.751875723,3
194.6600475,39.00466996,-76.49818153,0.7518757229,3
194.7103081,39.00467094,-76.49818034,0.7518757229,3
194.7605742,39.00467193,-76.49817916,0.7518757229,3
194.8108191,39.00467292,-76.49817798,0.7518757228,3
194.8611293,39.0046739,-76.4981768,0.7518757618,3
194.9114095,39.00467489,-76.49817561,0.7518757617,3
194.9616787,39.00467588,-76.49817443,0.7518757617,3
195.0119682,39.00467686,-76.49817325,0.7518757617,3
195.0622335,39.00467785,-76.49817206,0.7518757617,3
195.1124999,39.00467884,-76.49817088,0.7518757616,3
195.1627561,39.00467982,-76.4981697,0.7518757616,3
195.2130798,39.00468081,-76.49816852,0.7518757616,3
195.2633472,39.0046818,-76.49816733,0.7518757616,3
195.3136275,39.00468278,-76.49816615,0.7518757616,3
195.363882,39.00468377,-76.49816497,0.7518757615,3
195.4140916,39.00468476,-76.49816378,0.7518757615,3
195.4643187,39.00468575,-76.4981626,0.7518757615,3
195.5145517,39.00468673,-76.49816142,0.751875796,3
195.564795,39.00468772,-76.49816024,0.751875796,3
195.6151962,39.00468871,-76.49815905,0.751875796,3
195.6654828,39.00468969,-76.49815787,0.751875796,3
195.7157695,39.00469068,-76.49815669,0.7518757959,3
195.7660682,39.00469167,-76.49815551,0.7518757959,3
195.8163416,39.00469265,-76.49815432,0.7518757959,3
195.8665893,39.00469364,-76.49815314,0.7518757959,3
195.9168565,39.00469463,-76.49815196,0.7518757958,3
195.9671103,39.00469561,-76.49815077,0.7518757958,3
196.0173859,39.0046966,-76.49814959,0.7518757957,3
196.0675922,39.00469759,-76.49814841,0.7518757958,3
196.1177899,39.00469857,-76.49814723,0.7518757958,3
196.1680166,39.00469956,-76.49814604,0.7518757958,3
196.2182518,39.00470055,-76.49814486,0.7518758267,3
196.2684454,39.00470154,-76.49814368,0.7518758267,3
196.3187058,39.00470252,-76.4981425,0.7518758266,3
196.3689388,39.00470351,-76.49814131,0.7518758266,3
196.4191759,39.0047045,-76.49814013,0.7518758266,3
196.4694245,39.00470548,-76.49813895,0.7518758266,3
196.5196788,39.00470647,-76.49813776,0.7518758265,3
196.5699188,39.00470746,-76.49813658,0.7518758265,3
196.6201605,39.00470844,-76.4981354,0.7518758265,3
196.6704124,39.00470943,-76.49813422,0.7518758264,3
196.7206765,39.00471042,-76.49813303,0.7518758264,3
196.7709423,39.0047114,-76.49813185,0.7518758264,3
196.8212168,39.00471239,-76.49813067,0.7518758264,3
196.8714854,39.00471338,-76.49812948,0.7518758539,3
196.9217411,39.00471437,-76.4981283,0.7518758538,3
196.9719737,39.00471535,-76.49812712,0.7518758538,3
197.0221833,39.00471634,-76.49812593,0.7518758538,3
197.0723789,39.00471733,-76.49812475,0.7518758538,3
197.1226912,39.00471831,-76.49812357,0.7518758538,3
197.1729666,39.0047193,-76.49812239,0.7518758538,3
197.2234029,39.00472029,-76.4981212,0.7518758537,3
197.2736116,39.00472127,-76.49812002,0.7518758536,3
197.3239382,39.00472226,-76.49811884,0.7518758536,3
197.3741356,39.00472325,-76.49811766,0.7518758537,3
197.4244974,39.00472423,-76.49811647,0.7518758535,3
197.4747746,39.00472522,-76.49811529,0.7518758536,3
197.5250253,39.00472621,-76.49811411,0.751875878,3
197.5752395,39.00472719,-76.49811293,0.751875878,3
197.6255194,39.00472818,-76.49811174,0.751875878,3
197.6757475,39.00472917,-76.49811056,0.751875878,3
197.7260501,39.00473016,-76.49810938,0.7518758779,3
197.77627,39.00473114,-76.49810819,0.7518758778,3
197.8265319,39.00473213,-76.49810701,0.7518758779,3
197.87679,39.00473312,-76.49810583,0.7518758778,3
197.9270221,39.0047341,-76.49810465,0.7518758779,3
197.9772152,39.00473509,-76.49810346,0.7518758777,3
198.0274187,39.00473608,-76.49810228,0.7518758777,3
198.0776479,39.00473706,-76.4981011,0.7518758778,3
198.1278702,39.00473805,-76.49809992,0.7518758777,3
198.1780928,39.00473904,-76.49809873,0.7518758776,3
198.2283816,39.00474002,-76.49809755,0.7518758996,3
198.2785942,39.00474101,-76.49809637,0.7518758996,3
198.3288328,39.004742,-76.49809518,0.7518758995,3
198.3790945,39.00474298,-76.498094,0.7518758995,3
198.4293146,39.00474397,-76.49809282,0.7518758995,3
198.4796362,39.00474496,-76.49809163,0.7518758995,3
198.5298711,39.00474595,-76.49809045,0.7518758994,3
198.5801716,39.00474693,-76.49808927,0.7518758994,3
198.6304222,39.00474792,-76.49808809,0.7518758994,3
198.680666,39.00474891,-76.4980869,0.7518758993,3
198.7309905,39.00474989,-76.49808572,0.7518758993,3
198.7812752,39.00475088,-76.49808454,0.7518758993,3
198.8315447,39.00475187,-76.49808336,0.7518758993,3
198.8818788,39.00475285,-76.49808217,0.7518759187,3
198.9321258,39.00475384,-76.49808099,0.7518759187,3
198.9824013,39.00475483,-76.49807981,0.7518759187,3
199.0327653,39.00475581,-76.49807862,0.7518759187,3
199.0830002,39.0047568,-76.49807744,0.7518759187,3
199.1332542,39.00475779,-76.49807626,0.7518759186,3
199.1835161,39.00475878,-76.49807508,0.7518759186,3
199.2338291,39.00475976,-76.49807389,0.7518759186,3
199.2841092,39.00476075,-76.49807271,0.7518759186,3
199.334383,39.00476174,-76.49807153,0.7518759185,3
199.3846425,39.00476272,-76.49807035,0.7518759185,3
199.4349216,39.00476371,-76.49806916,0.7518759184,3
199.4852216,39.0047647,-76.49806798,0.7518759184,3
199.5354869,39.00476568,-76.4980668,0.7518759357,3
199.5858306,39.00476667,-76.49806561,0.7518759357,3
199.6361044,39.00476766,-76.49806443,0.7518759357,3
199.6863503,39.00476864,-76.49806325,0.7518759356,3
199.736577,39.00476963,-76.49806207,0.7518759356,3
199.7867943,39.00477062,-76.49806088,0.7518759356,3
199.8370658,39.0047716,-76.4980597,0.7518759356,3
199.8872927,39.00477259,-76.49805852,0.7518759355,3
199.9376232,39.00477358,-76.49805733,0.7518759355,3
199.9878782,39.00477457,-76.49805615,0.7518759354,3
200.0381321,39.00477555,-76.49805497,0.7518759354,3
200.0883898,39.00477654,-76.49805379,0.7518759354,3
200.1386494,39.00477753,-76.4980526,0.7518759353,3
200.1889271,39.00477851,-76.49805142,0.7518759354,3
200.2391916,39.0047795,-76.49805024,0.7518759509,3
200.28946,39.00478049,-76.49804906,0.7518759509,3
200.33971,39.00478147,-76.49804787,0.7518759508,3
200.3899667,39.00478246,-76.49804669,0.7518759508,3
200.441336,39.00478345,-76.49804551,0.7518759508,3
200.4916065,39.00478444,-76.49804432,0.7518759507,3
200.5419158,39.00478542,-76.49804314,0.7518759507,3
200.5921861,39.00478641,-76.49804196,0.7518759507,3
200.6424559,39.00478739,-76.49804078,0.7518759506,3
200.6927325,39.00478838,-76.49803959,0.7518759507,3
200.7430372,39.00478937,-76.49803841,0.7518759506,3
200.7937114,39.00479035,-76.49803723,0.7518759506,3
200.8440019,39.00479134,-76.49803604,0.7518759506,3
200.8942648,39.00479233,-76.49803486,0.7518759643,3
200.9445459,39.00479332,-76.49803368,0.7518759643,3
200.9948056,39.0047943,-76.4980325,0.7518759643,3
201.0450914,39.00479529,-76.49803131,0.7518759643,3
201.0954194,39.00479628,-76.49803013,0.7518759642,3
201.14571,39.00479726,-76.49802895,0.7518759642,3
201.1960034,39.00479825,-76.49802776,0.7518759642,3
201.2462457,39.00480022,-76.4980254,0.7518759642,3
201.2964662,39.00480121,-76.49802422,0.7518759641,3
201.3467179,39.0048022,-76.49802303,0.7518759641,3
201.3970436,39.00480318,-76.49802185,0.7518759641,3
201.4472119,39.00480417,-76.49802067,0.7518759641,3
201.4974581,39.00480516,-76.49801948,0.7518759764,3
201.5477046,39.00480615,-76.4980183,0.7518759763,3
201.5979928,39.00480713,-76.49801712,0.7518759763,3
201.6482584,39.00480812,-76.49801594,0.7518759762,3
201.6984961,39.00480911,-76.49801475,0.7518759762,3
201.7487243,39.00481009,-76.49801357,0.7518759762,3
201.7989079,39.00481108,-76.49801239,0.7518759761,3
201.8491158,39.00481207,-76.49801121,0.7518759762,3
201.899319,39.00481305,-76.49801002,0.7518759761,3
201.9495004,39.00481404,-76.49800884,0.7518759761,3
201.9996755,39.00481503,-76.49800766,0.7518759761,3
202.0499043,39.00481601,-76.49800647,0.751875976,3
202.1001588,39.004817,-76.49800529,0.751875976,3
202.1504086,39.00481799,-76.49800411,0.751875976,3
202.2006497,39.00481897,-76.49800293,0.751875987,3
202.2509403,39.00481996,-76.49800174,0.751875987,3
202.3011997,39.00482095,-76.49800056,0.751875987,3
202.3514245,39.00482194,-76.49799938,0.7518759869,3
202.4016624,39.00482292,-76.4979982,0.7518759869,3
202.4518524,39.00482391,-76.49799701,0.7518759869,3
202.5021029,39.0048249,-76.49799583,0.7518759868,3
202.5523357,39.00482588,-76.49799465,0.7518759868,3
202.6025791,39.00482687,-76.49799346,0.7518759867,3
202.652873,39.00482786,-76.49799228,0.7518759868,3
202.7031603,39.00482884,-76.4979911,0.7518759867,3
202.7533814,39.00482983,-76.49798992,0.7518759867,3
202.803636,39.00483082,-76.49798873,0.7518759867,3
202.8539218,39.0048318,-76.49798755,0.7518759965,3
202.9042051,39.00483279,-76.49798637,0.7518759964,3
202.954464,39.00483378,-76.49798518,0.7518759964,3
203.0046813,39.00483476,-76.497984,0.7518759964,3
203.0549291,39.00483575,-76.49798282,0.7518759964,3
203.1051687,39.00483674,-76.49798164,0.7518759963,3
203.1556077,39.00483773,-76.49798045,0.7518759964,3
203.2058303,39.00483871,-76.49797927,0.7518759963,3
203.2560883,39.0048397,-76.49797809,0.7518759963,3
203.3062838,39.00484069,-76.4979769,0.7518759962,3
203.356538,39.00484167,-76.49797572,0.7518759962,3
203.4067766,39.00484266,-76.49797454,0.7518759962,3
203.456987,39.00484365,-76.49797335,0.7518759962,3
203.5072258,39.00484463,-76.49797217,0.7518760049,3
203.5574342,39.00484562,-76.49797099,0.7518760049,3
203.6076497,39.00484661,-76.49796981,0.7518760048,3
203.6578349,39.00484759,-76.49796863,0.7518760048,3
203.7080456,39.00484858,-76.49796744,0.7518760047,3
203.7582295,39.00484957,-76.49796626,0.7518760048,3
203.8084125,39.00485055,-76.49796508,0.7518760047,3
203.858676,39.00485154,-76.49796389,0.7518760048,3
203.9089014,39.00485253,-76.49796271,0.7518760047,3
203.9591187,39.00485352,-76.49796153,0.7518760047,3
204.0093242,39.0048545,-76.49796035,0.7518760047,3
204.0595183,39.00485549,-76.49795916,0.7518760046,3
204.1098049,39.00485648,-76.49795798,0.7518760046,3
204.1600788,39.00485746,-76.4979568,0.7518760046,3
204.2103254,39.00485845,-76.49795561,0.7518760124,3
204.2605327,39.00485944,-76.49795443,0.7518760124,3
204.3108117,39.00486042,-76.49795325,0.7518760123,3
204.3610882,39.00486141,-76.49795207,0.7518760123,3
204.411351,39.0048624,-76.49795088,0.7518760123,3
204.4615656,39.00486338,-76.4979497,0.7518760123,3
204.5118808,39.00486437,-76.49794852,0.7518760122,3
204.5621229,39.00486536,-76.49794734,0.7518760123,3
204.6123478,39.00486634,-76.49794615,0.7518760122,3
204.6625673,39.00486733,-76.49794497,0.7518760121,3
204.7127639,39.00486832,-76.49794379,0.7518760122,3
204.7629997,39.0048693,-76.4979426,0.7518760121,3
204.8132078,39.00487029,-76.49794142,0.7518760121,3
204.8633954,39.00487128,-76.49794024,0.751876019,3
204.9136179,39.00487227,-76.49793906,0.7518760191,3
204.9638196,39.00487325,-76.49793787,0.7518760191,3
205.0140808,39.00487424,-76.49793669,0.751876019,3
205.0642971,39.00487523,-76.49793551,0.751876019,3
205.1145089,39.00487621,-76.49793432,0.751876019,3
205.1647227,39.0048772,-76.49793314,0.7518760189,3
205.2149201,39.00487819,-76.49793196,0.7518760189,3
205.2651383,39.00487917,-76.49793078,0.7518760189,3
205.3154065,39.00488016,-76.49792959,0.7518760188,3
205.3656602,39.00488115,-76.49792841,0.7518760189,3
205.4159133,39.00488214,-76.49792723,0.7518760188,3
205.4661092,39.00488312,-76.49792604,0.7518760188,3
205.5163536,39.00488411,-76.49792486,0.7518760251,3
205.566586,39.0048851,-76.49792368,0.751876025,3
205.6168336,39.00488608,-76.4979225,0.751876025,3
205.6671153,39.00488707,-76.49792131,0.7518760249,3
205.7173834,39.00488806,-76.49792013,0.7518760249,3
205.7676074,39.00488904,-76.49791895,0.7518760249,3
205.817867,39.00489003,-76.49791777,0.7518760249,3
205.8681478,39.00489102,-76.49791658,0.7518760248,3
205.918414,39.004892,-76.4979154,0.7518760248,3
205.9686278,39.00489299,-76.49791422,0.7518760248,3
206.0188544,39.00489398,-76.49791304,0.7518760248,3
206.0690835,39.00489496,-76.49791185,0.7518760248,3
206.1193382,39.00489595,-76.49791067,0.7518760248,3
206.1695516,39.00489694,-76.49790949,0.7518760247,3
206.219769,39.00489792,-76.4979083,0.7518760303,3
206.2699824,39.00489891,-76.49790712,0.7518760303,3
206.3201854,39.0048999,-76.49790594,0.7518760303,3
206.3703827,39.00490088,-76.49790476,0.7518760302,3
206.4206436,39.00490187,-76.49790357,0.7518760302,3
206.4708351,39.00490286,-76.49790239,0.7518760301,3
206.5211026,39.00490385,-76.49790121,0.7518760302,3
206.5712875,39.00490483,-76.49790002,0.7518760301,3
206.6214751,39.00490582,-76.49789884,0.7518760301,3
206.6716534,39.00490681,-76.49789766,0.7518760301,3
206.7218687,39.00490779,-76.49789648,0.75187603,3
206.7720773,39.00490878,-76.49789529,0.75187603,3
206.822302,39.00490977,-76.49789411,0.75187603,3
206.8725077,39.00491075,-76.49789293,0.75187603,3
206.9228004,39.00491174,-76.49789174,0.751876035,3
206.9730175,39.00491273,-76.49789056,0.751876035,3
207.0232227,39.00491371,-76.49788938,0.751876035,3
207.0734904,39.0049147,-76.49788819,0.7518760349,3
207.1237736,39.00491569,-76.49788701,0.7518760349,3
207.1740428,39.00491668,-76.49788583,0.7518760349,3
207.2243233,39.00491766,-76.49788465,0.7518760349,3
207.2745657,39.00491865,-76.49788346,0.7518760348,3
207.3247735,39.00491964,-76.49788228,0.7518760348,3
207.3750095,39.00492062,-76.4978811,0.7518760348,3
207.4252979,39.00492161,-76.49787991,0.7518760348,3
207.4756781,39.0049226,-76.49787873,0.7518760347,3
207.5259124,39.00492358,-76.49787755,0.7518760392,3
207.5761421,39.00492457,-76.49787637,0.7518760392,3
207.6263712,39.00492556,-76.49787519,0.7518760392,3
207.6765805,39.00492654,-76.497874,0.7518760391,3
207.7267966,39.00492753,-76.49787282,0.7518760392,3
207.7770785,39.00492852,-76.49787164,0.7518760391,3
207.8273582,39.0049295,-76.49787045,0.7518760391,3
207.8776241,39.00493049,-76.49786927,0.751876039,3
207.9279174,39.00493148,-76.49786809,0.751876039,3
207.9781813,39.00493247,-76.4978669,0.751876039,3
208.0284475,39.00493345,-76.49786572,0.751876039,3
208.0787261,39.00493444,-76.49786454,0.7518760389,3
208.1289782,39.00493543,-76.49786336,0.7518760389,3
208.1792075,39.00493641,-76.49786217,0.7518760389,3
208.2294442,39.0049374,-76.49786099,0.7518760429,3
208.2796674,39.00493839,-76.49785981,0.7518760429,3
208.32993,39.00493937,-76.49785863,0.7518760429,3
208.38014,39.00494036,-76.49785744,0.7518760428,3
208.4303838,39.00494135,-76.49785626,0.7518760428,3
208.4806296,39.00494233,-76.49785508,0.7518760428,3
208.5309185,39.00494332,-76.4978539,0.7518760428,3
208.5811702,39.00494431,-76.49785271,0.7518760427,3
208.6314581,39.0049453,-76.49785153,0.7518760428,3
208.6817114,39.00494628,-76.49785035,0.7518760426,3
208.7319845,39.00494727,-76.49784916,0.7518760426,3
208.7821913,39.00494826,-76.49784798,0.7518760427,3
208.8324843,39.00494924,-76.4978468,0.7518760426,3
208.882714,39.00495023,-76.49784561,0.7518760462,3
208.9329624,39.00495122,-76.49784443,0.7518760462,3
208.9832421,39.0049522,-76.49784325,0.7518760462,3
209.0335173,39.00495319,-76.49784207,0.7518760462,3
209.0837865,39.00495418,-76.49784088,0.7518760461,3
209.1341225,39.00495516,-76.4978397,0.7518760461,3
209.1843798,39.00495615,-76.49783852,0.7518760461,3
209.2347154,39.00495714,-76.49783734,0.751876046,3
209.2849665,39.00495812,-76.49783615,0.751876046,3
209.3352513,39.00495911,-76.49783497,0.751876046,3
209.3854869,39.0049601,-76.49783379,0.751876046,3
209.4358562,39.00496109,-76.4978326,0.751876046,3
209.4860951,39.00496207,-76.49783142,0.7518760459,3
209.5363898,39.00496306,-76.49783024,0.7518760491,3
209.5866437,39.00496405,-76.49782906,0.7518760491,3
209.636948,39.00496503,-76.49782787,0.7518760491,3
209.6872154,39.00496602,-76.49782669,0.7518760491,3
209.7375026,39.00496701,-76.49782551,0.7518760491,3
209.7877382,39.00496799,-76.49782432,0.751876049,3
209.8380517,39.00496898,-76.49782314,0.751876049,3
209.8883268,39.00496997,-76.49782196,0.7518760491,3
209.9385782,39.00497095,-76.49782078,0.751876049,3
209.9888566,39.00497194,-76.49781959,0.751876049,3
210.0391559,39.00497293,-76.49781841,0.7518760488,3
210.0894411,39.00497391,-76.49781723,0.7518760489,3
210.1396692,39.0049749,-76.49781604,0.7518760489,3
210.1899528,39.00497589,-76.49781486,0.7518760488,3
210.2402468,39.00497688,-76.49781368,0.7518760518,3
210.2905722,39.00497786,-76.4978125,0.7518760518,3
210.3408761,39.00497885,-76.49781131,0.7518760517,3
210.3911538,39.00497984,-76.49781013,0.7518760517,3
210.4414465,39.00498082,-76.49780895,0.7518760517,3
210.4917762,39.00498181,-76.49780776,0.7518760517,3
210.5421059,39.0049828,-76.49780658,0.7518760516,3
210.5923968,39.00498378,-76.4978054,0.7518760516,3
210.6426918,39.00498477,-76.49780422,0.7518760515,3
210.6929752,39.00498576,-76.49780303,0.7518760515,3
210.743275,39.00498674,-76.49780185,0.7518760515,3
210.7934851,39.00498773,-76.49780067,0.7518760515,3
210.8437041,39.00498872,-76.49779949,0.7518760514,3
210.8939541,39.00498971,-76.4977983,0.7518760541,3
210.9441665,39.00499069,-76.49779712,0.7518760541,3
210.9943855,39.00499168,-76.49779594,0.7518760541,3
211.044607,39.00499266,-76.49779476,0.751876054,3
211.0948043,39.00499365,-76.49779357,0.751876054,3
211.1450198,39.00499464,-76.49779239,0.751876054,3
211.1953031,39.00499563,-76.49779121,0.7518760539,3
211.2455658,39.00499661,-76.49779002,0.7518760539,3
211.2957699,39.0049976,-76.49778884,0.7518760539,3
211.3460602,39.00499859,-76.49778766,0.7518760539,3
211.3962918,39.00500056,-76.49778529,0.7518760538,3
211.4465679,39.00500155,-76.49778411,0.7518760537,3
211.4967545,39.00500253,-76.49778293,0.7518760562,3
211.5470652,39.00500352,-76.49778174,0.7518760561,3
211.5973236,39.00500451,-76.49778056,0.7518760561,3
211.6476183,39.00500549,-76.49777938,0.7518760561,3
211.6978818,39.00500648,-76.4977782,0.751876056,3
211.7481455,39.00500747,-76.49777701,0.751876056,3
211.798373,39.00500846,-76.49777583,0.751876056,3
211.8486144,39.00500944,-76.49777465,0.751876056,3
211.8988633,39.00501043,-76.49777346,0.751876056,3
211.9490994,39.00501142,-76.49777228,0.7518760559,3
211.9992883,39.0050124,-76.4977711,0.7518760558,3
212.049539,39.00501339,-76.49776992,0.7518760559,3
212.0997824,39.00501438,-76.49776873,0.7518760559,3
212.1500441,39.00501536,-76.49776755,0.7518760558,3
212.2003006,39.00501635,-76.49776637,0.751876058,3
212.250566,39.00501734,-76.49776518,0.7518760579,3
212.3007607,39.00501832,-76.497764,0.7518760579,3
212.3510267,39.00501931,-76.49776282,0.7518760579,3
212.4012651,39.0050203,-76.49776164,0.7518760579,3
212.4514832,39.00502128,-76.49776045,0.7518760579,3
212.5017612,39.00502227,-76.49775927,0.7518760578,3
212.5520589,39.00502326,-76.49775809,0.7518760578,3
212.6022957,39.00502425,-76.49775691,0.7518760578,3
212.6525388,39.00502523,-76.49775572,0.7518760578,3
212.7027693,39.00502622,-76.49775454,0.7518760578,3
212.7530303,39.00502721,-76.49775336,0.7518760577,3
212.8032377,39.00502819,-76.49775217,0.7518760577,3
212.8534971,39.00502918,-76.49775099,0.7518760597,3
212.9037467,39.00503017,-76.49774981,0.7518760596,3
212.9539953,39.00503115,-76.49774863,0.7518760596,3
213.0042071,39.00503214,-76.49774744,0.7518760595,3
213.0544465,39.00503313,-76.49774626,0.7518760596,3
213.1046529,39.00503412,-76.49774508,0.7518760595,3
213.1549371,39.0050351,-76.49774389,0.7518760595,3
213.2051685,39.00503609,-76.49774271,0.7518760594,3
213.2554503,39.00503708,-76.49774153,0.7518760594,3
213.3057096,39.00503806,-76.49774035,0.7518760594,3
213.3559744,39.00503905,-76.49773916,0.7518760593,3
213.40621,39.00504004,-76.49773798,0.7518760594,3
213.4564541,39.00504102,-76.4977368,0.7518760594,3
213.5067128,39.00504201,-76.49773561,0.7518760611,3
213.5569621,39.005043,-76.49773443,0.7518760611,3
213.6072513,39.00504398,-76.49773325,0.751876061,3
213.6574714,39.00504497,-76.49773207,0.751876061,3
213.7077073,39.00504596,-76.49773088,0.751876061,3
213.7579787,39.00504694,-76.4977297,0.751876061,3
213.8082243,39.00504793,-76.49772852,0.751876061,3
213.8584786,39.00504892,-76.49772734,0.7518760609,3
213.9087209,39.0050499,-76.49772615,0.7518760609,3
213.9589429,39.00505089,-76.49772497,0.7518760608,3
214.009167,39.00505188,-76.49772379,0.7518760608,3
214.0593843,39.00505286,-76.4977226,0.7518760608,3
214.1096024,39.00505385,-76.49772142,0.7518760607,3
214.1598233,39.00505484,-76.49772024,0.7518760607,3
214.2100478,39.00505583,-76.49771906,0.7518760624,3
214.2602433,39.00505681,-76.49771787,0.7518760623,3
214.3104347,39.0050578,-76.49771669,0.7518760623,3
214.3606637,39.00505879,-76.49771551,0.7518760623,3
214.41091,39.00505977,-76.49771432,0.7518760623,3
214.4611547,39.00506076,-76.49771314,0.7518760622,3
214.5114012,39.00506175,-76.49771196,0.7518760622,3
214.5616666,39.00506273,-76.49771078,0.7518760622,3
214.6119557,39.00506372,-76.49770959,0.7518760621,3
214.6622099,39.00506471,-76.49770841,0.7518760621,3
214.7124503,39.00506569,-76.49770723,0.751876062,3
214.7627237,39.00506668,-76.49770604,0.751876062,3
214.8130073,39.00506767,-76.49770486,0.751876062,3
214.8632619,39.00506866,-76.49770368,0.7518760635,3
214.9134863,39.00506964,-76.4977025,0.7518760635,3
214.9637494,39.00507063,-76.49770131,0.7518760635,3
215.0139982,39.00507161,-76.49770013,0.7518760634,3
215.0642409,39.0050726,-76.49769895,0.7518760633,3
215.1144742,39.00507359,-76.49769777,0.7518760633,3
215.1647351,39.00507458,-76.49769658,0.7518760634,3
215.2150595,39.00507556,-76.4976954,0.7518760633,3
215.2653065,39.00507655,-76.49769422,0.7518760633,3
215.3155608,39.00507754,-76.49769303,0.7518760633,3
215.3658992,39.00507852,-76.49769185,0.7518760632,3
215.416119,39.00507951,-76.49769067,0.7518760632,3
215.4663749,39.0050805,-76.49768948,0.7518760632,3
215.5165908,39.00508148,-76.4976883,0.7518760646,3
215.5668995,39.00508247,-76.49768712,0.7518760645,3
215.6171594,39.00508346,-76.49768594,0.7518760645,3
215.6674148,39.00508445,-76.49768475,0.7518760645,3
215.7176521,39.00508543,-76.49768357,0.7518760644,3
215.7679295,39.00508642,-76.49768239,0.7518760644,3
215.8181597,39.00508741,-76.49768121,0.7518760644,3
215.868426,39.00508839,-76.49768002,0.7518760643,3
215.9186682,39.00508938,-76.49767884,0.7518760643,3
215.9689312,39.00509037,-76.49767766,0.7518760643,3
216.0191608,39.00509135,-76.49767648,0.7518760643,3
216.0693965,39.00509234,-76.49767529,0.7518760642,3
216.1196294,39.00509333,-76.49767411,0.7518760642,3
216.1698733,39.00509431,-76.49767293,0.7518760642,3
216.2201462,39.0050953,-76.49767174,0.7518760654,3
216.2703633,39.00509629,-76.49767056,0.7518760654,3
216.3205908,39.00509727,-76.49766938,0.7518760654,3
216.3708765,39.00509826,-76.4976682,0.7518760653,3
216.4211026,39.00509925,-76.49766701,0.7518760653,3
216.4713523,39.00510024,-76.49766583,0.7518760653,3
216.5216013,39.00510122,-76.49766465,0.7518760652,3
216.5718746,39.00510221,-76.49766346,0.7518760652,3
216.6221201,39.0051032,-76.49766228,0.7518760652,3
216.6723317,39.00510418,-76.4976611,0.7518760652,3
216.7225565,39.00510517,-76.49765992,0.7518760651,3
216.7728134,39.00510616,-76.49765873,0.7518760651,3
216.8231011,39.00510714,-76.49765755,0.751876065,3
216.8733448,39.00510813,-76.49765637,0.7518760662,3
216.9236138,39.00510912,-76.49765518,0.7518760662,3
216.9739299,39.0051101,-76.497654,0.7518760662,3
217.0242106,39.00511109,-76.49765282,0.7518760662,3
217.074427,39.00511208,-76.49765163,0.7518760661,3
217.1246744,39.00511306,-76.49765045,0.7518760661,3
217.174949,39.00511405,-76.49764927,0.751876066,3
217.2252061,39.00511504,-76.49764809,0.7518760661,3
217.2754668,39.00511603,-76.4976469,0.751876066,3
217.3258239,39.00511701,-76.49764572,0.751876066,3
217.3761546,39.005118,-76.49764454,0.751876066,3
217.4265109,39.00511899,-76.49764335,0.7518760659,3
217.4768061,39.00511997,-76.49764217,0.7518760659,3
217.5271185,39.00512096,-76.49764099,0.751876067,3
217.5773903,39.00512195,-76.49763981,0.7518760669,3
217.6276694,39.00512293,-76.49763863,0.7518760669,3
217.6779381,39.00512392,-76.49763744,0.7518760669,3
217.7281862,39.00512491,-76.49763626,0.7518760669,3
217.7784155,39.00512589,-76.49763508,0.7518760667,3
217.8286847,39.00512688,-76.49763389,0.7518760668,3
217.8790078,39.00512787,-76.49763271,0.7518760668,3
217.9292733,39.00512885,-76.49763153,0.7518760667,3
217.9794863,39.00512984,-76.49763035,0.7518760667,3
218.0298011,39.00513083,-76.49762916,0.7518760667,3
218.0801477,39.00513181,-76.49762798,0.7518760667,3
218.1304027,39.0051328,-76.4976268,0.7518760666,3
218.1807423,39.00513379,-76.49762561,0.7518760666,3
218.2310681,39.00513478,-76.49762443,0.7518760676,3
218.2813856,39.00513576,-76.49762325,0.7518760675,3
218.3316575,39.00513675,-76.49762207,0.7518760675,3
218.3819083,39.00513774,-76.49762088,0.7518760675,3
218.4321587,39.00513872,-76.4976197,0.7518760675,3
218.4824193,39.00513971,-76.49761852,0.7518760674,3
218.5326822,39.0051407,-76.49761734,0.7518760674,3
218.5829515,39.00514168,-76.49761615,0.7518760674,3
218.6332382,39.00514267,-76.49761497,0.7518760673,3
218.6835019,39.00514366,-76.49761379,0.7518760674,3
218.7338587,39.00514464,-76.4976126,0.7518760673,3
218.7841256,39.00514563,-76.49761142,0.7518760673,3
218.8343847,39.00514662,-76.49761024,0.7518760673,3
218.8846087,39.0051476,-76.49760906,0.7518760682,3
218.9348182,39.00514859,-76.49760787,0.7518760682,3
218.9850775,39.00514958,-76.49760669,0.751876068,3
219.0353556,39.00515056,-76.49760551,0.7518760681,3
219.0856067,39.00515155,-76.49760432,0.751876068,3
219.1358677,39.00515254,-76.49760314,0.751876068,3
219.1860872,39.00515353,-76.49760196,0.751876068,3
219.2363825,39.00515451,-76.49760078,0.7518760679,3
219.2866311,39.0051555,-76.49759959,0.751876068,3
219.3368566,39.00515649,-76.49759841,0.7518760679,3
219.3870732,39.00515747,-76.49759723,0.7518760678,3
219.437301,39.00515846,-76.49759605,0.7518760678,3
219.4875087,39.00515945,-76.49759486,0.7518760678,3
219.5378325,39.00516043,-76.49759368,0.7518760678,3
219.5880692,39.00516142,-76.4975925,0.7518760687,3
219.6383396,39.00516241,-76.49759131,0.7518760686,3
219.6885878,39.0051634,-76.49759013,0.7518760686,3
219.738811,39.00516438,-76.49758895,0.7518760686,3
219.7890527,39.00516537,-76.49758777,0.7518760685,3
219.8392673,39.00516636,-76.49758658,0.7518760685,3
219.889543,39.00516734,-76.4975854,0.7518760684,3
219.9398703,39.00516833,-76.49758422,0.7518760684,3
219.990183,39.00516932,-76.49758303,0.7518760684,3
220.0404776,39.0051703,-76.49758185,0.7518760683,3
220.0906779,39.00517129,-76.49758067,0.7518760683,3
220.140928,39.00517228,-76.49757949,0.7518760683,3
220.1912276,39.00517326,-76.4975783,0.7518760683,3
220.2414659,39.00517425,-76.49757712,0.7518760691,3
220.2917514,39.00517524,-76.49757594,0.751876069,3
220.3419939,39.00517622,-76.49757475,0.751876069,3
220.3922504,39.00517721,-76.49757357,0.751876069,3
220.4425432,39.0051782,-76.49757239,0.7518760689,3
220.4927864,39.00517918,-76.49757121,0.751876069,3
220.5430177,39.00518017,-76.49757002,0.751876069,3
220.5932194,39.00518116,-76.49756884,0.7518760689,3
220.6434212,39.00518214,-76.49756766,0.7518760688,3
220.6936427,39.00518313,-76.49756648,0.7518760688,3
220.74392,39.00518412,-76.49756529,0.7518760688,3
220.7941402,39.00518511,-76.49756411,0.7518760688,3
220.844403,39.00518609,-76.49756293,0.7518760688,3
220.8946929,39.00518708,-76.49756174,0.7518760695,3
220.9449205,39.00518807,-76.49756056,0.7518760695,3
220.9951521,39.00518905,-76.49755938,0.7518760694,3
221.0454696,39.00519004,-76.4975582,0.7518760695,3
221.0956987,39.00519103,-76.49755701,0.7518760694,3
221.145946,39.00519201,-76.49755583,0.7518760693,3
221.1961855,39.00519399,-76.49755346,0.7518760693,3
221.2464561,39.00519498,-76.49755228,0.7518760692,3
221.2967022,39.00519596,-76.4975511,0.7518760692,3
221.3469333,39.00519695,-76.49754991,0.7518760692,3
221.3971555,39.00519794,-76.49754873,0.7518760691,3
221.4473896,39.00519892,-76.49754755,0.7518760691,3
221.4976464,39.00519991,-76.49754637,0.7518760698,3
221.5478915,39.0052009,-76.49754518,0.7518760698,3
221.5981359,39.00520188,-76.497544,0.7518760698,3
221.6483795,39.00520287,-76.49754282,0.7518760698,3
221.6985871,39.00520386,-76.49754164,0.7518760697,3
221.7488051,39.00520484,-76.49754045,0.7518760697,3
221.7990714,39.00520583,-76.49753927,0.7518760697,3
221.8493171,39.00520682,-76.49753809,0.7518760696,3
221.8996104,39.0052078,-76.49753691,0.7518760696,3
221.9498692,39.00520879,-76.49753572,0.7518760696,3
222.0000457,39.00520978,-76.49753454,0.7518760696,3
222.0502272,39.00521076,-76.49753336,0.7518760696,3
222.1003859,39.00521175,-76.49753217,0.7518760695,3
222.1505885,39.00521274,-76.49753099,0.7518760695,3
222.2007667,39.00521373,-76.49752981,0.7518760701,3
222.2510115,39.00521471,-76.49752862,0.7518760701,3
222.3012378,39.0052157,-76.49752744,0.7518760701,3
222.3514711,39.00521669,-76.49752626,0.7518760701,3
222.4017091,39.00521767,-76.49752508,0.7518760701,3
222.451972,39.00521866,-76.49752389,0.75187607,3
222.5021663,39.00521965,-76.49752271,0.7518760699,3
222.5523357,39.00522063,-76.49752153,0.7518760699,3
222.6024814,39.00522162,-76.49752035,0.7518760699,3
222.6526598,39.00522261,-76.49751916,0.7518760699,3
222.7028772,39.00522359,-76.49751798,0.7518760698,3
222.753085,39.00522458,-76.4975168,0.7518760699,3
222.8032877,39.00522557,-76.49751561,0.7518760698,3
222.8534828,39.00522655,-76.49751443,0.7518760704,3
222.9036649,39.00522754,-76.49751325,0.7518760703,3
222.9539219,39.00522853,-76.49751207,0.7518760703,3
223.0041279,39.00522951,-76.49751088,0.7518760703,3
223.0543519,39.0052305,-76.4975097,0.7518760703,3
223.1046095,39.00523149,-76.49750852,0.7518760703,3
223.154812,39.00523248,-76.49750733,0.7518760703,3
223.2050546,39.00523346,-76.49750615,0.7518760702,3
223.2552838,39.00523445,-76.49750497,0.7518760702,3
223.305535,39.00523544,-76.49750379,0.7518760701,3
223.3558701,39.00523642,-76.4975026,0.7518760701,3
223.4060928,39.00523741,-76.49750142,0.75187607,3
223.4562844,39.0052384,-76.49750024,0.75187607,3
223.5065204,39.00523938,-76.49749906,0.7518760706,3
223.5567655,39.00524037,-76.49749787,0.7518760707,3
223.6070184,39.00524136,-76.49749669,0.7518760706,3
223.6572431,39.00524235,-76.49749551,0.7518760705,3
223.7074838,39.00524333,-76.49749432,0.7518760705,3
223.7578137,39.00524432,-76.49749314,0.7518760705,3
223.8080778,39.00524531,-76.49749196,0.7518760705,3
223.858405,39.00524629,-76.49749078,0.7518760704,3
223.9086341,39.00524728,-76.49748959,0.7518760704,3
223.9588864,39.00524827,-76.49748841,0.7518760704,3
224.0091409,39.00524925,-76.49748723,0.7518760703,3
224.0593876,39.00525024,-76.49748604,0.7518760703,3
224.1096411,39.00525123,-76.49748486,0.7518760703,3
224.159903,39.00525222,-76.49748368,0.7518760703,3
224.2101707,39.0052532,-76.4974825,0.7518760709,3
224.2604473,39.00525419,-76.49748131,0.7518760708,3
224.3107372,39.00525517,-76.49748013,0.7518760708,3
224.3610287,39.00525616,-76.49747895,0.7518760707,3
224.4112922,39.00525715,-76.49747777,0.7518760707,3
224.4615317,39.00525813,-76.49747658,0.7518760707,3
224.511793,39.00525912,-76.4974754,0.7518760707,3
224.5620751,39.00526011,-76.49747422,0.7518760706,3
224.6123948,39.0052611,-76.49747303,0.7518760706,3
224.6626416,39.00526208,-76.49747185,0.7518760706,3
224.7129013,39.00526307,-76.49747067,0.7518760705,3
224.7631516,39.00526406,-76.49746948,0.7518760705,3
224.8133907,39.00526504,-76.4974683,0.7518760705,3
224.8635995,39.00526603,-76.49746712,0.7518760711,3
224.9138701,39.00526702,-76.49746594,0.751876071,3
224.9641079,39.005268,-76.49746475,0.7518760709,3
225.0143228,39.00526899,-76.49746357,0.751876071,3
225.0645651,39.00526998,-76.49746239,0.7518760709,3
225.1148135,39.00527096,-76.49746121,0.7518760709,3
225.1651018,39.00527195,-76.49746002,0.7518760709,3
225.2153367,39.00527294,-76.49745884,0.7518760708,3
225.2656172,39.00527392,-76.49745766,0.7518760708,3
225.3159033,39.00527491,-76.49745647,0.7518760708,3
225.3661642,39.0052759,-76.49745529,0.7518760707,3
225.4164523,39.00527689,-76.49745411,0.7518760707,3
225.4667182,39.00527787,-76.49745293,0.7518760706,3
225.5169867,39.00527886,-76.49745174,0.7518760712,3
225.5672183,39.00527984,-76.49745056,0.7518760711,3
225.6174859,39.00528083,-76.49744938,0.7518760711,3
225.6677803,39.00528182,-76.49744819,0.7518760712,3
225.7180631,39.00528281,-76.49744701,0.7518760711,3
225.768297,39.00528379,-76.49744583,0.751876071,3
225.8185444,39.00528478,-76.49744465,0.7518760711,3
225.8687772,39.00528577,-76.49744346,0.751876071,3
225.9190756,39.00528675,-76.49744228,0.751876071,3
225.9693382,39.00528774,-76.4974411,0.751876071,3
226.0195976,39.00528873,-76.49743992,0.751876071,3
226.0698153,39.00528972,-76.49743873,0.7518760709,3
226.1200328,39.0052907,-76.49743755,0.7518760708,3
226.1702707,39.00529169,-76.49743637,0.7518760709,3
226.2204882,39.00529267,-76.49743518,0.7558686014,3
226.2706875,39.00529366,-76.49743399,0.7558686014,3
226.3208836,39.00529464,-76.4974328,0.7558686014,3
226.3710724,39.00529562,-76.49743161,0.7558686014,3
226.4212995,39.0052966,-76.49743043,0.7558686013,3
226.471486,39.00529759,-76.49742924,0.7558686013,3
226.5217234,39.00529857,-76.49742805,0.7558686012,3
226.5719814,39.00529955,-76.49742686,0.7558686012,3
226.6222427,39.00530054,-76.49742568,0.7558686012,3
226.6724876,39.00530152,-76.49742449,0.7558686012,3
226.7227306,39.0053025,-76.4974233,0.7558686011,3
226.77299,39.00530349,-76.49742211,0.7558686011,3
226.8232025,39.00530447,-76.49742092,0.7558686011,3
226.873449,39.00530544,-76.49741972,0.7689650589,3
226.9236739,39.0053064,-76.49741851,0.7774017611,3
226.9739403,39.00530737,-76.49741729,0.777401761,3
227.0241873,39.00530833,-76.49741608,0.777401761,3
227.0744332,39.00530929,-76.49741486,0.777401761,3
227.1246303,39.00531026,-76.49741365,0.7774017609,3
227.1748688,39.00531122,-76.49741243,0.7774017609,3
227.2250823,39.00531218,-76.49741122,0.7774017608,3
227.2753125,39.00531315,-76.49741,0.7774017608,3
227.3255524,39.00531411,-76.49740879,0.7774017608,3
227.3757987,39.00531507,-76.49740757,0.7774017608,3
227.4260869,39.00531603,-76.49740636,0.7774017607,3
227.4763486,39.005317,-76.49740514,0.7774017607,3
227.5265732,39.00531795,-76.49740391,0.7904802912,3
227.5767869,39.00531889,-76.49740267,0.803578961,3
227.6270456,39.00531981,-76.4974014,0.815567877,3
227.6772514,39.00532074,-76.49740014,0.815567877,3
227.727451,39.00532166,-76.49739888,0.815567877,3
227.7776249,39.00532259,-76.49739762,0.8155678769,3
227.8278119,39.00532352,-76.49739636,0.8155678769,3
227.8780805,39.00532444,-76.4973951,0.8155678768,3
227.9283155,39.00532537,-76.49739384,0.8155678768,3
227.9785611,39.00532629,-76.49739258,0.8155678768,3
228.0287714,39.00532722,-76.49739132,0.8155678767,3
228.0790471,39.00532815,-76.49739005,0.8155678768,3
228.1292956,39.00532907,-76.4973888,0.8155678767,3
228.1794969,39.00533,-76.49738754,0.8155678767,3
228.2297853,39.00533091,-76.49738626,0.8286589134,3
228.2800325,39.00533181,-76.49738496,0.8417773041,3
228.3302878,39.0053327,-76.49738366,0.8548377474,3
228.3805357,39.00533357,-76.49738234,0.8679257726,3
228.4307347,39.00533444,-76.49738102,0.8688433658,3
228.4810046,39.00533532,-76.49737969,0.8688433657,3
228.531228,39.00533619,-76.49737837,0.8688433657,3
228.5814636,39.00533706,-76.49737705,0.8688433657,3
228.6317698,39.00533793,-76.49737573,0.8688433657,3
228.6820287,39.00533881,-76.4973744,0.8688433656,3
228.7322489,39.00533968,-76.49737308,0.8688433655,3
228.7824261,39.00534055,-76.49737176,0.8688433655,3
228.8326853,39.00534142,-76.49737044,0.8688433655,3
228.882958,39.00534228,-76.4973691,0.8819324693,3
228.9331751,39.00534313,-76.49736775,0.8950155204,3
228.9833742,39.00534396,-76.49736638,0.9081239265,3
229.0335582,39.00534478,-76.49736501,0.9212110477,3
229.0837378,39.00534558,-76.49736361,0.9342993481,3
229.1339313,39.00534638,-76.49736222,0.9352911526,3
229.1841488,39.00534718,-76.49736083,0.9352911525,3
229.2343774,39.00534799,-76.49735943,0.9352911524,3
229.2846,39.00534879,-76.49735804,0.9352911524,3
229.3348583,39.00534959,-76.49735665,0.9352911523,3
229.385117,39.00535039,-76.49735525,0.9352911523,3
229.4353763,39.00535119,-76.49735386,0.9352911522,3
229.4856191,39.005352,-76.49735246,0.9352911522,3
229.5358286,39.0053528,-76.49735107,0.9352911522,3
229.5860544,39.00535359,-76.49734966,0.9483869257,3
229.6362529,39.00535436,-76.49734824,0.9614729539,3
229.6864786,39.00535512,-76.49734681,0.9745661722,3
229.7366994,39.00535586,-76.49734536,0.9876566964,3
229.786904,39.00535659,-76.4973439,1.00076746,3
229.8371622,39.0053573,-76.49734244,1.013827388,3
229.8873987,39.00535802,-76.49734097,1.014546099,3
229.9376967,39.00535873,-76.4973395,1.014546099,3
229.9879397,39.00535945,-76.49733802,1.014546099,3
230.0381872,39.00536016,-76.49733655,1.014546099,3
230.088436,39.00536087,-76.49733508,1.014546099,3
230.1386813,39.00536158,-76.49733361,1.014546099,3
230.1889365,39.0053623,-76.49733214,1.014546099,3
230.2391791,39.005363,-76.49733066,1.027630074,3
230.2894149,39.00536368,-76.49732917,1.040720172,3
230.3396497,39.00536435,-76.49732766,1.053814589,3
230.3899618,39.005365,-76.49732614,1.06690316,3
230.4402108,39.00536564,-76.49732462,1.079978213,3
230.4904107,39.00536626,-76.49732308,1.093077303,3
230.5406391,39.00536686,-76.49732153,1.10531449,3
230.5908841,39.00536747,-76.49731998,1.10531449,3
230.6411568,39.00536808,-76.49731844,1.10531449,3
230.6914175,39.00536868,-76.49731689,1.105314489,3
230.7416908,39.00536929,-76.49731534,1.105314489,3
230.7919554,39.0053699,-76.49731379,1.105314489,3
230.8423217,39.0053705,-76.49731225,1.105314489,3
230.892577,39.00537111,-76.4973107,1.105314489,3
230.9427687,39.00537172,-76.49730915,1.105314489,3
230.993036,39.00537231,-76.49730759,1.118407923,3
231.0432726,39.00537288,-76.49730603,1.131497555,3
231.0935528,39.00537344,-76.49730445,1.144588522,3
231.1438113,39.00537398,-76.49730286,1.157680363,3
231.1940914,39.00537451,-76.49730127,1.170769028,3
231.2442995,39.00537502,-76.49729967,1.1838565,3
231.2945425,39.00537551,-76.49729805,1.196948325,3
231.3447892,39.00537599,-76.49729643,1.209539188,3
231.395129,39.00537647,-76.49729481,1.209539188,3
231.4453498,39.00537694,-76.49729319,1.209539188,3
231.4955491,39.00537742,-76.49729157,1.209539188,3
231.5457934,39.0053779,-76.49728995,1.209539188,3
231.5960542,39.00537838,-76.49728833,1.209539188,3
231.6463136,39.00537932,-76.49728509,1.222624671,3
231.6965794,39.00537976,-76.49728345,1.235710901,3
231.7468868,39.00538019,-76.49728181,1.248805546,3
231.7971511,39.0053806,-76.49728016,1.261883951,3
231.8474206,39.00538099,-76.4972785,1.275001298,3
231.8977219,39.00538137,-76.49727683,1.28809711,3
231.9479892,39.00538173,-76.49727517,1.301171,3
231.9982365,39.00538207,-76.49727349,1.314254519,3
232.0485035,39.0053824,-76.49727181,1.326821498,3
232.0987311,39.00538272,-76.49727013,1.326821498,3
232.1490047,39.00538305,-76.49726845,1.326821498,3
232.1993133,39.00538338,-76.49726677,1.326821498,3
232.249621,39.0053837,-76.49726509,1.326821497,3
232.2999379,39.00538401,-76.49726341,1.339902465,3
232.3502174,39.0053843,-76.49726171,1.353012094,3
232.4005226,39.00538458,-76.49726002,1.366089203,3
232.450808,39.00538484,-76.49725832,1.379162827,3
232.501158,39.00538508,-76.49725661,1.392265335,3
232.5514371,39.0053853,-76.49725491,1.405358085,3
232.6017519,39.0053855,-76.49725319,1.41844776,3
232.6520421,39.00538569,-76.49725148,1.431530805,3
232.7023654,39.00538586,-76.49724976,1.444621859,3
232.7526725,39.00538601,-76.49724804,1.457716116,3
232.8029603,39.00538615,-76.49724632,1.470796484,3
232.8532349,39.00538627,-76.49724459,1.483894272,3
232.9035276,39.00538636,-76.49724287,1.49697745,3
232.9539142,39.00538645,-76.49724114,1.510071063,3
233.0041657,39.00538651,-76.49723941,1.523166474,3
233.0544341,39.00538656,-76.49723768,1.536250659,3
233.1046945,39.00538659,-76.49723594,1.549367755,3
233.1549855,39.0053866,-76.49723421,1.562435509,3
233.2052429,39.00538659,-76.49723248,1.575526329,3
233.2555077,39.00538657,-76.49723075,1.588620033,3
233.3058654,39.00538653,-76.49722902,1.601711314,3
233.3561788,39.00538647,-76.49722729,1.614798365,3
233.4064722,39.00538639,-76.49722556,1.627906492,3
233.4568184,39.00538629,-76.49722383,1.640989699,3
233.5071506,39.00538618,-76.49722211,1.654062277,3
233.5574408,39.00538605,-76.49722038,1.667153999,3
233.6077447,39.0053859,-76.49721866,1.680244578,3
233.6580642,39.00538574,-76.49721695,1.693330294,3
233.7083743,39.00538556,-76.49721523,1.706429646,3
233.7586569,39.00538536,-76.49721352,1.719518149,3
233.8089197,39.00538514,-76.49721181,1.73262193,3
233.8591337,39.0053849,-76.4972101,1.745691466,3
233.9093732,39.00538465,-76.4972084,1.758783716,3
233.9596342,39.00538438,-76.4972067,1.771871186,3
234.0099254,39.00538409,-76.49720501,1.78496712,3
234.060169,39.00538379,-76.49720332,1.798059325,3
234.110399,39.00538347,-76.49720164,1.811145809,3
234.1606243,39.00538313,-76.49719997,1.824235925,3
234.2108674,39.00538277,-76.4971983,1.837327547,3
234.2611198,39.0053824,-76.49719663,1.850413038,3
234.3113817,39.00538201,-76.49719497,1.863508916,3
234.3616911,39.0053816,-76.49719332,1.876598868,3
234.411972,39.00538118,-76.49719168,1.889682436,3
234.4622608,39.00538074,-76.49719004,1.902774141,3
234.5125221,39.00538028,-76.49718841,1.915855602,3
234.5628,39.00537981,-76.49718679,1.928958945,3
234.6131285,39.00537932,-76.49718518,1.942046403,3
234.6633806,39.00537881,-76.49718357,1.955141873,3
234.7136523,39.00537829,-76.49718197,1.968220919,3
234.7639224,39.00537775,-76.49718039,1.981313288,3
234.8142002,39.00537719,-76.49717881,1.994405747,3
234.864481,39.00537662,-76.49717724,2.00748965,3
234.9147587,39.00537604,-76.49717568,2.017251326,3
234.9650258,39.00537546,-76.49717411,2.017251326,3
235.0152974,39.00537487,-76.49717255,2.017251326,3
235.0655306,39.00537429,-76.49717099,2.017251326,3
235.1158566,39.0053737,-76.49716943,2.017251326,3
235.1661343,39.00537312,-76.49716787,2.017251326,3
235.2164282,39.00537254,-76.49716631,2.017251326,3
235.2667036,39.00537195,-76.49716474,2.017251326,3
235.3169612,39.00537137,-76.49716318,2.017251326,3
235.3672026,39.00537079,-76.49716162,2.017251326,3
235.4174553,39.0053702,-76.49716006,2.017251326,3
235.467732,39.00536962,-76.49715849,2.017251326,3
235.5180338,39.00536904,-76.49715693,2.017251326,3
235.5682749,39.00536845,-76.49715537,2.017251326,3
235.618527,39.00536787,-76.49715381,2.017251326,3
235.6688237,39.00536729,-76.49715225,2.017251326,3
235.7190905,39.0053667,-76.49715069,2.017251326,3
235.7693307,39.00536612,-76.49714912,2.017251326,3
235.8195492,39.00536554,-76.49714756,2.017251326,3
235.8697967,39.00536495,-76.497146,2.017251326,3
235.920014,39.00536437,-76.49714444,2.017251326,3
235.9703031,39.00536377,-76.49714288,2.030348656,3
236.0205377,39.00536316,-76.49714134,2.04342879,3
236.0707731,39.00536253,-76.49713981,2.049496669,3
236.1210271,39.00536191,-76.49713827,2.049496669,3
236.1712502,39.00536129,-76.49713673,2.049496669,3
236.2215103,39.00536067,-76.4971352,2.049496669,3
236.2717722,39.00536004,-76.49713366,2.049496669,3
236.3220307,39.00535942,-76.49713212,2.049496669,3
236.3722635,39.0053588,-76.49713058,2.049496669,3
236.4225215,39.00535818,-76.49712905,2.049496669,3
236.472736,39.00535755,-76.49712751,2.049496669,3
236.5230038,39.00535693,-76.49712597,2.049496669,3
236.5732651,39.00535631,-76.49712444,2.049496669,3
236.6235289,39.00535568,-76.49712289,2.049496669,3
236.6737883,39.00535505,-76.49712137,2.062521644,3
236.7240791,39.0053544,-76.49711986,2.075607773,3
236.7743277,39.00535374,-76.49711834,2.07865856,3
236.824575,39.00535308,-76.49711683,2.07865856,3
236.8748003,39.00535242,-76.49711532,2.07865856,3
236.9250775,39.00535177,-76.4971138,2.07865856,3
236.9752898,39.00535111,-76.49711229,2.07865856,3
237.0255322,39.00535045,-76.49711078,2.07865856,3
237.0757564,39.0053498,-76.49710926,2.07865856,3
237.1260394,39.00534914,-76.49710775,2.07865856,3
237.1762712,39.00534848,-76.49710624,2.07865856,3
237.2265613,39.00534782,-76.49710473,2.07865856,3
237.2767641,39.00534717,-76.49710321,2.078658561,3
237.3270248,39.00534649,-76.49710171,2.091751647,3
237.3773352,39.00534581,-76.49710022,2.104742328,3
237.427666,39.00534512,-76.49709873,2.104742328,3
237.4778984,39.00534443,-76.49709724,2.104742328,3
237.5281283,39.00534374,-76.49709575,2.104742328,3
237.5783393,39.00534306,-76.49709426,2.104742328,3
237.6285953,39.00534237,-76.49709277,2.104742328,3
237.6788118,39.00534168,-76.49709128,2.104742328,3
237.7291059,39.00534099,-76.49708979,2.104742328,3
237.779355,39.0053403,-76.49708829,2.104742328,3
237.8296184,39.00533962,-76.4970868,2.104742328,3
237.8799153,39.00533893,-76.49708531,2.104742328,3
237.9301883,39.00533824,-76.49708382,2.104742328,3
237.9804223,39.00533755,-76.49708233,2.104742328,3
238.0306492,39.00533685,-76.49708085,2.117813926,3
238.0809004,39.00533614,-76.49707938,2.128254846,3
238.1311288,39.00533542,-76.49707791,2.128254846,3
238.1813421,39.00533471,-76.49707645,2.128254846,3
238.2315925,39.00533399,-76.49707498,2.128254846,3
238.2818083,39.00533328,-76.4970735,2.128254846,3
238.3320811,39.00533256,-76.49707204,2.128254846,3
238.3823152,39.00533185,-76.49707057,2.128254846,3
238.432553,39.00533113,-76.4970691,2.128254846,3
238.4827798,39.00533042,-76.49706763,2.128254846,3
238.5330026,39.0053297,-76.49706616,2.128254846,3
238.5832777,39.00532899,-76.49706469,2.128254846,3
238.633549,39.00532827,-76.49706322,2.128254846,3
238.6838602,39.00532756,-76.49706175,2.128254846,3
238.7341224,39.00532683,-76.49706029,2.141353407,3
238.7843236,39.00532609,-76.49705884,2.149406813,3
238.8345495,39.00532535,-76.49705739,2.149406813,3
238.8847961,39.00532461,-76.49705594,2.149406813,3
238.9350623,39.00532387,-76.49705449,2.149406813,3
238.9853324,39.00532313,-76.49705304,2.149406813,3
239.0356199,39.0053224,-76.49705159,2.149406813,3
239.085935,39.00532166,-76.49705014,2.149406813,3
239.1362114,39.00532092,-76.49704869,2.149406813,3
239.1864701,39.00532018,-76.49704724,2.149406813,3
239.2367241,39.00531944,-76.4970458,2.149406813,3
239.2869979,39.0053187,-76.49704435,2.149406813,3
239.3372534,39.00531796,-76.49704289,2.149406813,3
239.3875172,39.00531721,-76.49704145,2.162519878,3
239.4378605,39.00531645,-76.49704003,2.168245944,3
239.488134,39.00531569,-76.49703859,2.168245944,3
239.5383958,39.00531493,-76.49703716,2.168245944,3
239.5886404,39.00531417,-76.49703573,2.168245944,3
239.6389053,39.00531341,-76.4970343,2.168245944,3
239.6891649,39.00531265,-76.49703287,2.168245944,3
239.7394485,39.00531189,-76.49703144,2.168245944,3
239.7897267,39.00531113,-76.49703,2.168245944,3
239.8399932,39.00531037,-76.49702857,2.168245944,3
239.8902563,39.00530961,-76.49702714,2.168245944,3
239.9405229,39.00530885,-76.49702571,2.168245944,3
239.9907833,39.00530809,-76.49702428,2.168245944,3
240.0411316,39.00530733,-76.49702285,2.168245944,3
240.0913867,39.00530655,-76.49702143,2.181324627,3
240.1416566,39.00530577,-76.49702001,2.185154954,3
240.1919157,39.00530499,-76.4970186,2.185154954,3
240.2421798,39.00530422,-76.49701718,2.185154954,3
240.2924609,39.00530344,-76.49701577,2.185154954,3
240.3426953,39.00530266,-76.49701435,2.185154954,3
240.3929983,39.00530188,-76.49701294,2.185154954,3
240.4432128,39.0053011,-76.49701152,2.185154954,3
240.4934695,39.00530032,-76.49701011,2.185154954,3
240.5437233,39.00529954,-76.49700869,2.185154954,3
240.5940202,39.00529876,-76.49700728,2.185154954,3
240.6442718,39.00529798,-76.49700586,2.185154954,3
240.6945393,39.00529721,-76.49700445,2.185154954,3
240.7448124,39.00529641,-76.49700304,2.198248229,3
240.795095,39.00529562,-76.49700165,2.200185241,3
240.8453594,39.00529482,-76.49700024,2.200185241,3
240.8956307,39.00529403,-76.49699885,2.200185241,3
240.9459132,39.00529323,-76.49699744,2.200185241,3
240.9962379,39.00529164,-76.49699464,2.200185241,3
241.0465355,39.00529084,-76.49699324,2.200185242,3
241.0967874,39.00529005,-76.49699185,2.200185241,3
241.147079,39.00528925,-76.49699045,2.200185242,3
241.1973364,39.00528846,-76.49698905,2.200185242,3
241.2476168,39.00528766,-76.49698765,2.200185242,3
241.2978596,39.00528687,-76.49698625,2.200185242,3
241.34807,39.00528607,-76.49698485,2.200185242,3
241.3983132,39.00528526,-76.49698346,2.213266919,3
241.4485413,39.00528445,-76.49698207,2.213653948,3
241.4988058,39.00528364,-76.49698069,2.213653948,3
241.5490533,39.00528283,-76.4969793,2.213653948,3
241.5993695,39.00528202,-76.49697792,2.213653948,3
241.6496174,39.00528121,-76.49697653,2.213653948,3
241.6998797,39.0052804,-76.49697514,2.213653948,3
241.7501048,39.00527959,-76.49697376,2.213653948,3
241.800335,39.00527878,-76.49697237,2.213653948,3
241.8505802,39.00527797,-76.49697099,2.213653948,3
241.9008098,39.00527716,-76.4969696,2.213653948,3
241.9511274,39.00527635,-76.49696821,2.213653948,3
242.0013737,39.00527554,-76.49696683,2.213653948,3
242.0516552,39.00527472,-76.49696546,2.225618959,3
242.1019339,39.0052739,-76.49696408,2.225618959,3
242.1521787,39.00527307,-76.49696271,2.225618959,3
242.2024124,39.00527225,-76.49696133,2.225618959,3
242.2526787,39.00527143,-76.49695996,2.225618959,3
242.3029394,39.0052706,-76.49695859,2.225618959,3
242.3531816,39.00526978,-76.49695721,2.225618959,3
242.4033769,39.00526896,-76.49695584,2.225618959,3
242.4535848,39.00526814,-76.49695447,2.225618959,3
242.5037731,39.00526731,-76.49695309,2.225618959,3
242.5539969,39.00526649,-76.49695172,2.225618959,3
242.6042255,39.00526567,-76.49695035,2.225618959,3
242.6544807,39.00526484,-76.49694897,2.225618959,3
242.7047062,39.00526401,-76.49694761,2.236250799,3
242.7549204,39.00526317,-76.49694625,2.236250799,3
242.8051446,39.00526234,-76.49694489,2.236250799,3
242.85537,39.00526151,-76.49694353,2.236250799,3
242.9055864,39.00526067,-76.49694216,2.236250799,3
242.9558321,39.00525984,-76.4969408,2.236250799,3
243.0060664,39.005259,-76.49693944,2.236250799,3
243.0563191,39.00525817,-76.49693808,2.236250799,3
243.1066457,39.00525734,-76.49693671,2.236250799,3
243.1569434,39.0052565,-76.49693535,2.236250799,3
243.2071687,39.00525566,-76.49693399,2.236250799,3
243.2574142,39.00525483,-76.49693263,2.236250799,3
243.3076958,39.005254,-76.49693127,2.236250799,3
243.3579634,39.00525316,-76.4969299,2.236250799,3
243.4082244,39.00525232,-76.49692855,2.245776722,3
243.458443,39.00525148,-76.4969272,2.245776722,3
243.5087065,39.00525063,-76.49692585,2.245776723,3
243.5589907,39.00524979,-76.4969245,2.245776723,3
243.6092369,39.00524894,-76.49692314,2.245776723,3
243.6594602,39.0052481,-76.49692179,2.245776723,3
243.7096522,39.00524725,-76.49692044,2.245776723,3
243.7599064,39.00524641,-76.49691909,2.245776723,3
243.8101466,39.00524557,-76.49691774,2.245776723,3
243.8603653,39.00524472,-76.49691638,2.245776723,3
243.9105748,39.00524388,-76.49691503,2.245776723,3
243.9608096,39.00524303,-76.49691368,2.245776723,3
244.0110368,39.00524219,-76.49691233,2.245776723,3
244.061235,39.00524133,-76.49691098,2.254234048,3
244.1114512,39.00524048,-76.49690964,2.254234048,3
244.1616886,39.00523963,-76.4969083,2.254234048,3
244.2119242,39.00523877,-76.49690696,2.254234048,3
244.2621224,39.00523792,-76.49690561,2.254234048,3
244.3123534,39.00523707,-76.49690427,2.254234048,3
244.3626087,39.00523621,-76.49690293,2.254234048,3
244.412832,39.00523536,-76.49690159,2.254234048,3
244.4631031,39.00523451,-76.49690024,2.254234048,3
244.5133764,39.00523365,-76.4968989,2.254234048,3
244.5636343,39.0052328,-76.49689756,2.254234048,3
244.6139073,39.00523195,-76.49689622,2.254234048,3
244.6641398,39.0052311,-76.49689487,2.254234048,3
244.714376,39.00523023,-76.49689354,2.261743672,3
244.7646128,39.00522937,-76.4968922,2.261743672,3
244.8149,39.00522851,-76.49689087,2.261743672,3
244.8651413,39.00522765,-76.49688954,2.261743672,3
244.9153858,39.00522679,-76.4968882,2.261743672,3
244.9656119,39.00522593,-76.49688687,2.261743672,3
245.0158582,39.00522507,-76.49688553,2.261743672,3
245.0661662,39.00522421,-76.4968842,2.261743672,3
245.1164769,39.00522334,-76.49688286,2.261743672,3
245.1667159,39.00522248,-76.49688153,2.261743672,3
245.2169591,39.00522162,-76.49688019,2.261743672,3
245.2672458,39.00522076,-76.49687886,2.261743672,3
245.3174761,39.0052199,-76.49687752,2.261743672,3
245.3677144,39.00521904,-76.49687619,2.261743672,3
245.417983,39.00521817,-76.49687486,2.26846851,3
245.4681747,39.0052173,-76.49687353,2.26846851,3
245.5184216,39.00521644,-76.49687221,2.26846851,3
245.5686979,39.00521557,-76.49687088,2.26846851,3
245.6189626,39.0052147,-76.49686955,2.26846851,3
245.6692055,39.00521383,-76.49686823,2.26846851,3
245.719446,39.00521296,-76.4968669,2.26846851,3
245.7696767,39.0052121,-76.49686557,2.26846851,3
245.819929,39.00521123,-76.49686425,2.26846851,3
245.8701929,39.00521036,-76.49686292,2.26846851,3
245.9204514,39.00520949,-76.49686159,2.26846851,3
245.9707426,39.00520862,-76.49686026,2.26846851,3
246.0210096,39.00520775,-76.49685894,2.26846851,3
246.0712951,39.00520688,-76.49685762,2.274436265,3
246.121551,39.00520601,-76.4968563,2.274436265,3
246.1717594,39.00520513,-76.49685498,2.274436265,3
246.222048,39.00520426,-76.49685366,2.274436265,3
246.2723433,39.00520338,-76.49685234,2.274436265,3
246.3225711,39.00520251,-76.49685102,2.274436265,3
246.3727578,39.00520164,-76.4968497,2.274436266,3
246.4229996,39.00520076,-76.49684838,2.274436266,3
246.473243,39.00519989,-76.49684705,2.274436266,3
246.523465,39.00519901,-76.49684573,2.274436266,3
246.5736632,39.00519814,-76.49684441,2.274436266,3
246.6239165,39.00519726,-76.49684309,2.274436266,3
246.6741194,39.00519639,-76.49684177,2.274436266,3
246.7243907,39.00519551,-76.49684046,2.279733523,3
246.7746068,39.00519463,-76.49683914,2.279733523,3
246.8249196,39.00519375,-76.49683783,2.279733523,3
246.8751342,39.00519287,-76.49683652,2.279733523,3
246.925397,39.00519199,-76.4968352,2.279733523,3
246.975613,39.00519111,-76.49683389,2.279733523,3
247.0258745,39.00519023,-76.49683257,2.279733523,3
247.0761261,39.00518935,-76.49683126,2.279733523,3
247.1263979,39.00518847,-76.49682994,2.279733523,3
247.1766262,39.00518759,-76.49682863,2.279733523,3
247.2269119,39.00518671,-76.49682731,2.279733523,3
247.2771376,39.00518583,-76.496826,2.279733523,3
247.3273961,39.00518495,-76.49682469,2.279733523,3
247.3776703,39.00518407,-76.49682337,2.279733523,3
247.4279516,39.00518319,-76.49682206,2.284475901,3
247.4782312,39.00518231,-76.49682075,2.284475901,3
247.6000573,39.00517965,-76.49681683,2.284475901,3
247.6502766,39.00517877,-76.49681552,2.284475901,3
247.700489,39.00517788,-76.49681421,2.284475901,3
247.750692,39.005177,-76.4968129,2.284475901,3
247.800943,39.00517611,-76.49681159,2.284475901,3
247.8511575,39.00517523,-76.49681028,2.284475901,3
247.9013789,39.00517434,-76.49680897,2.284475901,3
247.9516189,39.00517346,-76.49680766,2.284475901,3
248.0019077,39.00517258,-76.49680635,2.284475901,3
248.0521361,39.00517169,-76.49680505,2.288683425,3
248.1023688,39.0051708,-76.49680374,2.288683425,3
248.1525944,39.00516991,-76.49680244,2.288683425,3
248.2028671,39.00516902,-76.49680114,2.288683425,3
248.2531107,39.00516813,-76.49679983,2.288683425,3
248.3033603,39.00516724,-76.49679853,2.288683425,3
248.3535948,39.00516635,-76.49679722,2.288683425,3
248.4038781,39.00516546,-76.49679592,2.288683425,3
248.4540858,39.00516458,-76.49679461,2.288683425,3
248.5043148,39.00516369,-76.49679331,2.288683425,3
248.5545322,39.0051628,-76.49679201,2.288683425,3
248.6047691,39.00516191,-76.4967907,2.288683425,3
248.6550093,39.00516102,-76.4967894,2.288683425,3
248.7052553,39.00516013,-76.49678809,2.288683425,3
248.7554891,39.00515924,-76.49678679,2.292448652,3
248.8057702,39.00515835,-76.49678549,2.292448652,3
248.85602,39.00515745,-76.49678419,2.292448652,3
248.9062612,39.00515656,-76.49678289,2.292448652,3
248.9564905,39.00515567,-76.49678159,2.292448652,3
249.0067428,39.00515477,-76.49678029,2.292448652,3
249.0570335,39.00515388,-76.49677899,2.292448652,3
249.1072865,39.00515299,-76.49677769,2.292448652,3
249.1574981,39.0051521,-76.49677639,2.292448652,3
249.2077571,39.0051512,-76.49677509,2.292448652,3
249.2580223,39.00515031,-76.49677379,2.292448652,3
249.3083072,39.00514942,-76.49677249,2.292448653,3
249.3585815,39.00514853,-76.49677119,2.292448653,3
249.4088282,39.00514763,-76.4967699,2.295787834,3
249.4591398,39.00514673,-76.4967686,2.295787834,3
249.5093863,39.00514584,-76.4967673,2.295787834,3
249.5596522,39.00514494,-76.49676601,2.295787834,3
249.6099215,39.00514405,-76.49676471,2.295787834,3
249.6602226,39.00514315,-76.49676342,2.295787834,3
249.7104602,39.00514226,-76.49676212,2.295787834,3
249.7606986,39.00514136,-76.49676082,2.295787834,3
249.8109302,39.00514046,-76.49675953,2.295787834,3
249.8611509,39.00513957,-76.49675823,2.295787834,3
249.9113795,39.00513867,-76.49675694,2.295787834,3
249.9616225,39.00513778,-76.49675564,2.295787834,3
250.011876,39.00513688,-76.49675434,2.295787834,3
250.0621421,39.00513598,-76.49675305,2.298750074,3
250.1123916,39.00513508,-76.49675176,2.298750074,3
250.1626587,39.00513418,-76.49675046,2.298750074,3
250.2129372,39.00513328,-76.49674917,2.298750074,3
250.26319,39.00513238,-76.49674788,2.298750074,3
250.3134379,39.00513148,-76.49674659,2.298750074,3
250.3637114,39.00513059,-76.49674529,2.298750074,3
250.4140419,39.00512969,-76.496744,2.298750074,3
250.464291,39.00512879,-76.49674271,2.298750074,3
250.5145603,39.00512789,-76.49674142,2.298750074,3
250.5647768,39.00512699,-76.49674012,2.298750074,3
250.6150591,39.00512609,-76.49673883,2.298750074,3
250.6652711,39.00512519,-76.49673754,2.298750074,3
250.7155269,39.00512429,-76.49673624,2.298750074,3
250.7658537,39.00512339,-76.49673496,2.301400728,3
250.8161256,39.00512249,-76.49673367,2.301400728,3
250.8663876,39.00512159,-76.49673238,2.301400728,3
250.916651,39.00512069,-76.49673109,2.301400728,3
250.9669297,39.00511978,-76.4967298,2.301400728,3
251.0171349,39.00511888,-76.49672851,2.301400728,3
251.0673814,39.00511798,-76.49672722,2.301400728,3
251.1176596,39.00511708,-76.49672593,2.301400728,3
251.1679282,39.00511618,-76.49672464,2.301400728,3
251.2181691,39.00511528,-76.49672335,2.301400728,3
251.2684492,39.00511437,-76.49672206,2.301400728,3
251.3186895,39.00511347,-76.49672077,2.301400729,3
251.3688963,39.00511257,-76.49671948,2.301400729,3
251.4191569,39.00511167,-76.49671819,2.303751229,3
251.4694273,39.00511076,-76.49671691,2.303751229,3
251.5196983,39.00510986,-76.49671562,2.303751229,3
251.569956,39.00510895,-76.49671433,2.303751229,3
251.6202179,39.00510805,-76.49671305,2.303751229,3
251.6704265,39.00510715,-76.49671176,2.303751229,3
251.7207044,39.00510624,-76.49671047,2.303751229,3
251.7709875,39.00510534,-76.49670918,2.303751229,3
251.8213307,39.00510443,-76.4967079,2.303751229,3
251.8716118,39.00510353,-76.49670661,2.303751229,3
251.9219199,39.00510263,-76.49670532,2.303751229,3
251.9721837,39.00510172,-76.49670404,2.303751229,3
252.022448,39.00510082,-76.49670275,2.303751229,3
252.072697,39.00509991,-76.49670147,2.305836294,3
252.1230037,39.00509901,-76.49670018,2.305836294,3
252.1732775,39.0050981,-76.49669889,2.305836294,3
252.2236164,39.00509719,-76.49669761,2.305836294,3
252.2738962,39.00509629,-76.49669633,2.305836294,3
252.3241686,39.00509538,-76.49669504,2.305836294,3
252.374453,39.00509448,-76.49669376,2.305836295,3
252.424713,39.00509357,-76.49669247,2.305836294,3
252.474934,39.00509266,-76.49669119,2.305836295,3
252.5251769,39.00509176,-76.4966899,2.305836295,3
252.5754242,39.00509085,-76.49668862,2.305836295,3
252.6256739,39.00508994,-76.49668733,2.305836295,3
252.675918,39.00508904,-76.49668605,2.305836295,3
252.7261682,39.00508813,-76.49668477,2.305836295,3
252.7763965,39.00508722,-76.49668348,2.307701931,3
252.826666,39.00508632,-76.4966822,2.307701931,3
252.8769555,39.00508541,-76.49668092,2.307701931,3
252.9271852,39.0050845,-76.49667964,2.307701931,3
252.9775006,39.00508359,-76.49667835,2.307701931,3
253.0277762,39.00508268,-76.49667707,2.307701931,3
253.0780703,39.00508177,-76.49667579,2.307701931,3
253.1283657,39.00508087,-76.49667451,2.307701931,3
253.1786726,39.00507996,-76.49667322,2.307701931,3
253.2289544,39.00507905,-76.49667194,2.307701931,3
253.2792013,39.00507814,-76.49667066,2.307701931,3
253.3294867,39.00507724,-76.49666938,2.307701931,3
253.3797597,39.00507633,-76.49666809,2.307701931,3
253.430097,39.00507542,-76.49666681,2.309356306,3
253.4803302,39.00507451,-76.49666553,2.309356306,3
253.5305976,39.0050736,-76.49666425,2.309356306,3
253.5808495,39.00507269,-76.49666297,2.309356306,3
253.6311277,39.00507178,-76.49666169,2.309356306,3
253.6813825,39.00507087,-76.49666041,2.309356306,3
253.7316793,39.00506996,-76.49665913,2.309356306,3
253.7819081,39.00506905,-76.49665785,2.309356306,3
253.8321574,39.00506814,-76.49665657,2.309356306,3
253.8824258,39.00506723,-76.49665529,2.309356306,3
253.9326976,39.00506632,-76.49665401,2.309356306,3
253.9829811,39.00506541,-76.49665273,2.309356306,3
254.0332661,39.0050645,-76.49665145,2.309356307,3
254.0835281,39.00506359,-76.49665017,2.310823794,3
254.1338142,39.00506268,-76.49664889,2.310823794,3
254.1840652,39.00506177,-76.49664761,2.310823794,3
254.234343,39.00506086,-76.49664633,2.310823794,3
254.2845928,39.00505995,-76.49664506,2.310823794,3
254.3349001,39.00505904,-76.49664378,2.310823794,3
254.3852024,39.00505812,-76.4966425,2.310823794,3
254.4354958,39.00505721,-76.49664122,2.310823794,3
254.4858126,39.0050563,-76.49663994,2.310823794,3
254.536104,39.00505539,-76.49663866,2.310823794,3
254.5863182,39.00505448,-76.49663738,2.310823794,3
254.636567,39.00505357,-76.4966361,2.310823794,3
254.6867866,39.00505266,-76.49663483,2.310823794,3
254.7370206,39.00505175,-76.49663355,2.310823794,3
254.7872725,39.00505083,-76.49663227,2.312136818,3
254.8375087,39.00504992,-76.49663099,2.312136818,3
254.8877343,39.00504901,-76.49662972,2.312136818,3
254.937933,39.0050481,-76.49662844,2.312136818,3
254.9881738,39.00504718,-76.49662716,2.312136819,3
255.0384484,39.00504627,-76.49662588,2.312136819,3
255.0887266,39.00504536,-76.49662461,2.312136819,3
255.1389757,39.00504445,-76.49662333,2.312136819,3
255.1892257,39.00504353,-76.49662205,2.312136819,3
255.2394463,39.00504262,-76.49662078,2.312136819,3
255.2896825,39.00504171,-76.4966195,2.312136819,3
255.3398829,39.0050408,-76.49661822,2.312136819,3
255.3901415,39.00503988,-76.49661694,2.312136819,3
255.4403971,39.00503897,-76.49661567,2.313301131,3
255.4906551,39.00503806,-76.49661439,2.313301131,3
255.5409301,39.00503714,-76.49661312,2.313301131,3
255.5912113,39.00503623,-76.49661184,2.313301131,3
255.6414639,39.00503532,-76.49661056,2.313301131,3
255.6917206,39.0050344,-76.49660929,2.313301131,3
255.7419378,39.00503349,-76.49660801,2.313301131,3
255.7921876,39.00503258,-76.49660674,2.313301131,3
255.8424411,39.00503166,-76.49660546,2.313301131,3
255.8927021,39.00503075,-76.49660419,2.313301131,3
255.9429253,39.00502983,-76.49660291,2.313301131,3
255.9931749,39.00502892,-76.49660163,2.313301131,3
256.0434546,39.00502801,-76.49660036,2.313301131,3
256.093717,39.00502709,-76.49659908,2.314333916,3
256.144001,39.00502618,-76.49659781,2.314333916,3
256.1942227,39.00502526,-76.49659654,2.314333916,3
256.2444966,39.00502435,-76.49659526,2.314333916,3
256.2947547,39.00502343,-76.49659398,2.314333916,3
256.3450222,39.00502252,-76.49659271,2.314333916,3
256.3952409,39.0050216,-76.49659144,2.314333916,3
256.445482,39.00502069,-76.49659016,2.314333916,3
256.4957086,39.00501978,-76.49658889,2.314333916,3
256.5459515,39.00501886,-76.49658761,2.314333916,3
256.5962089,39.00501703,-76.49658506,2.314333916,3
256.6464501,39.00501612,-76.49658379,2.314333916,3
256.6966632,39.0050152,-76.49658251,2.314333916,3
256.7469323,39.00501429,-76.49658124,2.315257984,3
256.7971639,39.00501337,-76.49657997,2.315257984,3
256.8474043,39.00501246,-76.49657869,2.315257984,3
256.8976392,39.00501154,-76.49657742,2.315257984,3
256.9478874,39.00501063,-76.49657615,2.315257984,3
256.9980954,39.00500971,-76.49657487,2.315257984,3
257.0482971,39.00500879,-76.4965736,2.315257984,3
257.0985347,39.00500788,-76.49657232,2.315257984,3
257.1488017,39.00500696,-76.49657105,2.315257984,3
257.1990823,39.00500605,-76.49656978,2.315257984,3
257.2493223,39.00500513,-76.49656851,2.315257984,3
257.2996027,39.00500422,-76.49656723,2.315257984,3
257.349852,39.0050033,-76.49656596,2.315257984,3
257.4001174,39.00500238,-76.49656468,2.316077382,3
257.4503505,39.00500147,-76.49656341,2.316077382,3
257.5005959,39.00500055,-76.49656214,2.316077382,3
257.5507922,39.00499963,-76.49656087,2.316077382,3
257.6010547,39.00499872,-76.49655959,2.316077382,3
257.6512949,39.0049978,-76.49655832,2.316077382,3
257.7015248,39.00499689,-76.49655705,2.316077382,3
257.7517616,39.00499597,-76.49655578,2.316077382,3
257.8020212,39.00499505,-76.4965545,2.316077382,3
257.8522965,39.00499414,-76.49655323,2.316077382,3
257.9025457,39.00499322,-76.49655196,2.316077382,3
257.9528683,39.0049923,-76.49655069,2.316077382,3
258.0031191,39.00499139,-76.49654941,2.316077382,3
258.0533451,39.00499047,-76.49654814,2.316804219,3
258.1036194,39.00498955,-76.49654687,2.316804219,3
258.1538843,39.00498864,-76.4965456,2.31680422,3
258.2041393,39.00498772,-76.49654433,2.31680422,3
258.2543475,39.0049868,-76.49654306,2.31680422,3
258.3045564,39.00498589,-76.49654178,2.31680422,3
258.3547932,39.00498497,-76.49654051,2.31680422,3
258.4050397,39.00498405,-76.49653924,2.31680422,3
258.4552526,39.00498313,-76.49653797,2.31680422,3
258.5054712,39.00498222,-76.4965367,2.31680422,3
258.5557021,39.0049813,-76.49653542,2.31680422,3
258.6059221,39.00498038,-76.49653415,2.31680422,3
258.6561338,39.00497947,-76.49653288,2.31680422,3
258.7063699,39.00497855,-76.49653161,2.31680422,3
258.756596,39.00497763,-76.49653034,2.317454533,3
258.8068098,39.00497671,-76.49652907,2.317454533,3
258.8570554,39.0049758,-76.4965278,2.317454533,3
258.9072843,39.00497488,-76.49652653,2.317454533,3
258.9575277,39.00497396,-76.49652525,2.317454533,3
259.0077262,39.00497304,-76.49652398,2.317454533,3
259.0579256,39.00497212,-76.49652271,2.317454533,3
259.1081543,39.00497121,-76.49652144,2.317454533,3
259.1583899,39.00497029,-76.49652017,2.317454533,3
259.2086456,39.00496937,-76.4965189,2.317454533,3
259.2589017,39.00496845,-76.49651763,2.317454533,3
259.3091467,39.00496754,-76.49651636,2.317454533,3
259.359348,39.00496662,-76.49651509,2.317454533,3
259.4095491,39.0049657,-76.49651382,2.318031186,3
259.4598225,39.00496478,-76.49651255,2.318031186,3
259.5101087,39.00496386,-76.49651128,2.318031186,3
259.5603402,39.00496295,-76.49651001,2.318031186,3
259.6106063,39.00496203,-76.49650874,2.318031186,3
259.6608818,39.00496111,-76.49650747,2.318031186,3
259.7110999,39.00496019,-76.49650619,2.318031186,3
259.7613527,39.00495927,-76.49650493,2.318031186,3
259.8116056,39.00495835,-76.49650365,2.318031186,3
259.8618599,39.00495743,-76.49650238,2.318031186,3
259.9121161,39.00495652,-76.49650112,2.318031186,3
259.9623346,39.0049556,-76.49649984,2.318031186,3
260.0125561,39.00495468,-76.49649857,2.318031186,3
260.0627992,39.00495376,-76.4964973,2.318542698,3
260.1130198,39.00495284,-76.49649603,2.318542698,3
260.1632873,39.00495192,-76.49649477,2.318542698,3
260.2135131,39.004951,-76.4964935,2.318542698,3
260.2637329,39.00495009,-76.49649222,2.318542698,3
260.313967,39.00494917,-76.49649096,2.318542698,3
260.3642066,39.00494825,-76.49648969,2.318542698,3
260.4144733,39.00494733,-76.49648842,2.318542698,3
260.4646815,39.00494641,-76.49648715,2.318542698,3
260.5149078,39.00494549,-76.49648588,2.318542698,3
260.5651479,39.00494457,-76.49648461,2.318542698,3
260.615368,39.00494365,-76.49648334,2.318542698,3
260.6656149,39.00494274,-76.49648207,2.318542698,3
260.71587,39.00494182,-76.4964808,2.318542698,3
260.7660779,39.0049409,-76.49647953,2.319000359,3
260.8162978,39.00493998,-76.49647826,2.319000359,3
260.8665598,39.00493906,-76.49647699,2.319000359,3
260.9167682,39.00493814,-76.49647572,2.319000359,3
260.9670306,39.00493722,-76.49647445,2.319000359,3
261.0172611,39.0049363,-76.49647318,2.319000359,3
261.0674614,39.00493538,-76.49647191,2.319000359,3
261.1176828,39.00493446,-76.49647065,2.319000359,3
261.1679079,39.00493354,-76.49646938,2.319000359,3
261.2181079,39.00493262,-76.49646811,2.319000359,3
261.2683006,39.0049317,-76.49646684,2.319000359,3
261.3185008,39.00493079,-76.49646557,2.319000359,3
261.3686757,39.00492987,-76.4964643,2.319000359,3
261.4189087,39.00492895,-76.49646303,2.319406178,3
261.4691124,39.00492803,-76.49646176,2.319406178,3
261.5193615,39.00492711,-76.49646049,2.319406178,3
261.5695544,39.00492619,-76.49645922,2.319406178,3
261.6197256,39.00492527,-76.49645796,2.319406178,3
261.6699525,39.00492435,-76.49645669,2.319406178,3
261.7201354,39.00492343,-76.49645542,2.319406178,3
261.7703736,39.00492251,-76.49645415,2.319406178,3
261.8206235,39.00492159,-76.49645288,2.319406178,3
261.8708967,39.00492067,-76.49645161,2.319406178,3
261.9211539,39.00491975,-76.49645034,2.319406178,3
261.9713939,39.00491883,-76.49644908,2.319406178,3
262.0216695,39.00491791,-76.49644781,2.319406178,3
262.0719106,39.00491699,-76.49644654,2.319766153,3
262.1221491,39.00491607,-76.49644527,2.319766153,3
262.1723452,39.00491515,-76.496444,2.319766153,3
262.2226025,39.00491423,-76.49644273,2.319766153,3
262.272872,39.00491331,-76.49644147,2.319766153,3
262.3231273,39.00491239,-76.4964402,2.319766153,3
262.3733363,39.00491147,-76.49643893,2.319766153,3
262.4236055,39.00491055,-76.49643766,2.319766153,3
262.4738814,39.00490963,-76.49643639,2.319766153,3
262.5241321,39.00490871,-76.49643512,2.319766153,3
262.5743468,39.00490779,-76.49643386,2.319766153,3
262.6245929,39.00490687,-76.49643259,2.319766153,3
262.6748658,39.00490595,-76.49643132,2.319766153,3
262.7251025,39.00490503,-76.49643005,2.319766153,3
262.7753443,39.00490411,-76.49642878,2.320088233,3
262.8256135,39.00490319,-76.49642752,2.320088233,3
262.875803,39.00490227,-76.49642625,2.320088233,3
262.926074,39.00490135,-76.49642498,2.320088233,3
262.9763006,39.00490043,-76.49642371,2.320088233,3
263.026521,39.00489951,-76.49642245,2.320088233,3
263.0767698,39.00489859,-76.49642118,2.320088233,3
263.1270429,39.00489767,-76.49641991,2.320088233,3
263.1773077,39.00489675,-76.49641864,2.320088233,3
263.2275509,39.00489583,-76.49641737,2.320088233,3
263.277867,39.00489491,-76.49641611,2.320088233,3
263.3280903,39.00489399,-76.49641484,2.320088233,3
263.3783553,39.00489307,-76.49641357,2.320088233,3
263.4285752,39.00489214,-76.4964123,2.320373826,3
263.4788504,39.00489122,-76.49641104,2.320373826,3
263.5290739,39.0048903,-76.49640977,2.320373826,3
263.5793019,39.00488938,-76.4964085,2.320373826,3
263.6295067,39.00488846,-76.49640723,2.320373826,3
263.6797707,39.00488754,-76.49640597,2.320373826,3
263.7299846,39.00488662,-76.4964047,2.320373826,3
263.7802066,39.0048857,-76.49640343,2.320373826,3
263.8304872,39.00488478,-76.49640216,2.320373826,3
263.8807534,39.00488386,-76.49640089,2.320373826,3
263.9310279,39.00488294,-76.49639963,2.320373826,3
263.9812654,39.00488202,-76.49639836,2.320373826,3
264.031495,39.0048811,-76.49639709,2.320373826,3
264.0817494,39.00488018,-76.49639583,2.320627155,3
264.1320363,39.00487926,-76.49639456,2.320627155,3
264.1822804,39.00487833,-76.49639329,2.320627155,3
264.2325635,39.00487741,-76.49639202,2.320627155,3
264.2827713,39.00487649,-76.49639076,2.320627155,3
264.3330388,39.00487557,-76.49638949,2.320627155,3
264.3832593,39.00487465,-76.49638822,2.320627155,3
264.4335079,39.00487373,-76.49638696,2.320627155,3
264.483763,39.00487281,-76.49638569,2.320627155,3
264.5340479,39.00487189,-76.49638442,2.320627155,3
264.5842758,39.00487097,-76.49638315,2.320627155,3
264.6345267,39.00487005,-76.49638189,2.320627155,3
264.6848028,39.00486913,-76.49638062,2.320627155,3
264.7350793,39.0048682,-76.49637935,2.320627155,3
264.7853189,39.00486728,-76.49637808,2.320853815,3
264.8356369,39.00486636,-76.49637682,2.320853815,3
264.8859186,39.00486544,-76.49637555,2.320853815,3
264.9361698,39.00486452,-76.49637428,2.320853815,3
264.9863835,39.0048636,-76.49637302,2.320853815,3
265.0366229,39.00486268,-76.49637175,2.320853815,3
265.0868811,39.00486176,-76.49637048,2.320853815,3
265.1371757,39.00486084,-76.49636922,2.320853815,3
265.1874486,39.00485992,-76.49636795,2.320853815,3
265.2377421,39.00485899,-76.49636668,2.320853815,3
265.2880287,39.00485807,-76.49636542,2.320853815,3
265.3383011,39.00485715,-76.49636415,2.320853815,3
265.3885665,39.00485623,-76.49636288,2.320853815,3
265.4388923,39.00485531,-76.49636161,2.321054797,3
265.4891598,39.00485439,-76.49636035,2.321054797,3
265.5394273,39.00485347,-76.49635908,2.321054797,3
265.5897215,39.00485255,-76.49635781,2.321054797,3
265.6399863,39.00485162,-76.49635655,2.321054797,3
265.6902502,39.0048507,-76.49635528,2.321054797,3
265.740475,39.00484978,-76.49635401,2.321054797,3
265.7907458,39.00484886,-76.49635275,2.321054797,3
265.8410017,39.00484794,-76.49635148,2.321054797,3
265.8912732,39.00484702,-76.49635021,2.321054797,3
265.9415677,39.0048461,-76.49634895,2.321054797,3
265.9918731,39.00484518,-76.49634768,2.321054797,3
266.0421238,39.00484425,-76.49634641,2.321054797,3
266.0924484,39.00484333,-76.49634515,2.321233076,3
266.1427116,39.00484241,-76.49634388,2.321233076,3
266.1929955,39.00484149,-76.49634261,2.321233076,3
266.2432814,39.00484057,-76.49634135,2.321233076,3
266.293535,39.00483965,-76.49634008,2.321233076,3
266.343832,39.00483873,-76.49633882,2.321233076,3
266.3941458,39.0048378,-76.49633755,2.321233076,3
266.4443502,39.00483688,-76.49633628,2.321233076,3
266.4946266,39.00483596,-76.49633502,2.321233076,3
266.5449407,39.00483504,-76.49633375,2.321233076,3
266.5951874,39.00483412,-76.49633248,2.321233076,3
266.645419,39.0048332,-76.49633122,2.321233076,3
266.6956611,39.00483228,-76.49632995,2.321233076,3
266.74599,39.00483135,-76.49632868,2.321233076,3
266.7962306,39.00482951,-76.49632615,2.321392585,3
266.8464584,39.00482859,-76.49632488,2.321392585,3
266.8967006,39.00482767,-76.49632362,2.321392585,3
266.9469459,39.00482674,-76.49632235,2.321392585,3
266.9971437,39.00482582,-76.49632109,2.321392585,3
267.0474015,39.0048249,-76.49631982,2.321392585,3
267.0976731,39.00482398,-76.49631855,2.321392585,3
267.147916,39.00482306,-76.49631729,2.321392585,3
267.1981623,39.00482214,-76.49631602,2.321392585,3
267.2483866,39.00482122,-76.49631475,2.321392585,3
267.2986255,39.00482029,-76.49631349,2.321392585,3
267.3488109,39.00481937,-76.49631222,2.321392585,3
267.399057,39.00481845,-76.49631095,2.321534026,3
267.4492878,39.00481753,-76.49630969,2.321534026,3
267.4995177,39.00481661,-76.49630842,2.321534026,3
267.5497567,39.00481568,-76.49630715,2.321534026,3
267.5999665,39.00481476,-76.49630589,2.321534026,3
267.6501998,39.00481384,-76.49630462,2.321534026,3
267.7004266,39.00481292,-76.49630336,2.321534026,3
267.7506531,39.004812,-76.49630209,2.321534026,3
267.8009028,39.00481108,-76.49630083,2.321534026,3
267.8511317,39.00481015,-76.49629956,2.321534026,3
267.9013475,39.00480923,-76.49629829,2.321534026,3
267.9516052,39.00480831,-76.49629703,2.321534026,3
268.0018092,39.00480739,-76.49629576,2.321534026,3
268.0521416,39.00480647,-76.49629449,2.321659487,3
268.1024081,39.00480555,-76.49629323,2.321659487,3
268.152666,39.00480462,-76.49629196,2.321659487,3
268.2029079,39.0048037,-76.4962907,2.321659487,3
268.2531594,39.00480278,-76.49628943,2.321659487,3
268.3033766,39.00480186,-76.49628817,2.321659487,3
268.3536119,39.00480094,-76.4962869,2.321659487,3
268.4038286,39.00480001,-76.49628563,2.321659487,3
268.4541677,39.00479909,-76.49628437,2.321659487,3
268.5043805,39.00479817,-76.4962831,2.321659487,3
268.5546606,39.00479725,-76.49628184,2.321659487,3
268.6049331,39.00479633,-76.49628057,2.321659487,3
268.6551684,39.0047954,-76.4962793,2.321659487,3
268.7053817,39.00479448,-76.49627804,2.321659488,3
268.7556243,39.00479356,-76.49627677,2.321771741,3
268.8058974,39.00479264,-76.4962755,2.321771741,3
268.8560987,39.00479172,-76.49627424,2.321771741,3
268.906354,39.00479079,-76.49627297,2.321771741,3
268.9565948,39.00478987,-76.49627171,2.321771741,3
269.0068745,39.00478895,-76.49627044,2.321771741,3
269.0570946,39.00478803,-76.49626918,2.321771741,3
269.1073663,39.00478711,-76.49626791,2.321771741,3
269.1576256,39.00478618,-76.49626664,2.321771741,3
269.2078549,39.00478526,-76.49626538,2.321771741,3
269.2580804,39.00478434,-76.49626411,2.321771741,3
269.3082998,39.00478342,-76.49626284,2.321771741,3
269.3585429,39.0047825,-76.49626158,2.321771741,3
269.4087679,39.00478157,-76.49626031,2.321871279,3
269.4590404,39.00478065,-76.49625905,2.321871279,3
269.509275,39.00477973,-76.49625778,2.321871279,3
269.5594792,39.00477881,-76.49625652,2.321871279,3
269.6097647,39.00477788,-76.49625525,2.321871279,3
269.6600751,39.00477696,-76.49625398,2.321871279,3
269.7103334,39.00477604,-76.49625272,2.321871279,3
269.7605718,39.00477512,-76.49625146,2.321871279,3
269.8108004,39.0047742,-76.49625019,2.321871279,3
269.8610667,39.00477328,-76.49624892,2.321871279,3
269.9113065,39.00477235,-76.49624766,2.321871279,3
269.961559,39.00477143,-76.49624639,2.321871279,3
270.0117446,39.00477051,-76.49624513,2.321871279,3
270.0620004,39.00476959,-76.49624386,2.321959572,3
270.1121876,39.00476866,-76.4962426,2.321959572,3
270.1624245,39.00476774,-76.49624133,2.321959572,3
270.2126146,39.00476682,-76.49624006,2.321959572,3
270.2630796,39.0047659,-76.4962388,2.321959572,3
270.3132747,39.00476498,-76.49623753,2.321959572,3
270.3634669,39.00476405,-76.49623627,2.321959572,3
270.4137303,39.00476313,-76.496235,2.321959572,3
270.4639927,39.00476221,-76.49623374,2.321959572,3
270.5142359,39.00476129,-76.49623247,2.321959572,3
270.564495,39.00476036,-76.4962312,2.321959572,3
270.6147411,39.00475944,-76.49622994,2.321959572,3
270.664997,39.00475852,-76.49622867,2.321959572,3
270.7152311,39.0047576,-76.49622741,2.321959572,3
270.765467,39.00475668,-76.49622614,2.322038569,3
270.8157167,39.00475575,-76.49622488,2.322038569,3
270.865989,39.00475483,-76.49622361,2.322038569,3
270.9161899,39.00475391,-76.49622234,2.322038569,3
270.9664043,39.00475299,-76.49622108,2.322038569,3
271.016649,39.00475206,-76.49621981,2.322038569,3
271.0669232,39.00475114,-76.49621855,2.322038569,3
271.1171483,39.00475022,-76.49621728,2.322038569,3
271.1674019,39.0047493,-76.49621602,2.322038569,3
271.2176416,39.00474838,-76.49621475,2.322038569,3
271.2679156,39.00474745,-76.49621349,2.322038569,3
271.3181875,39.00474653,-76.49621222,2.322038569,3
271.368454,39.00474561,-76.49621095,2.322038569,3
271.4186675,39.00474469,-76.49620969,2.322108618,3
271.4688837,39.00474376,-76.49620842,2.322108618,3
271.5191319,39.00474284,-76.49620716,2.322108618,3
271.5693501,39.00474192,-76.49620589,2.322108618,3
271.61962,39.004741,-76.49620463,2.322108618,3
271.6698844,39.00474007,-76.49620336,2.322108618,3
271.7201334,39.00473915,-76.4962021,2.322108618,3
271.7703716,39.00473823,-76.49620083,2.322108618,3
271.8206051,39.00473731,-76.49619957,2.322108618,3
271.8708179,39.00473639,-76.4961983,2.322108618,3
271.9210444,39.00473546,-76.49619704,2.322108618,3
271.971243,39.00473454,-76.49619577,2.322108618,3
272.0214556,39.00473362,-76.4961945,2.322108618,3
272.0717179,39.0047327,-76.49619324,2.322170754,3
272.1219716,39.00473177,-76.49619197,2.322170754,3
272.1721998,39.00473085,-76.49619071,2.322170754,3
272.2224578,39.00472993,-76.49618944,2.322170754,3
272.2727298,39.00472901,-76.49618818,2.322170754,3
272.3229596,39.00472808,-76.49618691,2.322170754,3
272.3731983,39.00472716,-76.49618565,2.322170754,3
272.4234054,39.00472624,-76.49618438,2.322170754,3
272.4736651,39.00472532,-76.49618312,2.322170754,3
272.5239024,39.00472439,-76.49618185,2.322170754,3
272.5741609,39.00472347,-76.49618058,2.322170754,3
272.6244146,39.00472255,-76.49617932,2.322170754,3
272.674614,39.00472163,-76.49617805,2.322170754,3
272.724901,39.0047207,-76.49617679,2.322170754,3
272.7751491,39.00471978,-76.49617552,2.322226347,3
272.8253812,39.00471886,-76.49617426,2.322226347,3
272.8756382,39.00471794,-76.49617299,2.322226348,3
272.9259043,39.00471701,-76.49617173,2.322226348,3
272.9761782,39.00471609,-76.49617046,2.322226348,3
273.0264075,39.00471517,-76.4961692,2.322226348,3
273.0766518,39.00471425,-76.49616793,2.322226348,3
273.1269079,39.00471333,-76.49616667,2.322226348,3
273.1771261,39.0047124,-76.4961654,2.322226348,3
273.2273705,39.00471148,-76.49616413,2.322226348,3
273.2776324,39.00471056,-76.49616287,2.322226348,3
273.3279351,39.00470963,-76.4961616,2.322226348,3
273.3781844,39.00470871,-76.49616034,2.322226348,3
273.4284635,39.00470779,-76.49615907,2.322275644,3
273.4787095,39.00470687,-76.49615781,2.322275644,3
273.5289643,39.00470594,-76.49615654,2.322275644,3
273.5792058,39.00470502,-76.49615528,2.322275644,3
273.6294771,39.0047041,-76.49615402,2.322275644,3
273.6797115,39.00470318,-76.49615275,2.322275644,3
273.7299303,39.00470226,-76.49615148,2.322275644,3
273.7801739,39.00470133,-76.49615022,2.322275644,3
273.8304419,39.00470041,-76.49614895,2.322275644,3
273.8807108,39.00469949,-76.49614769,2.322275644,3
273.9310333,39.00469857,-76.49614642,2.322275644,3
273.981291,39.00469764,-76.49614515,2.322275644,3
274.0316236,39.00469672,-76.49614389,2.322275644,3
274.0819094,39.0046958,-76.49614263,2.322319372,3
274.132209,39.00469487,-76.49614136,2.322319372,3
274.1824876,39.00469395,-76.4961401,2.322319372,3
274.2328048,39.00469303,-76.49613883,2.322319372,3
274.2830839,39.00469211,-76.49613757,2.322319372,3
274.3333251,39.00469119,-76.4961363,2.322319372,3
274.3836095,39.00469026,-76.49613504,2.322319372,3
274.4338895,39.00468934,-76.49613377,2.322319372,3
274.48417,39.00468842,-76.4961325,2.322319372,3
274.5344723,39.00468749,-76.49613124,2.322319372,3
274.5847617,39.00468657,-76.49612997,2.322319372,3
274.6350619,39.00468565,-76.49612871,2.322319372,3
274.6852998,39.00468473,-76.49612744,2.322319372,3
274.7355616,39.0046838,-76.49612618,2.322319372,3
274.7858675,39.00468288,-76.49612491,2.322358495,3
274.8361161,39.00468196,-76.49612365,2.322358495,3
274.8863341,39.00468104,-76.49612238,2.322358495,3
274.9366138,39.00468011,-76.49612112,2.322358495,3
274.9869102,39.00467919,-76.49611985,2.322358495,3
275.03715,39.00467827,-76.49611859,2.322358495,3
275.0874553,39.00467735,-76.49611732,2.322358495,3
275.1377215,39.00467642,-76.49611606,2.322358495,3
275.1879928,39.0046755,-76.49611479,2.322358495,3
275.238263,39.00467458,-76.49611353,2.322358496,3
275.2885036,39.00467366,-76.49611226,2.322358496,3
275.3388234,39.00467273,-76.496111,2.322358496,3
275.3891418,39.00467181,-76.49610973,2.322358496,3
275.4394273,39.00467089,-76.49610847,2.322393187,3
275.4896696,39.00466997,-76.4961072,2.322393187,3
275.5399393,39.00466904,-76.49610594,2.322393187,3
275.5901892,39.00466812,-76.49610467,2.322393187,3
275.640468,39.0046672,-76.49610341,2.322393187,3
275.6907377,39.00466628,-76.49610214,2.322393187,3
275.7410148,39.00466535,-76.49610088,2.322393187,3
275.7912319,39.00466443,-76.49609961,2.322393187,3
275.8414816,39.00466351,-76.49609835,2.322393187,3
275.8917206,39.00466258,-76.49609708,2.322393187,3
275.94196,39.00466166,-76.49609581,2.322393187,3
275.9922927,39.00466074,-76.49609455,2.322393187,3
276.0425425,39.00465982,-76.49609329,2.322393187,3
276.092831,39.00465889,-76.49609202,2.322423959,3
276.143118,39.00465797,-76.49609076,2.322423959,3
276.1933674,39.00465705,-76.49608949,2.322423959,3
276.2436464,39.00465613,-76.49608822,2.322423959,3
276.2939482,39.0046552,-76.49608696,2.322423959,3
276.3442441,39.00465428,-76.49608569,2.32242396,3
276.3944901,39.00465336,-76.49608443,2.32242396,3
276.4447406,39.00465244,-76.49608317,2.32242396,3
276.4950264,39.00465151,-76.4960819,2.322423959,3
276.5452777,39.00465059,-76.49608063,2.32242396,3
276.5955438,39.00464967,-76.49607937,2.32242396,3
276.645897,39.00464874,-76.4960781,2.32242396,3
276.6961848,39.0046469,-76.49607557,2.32242396,3
276.7463958,39.00464598,-76.49607431,2.32242396,3
276.7966091,39.00464505,-76.49607304,2.322451492,3
276.8467875,39.00464413,-76.49607178,2.322451725,3
276.8970168,39.00464321,-76.49607051,2.322451725,3
276.9472439,39.00464229,-76.49606925,2.322451725,3
276.9974661,39.00464136,-76.49606798,2.322451725,3
277.0477273,39.00464044,-76.49606672,2.322451725,3
277.0979307,39.00463952,-76.49606545,2.322451725,3
277.1481384,39.00463859,-76.49606419,2.322451725,3
277.1983441,39.00463767,-76.49606292,2.322451725,3
277.2485476,39.00463675,-76.49606166,2.322451725,3
277.2988004,39.00463583,-76.49606039,2.322451725,3
277.3490462,39.0046349,-76.49605913,2.322451725,3
277.3992729,39.00463398,-76.49605786,2.322476113,3
277.4494839,39.00463306,-76.49605659,2.322476113,3
277.4997253,39.00463214,-76.49605533,2.322476113,3
277.5499584,39.00463121,-76.49605407,2.322476113,3
277.6002608,39.00463029,-76.4960528,2.322476113,3
277.6505081,39.00462937,-76.49605154,2.322476113,3
277.7007466,39.00462845,-76.49605027,2.322476113,3
277.750997,39.00462752,-76.49604901,2.322476113,3
277.801204,39.0046266,-76.49604774,2.322476113,3
277.8514212,39.00462568,-76.49604648,2.322476114,3
277.9016743,39.00462475,-76.49604521,2.322476113,3
277.9519316,39.00462383,-76.49604395,2.322476114,3
278.0021494,39.00462291,-76.49604268,2.322476113,3
278.0523905,39.00462199,-76.49604142,2.322497747,3
278.1026159,39.00462106,-76.49604015,2.322497747,3
278.1528561,39.00462014,-76.49603889,2.322497747,3
278.2030631,39.00461922,-76.49603762,2.322497747,3
278.2532958,39.0046183,-76.49603636,2.322497747,3
278.3035124,39.00461737,-76.49603509,2.322497747,3
278.3538053,39.00461645,-76.49603383,2.322497747,3
278.4040948,39.00461553,-76.49603256,2.322497747,3
278.4543435,39.0046146,-76.4960313,2.322497747,3
278.5045498,39.00461368,-76.49603003,2.322497747,3
278.5547448,39.00461276,-76.49602877,2.322497747,3
278.60494,39.00461184,-76.4960275,2.322497747,3
278.6552223,39.00461091,-76.49602624,2.322497747,3
278.7054934,39.00460999,-76.49602497,2.322497747,3
278.7557637,39.00460907,-76.49602371,2.322517102,3
278.8060282,39.00460815,-76.49602244,2.322517102,3
278.8562965,39.00460722,-76.49602118,2.322517102,3
278.9065605,39.0046063,-76.49601991,2.322517102,3
278.9568298,39.00460538,-76.49601865,2.322517102,3
279.0070933,39.00460445,-76.49601738,2.322517102,3
279.0573448,39.00460353,-76.49601612,2.322517102,3
279.1075968,39.00460261,-76.49601485,2.322517102,3
279.1578531,39.00460169,-76.49601359,2.322517102,3
279.2080598,39.00460076,-76.49601232,2.322517102,3
279.2583118,39.00459984,-76.49601106,2.322517102,3
279.3085732,39.00459892,-76.49600979,2.322517102,3
279.3588852,39.004598,-76.49600853,2.322517102,3
279.4091429,39.00459707,-76.49600726,2.322534265,3
279.4594079,39.00459615,-76.496006,2.322534265,3
279.5096697,39.00459523,-76.49600473,2.322534265,3
279.5599287,39.0045943,-76.49600346,2.322534265,3
279.6101794,39.00459338,-76.4960022,2.322534265,3
279.6604685,39.00459246,-76.49600094,2.322534265,3
279.7107604,39.00459154,-76.49599967,2.322534265,3
279.7610598,39.00459061,-76.49599841,2.322534265,3
279.8113189,39.00458969,-76.49599714,2.322534265,3
279.8616073,39.00458877,-76.49599588,2.322534265,3
279.9119037,39.00458785,-76.49599461,2.322534265,3
279.9623316,39.00458692,-76.49599335,2.322534265,3
280.0125779,39.004586,-76.49599208,2.322534265,3
280.0628871,39.00458508,-76.49599082,2.322549489,3
280.1131502,39.00458415,-76.49598955,2.322549489,3
280.1634041,39.00458323,-76.49598829,2.322549489,3
280.2137109,39.00458231,-76.49598702,2.322549489,3
280.2639945,39.00458139,-76.49598576,2.322549489,3
280.3142568,39.00458046,-76.49598449,2.322549489,3
280.3645217,39.00457954,-76.49598323,2.322549489,3
280.4147903,39.00457862,-76.49598196,2.322549489,3
280.4650611,39.0045777,-76.4959807,2.322549489,3
280.5153323,39.00457677,-76.49597943,2.322549489,3
280.5655978,39.00457585,-76.49597817,2.322549489,3
280.6158901,39.00457493,-76.4959769,2.322549489,3
280.6661319,39.004574,-76.49597564,2.322549489,3
280.7163171,39.00457308,-76.49597437,2.32254949,3
280.7665656,39.00457216,-76.49597311,2.322563111,3
280.8167743,39.00457124,-76.49597185,2.322563111,3
280.8670613,39.00457031,-76.49597058,2.322563111,3
280.9172835,39.00456939,-76.49596932,2.322563111,3
280.9674887,39.00456847,-76.49596805,2.322563111,3
281.0177239,39.00456754,-76.49596678,2.322563111,3
281.067902,39.00456662,-76.49596552,2.322563111,3
281.1181435,39.0045657,-76.49596426,2.322563111,3
281.1684207,39.00456477,-76.49596299,2.322563111,3
281.2186549,39.00456385,-76.49596173,2.322563111,3
281.2689421,39.00456293,-76.49596046,2.322563111,3
281.3192035,39.00456201,-76.49595919,2.322563111,3
281.369442,39.00456108,-76.49595793,2.322563111,3
281.419641,39.00456016,-76.49595667,2.322575189,3
281.4699041,39.00455924,-76.4959554,2.322575189,3
281.520106,39.00455832,-76.49595414,2.322575189,3
281.5703416,39.00455739,-76.49595287,2.322575189,3
281.6205529,39.00455647,-76.49595161,2.322575189,3
281.6707738,39.00455555,-76.49595034,2.322575189,3
281.7210641,39.00455462,-76.49594908,2.322575189,3
281.7713076,39.0045537,-76.49594781,2.322575189,3
281.8215498,39.00455278,-76.49594655,2.322575189,3
281.8717562,39.00455186,-76.49594528,2.322575189,3
281.9220268,39.00455093,-76.49594402,2.322575189,3
281.972245,39.00455001,-76.49594275,2.322575189,3
282.0224403,39.00454909,-76.49594149,2.322575189,3
282.0726246,39.00454817,-76.49594022,2.322585903,3
282.1228566,39.00454724,-76.49593896,2.322585903,3
282.1730579,39.00454632,-76.49593769,2.322585903,3
282.2232984,39.0045454,-76.49593643,2.322585903,3
282.2734942,39.00454447,-76.49593516,2.322585903,3
282.3237048,39.00454355,-76.4959339,2.322585903,3
282.3739737,39.00454263,-76.49593263,2.322585903,3
282.4242287,39.00454171,-76.49593137,2.322585903,3
282.4745056,39.00454078,-76.4959301,2.322585903,3
282.5247395,39.00453986,-76.49592884,2.322585903,3
282.5749548,39.00453894,-76.49592757,2.322585903,3
282.6252309,39.00453801,-76.49592631,2.322585903,3
282.6754759,39.00453709,-76.49592504,2.322585903,3
282.7257615,39.00453617,-76.49592378,2.322585903,3
282.7760186,39.00453525,-76.49592251,2.322595489,3
282.8262444,39.00453432,-76.49592125,2.322595489,3
282.8764446,39.0045334,-76.49591999,2.322595489,3
282.9266557,39.00453248,-76.49591872,2.322595489,3
282.9768778,39.00453155,-76.49591746,2.322595489,3
283.027075,39.00453063,-76.49591619,2.322595489,3
283.0773283,39.00452971,-76.49591493,2.322595489,3
283.1276177,39.00452878,-76.49591366,2.322595489,3
283.1779596,39.00452786,-76.49591239,2.322595489,3
283.2625284,39.00452694,-76.49591113,2.322595489,3
283.3128056,39.00452509,-76.4959086,2.322595489,3
283.363181,39.00452417,-76.49590733,2.322595489,3
283.4134543,39.00452325,-76.49590607,2.322603989,3
283.463697,39.00452233,-76.49590481,2.322603989,3
283.5139867,39.0045214,-76.49590354,2.322603989,3
283.5642366,39.00452048,-76.49590228,2.322603989,3
283.6144917,39.00451956,-76.49590101,2.322603989,3
283.6647221,39.00451864,-76.49589975,2.322603989,3
283.7149857,39.00451771,-76.49589848,2.322603989,3
283.7652325,39.00451679,-76.49589722,2.322603989,3
283.8154705,39.00451587,-76.49589595,2.322603989,3
283.8657849,39.00451494,-76.49589469,2.322603989,3
283.9160664,39.00451402,-76.49589342,2.322603989,3
283.9662871,39.0045131,-76.49589216,2.322603989,3
284.016527,39.00451217,-76.49589089,2.322603989,3
284.066791,39.00451125,-76.49588963,2.322611528,3
284.117044,39.00451033,-76.49588836,2.322611528,3
284.1673744,39.00450941,-76.4958871,2.322611528,3
284.2175743,39.00450848,-76.49588583,2.322611528,3
284.2678082,39.00450756,-76.49588457,2.322611528,3
284.3180362,39.00450664,-76.4958833,2.322611528,3
284.3682768,39.00450572,-76.49588204,2.322611528,3
284.4184754,39.00450479,-76.49588077,2.322611528,3
284.4686754,39.00450387,-76.49587951,2.322611528,3
284.5189625,39.00450295,-76.49587824,2.322611528,3
284.5692621,39.00450202,-76.49587698,2.322611528,3
284.6194935,39.0045011,-76.49587571,2.322611528,3
284.6697445,39.00450018,-76.49587445,2.322611528,3
284.7199681,39.00449925,-76.49587318,2.322611528,3
284.7702033,39.00449833,-76.49587192,2.322618274,3
284.8204157,39.00449741,-76.49587066,2.322618274,3
284.8706469,39.00449649,-76.49586939,2.322618274,3
284.9208688,39.00449556,-76.49586813,2.322618274,3
284.971084,39.00449464,-76.49586686,2.322618274,3
285.0213436,39.00449372,-76.4958656,2.322618274,3
285.0715313,39.00449279,-76.49586433,2.322618274,3
285.12181,39.00449187,-76.49586307,2.322618274,3
285.1720508,39.00449095,-76.4958618,2.322618274,3
285.2223311,39.00449003,-76.49586054,2.322618274,3
285.2725133,39.0044891,-76.49585927,2.322618274,3
285.3227872,39.00448818,-76.49585801,2.322618274,3
285.3731103,39.00448726,-76.49585674,2.322618274,3
285.4233924,39.00448633,-76.49585548,2.322624256,3
285.4736029,39.00448541,-76.49585421,2.322624256,3
285.5238831,39.00448449,-76.49585295,2.322624256,3
285.5741036,39.00448357,-76.49585168,2.322624256,3
285.6243674,39.00448264,-76.49585042,2.322624256,3
285.6746326,39.00448172,-76.49584915,2.322624256,3
285.7249141,39.0044808,-76.49584789,2.322624256,3
285.7751298,39.00447987,-76.49584662,2.322624256,3
285.8253516,39.00447895,-76.49584536,2.322624256,3
285.875618,39.00447803,-76.49584409,2.322624256,3
285.9259242,39.00447711,-76.49584283,2.322624256,3
285.9761707,39.00447618,-76.49584156,2.322624256,3
286.0264047,39.00447526,-76.4958403,2.322624256,3
286.0766611,39.00447434,-76.49583903,2.322629562,3
286.1268834,39.00447342,-76.49583777,2.322629562,3
286.1771797,39.00447249,-76.4958365,2.322629562,3
286.2274667,39.00447157,-76.49583524,2.322629562,3
286.2777208,39.00447065,-76.49583397,2.322629562,3
286.3280547,39.00446972,-76.49583271,2.322629562,3
286.378316,39.0044688,-76.49583144,2.322629562,3
286.4285289,39.00446788,-76.49583018,2.322629562,3
286.4787915,39.00446696,-76.49582892,2.322629562,3
286.5291033,39.00446603,-76.49582765,2.322629562,3
286.5793677,39.00446511,-76.49582639,2.322629562,3
286.6296676,39.00446419,-76.49582512,2.322629562,3
286.6799518,39.00446326,-76.49582386,2.322629562,3
286.7302216,39.00446234,-76.49582259,2.322629562,3
286.780502,39.00446142,-76.49582133,2.32263431,3
286.8307642,39.00446049,-76.49582006,2.32263431,3
286.8810625,39.00445957,-76.49581879,2.32263431,3
286.9313364,39.00445865,-76.49581753,2.32263431,3
286.9815876,39.00445773,-76.49581627,2.32263431,3
287.0320471,39.0044568,-76.495815,2.32263431,3
287.0822412,39.00445588,-76.49581374,2.32263431,3
287.1324837,39.00445496,-76.49581247,2.32263431,3
287.1826898,39.00445404,-76.49581121,2.32263431,3
287.2329452,39.00445311,-76.49580994,2.32263431,3
287.2831604,39.00445219,-76.49580867,2.32263431,3
287.3334285,39.00445127,-76.49580741,2.32263431,3
287.3837179,39.00445034,-76.49580615,2.32263431,3
287.4339988,39.00444942,-76.49580488,2.322638519,3
287.4842518,39.0044485,-76.49580362,2.322638519,3
287.534495,39.00444758,-76.49580235,2.322638519,3
287.5847126,39.00444665,-76.49580109,2.322638519,3
287.6350084,39.00444573,-76.49579982,2.322638519,3
287.6852893,39.00444481,-76.49579856,2.322638519,3
287.7356394,39.00444388,-76.49579729,2.322638519,3
287.7859016,39.00444296,-76.49579603,2.322638519,3
287.8361702,39.00444204,-76.49579477,2.322638519,3
287.8864446,39.00444111,-76.4957935,2.322638519,3
287.9366888,39.00444019,-76.49579224,2.322638519,3
287.9869883,39.00443927,-76.49579097,2.322638519,3
288.0372402,39.00443835,-76.49578971,2.322638519,3
288.0874923,39.00443742,-76.49578844,2.322642253,3
288.1377984,39.0044365,-76.49578718,2.322642253,3
288.1880917,39.00443558,-76.49578591,2.322642253,3
288.2384047,39.00443466,-76.49578465,2.322642253,3
288.2886338,39.00443373,-76.49578338,2.322642253,3
288.3389327,39.00443281,-76.49578212,2.322642253,3
288.3892265,39.00443189,-76.49578085,2.322642253,3
288.4395168,39.00443096,-76.49577959,2.322642253,3
288.4897854,39.00443004,-76.49577832,2.322642253,3
288.5400859,39.00442912,-76.49577706,2.322642253,3
288.5903294,39.0044282,-76.49577579,2.322642253,3
288.6405701,39.00442727,-76.49577453,2.322642253,3
288.6908269,39.00442635,-76.49577326,2.322642253,3
288.7411383,39.00442543,-76.495772,2.322642253,3
288.7913725,39.0044245,-76.49577073,2.322645594,3
288.8416217,39.00442358,-76.49576947,2.322645594,3
288.8918515,39.00442266,-76.4957682,2.322645594,3
288.9420822,39.00442173,-76.49576694,2.322645594,3
288.9923224,39.00442081,-76.49576567,2.322645594,3
289.042622,39.00441989,-76.49576441,2.322645594,3
289.092912,39.00441897,-76.49576314,2.322645594,3
289.1431718,39.00441804,-76.49576188,2.322645594,3
289.1934215,39.00441712,-76.49576062,2.322645594,3
289.2437015,39.0044162,-76.49575935,2.322645594,3
289.2939423,39.00441527,-76.49575808,2.322645594,3
289.3442727,39.00441435,-76.49575682,2.322645594,3
289.394555,39.00441343,-76.49575556,2.322645594,3
289.4448162,39.00441251,-76.49575429,2.322648557,3
289.4951039,39.00441158,-76.49575303,2.322648557,3
289.5454184,39.00441066,-76.49575176,2.322648557,3
289.5957509,39.00440974,-76.4957505,2.322648557,3
289.6460737,39.00440881,-76.49574923,2.322648557,3
289.6963618,39.00440697,-76.4957467,2.322648557,3
289.7466554,39.00440605,-76.49574544,2.322648557,3
289.7969425,39.00440512,-76.49574417,2.322648557,3
289.8472491,39.0044042,-76.49574291,2.322648557,3
289.8975389,39.00440328,-76.49574164,2.322648557,3
289.9478892,39.00440235,-76.49574038,2.322648557,3
289.9981393,39.00440143,-76.49573911,2.322648557,3
290.0484379,39.00440051,-76.49573785,2.322651184,3
290.0987308,39.00439959,-76.49573658,2.322651184,3
290.1491568,39.00439866,-76.49573532,2.322651184,3
290.1994776,39.00439774,-76.49573405,2.322651184,3
290.249864,39.00439682,-76.49573279,2.322651184,3
290.300166,39.00439589,-76.49573152,2.322651184,3
290.3504587,39.00439497,-76.49573026,2.322651184,3
290.4007208,39.00439405,-76.49572899,2.322651184,3
290.4509784,39.00439313,-76.49572773,2.322651184,3
290.5012644,39.0043922,-76.49572646,2.322651184,3
290.5516008,39.00439128,-76.4957252,2.322651184,3
290.6019232,39.00439036,-76.49572394,2.322651185,3
290.652234,39.00438943,-76.49572267,2.322651185,3
290.7025224,39.00438851,-76.49572141,2.322651185,3
290.7528677,39.00438759,-76.49572014,2.322653536,3
290.80315,39.00438667,-76.49571888,2.322653536,3
290.8533939,39.00438574,-76.49571761,2.322653536,3
290.9036764,39.00438482,-76.49571635,2.322653536,3
290.953951,39.0043839,-76.49571508,2.322653536,3
291.0041687,39.00438297,-76.49571382,2.322653536,3
291.0544235,39.00438205,-76.49571255,2.322653536,3
291.1046709,39.00438113,-76.49571129,2.322653536,3
291.154904,39.0043802,-76.49571002,2.322653536,3
291.2051544,39.00437928,-76.49570876,2.322653536,3
291.2554107,39.00437836,-76.49570749,2.322653536,3
291.3056711,39.00437744,-76.49570623,2.322653536,3
291.3559155,39.00437651,-76.49570496,2.322653536,3
291.4061748,39.00437559,-76.4957037,2.32265562,3
291.4563751,39.00437467,-76.49570243,2.32265562,3
291.5066228,39.00437374,-76.49570117,2.32265562,3
291.5569244,39.00437282,-76.4956999,2.32265562,3
291.6071961,39.0043719,-76.49569864,2.32265562,3
291.6574652,39.00437098,-76.49569737,2.32265562,3
291.7077607,39.00437005,-76.49569611,2.32265562,3
291.7580672,39.00436913,-76.49569484,2.32265562,3
291.8083241,39.00436821,-76.49569358,2.32265562,3
291.8585587,39.00436728,-76.49569232,2.32265562,3
291.9088277,39.00436636,-76.49569105,2.32265562,3
291.9591173,39.00436544,-76.49568979,2.32265562,3
292.0094359,39.00436452,-76.49568852,2.32265562,3
292.0596493,39.00436359,-76.49568726,2.32265747,3
292.1098842,39.00436267,-76.49568599,2.32265747,3
292.1601447,39.00436175,-76.49568472,2.32265747,3
292.2104268,39.00436082,-76.49568346,2.32265747,3
292.2606634,39.0043599,-76.4956822,2.32265747,3
292.310927,39.00435898,-76.49568093,2.32265747,3
292.3611929,39.00435806,-76.49567967,2.32265747,3
292.4114498,39.00435713,-76.4956784,2.32265747,3
292.4617036,39.00435621,-76.49567714,2.32265747,3
292.5119648,39.00435529,-76.49567587,2.32265747,3
292.5622314,39.00435436,-76.49567461,2.32265747,3
292.6124856,39.00435344,-76.49567334,2.32265747,3
292.6627704,39.00435252,-76.49567208,2.32265747,3
292.7130766,39.0043516,-76.49567081,2.32265747,3
292.7633392,39.00435067,-76.49566955,2.322659124,3
292.8136176,39.00434975,-76.49566828,2.322659124,3
292.8638993,39.00434883,-76.49566702,2.322659124,3
292.9141846,39.0043479,-76.49566575,2.322659124,3
292.9644544,39.00434698,-76.49566449,2.322659124,3
293.0147688,39.00434606,-76.49566322,2.322659124,3
293.0650473,39.00434514,-76.49566196,2.322659124,3
293.1153087,39.00434421,-76.4956607,2.322659124,3
293.1655558,39.00434329,-76.49565943,2.322659124,3
293.2158298,39.00434237,-76.49565817,2.322659124,3
293.2661315,39.00434144,-76.4956569,2.322659124,3
293.3164322,39.00434052,-76.49565564,2.322659124,3
293.3766173,39.0043396,-76.49565437,2.322659124,3
293.4269218,39.00433868,-76.49565311,2.322660591,3
293.4772155,39.00433775,-76.49565184,2.322660591,3
293.5274395,39.00433683,-76.49565058,2.322660591,3
293.5776674,39.0043359,-76.49564931,2.322660591,3
293.6279257,39.00433498,-76.49564805,2.322660591,3
293.6781432,39.00433406,-76.49564678,2.322660591,3
293.7283905,39.00433314,-76.49564552,2.322660591,3
293.7786923,39.00433221,-76.49564425,2.322660591,3
293.8289851,39.00433129,-76.49564299,2.322660591,3
293.8792486,39.00433037,-76.49564172,2.322660591,3
293.9295119,39.00432945,-76.49564046,2.322660591,3
293.9797436,39.00432852,-76.49563919,2.322660591,3
294.0300259,39.0043276,-76.49563793,2.322660591,3
294.0802871,39.00432668,-76.49563666,2.322661893,3
294.1305586,39.00432575,-76.4956354,2.322661893,3
294.1808641,39.00432483,-76.49563413,2.322661893,3
294.2311446,39.00432391,-76.49563287,2.322661893,3
294.2814262,39.00432299,-76.4956316,2.322661893,3
294.3317102,39.00432206,-76.49563034,2.322661893,3
294.3819923,39.00432114,-76.49562907,2.322661893,3
294.4322853,39.00432022,-76.49562781,2.322661893,3
294.4825052,39.00431929,-76.49562655,2.322661893,3
294.5327829,39.00431837,-76.49562528,2.322661893,3
294.5830732,39.00431745,-76.49562402,2.322661893,3
294.6333369,39.00431653,-76.49562275,2.322661893,3
294.6836043,39.0043156,-76.49562149,2.322661893,3
294.7338774,39.00431468,-76.49562022,2.322661893,3
294.7840744,39.00431376,-76.49561896,2.322663057,3
294.8343189,39.00431283,-76.49561769,2.322663057,3
294.8846077,39.00431191,-76.49561643,2.322663057,3
294.9349089,39.00431099,-76.49561516,2.322663057,3
294.9851958,39.00431006,-76.4956139,2.322663057,3
295.0354493,39.00430914,-76.49561263,2.322663057,3
295.0857067,39.00430822,-76.49561137,2.322663057,3
295.1359789,39.0043073,-76.4956101,2.322663057,3
295.1862499,39.00430637,-76.49560884,2.322663057,3
295.2365448,39.00430545,-76.49560757,2.322663057,3
295.2868245,39.00430453,-76.49560631,2.322663057,3
295.3371477,39.0043036,-76.49560504,2.322663057,3
295.3873877,39.00430268,-76.49560378,2.322663057,3
295.4376511,39.00430176,-76.49560251,2.32266409,3
295.4879302,39.00430084,-76.49560125,2.32266409,3
295.5382197,39.00429991,-76.49559999,2.32266409,3
295.588533,39.00429899,-76.49559872,2.32266409,3
295.6387953,39.00429807,-76.49559746,2.32266409,3
295.6890833,39.00429714,-76.49559619,2.32266409,3
295.7393399,39.00429622,-76.49559493,2.32266409,3
295.7895579,39.0042953,-76.49559366,2.32266409,3
295.8398039,39.00429438,-76.4955924,2.32266409,3
295.8901244,39.00429345,-76.49559113,2.32266409,3
295.9403577,39.00429253,-76.49558987,2.32266409,3
295.9906184,39.00429161,-76.4955886,2.32266409,3
296.0408877,39.00429068,-76.49558734,2.32266409,3
296.0911391,39.00428976,-76.49558607,2.322665006,3
296.1413895,39.00428884,-76.49558481,2.322665006,3
296.1915994,39.00428792,-76.49558354,2.322665006,3
296.2418701,39.00428699,-76.49558228,2.322665006,3
296.2921071,39.00428607,-76.49558101,2.322665006,3
296.342342,39.00428515,-76.49557975,2.322665006,3
296.3925757,39.00428422,-76.49557849,2.322665006,3
296.4427889,39.0042833,-76.49557722,2.322665006,3
296.4930007,39.00428238,-76.49557595,2.322665006,3
296.5432209,39.00428146,-76.49557469,2.322665006,3
296.5934655,39.00428053,-76.49557343,2.322665006,3
296.6436902,39.00427961,-76.49557216,2.322665006,3
296.6939142,39.00427869,-76.4955709,2.322665006,3
296.7441239,39.00427776,-76.49556963,2.322665006,3
296.7943556,39.00427684,-76.49556837,2.322665825,3
296.8446238,39.00427592,-76.4955671,2.322665825,3
296.894892,39.004275,-76.49556584,2.322665825,3
296.945149,39.00427407,-76.49556457,2.322665825,3
296.9954025,39.00427315,-76.49556331,2.322665825,3
297.0456643,39.00427223,-76.49556204,2.322665825,3
297.0959537,39.0042713,-76.49556078,2.322665825,3
297.1461829,39.00426946,-76.49555825,2.322665825,3
297.1964295,39.00426853,-76.49555698,2.322665825,3
297.2467345,39.00426761,-76.49555572,2.322665825,3
297.296954,39.00426669,-76.49555445,2.322665825,3
297.3471898,39.00426577,-76.49555319,2.322665825,3
297.3974455,39.00426484,-76.49555192,2.322666552,3
297.4476357,39.00426392,-76.49555066,2.322666552,3
297.4978205,39.004263,-76.49554939,2.322666552,3
297.548055,39.00426207,-76.49554813,2.322666552,3
297.5983281,39.00426115,-76.49554686,2.322666552,3
297.6486034,39.00426023,-76.4955456,2.322666552,3
297.6989203,39.00425931,-76.49554433,2.322666552,3
297.7491569,39.00425838,-76.49554307,2.322666552,3
297.7993949,39.00425746,-76.49554181,2.322666552,3
297.8495862,39.00425654,-76.49554054,2.322666552,3
297.8998197,39.00425561,-76.49553928,2.322666552,3
297.9500315,39.00425469,-76.49553801,2.322666552,3
298.0002515,39.00425377,-76.49553675,2.322666552,3
298.0505021,39.00425285,-76.49553548,2.322667196,3
298.1007263,39.00425192,-76.49553422,2.322667196,3
298.1509266,39.004251,-76.49553295,2.322667196,3
298.2011449,39.00425008,-76.49553169,2.322667196,3
298.2513798,39.00424915,-76.49553042,2.322667196,3
298.3015741,39.00424823,-76.49552916,2.322667196,3
298.3518275,39.00424731,-76.49552789,2.322667196,3
298.4020402,39.00424639,-76.49552663,2.322667196,3
298.4522845,39.00424546,-76.49552536,2.322667196,3
298.502499,39.00424454,-76.4955241,2.322667196,3
298.5527379,39.00424362,-76.49552283,2.322667196,3
298.6029519,39.00424269,-76.49552157,2.322667196,3
298.6531752,39.00424177,-76.4955203,2.322667196,3
298.7034544,39.00424085,-76.49551904,2.322667196,3
298.75371,39.00423993,-76.49551777,2.322667773,3
298.8039368,39.004239,-76.49551651,2.322667773,3
298.8541684,39.00423808,-76.49551525,2.322667773,3
298.9043536,39.00423716,-76.49551398,2.322667773,3
298.9545854,39.00423623,-76.49551272,2.322667773,3
299.0047547,39.00423531,-76.49551145,2.322667773,3
299.0549739,39.00423439,-76.49551019,2.322667773,3
299.1051624,39.00423346,-76.49550892,2.322667773,3
299.1553777,39.00423254,-76.49550766,2.322667773,3
299.2055811,39.00423162,-76.49550639,2.322667773,3
299.2558151,39.0042307,-76.49550513,2.322667773,3
299.3060541,39.00422977,-76.49550386,2.322667773,3
299.3562593,39.00422885,-76.4955026,2.322667773,3
299.4064818,39.00422793,-76.49550133,2.322668284,3
299.456717,39.004227,-76.49550007,2.322668284,3
299.5069846,39.00422608,-76.4954988,2.322668284,3
299.5572246,39.00422516,-76.49549754,2.322668284,3
299.6074674,39.00422424,-76.49549627,2.322668284,3
299.6577104,39.00422331,-76.49549501,2.322668284,3
299.7078956,39.00422239,-76.49549374,2.322668284,3
299.7581129,39.00422147,-76.49549248,2.322668284,3
299.8083334,39.00422054,-76.49549121,2.322668284,3
299.8585422,39.00421962,-76.49548995,2.322668284,3
299.9087808,39.0042187,-76.49548868,2.322668284,3
299.9590241,39.00421778,-76.49548742,2.322668284,3
300.0092268,39.00421685,-76.49548616,2.322668284,3
300.0594116,39.00421593,-76.49548489,2.322668738,3
300.1096117,39.00421501,-76.49548363,2.322668738,3
300.1598516,39.00421408,-76.49548236,2.322668738,3
300.21004,39.00421316,-76.4954811,2.322668738,3
300.2602263,39.00421224,-76.49547983,2.322668738,3
300.3104003,39.00421132,-76.49547857,2.322668738,3
300.3606062,39.00421039,-76.4954773,2.322668738,3
300.410866,39.00420947,-76.49547604,2.322668738,3
300.4611183,39.00420855,-76.49547477,2.322668738,3
300.511395,39.00420762,-76.49547351,2.322668738,3
300.5616422,39.0042067,-76.49547224,2.322668738,3
300.6118692,39.00420578,-76.49547098,2.322668738,3
300.6621389,39.00420485,-76.49546971,2.322668738,3
300.712365,39.00420393,-76.49546845,2.322668738,3
300.7625829,39.00420301,-76.49546718,2.322669143,3
300.8127544,39.00420209,-76.49546592,2.322669144,3
300.863013,39.00420116,-76.49546465,2.322669143,3
300.9132576,39.00420024,-76.49546339,2.322669143,3
300.9635013,39.00419932,-76.49546212,2.322669143,3
301.0137827,39.00419839,-76.49546086,2.322669143,3
301.0640671,39.00419747,-76.4954596,2.322669143,3
301.1143335,39.00419655,-76.49545833,2.322669143,3
301.1645462,39.00419562,-76.49545706,2.322669144,3
301.2147446,39.0041947,-76.4954558,2.322669144,3
301.2649583,39.00419378,-76.49545454,2.322669143,3
301.3151798,39.00419286,-76.49545327,2.322669144,3
301.3653816,39.00419193,-76.495452,2.322669143,3
301.4156679,39.00419101,-76.49545074,2.322669503,3
301.4659069,39.00419009,-76.49544948,2.322669503,3
301.516101,39.00418917,-76.49544821,2.322669503,3
301.5663017,39.00418824,-76.49544695,2.322669503,3
301.6164805,39.00418732,-76.49544568,2.322669503,3
301.6666851,39.0041864,-76.49544442,2.322669503,3
301.7168888,39.00418547,-76.49544315,2.322669503,3
301.7670933,39.00418455,-76.49544189,2.322669503,3
301.8172921,39.00418363,-76.49544062,2.322669503,3
301.8675234,39.0041827,-76.49543936,2.322669503,3
301.917771,39.00418178,-76.49543809,2.322669503,3
301.9680489,39.00418086,-76.49543683,2.322669503,3
302.0182741,39.00417994,-76.49543556,2.322669503,3
302.0684862,39.00417901,-76.4954343,2.322669822,3
302.1187728,39.00417809,-76.49543303,2.322669822,3
302.1690932,39.00417717,-76.49543177,2.322669822,3
302.2193616,39.00417624,-76.4954305,2.322669822,3
302.2695913,39.00417532,-76.49542924,2.322669822,3
302.3198618,39.0041744,-76.49542798,2.322669822,3
302.3700926,39.00417348,-76.49542671,2.322669823,3
302.4203208,39.00417255,-76.49542545,2.322669822,3
302.4705414,39.00417163,-76.49542418,2.322669822,3
302.5207851,39.00417071,-76.49542292,2.322669822,3
302.5710653,39.00416978,-76.49542165,2.322669822,3
302.6213442,39.00416886,-76.49542039,2.322669822,3
302.6715958,39.00416794,-76.49541912,2.322669823,3
302.7218613,39.00416702,-76.49541786,2.322669823,3
302.7721559,39.00416609,-76.49541659,2.322670108,3
302.8223897,39.00416517,-76.49541533,2.322670108,3
302.872664,39.00416425,-76.49541406,2.322670108,3
302.9229019,39.00416332,-76.4954128,2.322670108,3
302.9731338,39.0041624,-76.49541153,2.322670108,3
303.023327,39.00416148,-76.49541027,2.322670108,3
303.0735982,39.00416056,-76.495409,2.322670108,3
303.1238027,39.00415963,-76.49540774,2.322670108,3
303.1740792,39.00415871,-76.49540648,2.322670108,3
303.2243407,39.00415779,-76.49540521,2.322670108,3
303.2746026,39.00415686,-76.49540394,2.322670108,3
303.3249181,39.00415594,-76.49540268,2.322670108,3
303.3751497,39.00415502,-76.49540141,2.322670108,3
303.4254012,39.0041541,-76.49540015,2.322670361,3
303.4756026,39.00415317,-76.49539889,2.322670361,3
303.5258873,39.00415225,-76.49539762,2.322670361,3
303.5761092,39.00415133,-76.49539636,2.322670361,3
303.6263277,39.0041504,-76.49539509,2.322670361,3
303.6765915,39.00414948,-76.49539383,2.322670361,3
303.7268629,39.00414856,-76.49539256,2.322670361,3
303.7770876,39.00414763,-76.4953913,2.322670361,3
303.8273102,39.00414671,-76.49539003,2.322670361,3
303.8775643,39.00414579,-76.49538877,2.322670361,3
303.9278596,39.00414487,-76.4953875,2.322670361,3
303.978125,39.00414394,-76.49538624,2.322670361,3
304.0283332,39.00414302,-76.49538497,2.322670361,3
304.0785818,39.0041421,-76.49538371,2.322670586,3
304.1287784,39.00414117,-76.49538244,2.322670586,3
304.1790629,39.00414025,-76.49538118,2.322670586,3
304.2293301,39.00413933,-76.49537991,2.322670586,3
304.2795884,39.00413841,-76.49537865,2.322670586,3
304.329907,39.00413748,-76.49537739,2.322670586,3
304.3801264,39.00413656,-76.49537612,2.322670586,3
304.4303681,39.00413564,-76.49537485,2.322670586,3
304.4805892,39.00413471,-76.49537359,2.322670586,3
304.5308817,39.00413379,-76.49537233,2.322670586,3
304.5811248,39.00413287,-76.49537106,2.322670586,3
304.6314137,39.00413194,-76.4953698,2.322670586,3
304.6816674,39.00413102,-76.49536853,2.322670586,3
304.7319266,39.0041301,-76.49536727,2.322670586,3
304.7821252,39.00412918,-76.495366,2.322670787,3
304.8323461,39.00412825,-76.49536474,2.322670787,3
304.8826039,39.00412733,-76.49536347,2.322670787,3
304.9328534,39.00412641,-76.49536221,2.322670787,3
304.983069,39.00412548,-76.49536094,2.322670787,3
305.0333341,39.00412456,-76.49535968,2.322670787,3
305.0836112,39.00412364,-76.49535841,2.322670787,3
305.1338526,39.00412272,-76.49535715,2.322670787,3
305.1840686,39.00412179,-76.49535588,2.322670787,3
305.2343066,39.00412087,-76.49535462,2.322670787,3
305.284586,39.00411995,-76.49535335,2.322670787,3
305.3348804,39.00411902,-76.49535209,2.322670787,3
305.3851516,39.0041181,-76.49535083,2.322670787,3
305.4354045,39.00411718,-76.49534956,2.322670965,3
305.4856876,39.00411626,-76.49534829,2.322670965,3
305.5360023,39.00411533,-76.49534703,2.322670965,3
305.5862587,39.00411441,-76.49534576,2.322670965,3
305.636497,39.00411349,-76.4953445,2.322670965,3
305.686792,39.00411256,-76.49534324,2.322670965,3
305.7370298,39.00411164,-76.49534197,2.322670965,3
305.7872539,39.00411072,-76.49534071,2.322670965,3
305.8375081,39.0041098,-76.49533944,2.322670965,3
305.8877345,39.00410887,-76.49533818,2.322670965,3
305.9380004,39.00410795,-76.49533691,2.322670965,3
305.9882586,39.00410703,-76.49533565,2.322670965,3
306.0385563,39.0041061,-76.49533438,2.322670965,3
306.0888026,39.00410518,-76.49533312,2.322671123,3
306.1390837,39.00410426,-76.49533185,2.322671123,3
306.1892956,39.00410333,-76.49533059,2.322671123,3
306.2396222,39.00410241,-76.49532932,2.322671123,3
306.2899149,39.00410149,-76.49532806,2.322671123,3
306.3401959,39.00410057,-76.49532679,2.322671123,3
306.3904945,39.00409964,-76.49532553,2.322671123,3
306.4407455,39.00409872,-76.49532426,2.322671123,3
306.4910148,39.0040978,-76.495323,2.322671123,3
306.5412872,39.00409688,-76.49532174,2.322671123,3
306.591612,39.00409595,-76.49532047,2.322671123,3
306.6419379,39.00409503,-76.4953192,2.322671123,3
306.6922238,39.00409411,-76.49531794,2.322671123,3
306.7425156,39.00409318,-76.49531668,2.322671123,3
306.7927592,39.00409226,-76.49531541,2.322671265,3
306.8432363,39.00409134,-76.49531415,2.322671264,3
306.8935009,39.00409042,-76.49531288,2.322671264,3
306.9437218,39.00408949,-76.49531162,2.322671265,3
306.9939351,39.00408857,-76.49531035,2.322671265,3
307.0442073,39.00408765,-76.49530909,2.322671265,3
307.0944362,39.00408672,-76.49530782,2.322671264,3
307.1447506,39.0040858,-76.49530656,2.322671265,3
307.1950399,39.00408488,-76.49530529,2.322671265,3
307.2453024,39.00408395,-76.49530403,2.322671265,3
307.2956151,39.00408303,-76.49530276,2.322671265,3
307.3459331,39.00408211,-76.4953015,2.322671264,3
307.3962161,39.00408026,-76.49529897,2.32267139,3
307.4464909,39.00407934,-76.4952977,2.32267139,3
307.4967602,39.00407842,-76.49529644,2.32267139,3
307.5470388,39.00407749,-76.49529517,2.32267139,3
307.5972813,39.00407657,-76.49529391,2.32267139,3
307.6476017,39.00407565,-76.49529264,2.32267139,3
307.6979024,39.00407472,-76.49529138,2.32267139,3
307.7481347,39.0040738,-76.49529011,2.32267139,3
307.7983761,39.00407288,-76.49528885,2.32267139,3
307.8486107,39.00407196,-76.49528759,2.32267139,3
307.8989069,39.00407103,-76.49528632,2.32267139,3
307.9491569,39.00407011,-76.49528506,2.32267139,3
307.9994209,39.00406919,-76.49528379,2.32267139,3
308.0496807,39.00406826,-76.49528253,2.322671501,3
308.0999485,39.00406734,-76.49528126,2.322671501,3
308.1501896,39.00406642,-76.49528,2.322671501,3
308.20046,39.0040655,-76.49527873,2.322671501,3
308.2507196,39.00406457,-76.49527747,2.322671501,3
308.3009878,39.00406365,-76.4952762,2.322671501,3
308.3512547,39.00406273,-76.49527494,2.322671501,3
308.4015071,39.0040618,-76.49527367,2.322671501,3
308.4517497,39.00406088,-76.49527241,2.322671501,3
308.5020239,39.00405996,-76.49527114,2.322671501,3
308.5522569,39.00405904,-76.49526988,2.322671501,3
308.6025347,39.00405811,-76.49526861,2.322671501,3
308.6528017,39.00405719,-76.49526735,2.322671501,3
308.7030489,39.00405627,-76.49526608,2.322671501,3
308.7533202,39.00405534,-76.49526482,2.322671601,3
308.8035602,39.00405442,-76.49526355,2.322671601,3
308.8538536,39.0040535,-76.49526229,2.322671601,3
308.9040639,39.00405258,-76.49526103,2.322671601,3
308.9542971,39.00405165,-76.49525976,2.322671601,3
309.0045126,39.00405073,-76.4952585,2.322671601,3
309.0547139,39.00404981,-76.49525723,2.322671601,3
309.1049252,39.00404888,-76.49525597,2.322671601,3
309.1551812,39.00404796,-76.4952547,2.322671601,3
309.2054399,39.00404704,-76.49525344,2.322671601,3
309.2557005,39.00404612,-76.49525217,2.322671601,3
309.3059308,39.00404519,-76.49525091,2.322671601,3
309.3561362,39.00404427,-76.49524964,2.322671601,3
309.4063894,39.00404335,-76.49524838,2.322671689,3
309.4566301,39.00404242,-76.49524711,2.322671689,3
309.5068625,39.0040415,-76.49524585,2.322671689,3
309.557087,39.00404058,-76.49524458,2.322671689,3
309.6072855,39.00403965,-76.49524332,2.322671689,3
309.6575353,39.00403873,-76.49524205,2.322671689,3
309.7078039,39.00403781,-76.49524079,2.322671689,3
309.7580914,39.00403689,-76.49523952,2.322671689,3
309.8083269,39.00403596,-76.49523826,2.322671689,3
309.8585655,39.00403504,-76.49523699,2.322671689,3
309.9088168,39.00403412,-76.49523573,2.322671689,3
309.9590974,39.00403319,-76.49523447,2.322671689,3
310.009346,39.00403227,-76.4952332,2.322671689,3
310.0596124,39.00403135,-76.49523194,2.322671767,3
310.1098089,39.00403043,-76.49523067,2.322671767,3
310.1600732,39.0040295,-76.49522941,2.322671767,3
310.2103323,39.00402858,-76.49522814,2.322671767,3
310.2605898,39.00402766,-76.49522688,2.322671767,3
310.3108231,39.00402673,-76.49522561,2.322671767,3
310.361043,39.00402581,-76.49522435,2.322671767,3
310.4112831,39.00402489,-76.49522308,2.322671767,3
310.461481,39.00402396,-76.49522182,2.322671767,3
310.5116952,39.00402304,-76.49522055,2.322671767,3
310.5619189,39.00402212,-76.49521929,2.322671767,3
310.6121622,39.0040212,-76.49521802,2.322671767,3
310.6624167,39.00402027,-76.49521676,2.322671767,3
310.712697,39.00401935,-76.49521549,2.322671767,3
310.7629769,39.00401843,-76.49521423,2.322671837,3
310.8131875,39.0040175,-76.49521296,2.322671837,3
310.8634165,39.00401658,-76.4952117,2.322671837,3
310.9136507,39.00401566,-76.49521043,2.322671837,3
310.9639096,39.00401474,-76.49520917,2.322671837,3
311.0141625,39.00401381,-76.4952079,2.322671837,3
311.064425,39.00401289,-76.49520664,2.322671837,3
311.1146714,39.00401197,-76.49520538,2.322671837,3
311.164913,39.00401104,-76.49520411,2.322671837,3
311.2151427,39.00401012,-76.49520285,2.322671837,3
311.2653699,39.0040092,-76.49520158,2.322671837,3
311.3156499,39.00400828,-76.49520032,2.322671837,3
311.3658777,39.00400735,-76.49519905,2.322671837,3
311.4161666,39.00400643,-76.49519778,2.322671899,3
311.4663638,39.00400551,-76.49519652,2.322671899,3
311.5166021,39.00400459,-76.49519526,2.322671899,3
311.5669416,39.00400366,-76.49519399,2.322671899,3
311.6171811,39.00400274,-76.49519273,2.322671899,3
311.6674209,39.00400182,-76.49519146,2.322671899,3
311.717703,39.00400089,-76.4951902,2.322671899,3
311.7679462,39.00399997,-76.49518893,2.322671899,3
311.8181528,39.00399905,-76.49518767,2.322671899,3
311.8683696,39.00399812,-76.4951864,2.322671899,3
311.9185571,39.0039972,-76.49518514,2.322671899,3
311.9687836,39.00399628,-76.49518387,2.322671899,3
312.0190642,39.00399535,-76.49518261,2.322671899,3
312.0693068,39.00399443,-76.49518135,2.322671954,3
312.1195551,39.00399351,-76.49518008,2.322671954,3
312.1698573,39.00399259,-76.49517882,2.322671954,3
312.2201057,39.00399166,-76.49517755,2.322671954,3
312.2703545,39.00399074,-76.49517628,2.322671954,3
312.3206288,39.00398982,-76.49517502,2.322671954,3
312.3709368,39.00398889,-76.49517376,2.322671954,3
312.421162,39.00398797,-76.49517249,2.322671954,3
312.4714146,39.00398705,-76.49517123,2.322671954,3
312.5216381,39.00398613,-76.49516996,2.322671954,3
312.5718834,39.0039852,-76.4951687,2.322671954,3
312.622099,39.00398428,-76.49516743,2.322671954,3
312.6723408,39.00398336,-76.49516617,2.322671954,3
312.7226166,39.00398243,-76.4951649,2.322671954,3
312.7728274,39.00398151,-76.49516364,2.322672004,3
312.8230949,39.00398059,-76.49516237,2.322672004,3
312.8733499,39.00397967,-76.49516111,2.322672004,3
312.9235469,39.00397874,-76.49515984,2.322672004,3
312.9738198,39.00397782,-76.49515858,2.322672004,3
313.0240899,39.0039769,-76.49515731,2.322672004,3
313.0743582,39.00397597,-76.49515605,2.322672004,3
313.1246976,39.00397505,-76.49515479,2.322672004,3
313.1749868,39.00397413,-76.49515352,2.322672004,3
313.2252754,39.0039732,-76.49515226,2.322672004,3
313.2755548,39.00397228,-76.49515099,2.322672004,3
313.3258681,39.00397136,-76.49514973,2.322672004,3
313.3760889,39.00397044,-76.49514846,2.322672004,3
313.4263465,39.00396951,-76.4951472,2.322672047,3
313.4765705,39.00396859,-76.49514593,2.322672047,3
313.5268167,39.00396767,-76.49514467,2.322672047,3
313.5770783,39.00396675,-76.4951434,2.322672047,3
313.6272738,39.00396582,-76.49514214,2.322672047,3
313.6775128,39.0039649,-76.49514087,2.322672047,3
313.7277693,39.00396398,-76.49513961,2.322672047,3
313.7780416,39.00396305,-76.49513834,2.322672047,3
313.8282511,39.00396213,-76.49513708,2.322672047,3
313.8785086,39.00396121,-76.49513581,2.322672047,3
313.9287335,39.00396029,-76.49513455,2.322672047,3
313.9789431,39.00395936,-76.49513328,2.322672047,3
314.0292107,39.00395844,-76.49513202,2.322672047,3
314.079412,39.00395751,-76.49513075,2.322672086,3
314.1296934,39.00395659,-76.49512949,2.322672086,3
314.1799457,39.00395567,-76.49512823,2.322672086,3
314.2301812,39.00395474,-76.49512696,2.322672086,3
314.280462,39.00395382,-76.4951257,2.322672086,3
314.3307144,39.0039529,-76.49512443,2.322672086,3
314.3809864,39.00395198,-76.49512317,2.322672086,3
314.431272,39.00395106,-76.4951219,2.322672086,3
314.4815222,39.00395013,-76.49512064,2.322672086,3
314.5317741,39.00394921,-76.49511937,2.322672086,3
314.5820296,39.00394829,-76.49511811,2.322672086,3
314.6322874,39.00394736,-76.49511684,2.322672086,3
314.6825717,39.00394644,-76.49511558,2.322672086,3
314.7328133,39.00394552,-76.49511431,2.322672086,3
314.7830319,39.00394459,-76.49511305,2.322672121,3
314.8332695,39.00394367,-76.49511178,2.322672121,3
314.8835345,39.00394275,-76.49511052,2.322672121,3
314.9337791,39.00394183,-76.49510925,2.322672121,3
314.9840971,39.0039409,-76.49510799,2.322672121,3
315.0342989,39.00393998,-76.49510672,2.322672121,3
315.0845391,39.00393906,-76.49510546,2.322672121,3
315.1347381,39.00393813,-76.49510419,2.322672121,3
315.184973,39.00393721,-76.49510293,2.322672121,3
315.2352008,39.00393629,-76.49510167,2.322672121,3
315.2854176,39.00393537,-76.4951004,2.322672121,3
315.3356699,39.00393444,-76.49509914,2.322672121,3
315.3859406,39.00393352,-76.49509787,2.322672121,3
315.4361997,39.0039326,-76.49509661,2.322672151,3
315.4864702,39.00393167,-76.49509534,2.322672151,3
315.5367183,39.00393075,-76.49509408,2.322672151,3
315.5869904,39.00392983,-76.49509281,2.322672151,3
315.637183,39.00392891,-76.49509155,2.322672151,3
315.687392,39.00392798,-76.49509028,2.322672151,3
315.7375849,39.00392706,-76.49508902,2.322672151,3
315.7878941,39.00392614,-76.49508775,2.322672151,3
315.8381348,39.00392521,-76.49508649,2.322672151,3
315.8883786,39.00392429,-76.49508522,2.322672151,3
315.9386065,39.00392337,-76.49508396,2.322672151,3
315.9888745,39.00392244,-76.49508269,2.322672151,3
316.0391255,39.00392152,-76.49508143,2.322672151,3
316.0893919,39.0039206,-76.49508016,2.322672179,3
316.1396354,39.00391968,-76.4950789,2.322672179,3
316.1898639,39.00391875,-76.49507763,2.322672179,3
316.2400866,39.00391783,-76.49507637,2.322672179,3
316.2903365,39.00391691,-76.49507511,2.322672179,3
316.3406078,39.00391598,-76.49507384,2.322672179,3
316.3909301,39.00391506,-76.49507258,2.322672179,3
316.4411685,39.00391414,-76.49507131,2.322672179,3
316.4914183,39.00391322,-76.49507005,2.322672179,3
316.5416834,39.00391229,-76.49506878,2.322672179,3
316.5918988,39.00391137,-76.49506752,2.322672179,3
316.6420836,39.00391045,-76.49506625,2.322672179,3
316.6923246,39.00390952,-76.49506499,2.322672179,3
316.7425901,39.0039086,-76.49506372,2.322672179,3
316.7928807,39.00390768,-76.49506246,2.322672203,3
316.843135,39.00390676,-76.49506119,2.322672203,3
316.8934076,39.00390583,-76.49505993,2.322672203,3
316.9436561,39.00390491,-76.49505866,2.322672203,3
316.9940716,39.00390399,-76.4950574,2.322672203,3
317.0442787,39.00390306,-76.49505613,2.322672203,3
317.0944911,39.00390214,-76.49505487,2.322672203,3
317.1447101,39.00390122,-76.4950536,2.322672203,3
317.1949867,39.0039003,-76.49505234,2.322672203,3
317.2452139,39.00389937,-76.49505107,2.322672203,3
317.2954558,39.00389845,-76.49504981,2.322672203,3
317.34568,39.00389753,-76.49504855,2.322672203,3
317.3959397,39.0038966,-76.49504728,2.322672203,3
317.4461609,39.00389476,-76.49504475,2.322672225,3
317.4963817,39.00389384,-76.49504349,2.322672225,3
317.5465942,39.00389291,-76.49504222,2.322672225,3
317.5967868,39.00389199,-76.49504096,2.322672225,3
317.6470206,39.00389107,-76.49503969,2.322672225,3
317.697245,39.00389014,-76.49503843,2.322672225,3
317.7474841,39.00388922,-76.49503716,2.322672225,3
317.7977845,39.0038883,-76.4950359,2.322672225,3
317.8480156,39.00388737,-76.49503463,2.322672225,3
317.8981974,39.00388645,-76.49503337,2.322672225,3
317.9483915,39.00388553,-76.4950321,2.322672225,3
317.9985933,39.00388461,-76.49503084,2.322672225,3
318.0488108,39.00388368,-76.49502957,2.322672244,3
318.099018,39.00388276,-76.49502831,2.322672244,3
318.1492328,39.00388184,-76.49502704,2.322672244,3
318.1994203,39.00388091,-76.49502578,2.322672244,3
318.2496024,39.00387999,-76.49502451,2.322672244,3
318.2998026,39.00387907,-76.49502325,2.322672244,3
318.3500396,39.00387815,-76.49502198,2.322672244,3
318.4002337,39.00387722,-76.49502072,2.322672244,3
318.4504063,39.0038763,-76.49501946,2.322672244,3
318.5006238,39.00387538,-76.49501819,2.322672244,3
318.5509315,39.00387445,-76.49501693,2.322672244,3
318.6011162,39.00387353,-76.49501566,2.322672244,3
318.651293,39.00387261,-76.4950144,2.322672244,3
318.7015161,39.00387168,-76.49501313,2.322672244,3
318.7517449,39.00387076,-76.49501187,2.322672261,3
318.8019319,39.00386984,-76.4950106,2.322672261,3
318.8521646,39.00386892,-76.49500934,2.322672261,3
318.9023868,39.00386799,-76.49500807,2.322672261,3
318.9525693,39.00386707,-76.49500681,2.322672261,3
319.0028066,39.00386615,-76.49500554,2.322672261,3
319.0530736,39.00386522,-76.49500428,2.322672261,3
319.103277,39.0038643,-76.49500301,2.322672261,3
319.153499,39.00386338,-76.49500175,2.322672261,3
319.2037055,39.00386245,-76.49500048,2.322672261,3
319.2539009,39.00386153,-76.49499922,2.322672261,3
319.30411,39.00386061,-76.49499795,2.322672261,3
319.3543239,39.00385969,-76.49499669,2.322672261,3
319.4046018,39.00385876,-76.49499543,2.322672276,3
319.4548135,39.00385784,-76.49499416,2.322672276,3
319.5050746,39.00385692,-76.4949929,2.322672276,3
319.5553237,39.003856,-76.49499163,2.322672276,3
319.605554,39.00385507,-76.49499037,2.322672276,3
319.6557814,39.00385415,-76.4949891,2.322672276,3
319.7060707,39.00385323,-76.49498784,2.322672276,3
319.7563128,39.0038523,-76.49498657,2.322672276,3
319.8065889,39.00385138,-76.49498531,2.322672276,3
319.8567776,39.00385046,-76.49498404,2.322672276,3
319.9070023,39.00384954,-76.49498278,2.322672276,3
319.9571847,39.00384861,-76.49498151,2.322672276,3
320.0074141,39.00384769,-76.49498025,2.322672276,3
320.0576799,39.00384677,-76.49497898,2.32267229,3
320.107936,39.00384584,-76.49497772,2.32267229,3
320.1581923,39.00384492,-76.49497645,2.32267229,3
320.2084381,39.003844,-76.49497519,2.32267229,3
320.2586907,39.00384307,-76.49497392,2.32267229,3
320.3089191,39.00384215,-76.49497266,2.32267229,3
320.359169,39.00384123,-76.4949714,2.32267229,3
320.4094239,39.00384031,-76.49497013,2.32267229,3
320.4596886,39.00383938,-76.49496886,2.32267229,3
320.5099622,39.00383846,-76.4949676,2.32267229,3
320.5602115,39.00383754,-76.49496634,2.32267229,3
320.6104623,39.00383661,-76.49496507,2.32267229,3
320.6607373,39.00383569,-76.49496381,2.32267229,3
320.7109736,39.00383477,-76.49496254,2.32267229,3
320.7611722,39.00383385,-76.49496128,2.322672302,3
320.8114178,39.00383292,-76.49496001,2.322672302,3
320.8616183,39.003832,-76.49495875,2.322672302,3
320.9118046,39.00383108,-76.49495748,2.322672302,3
320.9620616,39.00383015,-76.49495621,2.322672302,3
321.012303,39.00382923,-76.49495495,2.322672302,3
321.0625048,39.00382831,-76.49495369,2.322672302,3
321.1127373,39.00382739,-76.49495242,2.322672302,3
321.1629376,39.00382646,-76.49495116,2.322672302,3
321.2131309,39.00382554,-76.49494989,2.322672302,3
321.2633792,39.00382461,-76.49494863,2.322672302,3
321.3135947,39.00382369,-76.49494736,2.322672302,3
321.3638907,39.00382277,-76.4949461,2.322672302,3
321.4141393,39.00382185,-76.49494483,2.322672312,3
321.4643838,39.00382092,-76.49494357,2.322672312,3
321.5146423,39.00382,-76.49494231,2.322672312,3
321.564863,39.00381908,-76.49494104,2.322672312,3
321.6150801,39.00381816,-76.49493978,2.322672312,3
321.6653009,39.00381723,-76.49493851,2.322672312,3
321.7155025,39.00381631,-76.49493725,2.322672312,3
321.7657572,39.00381539,-76.49493598,2.322672312,3
321.8160082,39.00381446,-76.49493472,2.322672312,3
321.866238,39.00381354,-76.49493345,2.322672312,3
321.9164255,39.00381262,-76.49493219,2.322672312,3
321.9666121,39.0038117,-76.49493092,2.322672312,3
322.0169197,39.00381077,-76.49492966,2.322672312,3
322.0671033,39.00380985,-76.49492839,2.322672322,3
322.1172984,39.00380893,-76.49492713,2.322672322,3
322.1674826,39.003808,-76.49492586,2.322672322,3
322.2177131,39.00380708,-76.4949246,2.322672322,3
322.2678975,39.00380616,-76.49492333,2.322672322,3
322.3181621,39.00380524,-76.49492207,2.322672322,3
322.3684122,39.00380431,-76.4949208,2.322672322,3
322.4186698,39.00380339,-76.49491954,2.322672322,3
322.4689432,39.00380247,-76.49491827,2.322672322,3
322.5191531,39.00380154,-76.49491701,2.322672322,3
322.5693594,39.00380062,-76.49491575,2.322672322,3
322.6195575,39.0037997,-76.49491448,2.322672322,3
322.6697855,39.00379878,-76.49491322,2.322672322,3
322.7200037,39.00379785,-76.49491195,2.322672322,3
322.7701977,39.00379693,-76.49491069,2.32267233,3
322.8204033,39.00379601,-76.49490942,2.32267233,3
322.8705894,39.00379508,-76.49490816,2.32267233,3
322.9207761,39.00379416,-76.49490689,2.32267233,3
322.9709777,39.00379324,-76.49490563,2.32267233,3
323.0211754,39.00379232,-76.49490436,2.32267233,3
323.0713696,39.00379139,-76.4949031,2.32267233,3
323.1216567,39.00379047,-76.49490183,2.32267233,3
323.1718539,39.00378955,-76.49490057,2.32267233,3
323.2220805,39.00378862,-76.4948993,2.32267233,3
323.2722662,39.0037877,-76.49489804,2.32267233,3
323.32246,39.00378678,-76.49489677,2.32267233,3
323.3726651,39.00378585,-76.49489551,2.32267233,3
323.4228761,39.00378493,-76.49489424,2.322672338,3
323.4730863,39.00378401,-76.49489298,2.322672338,3
323.5233019,39.00378309,-76.49489172,2.322672338,3
323.5735553,39.00378216,-76.49489045,2.322672338,3
323.6237729,39.00378124,-76.49488919,2.322672338,3
323.674052,39.00378032,-76.49488792,2.322672338,3
323.7242824,39.00377939,-76.49488666,2.322672338,3
323.7745138,39.00377847,-76.49488539,2.322672338,3
323.8247853,39.00377755,-76.49488413,2.322672338,3
323.8750701,39.00377662,-76.49488286,2.322672338,3
323.9253429,39.0037757,-76.4948816,2.322672338,3
323.9756207,39.00377478,-76.49488033,2.322672338,3
324.0259047,39.00377386,-76.49487907,2.322672338,3
324.0761711,39.00377293,-76.4948778,2.322672338,3
324.1264555,39.00377201,-76.49487654,2.322672345,3
324.1767403,39.00377109,-76.49487527,2.322672345,3
324.2270839,39.00377016,-76.49487401,2.322672345,3
324.2773706,39.00376924,-76.49487274,2.322672345,3
324.327633,39.00376832,-76.49487148,2.322672345,3
324.3779322,39.00376739,-76.49487021,2.322672345,3
324.4281784,39.00376647,-76.49486895,2.322672345,3
324.4784027,39.00376555,-76.49486768,2.322672345,3
324.528693,39.00376463,-76.49486642,2.322672345,3
324.5790004,39.0037637,-76.49486515,2.322672345,3
324.6292297,39.00376278,-76.49486389,2.322672345,3
324.6794789,39.00376186,-76.49486263,2.322672345,3
324.7297871,39.00376094,-76.49486136,2.322672345,3
324.780021,39.00376001,-76.4948601,2.322672351,3
324.8302711,39.00375909,-76.49485883,2.322672351,3
324.8804754,39.00375817,-76.49485757,2.322672351,3
324.9307448,39.00375724,-76.4948563,2.322672351,3
324.9810416,39.00375632,-76.49485504,2.322672351,3
325.0312881,39.0037554,-76.49485377,2.322672351,3
325.0815452,39.00375447,-76.49485251,2.322672351,3
325.1317853,39.00375355,-76.49485124,2.322672351,3
325.1820372,39.00375263,-76.49484998,2.322672351,3
325.232302,39.00375171,-76.49484871,2.322672351,3
325.2826098,39.00375078,-76.49484745,2.322672351,3
325.3329039,39.00374986,-76.49484618,2.322672351,3
325.3831684,39.00374894,-76.49484492,2.322672351,3
325.4334159,39.00374801,-76.49484365,2.322672356,3
325.4836819,39.00374709,-76.49484239,2.322672356,3
325.5339729,39.00374617,-76.49484112,2.322672356,3
325.5842326,39.00374525,-76.49483986,2.322672356,3
325.6345045,39.00374432,-76.49483859,2.322672356,3
325.6847146,39.0037434,-76.49483733,2.322672356,3
325.7349484,39.00374248,-76.49483607,2.322672356,3
325.7852435,39.00374155,-76.4948348,2.322672356,3
325.8354969,39.00374063,-76.49483354,2.322672356,3
325.8857431,39.00373971,-76.49483227,2.322672356,3
325.9360204,39.00373879,-76.49483101,2.322672356,3
325.9862603,39.00373786,-76.49482974,2.322672356,3
326.0365216,39.00373694,-76.49482848,2.322672356,3
326.0867809,39.00373602,-76.49482721,2.322672361,3
326.1370222,39.00373509,-76.49482595,2.322672361,3
326.1872489,39.00373417,-76.49482468,2.322672361,3
326.2375073,39.00373325,-76.49482342,2.322672361,3
326.2877699,39.00373232,-76.49482215,2.322672361,3
326.3380272,39.0037314,-76.49482089,2.322672361,3
326.3882836,39.00373048,-76.49481962,2.322672361,3
326.438557,39.00372956,-76.49481836,2.32267236,3
326.4887847,39.00372863,-76.49481709,2.32267236,3
326.5390564,39.00372771,-76.49481583,2.32267236,3
326.5893284,39.00372679,-76.49481457,2.322672361,3
326.6397759,39.00372586,-76.4948133,2.322672361,3
326.6900475,39.00372494,-76.49481204,2.32267236,3
326.7403162,39.00372402,-76.49481077,2.32267236,3
326.7905252,39.0037231,-76.49480951,2.322672365,3
326.8407853,39.00372217,-76.49480824,2.322672365,3
326.8910416,39.00372125,-76.49480698,2.322672365,3
326.9412655,39.00372033,-76.49480571,2.322672365,3
326.9914802,39.0037194,-76.49480445,2.322672365,3
327.0417636,39.00371848,-76.49480318,2.322672365,3
327.0920298,39.00371756,-76.49480192,2.322672365,3
327.1422355,39.00371664,-76.49480065,2.322672365,3
327.192582,39.00371571,-76.49479939,2.322672365,3
327.2429116,39.00371479,-76.49479812,2.322672365,3
327.2931673,39.00371387,-76.49479686,2.322672365,3
327.3434709,39.00371294,-76.49479559,2.322672365,3
327.3937982,39.00371202,-76.49479433,2.322672365,3
327.4442244,39.0037111,-76.49479306,2.322672368,3
327.4944378,39.00371018,-76.4947918,2.322672368,3
327.5446564,39.00370925,-76.49479054,2.322672368,3
327.5949203,39.00370833,-76.49478927,2.322672368,3
327.6451759,39.00370741,-76.494788,2.322672368,3
327.6953905,39.00370648,-76.49478674,2.322672368,3
327.7456186,39.00370556,-76.49478548,2.322672368,3
327.7958796,39.00370464,-76.49478421,2.322672368,3
327.8461365,39.00370371,-76.49478295,2.322672368,3
327.896402,39.00370187,-76.49478041,2.322672368,3
327.9466465,39.00370095,-76.49477915,2.322672368,3
327.9968478,39.00370002,-76.49477789,2.322672368,3
328.0470682,39.0036991,-76.49477662,2.322672372,3
328.0972989,39.00369818,-76.49477536,2.322672372,3
328.1475537,39.00369725,-76.49477409,2.322672372,3
328.1978257,39.00369633,-76.49477283,2.322672372,3
328.2480801,39.00369541,-76.49477156,2.322672372,3
328.2982996,39.00369449,-76.4947703,2.322672372,3
328.3485976,39.00369356,-76.49476903,2.322672372,3
328.3988747,39.00369264,-76.49476777,2.322672372,3
328.4491419,39.00369172,-76.4947665,2.322672372,3
328.4993816,39.00369079,-76.49476524,2.322672372,3
328.5496222,39.00368987,-76.49476398,2.322672372,3
328.5998662,39.00368895,-76.49476271,2.322672372,3
328.6500866,39.00368803,-76.49476145,2.322672372,3
328.7002709,39.0036871,-76.49476018,2.322672372,3
328.750499,39.00368618,-76.49475892,2.322672375,3
328.8006977,39.00368526,-76.49475765,2.322672375,3
328.8509548,39.00368433,-76.49475639,2.322672375,3
328.9012002,39.00368341,-76.49475512,2.322672375,3
328.9514385,39.00368249,-76.49475386,2.322672375,3
329.0016283,39.00368156,-76.49475259,2.322672375,3
329.0518157,39.00368064,-76.49475133,2.322672375,3
329.1020632,39.00367972,-76.49475006,2.322672375,3
329.1522513,39.0036788,-76.4947488,2.322672375,3
329.2024332,39.00367787,-76.49474753,2.322672375,3
329.2526113,39.00367695,-76.49474627,2.322672375,3
329.3027777,39.00367603,-76.494745,2.322672375,3
329.3530575,39.0036751,-76.49474374,2.322672375,3
329.4032442,39.00367418,-76.49474247,2.322672377,3
329.4534402,39.00367326,-76.49474121,2.322672377,3
329.5036181,39.00367234,-76.49473994,2.322672377,3
329.5538147,39.00367141,-76.49473868,2.322672377,3
329.6040207,39.00367049,-76.49473741,2.322672377,3
329.6542063,39.00366957,-76.49473615,2.322672377,3
329.7043828,39.00366864,-76.49473489,2.322672377,3
329.7545593,39.00366772,-76.49473362,2.322672377,3
329.8047517,39.0036668,-76.49473236,2.322672377,3
329.8549713,39.00366587,-76.49473109,2.322672377,3
329.9051526,39.00366495,-76.49472982,2.322672377,3
329.9553437,39.00366403,-76.49472856,2.322672377,3
330.0055626,39.00366311,-76.4947273,2.322672377,3
330.0557996,39.00366218,-76.49472603,2.32267238,3
330.1060547,39.00366126,-76.49472477,2.32267238,3
330.1563176,39.00366034,-76.4947235,2.32267238,3
330.2065848,39.00365941,-76.49472224,2.32267238,3
330.2568242,39.00365849,-76.49472097,2.32267238,3
330.3071097,39.00365757,-76.49471971,2.32267238,3
330.3574127,39.00365665,-76.49471844,2.32267238,3
330.4077021,39.00365572,-76.49471718,2.32267238,3
330.4579425,39.0036548,-76.49471591,2.322672379,3
330.5082143,39.00365388,-76.49471465,2.32267238,3
330.5584573,39.00365295,-76.49471338,2.322672379,3
330.6086686,39.00365203,-76.49471212,2.32267238,3
330.6589005,39.00365111,-76.49471085,2.32267238,3
330.7091075,39.00365018,-76.49470959,2.322672379,3
330.7593217,39.00364926,-76.49470833,2.322672382,3
330.8095798,39.00364834,-76.49470706,2.322672382,3
330.8598754,39.00364742,-76.49470579,2.322672382,3
330.910092,39.00364649,-76.49470453,2.322672382,3
330.9603328,39.00364557,-76.49470327,2.322672382,3
331.0105636,39.00364465,-76.494702,2.322672382,3
331.0608999,39.00364372,-76.49470074,2.322672382,3
331.1111452,39.0036428,-76.49469947,2.322672382,3
331.1613977,39.00364188,-76.49469821,2.322672382,3
331.2116619,39.00364096,-76.49469694,2.322672381,3
331.2620586,39.00364003,-76.49469568,2.322672382,3
331.31235,39.00363911,-76.49469441,2.322672382,3
331.3626393,39.00363819,-76.49469315,2.322672382,3
331.4128965,39.00363726,-76.49469188,2.322672384,3
331.4631471,39.00363634,-76.49469062,2.322672383,3
331.5133492,39.00363542,-76.49468935,2.322672383,3
331.5636501,39.0036345,-76.49468809,2.322672383,3
331.6139269,39.00363357,-76.49468682,2.322672383,3
331.6641772,39.00363265,-76.49468556,2.322672383,3
331.7144401,39.00363173,-76.49468429,2.322672383,3
331.7646689,39.0036308,-76.49468303,2.322672383,3
331.8148963,39.00362988,-76.49468177,2.322672383,3
331.8651291,39.00362896,-76.4946805,2.322672383,3
331.915321,39.00362804,-76.49467924,2.322672383,3
331.9655282,39.00362711,-76.49467797,2.322672383,3
332.0157156,39.00362619,-76.49467671,2.322672383,3
332.0659662,39.00362527,-76.49467544,2.322672385,3
332.1162115,39.00362434,-76.49467418,2.322672385,3
332.166469,39.00362342,-76.49467291,2.322672385,3
332.2166952,39.0036225,-76.49467165,2.322672385,3
332.2669375,39.00362158,-76.49467038,2.322672385,3
332.3171837,39.00362065,-76.49466912,2.322672385,3
332.3674306,39.00361973,-76.49466785,2.322672385,3
332.4176692,39.00361881,-76.49466659,2.322672385,3
332.4679521,39.00361788,-76.49466532,2.322672385,3
332.5182049,39.00361696,-76.49466406,2.322672385,3
332.5684673,39.00361604,-76.49466279,2.322672385,3
332.6186681,39.00361511,-76.49466153,2.322672385,3
332.6689035,39.00361419,-76.49466026,2.322672385,3
332.7190712,39.00361327,-76.494659,2.322672385,3
332.7692544,39.00361235,-76.49465773,2.322672386,3
332.8194813,39.00361142,-76.49465647,2.322672387,3
332.8696697,39.0036105,-76.49465521,2.322672386,3
332.9198606,39.00360958,-76.49465394,2.322672386,3
332.9700473,39.00360865,-76.49465268,2.322672386,3
333.0202528,39.00360773,-76.49465141,2.322672386,3
333.0704732,39.00360681,-76.49465015,2.322672386,3
333.1206967,39.00360589,-76.49464888,2.322672386,3
333.170946,39.00360496,-76.49464762,2.322672387,3
333.221148,39.00360404,-76.49464635,2.322672386,3
333.2713658,39.00360312,-76.49464509,2.322672386,3
333.3216054,39.00360219,-76.49464382,2.322672386,3
333.3718031,39.00360127,-76.49464256,2.322672386,3
333.4221161,39.00360035,-76.49464129,2.322672388,3
333.4723374,39.00359943,-76.49464003,2.322672388,3
333.5225828,39.0035985,-76.49463876,2.322672388,3
333.5727757,39.00359758,-76.4946375,2.322672388,3
333.6230108,39.00359666,-76.49463623,2.322672388,3
333.6732104,39.00359573,-76.49463497,2.322672388,3
333.7234355,39.00359481,-76.4946337,2.322672388,3
333.7736442,39.00359389,-76.49463244,2.322672388,3
333.8238825,39.00359296,-76.49463118,2.322672388,3
333.8741224,39.00359204,-76.49462991,2.322672388,3
333.9243468,39.00359112,-76.49462865,2.322672388,3
333.9745485,39.0035902,-76.49462738,2.322672388,3
334.0247759,39.00358927,-76.49462612,2.322672388,3
334.0749941,39.00358835,-76.49462485,2.322672389,3
334.1252468,39.00358743,-76.49462358,2.322672389,3
334.1754972,39.0035865,-76.49462232,2.322672389,3
334.2258206,39.00358558,-76.49462106,2.322672389,3
334.2760438,39.00358466,-76.49461979,2.322672389,3
334.3263486,39.00358374,-76.49461853,2.322672389,3
334.3765518,39.00358281,-76.49461726,2.322672389,3
334.4268033,39.00358189,-76.494616,2.322672389,3
334.4770677,39.00358097,-76.49461473,2.322672389,3
334.5273322,39.00358004,-76.49461347,2.322672389,3
334.5775552,39.00357912,-76.4946122,2.322672389,3
334.6278764,39.0035782,-76.49461094,2.322672389,3
334.6781231,39.00357728,-76.49460968,2.322672389,3
334.7283876,39.00357635,-76.49460841,2.322672389,3
334.7785911,39.00357543,-76.49460714,2.32267239,3
334.8288065,39.00357451,-76.49460588,2.32267239,3
334.8790361,39.00357358,-76.49460462,2.32267239,3
334.9292708,39.00357266,-76.49460335,2.32267239,3
334.9794688,39.00357174,-76.49460209,2.32267239,3
335.0297137,39.00357082,-76.49460082,2.32267239,3
335.0799101,39.00356989,-76.49459956,2.32267239,3
335.1301835,39.00356897,-76.49459829,2.32267239,3
335.1804302,39.00356805,-76.49459703,2.32267239,3
335.2306725,39.00356712,-76.49459576,2.32267239,3
335.2809254,39.0035662,-76.4945945,2.32267239,3
335.3312156,39.00356528,-76.49459323,2.32267239,3
335.3814635,39.00356435,-76.49459197,2.32267239,3
335.4317127,39.00356343,-76.4945907,2.322672391,3
335.4819653,39.00356251,-76.49458944,2.322672391,3
335.5322478,39.00356158,-76.49458817,2.322672391,3
335.5824725,39.00356066,-76.49458691,2.322672391,3
335.6327936,39.00355974,-76.49458564,2.322672391,3
335.683109,39.00355882,-76.49458438,2.322672391,3
335.7334162,39.00355789,-76.49458312,2.322672391,3
335.7836763,39.00355697,-76.49458185,2.322672391,3
335.8339785,39.00355605,-76.49458058,2.322672391,3
335.88422,39.00355513,-76.49457932,2.322672391,3
335.934455,39.0035542,-76.49457806,2.322672391,3
335.9846649,39.00355328,-76.49457679,2.322672391,3
336.034894,39.00355236,-76.49457553,2.322672391,3
336.0851421,39.00355143,-76.49457426,2.322672392,3
336.1353871,39.00355051,-76.494573,2.322672392,3
336.185611,39.00354959,-76.49457173,2.322672392,3
336.2359178,39.00354867,-76.49457047,2.322672392,3
336.2862205,39.00354774,-76.4945692,2.322672392,3
336.3365744,39.00354682,-76.49456794,2.322672392,3
336.3868126,39.0035459,-76.49456667,2.322672391,3
336.4371161,39.00354497,-76.49456541,2.322672391,3
336.4873804,39.00354405,-76.49456414,2.322672391,3
336.5376324,39.00354313,-76.49456288,2.322672391,3
336.5879273,39.00354221,-76.49456162,2.322672391,3
336.6381897,39.00354128,-76.49456035,2.322672391,3
336.6884781,39.00354036,-76.49455908,2.322672391,3
336.738726,39.00353944,-76.49455782,2.322672391,3
336.7889695,39.00353851,-76.49455656,2.322672392,3
336.8392692,39.00353759,-76.49455529,2.322672392,3
336.8895452,39.00353667,-76.49455403,2.322672392,3
336.9398183,39.00353574,-76.49455276,2.322672392,3
336.9900723,39.00353482,-76.4945515,2.322672392,3
337.0402956,39.0035339,-76.49455023,2.322672392,3
337.0905038,39.00353298,-76.49454897,2.322672392,3
337.140793,39.00353205,-76.4945477,2.322672392,3
337.1910636,39.00353113,-76.49454644,2.322672392,3
337.2413298,39.00353021,-76.49454517,2.322672392,3
337.2916213,39.00352928,-76.49454391,2.322672392,3
337.3419222,39.00352836,-76.49454264,2.322672392,3
337.3921934,39.00352744,-76.49454138,2.322672392,3
337.4424619,39.00352651,-76.49454011,2.322672393,3
337.4927173,39.00352559,-76.49453885,2.322672393,3
337.5429975,39.00352467,-76.49453758,2.322672393,3
337.5932914,39.00352374,-76.49453632,2.322672393,3
337.6435599,39.00352282,-76.49453506,2.322672393,3
337.693884,39.0035219,-76.49453379,2.322672393,3
337.7441461,39.00352098,-76.49453253,2.322672393,3
337.794417,39.00352005,-76.49453126,2.322672393,3
337.8446717,39.00351913,-76.49453,2.322672393,3
337.8949054,39.00351821,-76.49452873,2.322672393,3
337.9451426,39.00351729,-76.49452747,2.322672393,3
337.9953997,39.00351636,-76.4945262,2.322672393,3
338.0456772,39.00351544,-76.49452494,2.322672393,3
338.0959502,39.00351452,-76.49452367,2.322672393,3
338.1461714,39.00351267,-76.49452114,2.322672393,3
338.1963733,39.00351175,-76.49451988,2.322672393,3
338.246593,39.00351082,-76.49451861,2.322672393,3
338.2968015,39.0035099,-76.49451735,2.322672393,3
338.3470482,39.00350898,-76.49451608,2.322672393,3
338.3972689,39.00350806,-76.49451482,2.322672393,3
338.4475211,39.00350713,-76.49451355,2.322672393,3
338.4978046,39.00350621,-76.49451229,2.322672393,3
338.5480524,39.00350529,-76.49451102,2.322672393,3
338.5983233,39.00350436,-76.49450976,2.322672393,3
338.6485496,39.00350344,-76.49450849,2.322672393,3
338.6987428,39.00350252,-76.49450723,2.322672393,3
338.7489721,39.0035016,-76.49450597,2.322672394,3
338.7991987,39.00350067,-76.4945047,2.322672394,3
338.8494791,39.00349975,-76.49450344,2.322672394,3
338.899724,39.00349883,-76.49450217,2.322672394,3
338.9499844,39.00349791,-76.49450091,2.322672394,3
339.0001642,39.00349698,-76.49449964,2.322672394,3
339.0503995,39.00349606,-76.49449838,2.322672394,3
339.1005827,39.00349514,-76.49449711,2.322672394,3
339.150817,39.00349421,-76.49449585,2.322672394,3
339.2010513,39.00349329,-76.49449458,2.322672394,3
339.2512901,39.00349237,-76.49449332,2.322672394,3
339.3015305,39.00349144,-76.49449205,2.322672394,3
339.3518051,39.00349052,-76.49449079,2.322672394,3
339.4020982,39.0034896,-76.49448952,2.322672394,3
339.4523412,39.00348868,-76.49448826,2.322672394,3
339.50265,39.00348775,-76.49448699,2.322672394,3
339.5529214,39.00348683,-76.49448573,2.322672394,3
339.6031751,39.00348591,-76.49448447,2.322672394,3
339.6534466,39.00348498,-76.4944832,2.322672394,3
339.703678,39.00348406,-76.49448193,2.322672394,3
339.753922,39.00348314,-76.49448067,2.322672394,3
339.8041538,39.00348222,-76.49447941,2.322672394,3
339.8544238,39.00348129,-76.49447814,2.322672394,3
339.9046833,39.00348037,-76.49447688,2.322672394,3
339.9549302,39.00347945,-76.49447561,2.322672394,3
340.0051623,39.00347852,-76.49447435,2.322672394,3
340.0553707,39.0034776,-76.49447308,2.322672395,3
340.1056422,39.00347668,-76.49447182,2.322672395,3
340.1558958,39.00347575,-76.49447055,2.322672395,3
340.2061665,39.00347483,-76.49446929,2.322672395,3
340.2564024,39.00347391,-76.49446802,2.322672395,3
340.3066683,39.00347299,-76.49446676,2.322672395,3
340.3569398,39.00347206,-76.49446549,2.322672395,3
340.4072274,39.00347114,-76.49446423,2.322672395,3
340.4575142,39.00347022,-76.49446296,2.322672395,3
340.5077981,39.00346929,-76.4944617,2.322672395,3
340.5580784,39.00346837,-76.49446044,2.322672395,3
340.6083525,39.00346745,-76.49445917,2.322672395,3
340.6586101,39.00346653,-76.49445791,2.322672395,3
340.7089149,39.0034656,-76.49445664,2.322672394,3
340.7591654,39.00346468,-76.49445538,2.322672395,3
340.8094097,39.00346376,-76.49445411,2.322672395,3
340.8596589,39.00346283,-76.49445284,2.322672395,3
340.9099172,39.00346191,-76.49445158,2.322672395,3
340.9601896,39.00346099,-76.49445032,2.322672395,3
341.0104675,39.00346006,-76.49444905,2.322672395,3
341.0607402,39.00345914,-76.49444779,2.322672395,3
341.111007,39.00345822,-76.49444652,2.322672395,3
341.1612471,39.0034573,-76.49444526,2.322672395,3
341.2114782,39.00345637,-76.49444399,2.322672395,3
341.2618225,39.00345545,-76.49444273,2.322672395,3
341.3120938,39.00345453,-76.49444146,2.322672395,3
341.3623072,39.0034536,-76.4944402,2.322672395,3
341.4125077,39.00345268,-76.49443893,2.322672395,3
341.4627758,39.00345176,-76.49443767,2.322672395,3
341.5130196,39.00345084,-76.49443641,2.322672395,3
341.5632916,39.00344991,-76.49443514,2.322672395,3
341.6135795,39.00344899,-76.49443388,2.322672395,3
341.6638535,39.00344807,-76.49443261,2.322672395,3
341.7142777,39.00344715,-76.49443135,2.322672395,3
341.7645143,39.00344622,-76.49443008,2.322672395,3
341.8147478,39.0034453,-76.49442882,2.322672395,3
341.8650422,39.00344437,-76.49442755,2.322672395,3
341.9152884,39.00344345,-76.49442629,2.322672395,3
341.9655647,39.00344253,-76.49442502,2.322672395,3
342.0158904,39.00344161,-76.49442376,2.322672395,3
342.0660906,39.00344068,-76.49442249,2.322672396,3
342.1163239,39.00343976,-76.49442123,2.322672396,3
342.1666062,39.00343884,-76.49441996,2.322672396,3
342.2168734,39.00343792,-76.4944187,2.322672396,3
342.2671635,39.00343699,-76.49441743,2.322672396,3
342.3174118,39.00343607,-76.49441617,2.322672396,3
342.367654,39.00343515,-76.4944149,2.322672395,3
342.417937,39.00343422,-76.49441364,2.322672396,3
342.4682044,39.0034333,-76.49441237,2.322672395,3
342.5184708,39.00343238,-76.49441111,2.322672395,3
342.5687419,39.00343145,-76.49440984,2.322672395,3
342.6190109,39.00343053,-76.49440858,2.322672395,3
342.6692766,39.00342961,-76.49440732,2.322672395,3
342.7195605,39.00342868,-76.49440605,2.322672395,3
342.7698814,39.00342776,-76.49440479,2.322672396,3
342.8201408,39.00342684,-76.49440352,2.322672396,3
342.8703755,39.00342592,-76.49440226,2.322672396,3
342.9206275,39.00342499,-76.49440099,2.322672396,3
342.9708815,39.00342407,-76.49439973,2.322672396,3
343.0211517,39.00342315,-76.49439846,2.322672396,3
343.0713839,39.00342223,-76.4943972,2.322672396,3
343.1216037,39.0034213,-76.49439593,2.322672396,3
343.1718242,39.00342038,-76.49439467,2.322672396,3
343.2220929,39.00341946,-76.4943934,2.322672396,3
343.272305,39.00341853,-76.49439214,2.322672396,3
343.3225236,39.00341761,-76.49439087,2.322672396,3
343.3727259,39.00341669,-76.49438961,2.322672396,3
343.4229983,39.00341576,-76.49438834,2.322672396,3
343.4732026,39.00341484,-76.49438708,2.322672396,3
343.5234442,39.00341392,-76.49438581,2.322672396,3
343.5736982,39.003413,-76.49438455,2.322672396,3
343.6239045,39.00341207,-76.49438328,2.322672396,3
343.6740977,39.00341115,-76.49438202,2.322672396,3
343.7243613,39.00341023,-76.49438076,2.322672396,3
343.7745737,39.0034093,-76.49437949,2.322672396,3
343.8248103,39.00340838,-76.49437823,2.322672396,3
343.8750709,39.00340746,-76.49437696,2.322672396,3
343.9253929,39.00340654,-76.4943757,2.322672396,3
343.9756414,39.00340561,-76.49437443,2.322672396,3
344.0258972,39.00340469,-76.49437317,2.322672396,3
344.0761388,39.00340376,-76.49437191,2.326648683,3
344.1263879,39.00340284,-76.49437065,2.326648683,3
344.1766708,39.00340191,-76.49436939,2.326648683,3
344.226926,39.00340098,-76.49436813,2.326648683,3
344.2771356,39.00340006,-76.49436687,2.326648683,3
344.3273637,39.00339913,-76.49436561,2.326648683,3
344.3776252,39.0033982,-76.49436435,2.326648683,3
344.4279095,39.00339727,-76.49436309,2.326648683,3
344.4781251,39.00339635,-76.49436182,2.326648683,3
344.5283846,39.00339542,-76.49436057,2.326648683,3
344.5786329,39.00339449,-76.49435931,2.326648683,3
344.6290057,39.00339357,-76.49435805,2.326648683,3
344.6791982,39.00339264,-76.49435679,2.326648683,3
344.729448,39.00339171,-76.49435553,2.326648683,3
344.7796809,39.00339077,-76.49435428,2.339748539,3
344.8299418,39.00338983,-76.49435305,2.348275565,3
344.8801829,39.00338888,-76.49435181,2.348275565,3
344.9304465,39.00338793,-76.49435058,2.348275565,3
344.9806985,39.00338698,-76.49434935,2.348275565,3
345.0309207,39.00338603,-76.49434811,2.348275565,3
345.0812038,39.00338508,-76.49434687,2.348275565,3
345.1314368,39.00338414,-76.49434564,2.348275565,3
345.1816786,39.00338319,-76.49434441,2.348275565,3
345.2319613,39.00338224,-76.49434318,2.348275565,3
345.2822292,39.0033813,-76.49434194,2.348275565,3
345.3324859,39.00338035,-76.49434071,2.348275565,3
345.3827113,39.0033794,-76.49433947,2.348275565,3
345.4329857,39.00337844,-76.49433826,2.36136478,3
345.4832359,39.00337747,-76.49433705,2.374461283,3
345.5334681,39.00337648,-76.49433587,2.386598048,3
345.5837296,39.0033755,-76.49433468,2.386598048,3
345.6341685,39.00337451,-76.49433349,2.386598048,3
345.6844486,39.00337353,-76.49433231,2.386598048,3
345.7347382,39.00337255,-76.49433112,2.386598048,3
345.7850102,39.00337156,-76.49432993,2.386598048,3
345.8353229,39.00337058,-76.49432875,2.386598048,3
345.8855655,39.00336959,-76.49432756,2.386598048,3
345.9358826,39.00336861,-76.49432637,2.386598048,3
345.9861361,39.00336763,-76.49432519,2.386598048,3
346.0363942,39.00336664,-76.494324,2.386598048,3
346.0866522,39.00336565,-76.49432283,2.39968227,3
346.1369434,39.00336464,-76.49432168,2.412789085,3
346.1872026,39.00336362,-76.49432054,2.425864367,3
346.2375052,39.00336259,-76.49431942,2.438955237,3
346.28776,39.00336156,-76.4943183,2.439620577,3
346.338041,39.00336052,-76.49431719,2.439620577,3
346.3882954,39.00335949,-76.49431607,2.439620577,3
346.43857,39.00335846,-76.49431495,2.439620577,3
346.4888425,39.00335743,-76.49431383,2.439620577,3
346.5390992,39.0033564,-76.49431272,2.439620577,3
346.5892996,39.00335536,-76.4943116,2.439620577,3
346.6395624,39.00335433,-76.49431048,2.439620577,3
346.6898925,39.0033533,-76.49430936,2.439620577,3
346.7401426,39.00335227,-76.49430824,2.439620577,3
346.790407,39.00335123,-76.49430714,2.452675314,3
346.8406701,39.00335017,-76.49430606,2.465764047,3
346.8909465,39.00334911,-76.49430499,2.47886196,3
346.9412041,39.00334803,-76.49430395,2.491945595,3
346.9914056,39.00334694,-76.49430292,2.505037567,3
347.0416614,39.00334586,-76.49430189,2.506376351,3
347.0919572,39.00334477,-76.49430086,2.506376351,3
347.1422177,39.00334368,-76.49429983,2.506376351,3
347.1924696,39.00334259,-76.49429881,2.506376351,3
347.2427562,39.00334151,-76.49429778,2.506376351,3
347.2930424,39.00334042,-76.49429675,2.506376351,3
347.3432729,39.00333933,-76.49429572,2.506376351,3
347.3934748,39.00333824,-76.4942947,2.506376351,3
347.4437688,39.00333715,-76.49429369,2.519458452,3
347.494126,39.00333604,-76.4942927,2.532557162,3
347.5444436,39.00333492,-76.49429173,2.545645184,3
347.5947687,39.00333379,-76.49429077,2.558740307,3
347.6450677,39.00333265,-76.49428984,2.571827481,3
347.6952996,39.0033315,-76.49428892,2.584921005,3
347.7455804,39.00333036,-76.49428801,2.585237986,3
347.795881,39.00332921,-76.4942871,2.585237986,3
347.8461612,39.00332692,-76.49428527,2.585237986,3
347.8964161,39.00332577,-76.49428435,2.585237986,3
347.9466742,39.00332462,-76.49428344,2.585237986,3
347.9969304,39.00332347,-76.49428252,2.585237986,3
348.0471941,39.00332233,-76.49428161,2.585237986,3
348.0974467,39.00332117,-76.49428071,2.598331158,3
348.1478085,39.00332,-76.49427984,2.611427523,3
348.198095,39.00331883,-76.49427898,2.624533063,3
348.2483606,39.00331765,-76.49427815,2.637606335,3
348.2986219,39.00331645,-76.49427733,2.650700981,3
348.3488098,39.00331525,-76.49427653,2.663804737,3
348.399077,39.00331405,-76.49427576,2.676461572,3
348.4493258,39.00331284,-76.49427498,2.676461572,3
348.4996164,39.00331163,-76.4942742,2.676461572,3
348.5499207,39.00331042,-76.49427343,2.676461572,3
348.600157,39.00330922,-76.49427265,2.676461572,3
348.6503691,39.00330801,-76.49427187,2.676461572,3
348.700622,39.0033068,-76.4942711,2.676461572,3
348.7508571,39.00330559,-76.49427032,2.676461572,3
348.8010938,39.00330438,-76.49426956,2.689555397,3
348.8513836,39.00330315,-76.49426883,2.702645505,3
348.9016528,39.00330192,-76.49426811,2.715725551,3
348.9519007,39.00330069,-76.49426742,2.728817613,3
349.0021548,39.00329944,-76.49426674,2.741918839,3
349.0524113,39.00329819,-76.49426609,2.755017942,3
349.1026526,39.00329693,-76.49426546,2.768094409,3
349.1529318,39.00329567,-76.49426485,2.780119467,3
349.2031694,39.0032944,-76.49426424,2.780119467,3
349.2533681,39.00329314,-76.49426362,2.780119467,3
349.3036014,39.00329188,-76.49426301,2.780119467,3
349.3537775,39.00329061,-76.4942624,2.780119467,3
349.4040559,39.00328935,-76.49426179,2.780119467,3
349.4542702,39.00328808,-76.49426117,2.780119467,3
349.5044875,39.00328682,-76.49426056,2.780119467,3
349.5547363,39.00328555,-76.49425997,2.793205331,3
349.6049724,39.00328428,-76.4942594,2.806297355,3
349.6551972,39.00328299,-76.49425885,2.819402092,3
349.7054555,39.00328171,-76.49425833,2.832484667,3
349.7556754,39.00328041,-76.49425782,2.845572561,3
349.8058945,39.00327912,-76.49425734,2.85865318,3
349.8561383,39.00327781,-76.49425688,2.871749881,3
349.9063895,39.00327651,-76.49425644,2.884837256,3
349.9566521,39.0032752,-76.49425602,2.897928184,3
350.0069098,39.00327388,-76.4942556,2.898087593,3
350.0571396,39.00327257,-76.49425518,2.898087593,3
350.1073361,39.00327126,-76.49425477,2.898087593,3
350.1576147,39.00326994,-76.49425437,2.911191941,3
350.2078846,39.00326863,-76.494254,2.924268565,3
350.2581427,39.0032673,-76.49425365,2.937353709,3
350.3084149,39.00326598,-76.49425332,2.95044387,3
350.3586824,39.00326465,-76.49425301,2.96353666,3
350.4089393,39.00326332,-76.49425273,2.976612002,3
350.4591867,39.00326198,-76.49425247,2.989716509,3
350.5094205,39.00326064,-76.49425223,3.002798756,3
350.5596975,39.0032593,-76.49425201,3.015884583,3
350.609928,39.00325796,-76.49425181,3.025441805,3
350.6601729,39.00325661,-76.49425163,3.038535102,3
350.7104116,39.00325527,-76.49425147,3.051625489,3
350.7606896,39.00325392,-76.49425134,3.064717599,3
350.81094,39.00325257,-76.49425123,3.07780288,3
350.8611669,39.00325122,-76.49425114,3.090894645,3
350.9113972,39.00324987,-76.49425108,3.103985677,3
350.9616288,39.00324852,-76.49425104,3.117074486,3
351.0119333,39.00324717,-76.49425102,3.130168054,3
351.0621834,39.00324582,-76.49425102,-3.139917933,3
351.1124292,39.00324447,-76.49425105,-3.126851171,3
351.1626508,39.00324312,-76.49425109,-3.113748398,3
351.2129024,39.00324177,-76.49425116,-3.100661855,3
351.2631606,39.00324042,-76.49425126,-3.087564345,3
351.3134034,39.00323907,-76.49425137,-3.074482047,3
351.3636404,39.00323772,-76.49425151,-3.061389483,3
351.4139347,39.00323638,-76.49425168,-3.048273634,3
351.4641777,39.00323504,-76.49425186,-3.035214017,3
351.5144406,39.00323369,-76.49425207,-3.022121644,3
351.5647107,39.00323236,-76.49425229,-3.009032861,3
351.6149834,39.00323102,-76.49425255,-2.99594559,3
351.6652395,39.00322968,-76.49425282,-2.98285133,3
351.7154847,39.00322835,-76.49425312,-2.969765217,3
351.7658091,39.00322703,-76.49425343,-2.956678764,3
351.8160835,39.0032257,-76.49425378,-2.943579784,3
351.8663328,39.00322438,-76.49425414,-2.930499782,3
351.9166272,39.00322306,-76.49425452,-2.917382204,3
351.966923,39.00322175,-76.49425493,-2.904303013,3
352.0171754,39.00322044,-76.49425536,-2.891232914,3
352.0674156,39.00321914,-76.49425581,-2.878135832,3
352.1176947,39.00321784,-76.49425628,-2.865051772,3
352.1679453,39.00321654,-76.49425678,-2.851934585,3
352.2182068,39.00321525,-76.49425729,-2.838854255,3
352.2684799,39.00321397,-76.49425783,-2.825767909,3
352.3187521,39.00321269,-76.49425839,-2.81268456,3
352.3690305,39.00321141,-76.49425897,-2.799590343,3
352.4192651,39.00321015,-76.49425958,-2.786500162,3
352.4695369,39.00320889,-76.4942602,-2.773420182,3
352.5198176,39.00320763,-76.49426084,-2.760323064,3
352.5700696,39.00320639,-76.49426151,-2.747228328,3
352.6203382,39.00320515,-76.49426219,-2.73414655,3
352.6705795,39.00320391,-76.4942629,-2.721049383,3
352.7208762,39.00320269,-76.49426363,-2.707955328,3
352.7711611,39.00320147,-76.49426438,-2.694875071,3
352.8214363,39.00320025,-76.49426513,-2.693932519,3
352.8717115,39.00319903,-76.49426588,-2.693932519,3
352.9219874,39.00319781,-76.49426663,-2.693932519,3
352.9722159,39.0031966,-76.49426738,-2.693932519,3
353.0224739,39.00319538,-76.49426813,-2.693932519,3
353.0727449,39.00319416,-76.49426887,-2.693932519,3
353.1230401,39.00319294,-76.49426963,-2.693932519,3
353.173255,39.00319172,-76.49427037,-2.693932519,3
353.223535,39.00319051,-76.49427112,-2.693932519,3
353.2738243,39.00318929,-76.49427187,-2.693932519,3
353.3241146,39.00318807,-76.49427262,-2.693932519,3
353.3744191,39.00318685,-76.49427337,-2.693932519,3
353.424711,39.00318563,-76.49427412,-2.693932519,3
353.4749821,39.00318441,-76.49427487,-2.693932519,3
353.5252615,39.0031832,-76.49427562,-2.693932519,3
353.5755068,39.00318198,-76.49427637,-2.693932519,3
353.6258681,39.00318076,-76.49427712,-2.693932519,3
353.6761424,39.00317954,-76.49427787,-2.693932519,3
353.7264283,39.00317832,-76.49427862,-2.693932519,3
353.7766895,39.00317711,-76.49427937,-2.693932519,3
353.8269467,39.00317589,-76.49428012,-2.693932519,3
353.8771731,39.00317468,-76.49428089,-2.680843144,3
353.9274471,39.00317348,-76.49428168,-2.667759342,3
353.9777235,39.00317228,-76.49428248,-2.661321131,3
354.0279335,39.00317108,-76.49428328,-2.661321131,3
354.0782346,39.00316988,-76.49428408,-2.661321131,3
354.1285409,39.00316868,-76.49428488,-2.661321131,3
354.1788505,39.00316749,-76.49428568,-2.661321131,3
354.2291303,39.00316629,-76.49428648,-2.661321131,3
354.2793898,39.00316509,-76.49428728,-2.661321131,3
354.3297062,39.00316389,-76.49428808,-2.661321131,3
354.3799612,39.00316269,-76.49428888,-2.661321131,3
354.430223,39.00316149,-76.49428968,-2.661321131,3
354.4805083,39.0031603,-76.49429048,-2.661321131,3
354.5307697,39.00315911,-76.4942913,-2.648232741,3
354.581053,39.00315792,-76.49429214,-2.635125832,3
354.6313126,39.00315675,-76.49429299,-2.632085263,3
354.6816093,39.00315557,-76.49429383,-2.632085263,3
354.7319215,39.00315439,-76.49429468,-2.632085263,3
354.7821412,39.00315321,-76.49429552,-2.632085263,3
354.8323843,39.00315203,-76.49429637,-2.632085263,3
354.8826426,39.00315085,-76.49429721,-2.632085263,3
354.9329043,39.00314967,-76.49429806,-2.632085263,3
354.983158,39.00314849,-76.4942989,-2.632085263,3
355.033447,39.00314731,-76.49429974,-2.632085263,3
355.0837134,39.00314613,-76.49430059,-2.632085263,3
355.1339458,39.00314495,-76.49430143,-2.632085263,3
355.1842409,39.00314377,-76.49430228,-2.632085263,3
355.2345158,39.0031426,-76.49430314,-2.618997194,3
355.2848086,39.00314144,-76.49430403,-2.605903899,3
355.3351219,39.00314028,-76.49430491,-2.605708478,3
355.3854368,39.00313911,-76.4943058,-2.605708478,3
355.4357249,39.00313795,-76.49430668,-2.605708478,3
355.4865523,39.00313679,-76.49430757,-2.605708478,3
355.536856,39.00313563,-76.49430845,-2.605708478,3
355.5871743,39.00313446,-76.49430934,-2.605708478,3
355.6374215,39.00313331,-76.49431022,-2.605708478,3
355.6876811,39.00313214,-76.4943111,-2.605708478,3
355.7379517,39.00313098,-76.49431199,-2.605708478,3
355.7882071,39.00312982,-76.49431287,-2.605708478,3
355.8384762,39.00312866,-76.49431375,-2.605708478,3
355.8887768,39.00312751,-76.49431466,-2.592629064,3
355.9390718,39.00312636,-76.49431558,-2.582140934,3
355.9893431,39.00312522,-76.4943165,-2.582140934,3
356.0396163,39.00312407,-76.49431742,-2.582140934,3
356.0898762,39.00312293,-76.49431833,-2.582140934,3
356.1401363,39.00312178,-76.49431925,-2.582140934,3
356.1904167,39.00312064,-76.49432017,-2.582140934,3
356.2406857,39.00311949,-76.49432109,-2.582140934,3
356.2909345,39.00311835,-76.49432201,-2.582140934,3
356.3411928,39.0031172,-76.49432293,-2.582140934,3
356.3914325,39.00311606,-76.49432385,-2.582140934,3
356.4416939,39.00311491,-76.49432477,-2.582140933,3
356.4919759,39.00311377,-76.49432569,-2.582140934,3
356.5421899,39.00311262,-76.49432661,-2.582140933,3
356.5923994,39.00311149,-76.49432754,-2.569053205,3
356.6426611,39.00311035,-76.49432849,-2.560931989,3
356.6929409,39.00310922,-76.49432945,-2.560931989,3
356.743215,39.0031081,-76.49433039,-2.560931989,3
356.7934767,39.00310697,-76.49433134,-2.560931989,3
356.84376,39.00310584,-76.4943323,-2.560931989,3
356.89408,39.00310471,-76.49433325,-2.560931989,3
356.9443763,39.00310358,-76.4943342,-2.560931989,3
356.994633,39.00310245,-76.49433514,-2.560931989,3
357.0449333,39.00310132,-76.4943361,-2.560931989,3
357.0951926,39.00310019,-76.49433704,-2.560931989,3
357.1454503,39.00309906,-76.494338,-2.560931989,3
357.1957792,39.00309793,-76.49433894,-2.560931989,3
357.2460948,39.00309681,-76.49433991,-2.547833783,3
357.2963666,39.00309458,-76.49434187,-2.542035239,3
357.3465953,39.00309346,-76.49434285,-2.542035239,3
357.3968511,39.00309235,-76.49434382,-2.542035239,3
357.4470311,39.00309123,-76.4943448,-2.542035239,3
357.4972472,39.00309012,-76.49434578,-2.542035239,3
357.547473,39.003089,-76.49434676,-2.542035239,3
357.5976641,39.00308789,-76.49434773,-2.542035239,3
357.647821,39.00308677,-76.49434871,-2.542035239,3
357.6980384,39.00308565,-76.49434969,-2.542035239,3
357.7482505,39.00308454,-76.49435067,-2.542035239,3
357.7984497,39.00308342,-76.49435164,-2.542035239,3
357.8486752,39.00308231,-76.49435262,-2.542035239,3
357.8989411,39.0030812,-76.49435361,-2.528957715,3
357.949187,39.0030801,-76.49435462,-2.525068733,3
357.9993989,39.003079,-76.49435562,-2.525068733,3
358.049565,39.0030779,-76.49435662,-2.525068733,3
358.0998021,39.00307679,-76.49435762,-2.525068733,3
358.1500629,39.00307569,-76.49435862,-2.525068733,3
358.2003038,39.00307459,-76.49435962,-2.525068733,3
358.2505658,39.00307349,-76.49436062,-2.525068733,3
358.300807,39.00307238,-76.49436162,-2.525068733,3
358.3510449,39.00307128,-76.49436263,-2.525068732,3
358.4012964,39.00307018,-76.49436363,-2.525068733,3
358.4515405,39.00306908,-76.49436463,-2.525068732,3
358.5017814,39.00306797,-76.49436563,-2.525068732,3
358.5520176,39.00306688,-76.49436665,-2.5119631,3
358.6022482,39.00306579,-76.49436767,-2.509982236,3
358.6524764,39.0030647,-76.49436869,-2.509982236,3
358.7027245,39.00306361,-76.49436972,-2.509982236,3
358.7529704,39.00306252,-76.49437074,-2.509982236,3
358.8031833,39.00306143,-76.49437176,-2.509982236,3
358.8534257,39.00306034,-76.49437278,-2.509982236,3
358.9036592,39.00305925,-76.49437381,-2.509982235,3
358.9539049,39.00305816,-76.49437483,-2.509982235,3
359.0041548,39.00305707,-76.49437585,-2.509982235,3
359.0543521,39.00305598,-76.49437688,-2.509982235,3
359.1045642,39.00305489,-76.4943779,-2.509982235,3
359.1548153,39.0030538,-76.49437892,-2.509982235,3
359.2051272,39.00305271,-76.49437994,-2.509982235,3
359.2553916,39.00305163,-76.49438098,-2.496882781,3
359.3056379,39.00305055,-76.49438202,-2.496458735,3
359.3558753,39.00304947,-76.49438307,-2.496458735,3
359.4061453,39.00304839,-76.49438411,-2.496458735,3
359.4563816,39.00304731,-76.49438515,-2.496458735,3
359.5066026,39.00304623,-76.49438619,-2.496458735,3
359.5568817,39.00304515,-76.49438723,-2.496458735,3
359.6071016,39.00304407,-76.49438827,-2.496458735,3
359.6573687,39.00304299,-76.49438931,-2.496458735,3
359.707594,39.00304191,-76.49439036,-2.496458735,3
359.7578656,39.00304083,-76.4943914,-2.496458735,3
359.8081219,39.00303975,-76.49439244,-2.496458735,3
359.8583572,39.00303867,-76.49439348,-2.496458735,3
359.9086231,39.00303759,-76.49439452,-2.496458735,3
359.9588896,39.00303652,-76.49439558,-2.484341422,3
360.0091385,39.00303545,-76.49439664,-2.484341422,3
360.0593754,39.00303438,-76.49439769,-2.484341422,3
360.1096557,39.00303331,-76.49439875,-2.484341422,3
360.159904,39.00303224,-76.49439981,-2.484341422,3
360.2101413,39.00303117,-76.49440087,-2.484341422,3
360.2604121,39.0030301,-76.49440193,-2.484341422,3
360.3106244,39.00302903,-76.49440299,-2.484341422,3
360.3609047,39.00302797,-76.49440404,-2.484341422,3
360.4111637,39.0030269,-76.4944051,-2.484341421,3
360.4613864,39.00302583,-76.49440616,-2.484341421,3
360.5116698,39.00302476,-76.49440722,-2.484341422,3
360.5619357,39.00302369,-76.49440827,-2.484341421,3
360.6122315,39.00302263,-76.49440935,-2.473581892,3
360.6624681,39.00302157,-76.49441042,-2.473581892,3
360.7126947,39.0030205,-76.49441149,-2.473581892,3
360.7629477,39.00301944,-76.49441256,-2.473581892,3
360.8132181,39.00301838,-76.49441364,-2.473581892,3
360.8634442,39.00301732,-76.49441471,-2.473581892,3
360.9137162,39.00301626,-76.49441578,-2.473581892,3
360.9639647,39.0030152,-76.49441686,-2.473581892,3
361.0141911,39.00301414,-76.49441793,-2.473581892,3
361.0644281,39.00301308,-76.494419,-2.473581892,3
361.1146127,39.00301202,-76.49442008,-2.473581892,3
361.1649254,39.00301096,-76.49442115,-2.473581892,3
361.2151246,39.0030099,-76.49442222,-2.473581892,3
361.2653382,39.00300885,-76.49442331,-2.464027327,3
361.3155336,39.00300779,-76.49442439,-2.464027328,3
361.3657757,39.00300674,-76.49442548,-2.464027327,3
361.4160217,39.00300569,-76.49442656,-2.464027327,3
361.4662856,39.00300463,-76.49442765,-2.464027327,3
361.5165218,39.00300358,-76.49442873,-2.464027327,3
361.5667835,39.00300253,-76.49442982,-2.464027327,3
361.6170519,39.00300148,-76.49443091,-2.464027327,3
361.6672908,39.00300042,-76.49443199,-2.464027327,3
361.7175154,39.00299937,-76.49443308,-2.464027327,3
361.7677345,39.00299832,-76.49443416,-2.464027327,3
361.8180108,39.00299727,-76.49443525,-2.464027327,3
361.8682639,39.00299621,-76.49443634,-2.464027327,3
361.9185232,39.00299517,-76.49443743,-2.455541792,3
361.9687808,39.00299412,-76.49443853,-2.455541791,3
362.0190422,39.00299308,-76.49443963,-2.455541792,3
362.0692996,39.00299203,-76.49444072,-2.455541791,3
362.119592,39.00299099,-76.49444182,-2.455541791,3
362.169847,39.00298994,-76.49444292,-2.455541791,3
362.2201122,39.0029889,-76.49444401,-2.455541791,3
362.270343,39.00298785,-76.49444511,-2.455541791,3
362.3205575,39.00298681,-76.49444621,-2.455541791,3
362.3708115,39.00298576,-76.4944473,-2.455541791,3
362.4210893,39.00298471,-76.4944484,-2.455541791,3
362.4713105,39.00298367,-76.4944495,-2.455541791,3
362.5214903,39.00298262,-76.49445059,-2.455541791,3
362.57177,39.00298158,-76.49445169,-2.455541791,3
362.6220644,39.00298054,-76.4944528,-2.447942173,3
362.6723428,39.0029795,-76.49445391,-2.447942173,3
362.7225756,39.00297846,-76.49445501,-2.447942173,3
362.7728084,39.00297742,-76.49445612,-2.447942173,3
362.8230567,39.00297638,-76.49445723,-2.447942173,3
362.8733056,39.00297534,-76.49445834,-2.447942173,3
362.9235519,39.0029743,-76.49445944,-2.447942173,3
362.9737972,39.00297327,-76.49446055,-2.447942173,3
363.0240229,39.00297223,-76.49446166,-2.447942173,3
363.074347,39.00297119,-76.49446276,-2.447942173,3
363.1245379,39.00297015,-76.49446387,-2.447942173,3
363.1747762,39.00296911,-76.49446498,-2.447942173,3
363.2250293,39.00296807,-76.49446609,-2.447942173,3
363.275301,39.00296704,-76.4944672,-2.441197416,3
363.325568,39.00296601,-76.49446832,-2.441197416,3
363.375868,39.00296497,-76.49446943,-2.441197416,3
363.4261601,39.00296394,-76.49447055,-2.441197416,3
363.4764011,39.00296291,-76.49447167,-2.441197416,3
363.5266403,39.00296187,-76.49447278,-2.441197416,3
363.5769497,39.00296084,-76.4944739,-2.441197416,3
363.6271967,39.00295981,-76.49447502,-2.441197416,3
363.6774658,39.00295877,-76.49447613,-2.441197416,3
363.7277334,39.00295774,-76.49447725,-2.441197416,3
363.7780163,39.00295671,-76.49447836,-2.441197416,3
363.828283,39.00295568,-76.49447948,-2.441197416,3
363.8785363,39.00295464,-76.4944806,-2.441197416,3
363.92882,39.00295361,-76.49448172,-2.435210127,3
363.9791197,39.00295259,-76.49448285,-2.435210127,3
364.0293315,39.00295156,-76.49448397,-2.435210127,3
364.0796039,39.00295053,-76.49448509,-2.435210127,3
364.1299078,39.0029495,-76.49448622,-2.435210127,3
364.180182,39.00294848,-76.49448734,-2.435210127,3
364.2304438,39.00294745,-76.49448846,-2.435210127,3
364.2807162,39.00294642,-76.49448959,-2.435210127,3
364.3309887,39.00294539,-76.49449071,-2.435210127,3
364.3812405,39.00294436,-76.49449184,-2.435210127,3
364.4314978,39.00294334,-76.49449296,-2.435210127,3
364.481807,39.00294231,-76.49449409,-2.435210127,3
364.53213,39.00294128,-76.49449521,-2.435210127,3
364.5823927,39.00294025,-76.49449633,-2.435210127,3
364.632667,39.00293923,-76.49449746,-2.429849703,3
364.6829364,39.00293821,-76.4944986,-2.429849704,3
364.7331933,39.00293718,-76.49449973,-2.429849703,3
364.783405,39.00293616,-76.49450086,-2.429849703,3
364.8336457,39.00293514,-76.49450199,-2.429849703,3
364.8839555,39.00293412,-76.49450312,-2.429849703,3
364.9342233,39.00293309,-76.49450425,-2.429849703,3
364.9844496,39.00293207,-76.49450538,-2.429849703,3
365.034732,39.00293105,-76.49450651,-2.429849703,3
365.085071,39.00293002,-76.49450764,-2.429849703,3
365.1353695,39.002929,-76.49450878,-2.429849703,3
365.1856455,39.00292798,-76.49450991,-2.429849703,3
365.2359338,39.00292695,-76.49451104,-2.429849703,3
365.2861919,39.00292593,-76.49451218,-2.425093651,3
365.3364587,39.00292491,-76.49451331,-2.425093651,3
365.3867601,39.0029239,-76.49451445,-2.425093651,3
365.4370769,39.00292288,-76.49451559,-2.425093651,3
365.4873357,39.00292186,-76.49451672,-2.425093651,3
365.5376103,39.00292084,-76.49451786,-2.425093651,3
365.5878591,39.00291982,-76.494519,-2.425093651,3
365.6381446,39.0029188,-76.49452014,-2.425093651,3
365.6884366,39.00291778,-76.49452127,-2.425093651,3
365.7387442,39.00291677,-76.49452241,-2.425093651,3
365.7889814,39.00291575,-76.49452355,-2.425093651,3
365.8392421,39.00291473,-76.49452468,-2.425093651,3
365.8895213,39.00291371,-76.49452582,-2.425093651,3
365.9397995,39.00291269,-76.49452697,-2.420872567,3
365.990084,39.00291168,-76.49452811,-2.420872567,3
366.0403344,39.00291066,-76.49452925,-2.420872567,3
366.0906065,39.00290965,-76.49453039,-2.420872567,3
366.1408896,39.00290863,-76.49453154,-2.420872567,3
366.1911561,39.00290762,-76.49453268,-2.420872567,3
366.2414439,39.0029066,-76.49453382,-2.420872567,3
366.2917247,39.00290559,-76.49453497,-2.420872567,3
366.3420333,39.00290457,-76.49453611,-2.420872567,3
366.392314,39.00290356,-76.49453725,-2.420872567,3
366.4425946,39.00290254,-76.49453839,-2.420872567,3
366.4928931,39.00290153,-76.49453954,-2.420872567,3
366.5431975,39.00290051,-76.49454068,-2.420872567,3
366.5934181,39.0028995,-76.49454182,-2.420872567,3
366.6436856,39.00289849,-76.49454297,-2.417094125,3
366.6939996,39.00289747,-76.49454412,-2.417094125,3
366.7442935,39.00289646,-76.49454527,-2.417094125,3
366.7945699,39.00289545,-76.49454641,-2.417094125,3
366.8448528,39.00289444,-76.49454756,-2.417094125,3
366.8951245,39.00289343,-76.49454871,-2.417094125,3
366.9453936,39.00289241,-76.49454986,-2.417094125,3
366.9956067,39.0028914,-76.49455101,-2.417094125,3
367.0458715,39.00289039,-76.49455215,-2.417094125,3
367.0961176,39.00288837,-76.49455445,-2.417094125,3
367.1463568,39.00288736,-76.4945556,-2.417094125,3
367.1966265,39.00288634,-76.49455674,-2.417094125,3
367.2469324,39.00288533,-76.4945579,-2.413742139,3
367.2971705,39.00288433,-76.49455905,-2.413742139,3
367.3474671,39.00288332,-76.4945602,-2.413742139,3
367.3977917,39.00288231,-76.49456135,-2.413742139,3
367.4480544,39.0028813,-76.4945625,-2.413742139,3
367.4983142,39.00288029,-76.49456366,-2.413742139,3
367.5485717,39.00287928,-76.49456481,-2.413742138,3
367.5988204,39.00287827,-76.49456596,-2.413742139,3
367.6490598,39.00287726,-76.49456711,-2.413742138,3
367.6992655,39.00287626,-76.49456826,-2.413742138,3
367.7494542,39.00287525,-76.49456942,-2.413742138,3
367.7996628,39.00287424,-76.49457057,-2.413742138,3
367.8498658,39.00287323,-76.49457172,-2.413742138,3
367.9000429,39.00287222,-76.49457287,-2.413742138,3
367.9502244,39.00287121,-76.49457403,-2.410742793,3
368.0004498,39.00287021,-76.49457518,-2.410742793,3
368.0507016,39.0028692,-76.49457634,-2.410742793,3
368.1010053,39.0028682,-76.4945775,-2.410742793,3
368.1512755,39.00286719,-76.49457865,-2.410742793,3
368.2015494,39.00286619,-76.49457981,-2.410742793,3
368.2517734,39.00286518,-76.49458096,-2.410742793,3
368.302039,39.00286417,-76.49458212,-2.410742793,3
368.3522334,39.00286317,-76.49458328,-2.410742793,3
368.4024872,39.00286216,-76.49458443,-2.410742793,3
368.4527302,39.00286116,-76.49458559,-2.410742793,3
368.5029928,39.00286015,-76.49458674,-2.410742793,3
368.553295,39.00285914,-76.4945879,-2.410742793,3
368.6034879,39.00285814,-76.49458906,-2.408083065,3
368.6537605,39.00285714,-76.49459022,-2.408083065,3
368.7040668,39.00285613,-76.49459138,-2.408083065,3
368.7543377,39.00285513,-76.49459254,-2.408083065,3
368.8045808,39.00285413,-76.4945937,-2.408083065,3
368.8548775,39.00285312,-76.49459486,-2.408083065,3
368.9051194,39.00285212,-76.49459601,-2.408083065,3
368.9553851,39.00285111,-76.49459718,-2.408083065,3
369.0056603,39.00285011,-76.49459834,-2.408083065,3
369.0559153,39.00284911,-76.49459949,-2.408083065,3
369.106175,39.0028481,-76.49460065,-2.408083065,3
369.1564482,39.0028471,-76.49460181,-2.408083065,3
369.2066678,39.0028461,-76.49460297,-2.408083065,3
369.2569354,39.00284509,-76.49460414,-2.405723689,3
369.3072048,39.00284409,-76.4946053,-2.405723689,3
369.3574824,39.00284309,-76.49460646,-2.405723689,3
369.4077261,39.00284209,-76.49460762,-2.405723689,3
369.4579994,39.00284109,-76.49460878,-2.405723689,3
369.5082771,39.00284009,-76.49460995,-2.405723689,3
369.5585663,39.00283909,-76.49461111,-2.405723689,3
369.6088815,39.00283808,-76.49461227,-2.405723689,3
369.6591779,39.00283708,-76.49461343,-2.405723689,3
369.7094337,39.00283608,-76.4946146,-2.405723689,3
369.759683,39.00283508,-76.49461576,-2.405723689,3
369.8099652,39.00283408,-76.49461692,-2.405723689,3
369.8601778,39.00283308,-76.49461808,-2.405723689,3
369.91046,39.00283208,-76.49461925,-2.405723689,3
369.9606752,39.00283108,-76.49462041,-2.403612657,3
370.010935,39.00283008,-76.49462158,-2.403612657,3
370.0612043,39.00282908,-76.49462274,-2.403612657,3
370.1114876,39.00282808,-76.49462391,-2.403612657,3
370.1617832,39.00282708,-76.49462507,-2.403612657,3
370.21207,39.00282608,-76.49462624,-2.403612657,3
370.2623122,39.00282508,-76.4946274,-2.403612657,3
370.3125492,39.00282408,-76.49462857,-2.403612657,3
370.3627841,39.00282308,-76.49462973,-2.403612657,3
370.4130786,39.00282208,-76.49463089,-2.403612657,3
370.4633598,39.00282108,-76.49463206,-2.403612657,3
370.5136328,39.00282008,-76.49463323,-2.403612657,3
370.5639073,39.00281908,-76.49463439,-2.403612657,3
370.6141641,39.00281808,-76.49463556,-2.401740712,3
370.6644024,39.00281709,-76.49463673,-2.401740712,3
370.7146989,39.00281609,-76.4946379,-2.401740712,3
370.7649895,39.00281509,-76.49463906,-2.401740712,3
370.8152315,39.00281409,-76.49464023,-2.401740712,3
370.8654646,39.00281309,-76.4946414,-2.401740712,3
370.9157113,39.0028121,-76.49464256,-2.401740712,3
370.9659535,39.0028111,-76.49464373,-2.401740712,3
371.0162059,39.0028101,-76.4946449,-2.401740712,3
371.0664411,39.0028091,-76.49464607,-2.401740712,3
371.1167021,39.0028081,-76.49464723,-2.401740712,3
371.1669469,39.00280711,-76.4946484,-2.401740712,3
371.2172003,39.00280611,-76.49464957,-2.401740712,3
371.26747,39.00280511,-76.49465074,-2.40008024,3
371.3177956,39.00280412,-76.49465191,-2.40008024,3
371.3680945,39.00280312,-76.49465308,-2.40008024,3
371.4183728,39.00280212,-76.49465425,-2.40008024,3
371.4686412,39.00280113,-76.49465542,-2.40008024,3
371.518934,39.00280013,-76.49465659,-2.40008024,3
371.5692375,39.00279914,-76.49465776,-2.40008024,3
371.6194353,39.00279814,-76.49465893,-2.40008024,3
371.6696311,39.00279714,-76.4946601,-2.40008024,3
371.7198613,39.00279615,-76.49466127,-2.40008024,3
371.7700938,39.00279515,-76.49466244,-2.40008024,3
371.8203506,39.00279415,-76.49466361,-2.40008024,3
371.8706038,39.00279316,-76.49466477,-2.40008024,3
371.9209153,39.00279216,-76.49466594,-2.40008024,3
371.9711501,39.00279116,-76.49466712,-2.398594572,3
372.0214443,39.00279017,-76.49466829,-2.398594572,3
372.0717191,39.00278917,-76.49466946,-2.398594572,3
372.1219301,39.00278818,-76.49467063,-2.398594572,3
372.1721694,39.00278719,-76.4946718,-2.398594572,3
372.222418,39.00278619,-76.49467297,-2.398594572,3
372.2726163,39.00278519,-76.49467415,-2.398594572,3
372.322934,39.0027842,-76.49467532,-2.398594572,3
372.373172,39.0027832,-76.49467649,-2.398594572,3
372.4234122,39.00278221,-76.49467766,-2.398594572,3
372.4736698,39.00278121,-76.49467883,-2.398594572,3
372.5239652,39.00278022,-76.49468,-2.398594572,3
372.5741918,39.00277922,-76.49468117,-2.398594572,3
372.6244864,39.00277823,-76.49468235,-2.397277215,3
372.6747496,39.00277724,-76.49468352,-2.397277215,3
372.7250408,39.00277624,-76.4946847,-2.397277215,3
372.7752997,39.00277525,-76.49468587,-2.397277215,3
372.8255639,39.00277425,-76.49468704,-2.397277215,3
372.8758034,39.00277326,-76.49468821,-2.397277215,3
372.9260482,39.00277227,-76.49468939,-2.397277215,3
372.9762731,39.00277127,-76.49469056,-2.397277215,3
373.0265274,39.00277028,-76.49469173,-2.397277215,3
373.0767976,39.00276929,-76.49469291,-2.397277215,3
373.1270686,39.00276829,-76.49469408,-2.397277215,3
373.1773049,39.0027673,-76.49469525,-2.397277215,3
373.2275554,39.00276631,-76.49469643,-2.397277215,3
373.2778658,39.00276531,-76.4946976,-2.396108683,3
373.3281264,39.00276432,-76.49469878,-2.396108683,3
373.3783657,39.00276333,-76.49469995,-2.396108683,3
373.4286316,39.00276233,-76.49470112,-2.396108683,3
373.4789345,39.00276134,-76.4947023,-2.396108683,3
373.5291874,39.00276035,-76.49470347,-2.396108683,3
373.5793781,39.00275936,-76.49470465,-2.396108683,3
373.6295976,39.00275836,-76.49470582,-2.396108683,3
373.679844,39.00275737,-76.494707,-2.396108683,3
373.7300877,39.00275638,-76.49470817,-2.396108683,3
373.7803148,39.00275538,-76.49470935,-2.396108683,3
373.83058,39.00275439,-76.49471052,-2.396108683,3
373.880906,39.0027534,-76.4947117,-2.396108683,3
373.931198,39.00275241,-76.49471287,-2.396108683,3
373.9814537,39.00275141,-76.49471405,-2.395063184,3
374.0316277,39.00275042,-76.49471522,-2.395063184,3
374.0818179,39.00274943,-76.4947164,-2.395063184,3
374.1320449,39.00274844,-76.49471758,-2.395063184,3
374.1822402,39.00274745,-76.49471875,-2.395063184,3
374.2325294,39.00274646,-76.49471993,-2.395063184,3
374.2827449,39.00274546,-76.49472111,-2.395063184,3
374.3329908,39.00274447,-76.49472228,-2.395063184,3
374.3831691,39.00274348,-76.49472346,-2.395063184,3
374.4333953,39.00274249,-76.49472463,-2.395063184,3
374.4835879,39.0027415,-76.49472581,-2.395063184,3
374.5337807,39.00274051,-76.49472698,-2.395063184,3
374.5839944,39.00273951,-76.49472816,-2.395063184,3
374.6342766,39.00273852,-76.49472934,-2.394136133,3
374.6845601,39.00273753,-76.49473051,-2.394136133,3
374.7347793,39.00273654,-76.49473169,-2.394136133,3
374.78498,39.00273555,-76.49473287,-2.394136133,3
374.8351828,39.00273456,-76.49473405,-2.394136133,3
374.8854055,39.00273357,-76.49473522,-2.394136133,3
374.9357039,39.00273258,-76.4947364,-2.394136133,3
374.9859147,39.00273159,-76.49473758,-2.394136133,3
375.0361011,39.0027306,-76.49473875,-2.394136133,3
375.0862875,39.0027296,-76.49473993,-2.394136133,3
375.1364868,39.00272861,-76.49474111,-2.394136133,3
375.1866799,39.00272762,-76.49474229,-2.394136133,3
375.2369321,39.00272663,-76.49474346,-2.394136133,3
375.2871539,39.00272564,-76.49474464,-2.39331383,3
375.3373987,39.00272465,-76.49474582,-2.39331383,3
375.3876238,39.00272366,-76.494747,-2.39331383,3
375.4378484,39.00272267,-76.49474818,-2.39331383,3
375.4881198,39.00272168,-76.49474935,-2.39331383,3
375.5383468,39.00272069,-76.49475053,-2.39331383,3
375.588661,39.0027197,-76.49475171,-2.39331383,3
375.6389167,39.00271871,-76.49475289,-2.39331383,3
375.6891772,39.00271772,-76.49475407,-2.39331383,3
375.7394146,39.00271673,-76.49475524,-2.39331383,3
375.7896659,39.00271574,-76.49475643,-2.39331383,3
375.8398798,39.00271475,-76.4947576,-2.39331383,3
375.8901096,39.00271376,-76.49475878,-2.39331383,3
375.9403709,39.00271277,-76.49475996,-2.39331383,3
375.9906052,39.00271178,-76.49476114,-2.392578108,3
376.0408142,39.00271079,-76.49476232,-2.392578108,3
376.0910265,39.0027098,-76.4947635,-2.392578108,3
376.1412247,39.00270881,-76.49476468,-2.392578108,3
376.1914213,39.00270782,-76.49476585,-2.392578108,3
376.2416122,39.00270683,-76.49476703,-2.392578108,3
376.2918798,39.00270584,-76.49476821,-2.392578108,3
376.3421217,39.00270485,-76.49476939,-2.392578108,3
376.3923617,39.00270386,-76.49477057,-2.392578108,3
376.4425955,39.00270288,-76.49477175,-2.392578108,3
376.4928045,39.00270189,-76.49477293,-2.392578108,3
376.5430115,39.0027009,-76.49477411,-2.392578108,3
376.593203,39.00269991,-76.49477529,-2.392578108,3
376.6433985,39.00269892,-76.49477647,-2.39192574,3
376.6936303,39.00269793,-76.49477765,-2.39192574,3
376.7438564,39.00269694,-76.49477883,-2.39192574,3
376.7941346,39.00269595,-76.49478001,-2.39192574,3
376.8443378,39.00269496,-76.49478119,-2.39192574,3
376.8945313,39.00269397,-76.49478237,-2.39192574,3
376.9447183,39.00269298,-76.49478355,-2.39192574,3
376.9948783,39.002692,-76.49478473,-2.39192574,3
377.0450823,39.00269101,-76.49478591,-2.39192574,3
377.0952879,39.00269002,-76.49478709,-2.39192574,3
377.1455306,39.00268903,-76.49478827,-2.39192574,3
377.1957415,39.00268804,-76.49478945,-2.39192574,3
377.2459531,39.00268705,-76.49479063,-2.39192574,3
377.2961641,39.00268507,-76.49479299,-2.391347083,3
377.346352,39.00268409,-76.49479417,-2.391347083,3
377.396542,39.0026831,-76.49479535,-2.391347083,3
377.4468056,39.00268211,-76.49479653,-2.391347083,3
377.4970739,39.00268112,-76.49479771,-2.391347083,3
377.5472765,39.00268013,-76.49479889,-2.391347083,3
377.5975465,39.00267915,-76.49480007,-2.391347083,3
377.647849,39.00267816,-76.49480126,-2.391347083,3
377.6980949,39.00267717,-76.49480244,-2.391347083,3
377.7483151,39.00267618,-76.49480362,-2.391347083,3
377.7985396,39.00267519,-76.4948048,-2.391347083,3
377.8487703,39.0026742,-76.49480598,-2.391347083,3
377.8990236,39.00267321,-76.49480716,-2.391347083,3
377.9493023,39.00267223,-76.49480834,-2.390829358,3
377.9995434,39.00267124,-76.49480952,-2.390829358,3
378.0498108,39.00267025,-76.4948107,-2.390829358,3
378.1000737,39.00266926,-76.49481189,-2.390829358,3
378.1503006,39.00266827,-76.49481307,-2.390829358,3
378.2005135,39.00266729,-76.49481425,-2.390829358,3
378.2507293,39.0026663,-76.49481543,-2.390829358,3
378.3009825,39.00266531,-76.49481661,-2.390829358,3
378.3512329,39.00266432,-76.49481779,-2.390829358,3
378.401486,39.00266333,-76.49481897,-2.390829357,3
378.4517238,39.00266235,-76.49482015,-2.390829357,3
378.5019648,39.00266136,-76.49482133,-2.390829357,3
378.5522907,39.00266037,-76.49482252,-2.390829357,3
378.6025448,39.00265938,-76.4948237,-2.390370288,3
378.6528108,39.0026584,-76.49482488,-2.390370288,3
378.7030834,39.00265741,-76.49482606,-2.390370288,3
378.7533658,39.00265642,-76.49482725,-2.390370288,3
378.8036263,39.00265543,-76.49482843,-2.390370288,3
378.8539188,39.00265445,-76.49482961,-2.390370288,3
378.9041956,39.00265346,-76.49483079,-2.390370288,3
378.9544534,39.00265247,-76.49483197,-2.390370288,3
379.004715,39.00265149,-76.49483315,-2.390370288,3
379.0549724,39.0026505,-76.49483434,-2.390370288,3
379.1052104,39.00264951,-76.49483552,-2.390370288,3
379.1554561,39.00264852,-76.4948367,-2.390370288,3
379.2057254,39.00264753,-76.49483788,-2.390370288,3
379.2560117,39.00264655,-76.49483907,-2.389963087,3
379.3062898,39.00264556,-76.49484025,-2.389963087,3
379.3565557,39.00264457,-76.49484143,-2.389963087,3
379.4068073,39.00264359,-76.49484261,-2.389963087,3
379.4570917,39.0026426,-76.4948438,-2.389963087,3
379.5073333,39.00264161,-76.49484498,-2.389963087,3
379.557635,39.00264062,-76.49484616,-2.389963087,3
379.6079091,39.00263964,-76.49484734,-2.389963087,3
379.6581726,39.00263865,-76.49484852,-2.389963087,3
379.7083629,39.00263766,-76.49484971,-2.389963087,3
379.7585425,39.00263668,-76.49485089,-2.389963087,3
379.8087693,39.00263569,-76.49485207,-2.389963087,3
379.8590457,39.0026347,-76.49485326,-2.389963087,3
379.9092916,39.00263372,-76.49485444,-2.389963087,3
379.9595456,39.00263273,-76.49485562,-2.389598765,3
380.0099002,39.00263174,-76.4948568,-2.389598765,3
380.0601569,39.00263076,-76.49485799,-2.389598765,3
380.1103817,39.00262977,-76.49485917,-2.389598765,3
380.1605846,39.00262878,-76.49486035,-2.389598765,3
380.2108676,39.00262779,-76.49486154,-2.389598765,3
380.2611637,39.00262681,-76.49486272,-2.389598765,3
380.3114229,39.00262582,-76.4948639,-2.389598765,3
380.361719,39.00262483,-76.49486508,-2.389598765,3
380.4119384,39.00262385,-76.49486627,-2.389598765,3
380.4621877,39.00262286,-76.49486745,-2.389598765,3
380.5124622,39.00262187,-76.49486863,-2.389598765,3
380.5627216,39.00262089,-76.49486982,-2.389598765,3
380.6130038,39.0026199,-76.494871,-2.389275719,3
380.6634181,39.00261892,-76.49487218,-2.389275719,3
380.713689,39.00261793,-76.49487337,-2.389275719,3
380.7639515,39.00261694,-76.49487455,-2.389275719,3
380.8141699,39.00261596,-76.49487573,-2.389275719,3
380.8644235,39.00261497,-76.49487692,-2.389275719,3
380.9146904,39.00261398,-76.4948781,-2.389275719,3
380.9649215,39.002613,-76.49487928,-2.389275719,3
381.0151408,39.00261201,-76.49488047,-2.389275719,3
381.0653943,39.00261102,-76.49488165,-2.389275719,3
381.1157036,39.00261004,-76.49488283,-2.389275719,3
381.1660405,39.00260905,-76.49488402,-2.389275719,3
381.2162762,39.00260806,-76.4948852,-2.389275719,3
381.2665111,39.00260708,-76.49488638,-2.388989176,3
381.3167801,39.00260609,-76.49488757,-2.388989176,3
381.3671234,39.0026051,-76.49488875,-2.388989176,3
381.4173732,39.00260412,-76.49488994,-2.388989176,3
381.4676083,39.00260313,-76.49489112,-2.388989176,3
381.5178648,39.00260215,-76.4948923,-2.388989176,3
381.568108,39.00260116,-76.49489349,-2.388989176,3
381.6183689,39.00260018,-76.49489467,-2.388989176,3
381.6686375,39.00259919,-76.49489585,-2.388989176,3
381.7188933,39.0025982,-76.49489704,-2.388989176,3
381.7691799,39.00259722,-76.49489822,-2.388989176,3
381.8194454,39.00259623,-76.49489941,-2.388989176,3
381.8696869,39.00259524,-76.49490059,-2.388989176,3
381.9199816,39.00259426,-76.49490177,-2.388989176,3
381.9702471,39.00259327,-76.49490296,-2.388732806,3
382.0205753,39.00259229,-76.49490414,-2.388732806,3
382.0708673,39.0025913,-76.49490532,-2.388732806,3
382.1211101,39.00259031,-76.49490651,-2.388732806,3
382.1713698,39.00258933,-76.49490769,-2.388732806,3
382.2216219,39.00258834,-76.49490888,-2.388732806,3
382.271915,39.00258736,-76.49491006,-2.388732806,3
382.3222013,39.00258637,-76.49491124,-2.388732806,3
382.3724482,39.00258538,-76.49491243,-2.388732806,3
382.4227256,39.0025844,-76.49491361,-2.388732806,3
382.4730009,39.00258341,-76.4949148,-2.388732806,3
382.5232257,39.00258243,-76.49491598,-2.388732806,3
382.5734707,39.00258144,-76.49491716,-2.388732806,3
382.6237453,39.00258045,-76.49491835,-2.388505484,3
382.6740695,39.00257947,-76.49491953,-2.388505484,3
382.724305,39.00257848,-76.49492072,-2.388505484,3
382.7745766,39.0025775,-76.4949219,-2.388505484,3
382.8248679,39.00257651,-76.49492308,-2.388505484,3
382.875133,39.00257552,-76.49492427,-2.388505484,3
382.9253926,39.00257454,-76.49492545,-2.388505483,3
382.9756094,39.00257355,-76.49492664,-2.388505484,3
383.0258905,39.00257257,-76.49492782,-2.388505484,3
383.0761196,39.00257158,-76.49492901,-2.388505483,3
383.1263865,39.0025706,-76.49493019,-2.388505484,3
383.1766363,39.00256961,-76.49493138,-2.388505483,3
383.2269038,39.00256863,-76.49493256,-2.388505483,3
383.2771446,39.00256764,-76.49493374,-2.388303848,3
383.3274186,39.00256665,-76.49493493,-2.388303848,3
383.3776903,39.00256567,-76.49493611,-2.388303848,3
383.4279675,39.00256468,-76.4949373,-2.388303848,3
383.4782039,39.0025637,-76.49493848,-2.388303848,3
383.5284442,39.00256271,-76.49493967,-2.388303848,3
383.578657,39.00256173,-76.49494085,-2.388303848,3
383.6289308,39.00256074,-76.49494204,-2.388303848,3
383.6791787,39.00255976,-76.49494322,-2.388303848,3
383.729417,39.00255877,-76.49494441,-2.388303848,3
383.7796708,39.00255779,-76.49494559,-2.388303848,3
383.8299289,39.0025568,-76.49494678,-2.388303848,3
383.8802022,39.00255581,-76.49494796,-2.388303848,3
383.9304863,39.00255483,-76.49494914,-2.388303848,3
383.9807544,39.00255384,-76.49495033,-2.388123443,3
384.0310471,39.00255286,-76.49495151,-2.388123443,3
384.0813241,39.00255187,-76.4949527,-2.388123443,3
384.1316058,39.00255089,-76.49495388,-2.388123443,3
384.1819327,39.0025499,-76.49495507,-2.388123443,3
384.2322337,39.00254892,-76.49495625,-2.388123443,3
384.2825158,39.00254793,-76.49495744,-2.388123443,3
384.3327574,39.00254695,-76.49495862,-2.388123443,3
384.3830365,39.00254596,-76.49495981,-2.388123443,3
384.4333032,39.00254497,-76.49496099,-2.388123443,3
384.4836129,39.00254399,-76.49496218,-2.388123443,3
384.5339303,39.002543,-76.49496336,-2.388123443,3
384.584222,39.00254202,-76.49496455,-2.388123443,3
384.6344698,39.00254103,-76.49496573,-2.387963477,3
384.6847069,39.00254005,-76.49496692,-2.387963477,3
384.7349659,39.00253906,-76.4949681,-2.387963477,3
384.7852181,39.00253808,-76.49496929,-2.387963477,3
384.8354761,39.00253709,-76.49497047,-2.387963477,3
384.8857872,39.00253611,-76.49497166,-2.387963477,3
384.9360777,39.00253512,-76.49497284,-2.387963477,3
384.9863751,39.00253414,-76.49497403,-2.387963477,3
385.0365795,39.00253315,-76.49497521,-2.387963477,3
385.086862,39.00253217,-76.4949764,-2.387963477,3
385.1371559,39.00253118,-76.49497758,-2.387963477,3
385.1874427,39.0025302,-76.49497877,-2.387963477,3
385.2377231,39.00252921,-76.49497995,-2.387963477,3
385.2880204,39.00252823,-76.49498114,-2.387821587,3
385.3383063,39.00252724,-76.49498232,-2.387821587,3
385.3885767,39.00252625,-76.49498351,-2.387821588,3
385.4388675,39.00252527,-76.49498469,-2.387821587,3
385.4891419,39.00252428,-76.49498588,-2.387821587,3
385.5393585,39.0025233,-76.49498706,-2.387821587,3
385.5896451,39.00252231,-76.49498825,-2.387821587,3
385.6398813,39.00252133,-76.49498943,-2.387821587,3
385.6901969,39.00252034,-76.49499062,-2.387821587,3
385.74052,39.00251936,-76.4949918,-2.387821587,3
385.7908145,39.00251837,-76.49499299,-2.387821587,3
385.8411483,39.00251739,-76.49499418,-2.387821587,3
385.8914171,39.0025164,-76.49499536,-2.387821587,3
385.941741,39.00251542,-76.49499654,-2.387821587,3
385.9920557,39.00251443,-76.49499773,-2.387694639,3
386.0423028,39.00251345,-76.49499892,-2.387694639,3
386.0926238,39.00251246,-76.4950001,-2.387694639,3
386.142938,39.00251148,-76.49500129,-2.387694639,3
386.1931998,39.00251049,-76.49500247,-2.387694639,3
386.2434726,39.00250951,-76.49500366,-2.387694639,3
386.2937753,39.00250852,-76.49500484,-2.387694639,3
386.344099,39.00250754,-76.49500603,-2.387694639,3
386.394388,39.00250656,-76.49500721,-2.387694639,3
386.4447058,39.00250557,-76.4950084,-2.387694639,3
386.4949966,39.00250458,-76.49500958,-2.387694639,3
386.5452729,39.0025036,-76.49501077,-2.387694639,3
386.5955541,39.00250262,-76.49501195,-2.387694639,3
386.6458849,39.00250163,-76.49501314,-2.387582074,3
386.6961548,39.00249966,-76.49501551,-2.387582074,3
386.7463714,39.00249867,-76.4950167,-2.387582074,3
386.7966177,39.00249769,-76.49501788,-2.387582074,3
386.8468168,39.0024967,-76.49501907,-2.387582074,3
386.8970487,39.00249572,-76.49502025,-2.387582074,3
386.9472579,39.00249474,-76.49502144,-2.387582074,3
386.9974983,39.00249375,-76.49502262,-2.387582074,3
387.0477157,39.00249277,-76.49502381,-2.387582074,3
387.097935,39.00249178,-76.49502499,-2.387582074,3
387.1481547,39.0024908,-76.49502618,-2.387582074,3
387.1984088,39.00248981,-76.49502737,-2.387582074,3
387.2486177,39.00248883,-76.49502855,-2.387482227,3
387.2988218,39.00248784,-76.49502974,-2.387482227,3
387.3491001,39.00248686,-76.49503092,-2.387482227,3
387.3992879,39.00248587,-76.49503211,-2.387482227,3
387.4494964,39.00248489,-76.49503329,-2.387482227,3
387.4997537,39.0024839,-76.49503448,-2.387482227,3
387.5500801,39.00248292,-76.49503566,-2.387482226,3
387.6003106,39.00248193,-76.49503685,-2.387482227,3
387.650543,39.00248095,-76.49503804,-2.387482227,3
387.7007518,39.00247996,-76.49503922,-2.387482226,3
387.7510002,39.00247898,-76.49504041,-2.387482227,3
387.8012142,39.00247799,-76.49504159,-2.387482226,3
387.8514437,39.00247701,-76.49504278,-2.387482226,3
387.9016484,39.00247602,-76.49504396,-2.387482226,3
387.951918,39.00247504,-76.49504515,-2.387392894,3
388.0021597,39.00247406,-76.49504633,-2.387392894,3
388.0523491,39.00247307,-76.49504752,-2.387392894,3
388.1025879,39.00247209,-76.49504871,-2.387392894,3
388.1529135,39.0024711,-76.49504989,-2.387392894,3
388.2031774,39.00247012,-76.49505108,-2.387392894,3
388.2534037,39.00246913,-76.49505227,-2.387392894,3
388.3036365,39.00246815,-76.49505345,-2.387392894,3
388.3539291,39.00246716,-76.49505463,-2.387392894,3
388.4041909,39.00246618,-76.49505582,-2.387392894,3
388.4544073,39.00246519,-76.49505701,-2.387392894,3
388.5046357,39.00246421,-76.49505819,-2.387392894,3
388.5548936,39.00246322,-76.49505938,-2.387392894,3
388.6051299,39.00246224,-76.49506056,-2.387313684,3
388.6553726,39.00246125,-76.49506175,-2.387313684,3
388.7056429,39.00246027,-76.49506294,-2.387313684,3
388.7558778,39.00245928,-76.49506412,-2.387313684,3
388.8061291,39.0024583,-76.49506531,-2.387313684,3
388.856395,39.00245731,-76.49506649,-2.387313684,3
388.9066424,39.00245633,-76.49506768,-2.387313684,3
388.9569126,39.00245535,-76.49506887,-2.387313684,3
389.0071679,39.00245436,-76.49507005,-2.387313684,3
389.0574226,39.00245338,-76.49507124,-2.387313684,3
389.1076226,39.00245239,-76.49507242,-2.387313684,3
389.1578574,39.00245141,-76.49507361,-2.387313684,3
389.2080578,39.00245042,-76.49507479,-2.387313684,3
389.2583124,39.00244944,-76.49507598,-2.387243423,3
389.3085196,39.00244845,-76.49507717,-2.387243423,3
389.3587364,39.00244747,-76.49507835,-2.387243423,3
389.4089301,39.00244648,-76.49507954,-2.387243423,3
389.4591604,39.0024455,-76.49508072,-2.387243423,3
389.5094058,39.00244452,-76.49508191,-2.387243423,3
389.559675,39.00244353,-76.49508309,-2.387243423,3
389.6099149,39.00244255,-76.49508428,-2.387243423,3
389.6601567,39.00244156,-76.49508547,-2.387243423,3
389.710373,39.00244058,-76.49508665,-2.387243423,3
389.7606404,39.00243959,-76.49508784,-2.387243423,3
389.8108582,39.00243861,-76.49508902,-2.387243423,3
389.8610428,39.00243762,-76.49509021,-2.387243423,3
389.911255,39.00243664,-76.4950914,-2.387243423,3
389.9614943,39.00243565,-76.49509258,-2.387180561,3
390.0116846,39.00243467,-76.49509377,-2.387180561,3
390.0618923,39.00243369,-76.49509495,-2.387180561,3
390.1120798,39.0024327,-76.49509614,-2.387180561,3
390.1622834,39.00243172,-76.49509733,-2.387180561,3
390.2125495,39.00243073,-76.49509851,-2.387180561,3
390.2628216,39.00242975,-76.4950997,-2.387180561,3
390.31307,39.00242876,-76.49510089,-2.387180561,3
390.3632617,39.00242778,-76.49510207,-2.387180561,3
390.4134497,39.00242679,-76.49510326,-2.387180561,3
390.4637089,39.00242581,-76.49510444,-2.387180561,3
390.5139443,39.00242482,-76.49510563,-2.387180561,3
390.5642221,39.00242384,-76.49510681,-2.387180561,3
390.6144495,39.00242285,-76.495108,-2.387124822,3
390.664709,39.00242187,-76.49510919,-2.387124822,3
390.7149747,39.00242089,-76.49511037,-2.387124822,3
390.7652023,39.0024199,-76.49511156,-2.387124822,3
390.8154454,39.00241892,-76.49511274,-2.387124822,3
390.8657029,39.00241793,-76.49511393,-2.387124822,3
390.9159034,39.00241695,-76.49511512,-2.387124822,3
390.9661853,39.00241597,-76.4951163,-2.387124822,3
391.0163835,39.00241498,-76.49511749,-2.387124822,3
391.066571,39.002414,-76.49511868,-2.387124821,3
391.1167711,39.00241301,-76.49511986,-2.387124822,3
391.1669791,39.00241203,-76.49512105,-2.387124821,3
391.217166,39.00241104,-76.49512223,-2.387124822,3
391.2673473,39.00241006,-76.49512342,-2.38707538,3
391.3175585,39.00240907,-76.49512461,-2.38707538,3
391.3677872,39.00240809,-76.49512579,-2.38707538,3
391.4180055,39.00240711,-76.49512698,-2.38707538,3
391.4682145,39.00240612,-76.49512816,-2.38707538,3
391.5184499,39.00240514,-76.49512935,-2.38707538,3
391.5686752,39.00240415,-76.49513054,-2.38707538,3
391.618872,39.00240317,-76.49513172,-2.38707538,3
391.6690595,39.00240218,-76.49513291,-2.38707538,3
391.7192407,39.0024012,-76.49513409,-2.38707538,3
391.7695415,39.00240021,-76.49513528,-2.38707538,3
391.8198036,39.00239923,-76.49513647,-2.38707538,3
391.8700956,39.00239824,-76.49513765,-2.38707538,3
391.9202987,39.00239726,-76.49513884,-2.38707538,3
391.9704841,39.00239628,-76.49514003,-2.387031145,3
392.0207066,39.00239529,-76.49514121,-2.387031145,3
392.0709449,39.00239431,-76.4951424,-2.387031145,3
392.1211536,39.00239332,-76.49514359,-2.387031145,3
392.1713299,39.00239234,-76.49514477,-2.387031145,3
392.2215406,39.00239135,-76.49514596,-2.387031145,3
392.2718081,39.00239037,-76.49514714,-2.387031145,3
392.3220247,39.00238939,-76.49514833,-2.387031145,3
392.3722045,39.0023884,-76.49514952,-2.387031145,3
392.4224418,39.00238742,-76.4951507,-2.387031145,3
392.4726606,39.00238643,-76.49515189,-2.387031145,3
392.5229207,39.00238545,-76.49515307,-2.387031145,3
392.5731752,39.00238446,-76.49515426,-2.387031145,3
392.6234248,39.00238348,-76.49515545,-2.386991921,3
392.6736522,39.00238249,-76.49515663,-2.386991921,3
392.7238752,39.00238151,-76.49515782,-2.386991921,3
392.7740832,39.00238053,-76.495159,-2.386991921,3
392.8243007,39.00237954,-76.49516019,-2.386991921,3
392.874512,39.00237856,-76.49516138,-2.386991921,3
392.9247187,39.00237757,-76.49516256,-2.386991921,3
392.9749699,39.00237659,-76.49516375,-2.386991921,3
393.0252316,39.0023756,-76.49516494,-2.386991921,3
393.0755058,39.00237462,-76.49516612,-2.386991921,3
393.1258678,39.00237364,-76.49516731,-2.386991921,3
393.1760971,39.00237265,-76.4951685,-2.386991921,3
393.2263606,39.00237167,-76.49516968,-2.386991921,3
393.2766239,39.00237068,-76.49517087,-2.38695713,3
393.3269286,39.0023697,-76.49517205,-2.38695713,3
393.3772205,39.00236871,-76.49517324,-2.38695713,3
393.4274518,39.00236773,-76.49517443,-2.38695713,3
393.4776961,39.00236674,-76.49517561,-2.38695713,3
393.5279724,39.00236576,-76.4951768,-2.38695713,3
393.578244,39.00236478,-76.49517798,-2.38695713,3
393.6284914,39.00236379,-76.49517917,-2.38695713,3
393.6787715,39.00236281,-76.49518036,-2.38695713,3
393.7290698,39.00236182,-76.49518154,-2.38695713,3
393.7792849,39.00236084,-76.49518273,-2.38695713,3
393.8295378,39.00235985,-76.49518392,-2.38695713,3
393.8797873,39.00235887,-76.4951851,-2.38695713,3
393.9300427,39.00235788,-76.49518629,-2.38695713,3
393.9802636,39.0023569,-76.49518748,-2.386926,3
394.0305098,39.00235592,-76.49518866,-2.386926,3
394.0807777,39.00235493,-76.49518985,-2.386926,3
394.1310451,39.00235395,-76.49519104,-2.386926,3
394.1812825,39.00235297,-76.49519222,-2.386926,3
394.2315948,39.00235198,-76.49519341,-2.386926,3
394.2818606,39.002351,-76.49519459,-2.386926,3
394.3321064,39.00235001,-76.49519579,-2.386926,3
394.382307,39.00234903,-76.49519697,-2.386926,3
394.4325109,39.00234805,-76.49519815,-2.386926,3
394.4827902,39.00234706,-76.49519934,-2.386926,3
394.5331183,39.00234608,-76.49520052,-2.386926,3
394.5833688,39.00234509,-76.49520171,-2.386926,3
394.6336564,39.00234411,-76.4952029,-2.386898399,3
394.6838954,39.00234312,-76.49520408,-2.386898399,3
394.7341403,39.00234214,-76.49520527,-2.386898399,3
394.7843448,39.00234115,-76.49520646,-2.386898399,3
394.8346054,39.00234017,-76.49520764,-2.386898399,3
394.8848576,39.00233919,-76.49520883,-2.386898399,3
394.9351474,39.0023382,-76.49521001,-2.386898399,3
394.9854684,39.00233722,-76.4952112,-2.386898399,3
395.0357174,39.00233623,-76.49521239,-2.386898399,3
395.0859504,39.00233525,-76.49521357,-2.386898399,3
395.1362108,39.00233426,-76.49521476,-2.386898399,3
395.1864749,39.00233328,-76.49521595,-2.386898399,3
395.2367359,39.0023323,-76.49521713,-2.386898399,3
395.2870317,39.00233131,-76.49521832,-2.386873917,3
395.3372992,39.00233033,-76.49521951,-2.386873917,3
395.3875558,39.00232934,-76.49522069,-2.386873917,3
395.4378693,39.00232836,-76.49522188,-2.386873917,3
395.4881502,39.00232738,-76.49522306,-2.386873917,3
395.5384074,39.00232639,-76.49522425,-2.386873917,3
395.5887572,39.00232541,-76.49522544,-2.386873917,3
395.6390478,39.00232442,-76.49522662,-2.386873917,3
395.6893064,39.00232344,-76.49522781,-2.386873917,3
395.7396217,39.00232245,-76.495229,-2.386873917,3
395.7899106,39.00232147,-76.49523018,-2.386873917,3
395.8401886,39.00232049,-76.49523137,-2.386873917,3
395.8904886,39.0023195,-76.49523256,-2.386873917,3
395.9407694,39.00231852,-76.49523374,-2.386873917,3
395.9910921,39.00231753,-76.49523493,-2.386852013,3
396.0413382,39.00231655,-76.49523611,-2.386852013,3
396.0916051,39.00231557,-76.4952373,-2.386852013,3
396.1419343,39.00231458,-76.49523849,-2.386852013,3
396.1922067,39.0023136,-76.49523967,-2.386852013,3
396.2424636,39.00231261,-76.49524086,-2.386852013,3
396.2927484,39.00231163,-76.49524205,-2.386852013,3
396.3430265,39.00231064,-76.49524324,-2.386852013,3
396.393309,39.00230966,-76.49524442,-2.386852013,3
396.4435282,39.00230868,-76.49524561,-2.386852013,3
396.4938055,39.00230769,-76.49524679,-2.386852013,3
396.5440894,39.00230671,-76.49524798,-2.386852013,3
396.594293,39.00230572,-76.49524917,-2.386852013,3
396.6445188,39.00230474,-76.49525035,-2.38683259,3
396.6947792,39.00230375,-76.49525154,-2.38683259,3
396.7450867,39.00230277,-76.49525272,-2.38683259,3
396.7953472,39.00230179,-76.49525391,-2.38683259,3
396.845586,39.0023008,-76.4952551,-2.38683259,3
396.8959304,39.00229982,-76.49525628,-2.38683259,3
396.9461367,39.00229883,-76.49525747,-2.38683259,3
396.9963972,39.00229686,-76.49525984,-2.38683259,3
397.0466316,39.00229588,-76.49526103,-2.38683259,3
397.0969251,39.0022949,-76.49526222,-2.38683259,3
397.1471414,39.00229391,-76.4952634,-2.38683259,3
397.1973424,39.00229293,-76.49526459,-2.38683259,3
397.2475455,39.00229194,-76.49526578,-2.386815363,3
397.297872,39.00229096,-76.49526696,-2.386815363,3
397.348162,39.00228998,-76.49526815,-2.386815363,3
397.3984257,39.00228899,-76.49526934,-2.386815362,3
397.4486739,39.00228801,-76.49527052,-2.386815362,3
397.4988856,39.00228702,-76.49527171,-2.386815362,3
397.5490775,39.00228604,-76.49527289,-2.386815362,3
397.5993344,39.00228505,-76.49527408,-2.386815362,3
397.6495408,39.00228407,-76.49527527,-2.386815362,3
397.6998653,39.00228309,-76.49527646,-2.386815362,3
397.7500703,39.0022821,-76.49527764,-2.386815362,3
397.8002945,39.00228112,-76.49527883,-2.386815362,3
397.8505556,39.00228013,-76.49528001,-2.386815362,3
397.9007651,39.00227915,-76.4952812,-2.386815362,3
397.9509799,39.00227816,-76.49528239,-2.386799949,3
398.001152,39.00227718,-76.49528357,-2.386799949,3
398.0514124,39.0022762,-76.49528476,-2.386799949,3
398.1015988,39.00227521,-76.49528595,-2.386799949,3
398.1518406,39.00227423,-76.49528713,-2.386799949,3
398.2020441,39.00227324,-76.49528832,-2.386799949,3
398.2522574,39.00227226,-76.49528951,-2.386799949,3
398.3024439,39.00227128,-76.49529069,-2.386799949,3
398.3526727,39.00227029,-76.49529188,-2.386799949,3
398.4029165,39.00226931,-76.49529306,-2.386799949,3
398.4531114,39.00226832,-76.49529425,-2.386799949,3
398.5033083,39.00226734,-76.49529544,-2.386799949,3
398.5534891,39.00226636,-76.49529662,-2.386799948,3
398.6036222,39.00226537,-76.49529781,-2.386786281,3
398.6538194,39.00226439,-76.495299,-2.386786281,3
398.7040229,39.0022634,-76.49530018,-2.386786281,3
398.7542838,39.00226242,-76.49530137,-2.386786281,3
398.804507,39.00226143,-76.49530256,-2.386786281,3
398.8547468,39.00226045,-76.49530374,-2.386786281,3
398.9050089,39.00225947,-76.49530493,-2.386786281,3
398.9552379,39.00225848,-76.49530612,-2.386786281,3
399.0054481,39.0022575,-76.4953073,-2.386786281,3
399.0556501,39.00225651,-76.49530849,-2.386786281,3
399.1058715,39.00225553,-76.49530968,-2.386786281,3
399.1560966,39.00225455,-76.49531086,-2.386786281,3
399.2063245,39.00225356,-76.49531205,-2.386786281,3
399.2565694,39.00225258,-76.49531324,-2.386774158,3
399.3068194,39.00225159,-76.49531442,-2.386774158,3
399.3570475,39.00225061,-76.49531561,-2.386774158,3
399.4073119,39.00224963,-76.49531679,-2.386774158,3
399.4575497,39.00224864,-76.49531798,-2.386774158,3
399.507753,39.00224766,-76.49531917,-2.386774158,3
399.5580063,39.00224667,-76.49532035,-2.386774158,3
399.6082326,39.00224569,-76.49532154,-2.386774158,3
399.6584674,39.0022447,-76.49532273,-2.386774158,3
399.708664,39.00224372,-76.49532391,-2.386774158,3
399.7588947,39.00224274,-76.4953251,-2.386774158,3
399.8091055,39.00224175,-76.49532629,-2.386774158,3
399.8593251,39.00224077,-76.49532747,-2.386774158,3
399.9095131,39.00223978,-76.49532866,-2.386774158,3
399.9596953,39.0022388,-76.49532985,-2.386763312,3
400.0098835,39.00223782,-76.49533103,-2.386763312,3
400.0600655,39.00223683,-76.49533222,-2.386763312,3
400.1102734,39.00223585,-76.49533341,-2.386763312,3
400.1605208,39.00223486,-76.49533459,-2.386763312,3
400.2107765,39.00223388,-76.49533578,-2.386763312,3
400.2610447,39.0022329,-76.49533696,-2.386763312,3
400.3113083,39.00223191,-76.49533815,-2.386763311,3
400.3615122,39.00223093,-76.49533934,-2.386763312,3
400.4116646,39.00222994,-76.49534052,-2.386763311,3
400.4618684,39.00222896,-76.49534171,-2.386763312,3
400.5120703,39.00222797,-76.4953429,-2.386763312,3
400.5622757,39.00222699,-76.49534408,-2.386763311,3
400.6124783,39.00222601,-76.49534527,-2.386753694,3
400.6627262,39.00222502,-76.49534646,-2.386753694,3
400.7130291,39.00222404,-76.49534764,-2.386753694,3
400.7632628,39.00222305,-76.49534883,-2.386753694,3
400.8134805,39.00222207,-76.49535002,-2.386753694,3
400.8636804,39.00222109,-76.4953512,-2.386753694,3
400.9139006,39.0022201,-76.49535239,-2.386753694,3
400.9641122,39.00221912,-76.49535358,-2.386753694,3
401.01435,39.00221813,-76.49535476,-2.386753694,3
401.064543,39.00221715,-76.49535595,-2.386753694,3
401.1147882,39.00221617,-76.49535714,-2.386753694,3
401.1650373,39.00221518,-76.49535832,-2.386753694,3
401.2152794,39.0022142,-76.49535951,-2.386753694,3
401.2654876,39.00221321,-76.4953607,-2.386745163,3
401.3157338,39.00221223,-76.49536188,-2.386745163,3
401.3660194,39.00221124,-76.49536307,-2.386745163,3
401.4162627,39.00221026,-76.49536426,-2.386745163,3
401.4664954,39.00220928,-76.49536544,-2.386745163,3
401.5166769,39.00220829,-76.49536663,-2.386745163,3
401.5668853,39.00220731,-76.49536781,-2.386745163,3
401.6170803,39.00220632,-76.495369,-2.386745163,3
401.6673877,39.00220534,-76.49537019,-2.386745163,3
401.7176398,39.00220436,-76.49537137,-2.386745163,3
401.7679183,39.00220337,-76.49537256,-2.386745163,3
401.8181822,39.00220239,-76.49537375,-2.386745163,3
401.8684208,39.0022014,-76.49537494,-2.386745163,3
401.9187197,39.00220042,-76.49537612,-2.386745163,3
401.9690117,39.00219943,-76.49537731,-2.38673753,3
402.0192506,39.00219845,-76.49537849,-2.38673753,3
402.0694878,39.00219747,-76.49537968,-2.38673753,3
402.1197553,39.00219648,-76.49538087,-2.38673753,3
402.1700137,39.0021955,-76.49538205,-2.38673753,3
402.2202491,39.00219451,-76.49538324,-2.38673753,3
402.2704879,39.00219353,-76.49538443,-2.38673753,3
402.3206999,39.00219255,-76.49538561,-2.38673753,3
402.3709988,39.00219156,-76.4953868,-2.38673753,3
402.4212565,39.00219058,-76.49538799,-2.38673753,3
402.4714842,39.00218959,-76.49538917,-2.38673753,3
402.521773,39.00218861,-76.49539036,-2.38673753,3
402.5720551,39.00218763,-76.49539155,-2.38673753,3
402.6222885,39.00218664,-76.49539273,-2.386730763,3
402.672544,39.00218566,-76.49539392,-2.386730763,3
402.7228075,39.00218467,-76.49539511,-2.386730763,3
402.7730825,39.00218369,-76.49539629,-2.386730763,3
402.8233661,39.00218271,-76.49539748,-2.386730763,3
402.8736036,39.00218172,-76.49539867,-2.386730763,3
402.9238531,39.00218074,-76.49539985,-2.386730763,3
402.9740957,39.00217975,-76.49540104,-2.386730763,3
403.0242794,39.00217877,-76.49540222,-2.386730763,3
403.0745191,39.00217779,-76.49540341,-2.386730762,3
403.1247105,39.0021768,-76.4954046,-2.386730763,3
403.1749178,39.00217582,-76.49540579,-2.386730762,3
403.2251914,39.00217483,-76.49540697,-2.386730763,3
403.2754695,39.00217385,-76.49540816,-2.38672476,3
403.3257719,39.00217286,-76.49540934,-2.38672476,3
403.3760587,39.00217188,-76.49541053,-2.38672476,3
403.4263165,39.0021709,-76.49541172,-2.38672476,3
403.4765928,39.00216991,-76.4954129,-2.38672476,3
403.5268779,39.00216893,-76.49541409,-2.38672476,3
403.5771999,39.00216794,-76.49541528,-2.38672476,3
403.627456,39.00216696,-76.49541646,-2.38672476,3
403.6777063,39.00216598,-76.49541765,-2.386724759,3
403.7279632,39.00216499,-76.49541884,-2.386724759,3
403.7782028,39.00216401,-76.49542002,-2.386724759,3
403.8284568,39.00216302,-76.49542121,-2.38672476,3
403.8787243,39.00216204,-76.4954224,-2.386724759,3
403.9289979,39.00216106,-76.49542358,-2.386724759,3
403.9792906,39.00216007,-76.49542477,-2.386719389,3
404.0295653,39.00215909,-76.49542596,-2.386719389,3
404.079818,39.0021581,-76.49542714,-2.386719389,3
404.1301343,39.00215712,-76.49542833,-2.386719389,3
404.1804714,39.00215613,-76.49542952,-2.386719389,3
404.2307291,39.00215515,-76.4954307,-2.386719389,3
404.2809839,39.00215417,-76.49543189,-2.386719389,3
404.3312512,39.00215318,-76.49543308,-2.386719389,3
404.3815034,39.0021522,-76.49543426,-2.386719389,3
404.4318149,39.00215121,-76.49543545,-2.386719388,3
404.4821173,39.00215023,-76.49543663,-2.386719389,3
404.5323712,39.00214925,-76.49543782,-2.386719388,3
404.5826251,39.00214826,-76.49543901,-2.386719389,3
404.632902,39.00214728,-76.49544019,-2.386714626,3
404.6831223,39.00214629,-76.49544138,-2.386714626,3
404.7333182,39.00214531,-76.49544257,-2.386714626,3
404.7835073,39.00214432,-76.49544376,-2.386714626,3
404.8337708,39.00214334,-76.49544494,-2.386714626,3
404.8840134,39.00214236,-76.49544613,-2.386714626,3
404.9342441,39.00214137,-76.49544731,-2.386714626,3
404.9844644,39.00214039,-76.4954485,-2.386714626,3
405.034695,39.0021394,-76.49544969,-2.386714626,3
405.0849614,39.00213842,-76.49545087,-2.386714626,3
405.1352163,39.00213744,-76.49545206,-2.386714626,3
405.1854462,39.00213645,-76.49545325,-2.386714626,3
405.2357553,39.00213547,-76.49545443,-2.386714626,3
405.2860248,39.00213449,-76.49545562,-2.386710402,3
405.3362777,39.0021335,-76.49545681,-2.386710402,3
405.3865608,39.00213252,-76.49545799,-2.386710402,3
405.4368724,39.00213153,-76.49545918,-2.386710402,3
405.4871696,39.00213055,-76.49546037,-2.386710402,3
405.5374379,39.00212957,-76.49546155,-2.386710402,3
405.5876889,39.00212858,-76.49546274,-2.386710402,3
405.6379035,39.0021276,-76.49546393,-2.386710402,3
405.6881595,39.00212661,-76.49546511,-2.386710402,3
405.7384241,39.00212563,-76.4954663,-2.386710402,3
405.788659,39.00212464,-76.49546749,-2.386710402,3
405.8389265,39.00212366,-76.49546867,-2.386710402,3
405.8891787,39.00212268,-76.49546986,-2.386710402,3
405.9394166,39.00212169,-76.49547105,-2.386710402,3
405.9896532,39.00212071,-76.49547223,-2.386706622,3
406.0398875,39.00211972,-76.49547342,-2.386706622,3
406.0901613,39.00211874,-76.4954746,-2.386706622,3
406.140403,39.00211776,-76.49547579,-2.386706622,3
406.1906408,39.00211677,-76.49547698,-2.386706622,3
406.2408619,39.00211579,-76.49547816,-2.386706622,3
406.2911036,39.0021148,-76.49547935,-2.386706622,3
406.3413483,39.00211382,-76.49548054,-2.386706622,3
406.3916218,39.00211284,-76.49548172,-2.386706622,3
406.4418421,39.00211185,-76.49548291,-2.386706622,3
406.4920919,39.00211087,-76.4954841,-2.386706622,3
406.5423385,39.00210988,-76.49548529,-2.386706622,3
406.5926067,39.0021089,-76.49548647,-2.386706622,3
406.6428163,39.00210792,-76.49548766,-2.386703271,3
406.6930832,39.00210693,-76.49548884,-2.386703271,3
406.743337,39.00210595,-76.49549003,-2.386703271,3
406.7935707,39.00210496,-76.49549122,-2.386703271,3
406.8438652,39.00210398,-76.4954924,-2.386703271,3
406.8941093,39.002103,-76.49549359,-2.386703271,3
406.9443165,39.00210201,-76.49549478,-2.386703271,3
406.9945452,39.00210103,-76.49549596,-2.386703271,3
407.0447751,39.00210004,-76.49549715,-2.386703271,3
407.0950563,39.00209906,-76.49549834,-2.386703271,3
407.1453456,39.00209808,-76.49549952,-2.386703271,3
407.1956088,39.00209709,-76.49550071,-2.386703271,3
407.2459229,39.00209611,-76.4955019,-2.386703271,3
407.2961373,39.00209512,-76.49550308,-2.386703271,3
407.346361,39.00209315,-76.49550546,-2.386700274,3
407.3965973,39.00209217,-76.49550664,-2.386700274,3
407.4468705,39.00209119,-76.49550783,-2.386700274,3
407.4970973,39.0020902,-76.49550902,-2.386700274,3
407.5473277,39.00208922,-76.4955102,-2.386700274,3
407.5975674,39.00208823,-76.49551139,-2.386700274,3
407.6477782,39.00208725,-76.49551258,-2.386700274,3
407.6980518,39.00208627,-76.49551376,-2.386700274,3
407.7482433,39.00208528,-76.49551495,-2.386700274,3
407.7984878,39.0020843,-76.49551614,-2.386700274,3
407.8486815,39.00208331,-76.49551732,-2.386700274,3
407.8989284,39.00208233,-76.49551851,-2.386700274,3
407.9491218,39.00208135,-76.49551969,-2.386697617,3
407.9993487,39.00208036,-76.49552088,-2.386697617,3
408.0495378,39.00207938,-76.49552207,-2.386697617,3
408.0997648,39.00207839,-76.49552326,-2.386697617,3
408.149999,39.00207741,-76.49552444,-2.386697617,3
408.2002223,39.00207643,-76.49552563,-2.386697617,3
408.2504655,39.00207544,-76.49552682,-2.386697617,3
408.3006867,39.00207446,-76.495528,-2.386697617,3
408.3509066,39.00207347,-76.49552919,-2.386697617,3
408.4011556,39.00207249,-76.49553037,-2.386697617,3
408.4513933,39.0020715,-76.49553156,-2.386697617,3
408.5016176,39.00207052,-76.49553275,-2.386697617,3
408.5518792,39.00206954,-76.49553393,-2.386697617,3
408.6021261,39.00206855,-76.49553512,-2.386695261,3
408.6523734,39.00206757,-76.49553631,-2.386695261,3
408.7026188,39.00206659,-76.49553749,-2.386695261,3
408.7528916,39.0020656,-76.49553868,-2.386695261,3
408.8031278,39.00206462,-76.49553987,-2.386695261,3
408.8534197,39.00206363,-76.49554105,-2.386695261,3
408.9036686,39.00206265,-76.49554224,-2.386695261,3
408.9539034,39.00206166,-76.49554343,-2.386695261,3
409.0041406,39.00206068,-76.49554461,-2.386695261,3
409.0543707,39.0020597,-76.4955458,-2.386695261,3
409.1046844,39.00205871,-76.49554699,-2.386695261,3
409.1549576,39.00205773,-76.49554818,-2.386695261,3
409.2052049,39.00205674,-76.49554936,-2.386695261,3
409.2555006,39.00205576,-76.49555055,-2.386693172,3
409.3057865,39.00205478,-76.49555173,-2.386693172,3
409.3560315,39.00205379,-76.49555292,-2.386693171,3
409.4062397,39.00205281,-76.49555411,-2.386693171,3
409.456507,39.00205182,-76.49555529,-2.386693171,3
409.506721,39.00205084,-76.49555648,-2.386693171,3
409.5569297,39.00204986,-76.49555767,-2.386693171,3
409.6071752,39.00204887,-76.49555885,-2.386693172,3
409.6574866,39.00204789,-76.49556004,-2.386693171,3
409.7077478,39.0020469,-76.49556123,-2.386693171,3
409.7579951,39.00204592,-76.49556241,-2.386693171,3
409.808207,39.00204494,-76.4955636,-2.386693171,3
409.8584305,39.00204395,-76.49556479,-2.386693171,3
409.9086985,39.00204297,-76.49556597,-2.386693171,3
409.9589703,39.00204198,-76.49556716,-2.386691302,3
410.0091763,39.002041,-76.49556835,-2.386691302,3
410.0594105,39.00204002,-76.49556953,-2.386691302,3
410.1096079,39.00203903,-76.49557072,-2.386691302,3
410.1598399,39.00203805,-76.49557191,-2.386691302,3
410.2100208,39.00203706,-76.49557309,-2.386691302,3
410.2602565,39.00203608,-76.49557428,-2.386691302,3
410.3105163,39.00203509,-76.49557547,-2.386691302,3
410.3607544,39.00203411,-76.49557665,-2.386691302,3
410.4109985,39.00203313,-76.49557784,-2.386691302,3
410.4611939,39.00203214,-76.49557903,-2.386691302,3
410.5114869,39.00203116,-76.49558021,-2.386691302,3
410.5617415,39.00203017,-76.4955814,-2.386691302,3
410.6119776,39.00202919,-76.49558259,-2.386689644,3
410.6622499,39.00202821,-76.49558377,-2.386689644,3
410.7124927,39.00202722,-76.49558496,-2.386689644,3
410.7627567,39.00202624,-76.49558614,-2.386689644,3
410.8130659,39.00202525,-76.49558733,-2.386689644,3
410.8633405,39.00202427,-76.49558852,-2.386689644,3
410.9136144,39.00202329,-76.4955897,-2.386689644,3
410.9638762,39.0020223,-76.49559089,-2.386689644,3
411.014109,39.00202132,-76.49559208,-2.386689644,3
411.0643527,39.00202033,-76.49559327,-2.386689644,3
411.1146146,39.00201935,-76.49559445,-2.386689644,3
411.1648794,39.00201836,-76.49559564,-2.386689644,3
411.215179,39.00201738,-76.49559682,-2.386689644,3
411.2654329,39.0020164,-76.49559801,-2.386688174,3
411.3157008,39.00201541,-76.4955992,-2.386688174,3
411.3659755,39.00201443,-76.49560039,-2.386688174,3
411.4162531,39.00201345,-76.49560157,-2.386688174,3
411.4664855,39.00201246,-76.49560276,-2.386688174,3
411.5167438,39.00201148,-76.49560394,-2.386688174,3
411.5670688,39.00201049,-76.49560513,-2.386688174,3
411.6173167,39.00200951,-76.49560632,-2.386688174,3
411.6675452,39.00200853,-76.4956075,-2.386688174,3
411.717857,39.00200754,-76.49560869,-2.386688174,3
411.7681137,39.00200656,-76.49560988,-2.386688174,3
411.8183719,39.00200557,-76.49561106,-2.386688174,3
411.8686406,39.00200459,-76.49561225,-2.386688174,3
411.9188923,39.0020036,-76.49561344,-2.386688174,3
411.9691802,39.00200262,-76.49561462,-2.386686858,3
412.0194777,39.00200164,-76.49561581,-2.386686858,3
412.0698756,39.00200065,-76.495617,-2.386686858,3
412.120143,39.00199967,-76.49561818,-2.386686858,3
412.1704211,39.00199868,-76.49561937,-2.386686858,3
412.2206678,39.0019977,-76.49562056,-2.386686858,3
412.2708664,39.00199672,-76.49562174,-2.386686858,3
412.3210706,39.00199573,-76.49562293,-2.386686858,3
412.3712587,39.00199475,-76.49562412,-2.386686858,3
412.4214584,39.00199376,-76.4956253,-2.386686858,3
412.4716992,39.00199278,-76.49562649,-2.386686858,3
412.5219321,39.0019918,-76.49562768,-2.386686858,3
412.5722295,39.00199081,-76.49562886,-2.386686858,3
412.6224528,39.00198983,-76.49563005,-2.386685692,3
412.6727199,39.00198884,-76.49563124,-2.386685692,3
412.7229779,39.00198786,-76.49563242,-2.386685692,3
412.7731806,39.00198687,-76.49563361,-2.386685692,3
412.8234466,39.00198589,-76.4956348,-2.386685692,3
412.8737065,39.00198491,-76.49563598,-2.386685692,3
412.9238924,39.00198392,-76.49563717,-2.386685692,3
412.9741276,39.00198294,-76.49563836,-2.386685692,3
413.0243657,39.00198195,-76.49563954,-2.386685692,3
413.0746171,39.00198097,-76.49564073,-2.386685692,3
413.124877,39.00197999,-76.49564192,-2.386685692,3
413.1751145,39.001979,-76.4956431,-2.386685691,3
413.2253627,39.00197802,-76.49564429,-2.386685692,3
413.2756258,39.00197704,-76.49564547,-2.386685692,3
413.3259201,39.00197605,-76.49564666,-2.386684657,3
413.3761492,39.00197506,-76.49564785,-2.386684648,3
413.426372,39.00197408,-76.49564903,-2.386684648,3
413.4765938,39.0019731,-76.49565022,-2.386684648,3
413.5268797,39.00197211,-76.49565141,-2.386684648,3
413.5771423,39.00197113,-76.49565259,-2.386684648,3
413.627389,39.00197015,-76.49565378,-2.386684648,3
413.6776665,39.00196916,-76.49565497,-2.386684648,3
413.7279334,39.00196818,-76.49565615,-2.386684648,3
413.7781918,39.00196719,-76.49565734,-2.386684648,3
413.8284594,39.00196621,-76.49565853,-2.386684648,3
413.8786987,39.00196523,-76.49565971,-2.386684648,3
413.9289385,39.00196424,-76.4956609,-2.386684648,3
413.9791583,39.00196326,-76.49566209,-2.386683723,3
414.0293685,39.00196228,-76.49566327,-2.386683723,3
414.0796146,39.00196129,-76.49566446,-2.386683723,3
414.1298849,39.00196031,-76.49566565,-2.386683723,3
414.1801071,39.00195932,-76.49566683,-2.386683723,3
414.230315,39.00195834,-76.49566802,-2.386683723,3
414.2805407,39.00195735,-76.49566921,-2.386683723,3
414.3307509,39.00195637,-76.49567039,-2.386683723,3
414.3810147,39.00195538,-76.49567158,-2.386683723,3
414.4312886,39.0019544,-76.49567277,-2.386683723,3
414.4815421,39.00195342,-76.49567395,-2.386683723,3
414.531797,39.00195243,-76.49567514,-2.386683723,3
414.5820734,39.00195145,-76.49567633,-2.386683723,3
414.6323133,39.00195047,-76.49567751,-2.386682903,3
414.6825506,39.00194948,-76.4956787,-2.386682903,3
414.7328114,39.0019485,-76.49567989,-2.386682903,3
414.7830735,39.00194751,-76.49568107,-2.386682903,3
414.8333343,39.00194653,-76.49568226,-2.386682903,3
414.883621,39.00194555,-76.49568345,-2.386682903,3
414.9339134,39.00194456,-76.49568463,-2.386682903,3
414.9841603,39.00194358,-76.49568582,-2.386682903,3
415.0344433,39.00194259,-76.49568701,-2.386682903,3
415.0847088,39.00194161,-76.49568819,-2.386682903,3
415.1349645,39.00194063,-76.49568938,-2.386682903,3
415.1852144,39.00193964,-76.49569057,-2.386682903,3
415.2354608,39.00193866,-76.49569175,-2.386682903,3
415.2857395,39.00193767,-76.49569294,-2.386682176,3
415.3360195,39.00193669,-76.49569412,-2.386682176,3
415.3862724,39.0019357,-76.49569531,-2.386682176,3
415.4365496,39.00193472,-76.4956965,-2.386682176,3
415.4867784,39.00193374,-76.49569768,-2.386682176,3
415.5370591,39.00193275,-76.49569887,-2.386682176,3
415.5873216,39.00193177,-76.49570006,-2.386682176,3
415.6376202,39.00193078,-76.49570125,-2.386682176,3
415.6878692,39.0019298,-76.49570243,-2.386682176,3
415.7381318,39.00192882,-76.49570362,-2.386682176,3
415.7884307,39.00192783,-76.49570481,-2.386682176,3
415.8387145,39.00192685,-76.49570599,-2.386682176,3
415.888956,39.00192586,-76.49570718,-2.386682176,3
415.9391618,39.00192488,-76.49570837,-2.386682176,3
415.9894173,39.0019239,-76.49570955,-2.386681525,3
416.039654,39.00192291,-76.49571074,-2.386681525,3
416.0899187,39.00192193,-76.49571192,-2.386681525,3
416.1401555,39.00192094,-76.49571311,-2.386681525,3
416.1903818,39.00191996,-76.4957143,-2.386681525,3
416.2406172,39.00191897,-76.49571549,-2.386681525,3
416.2908656,39.00191799,-76.49571667,-2.386681525,3
416.3411257,39.00191701,-76.49571786,-2.386681525,3
416.3914653,39.00191602,-76.49571904,-2.386681525,3
416.4417474,39.00191504,-76.49572023,-2.386681525,3
416.4920213,39.00191406,-76.49572142,-2.386681525,3
416.5422759,39.00191307,-76.4957226,-2.386681525,3
416.5925432,39.00191209,-76.49572379,-2.386681525,3
416.6427382,39.0019111,-76.49572498,-2.386680948,3
416.6929628,39.00191012,-76.49572616,-2.386680948,3
416.7431698,39.00190914,-76.49572735,-2.386680948,3
416.793412,39.00190815,-76.49572854,-2.386680948,3
416.843672,39.00190717,-76.49572972,-2.386680948,3
416.893922,39.00190618,-76.49573091,-2.386680948,3
416.9441444,39.0019052,-76.4957321,-2.386680948,3
416.9943943,39.00190422,-76.49573328,-2.386680948,3
417.044607,39.00190323,-76.49573447,-2.386680948,3
417.0948669,39.00190225,-76.49573566,-2.386680948,3
417.1451513,39.00190126,-76.49573684,-2.386680948,3
417.1954522,39.00190028,-76.49573803,-2.386680948,3
417.2457298,39.00189929,-76.49573922,-2.386680948,3
417.296012,39.00189831,-76.4957404,-2.386680436,3
417.3462218,39.00189634,-76.49574278,-2.386680436,3
417.3964473,39.00189536,-76.49574396,-2.386680436,3
417.4466692,39.00189437,-76.49574515,-2.386680436,3
417.4968978,39.00189339,-76.49574634,-2.386680436,3
417.5471495,39.00189241,-76.49574752,-2.386680436,3
417.5974053,39.00189142,-76.49574871,-2.386680436,3
417.6476435,39.00189044,-76.4957499,-2.386680436,3
417.6979101,39.00188945,-76.49575108,-2.386680436,3
417.7481025,39.00188847,-76.49575227,-2.386680436,3
417.798301,39.00188748,-76.49575346,-2.386680436,3
417.8484854,39.0018865,-76.49575464,-2.386680436,3
417.8986984,39.00188552,-76.49575583,-2.386680436,3
417.948871,39.00188453,-76.49575702,-2.386679978,3
417.9990787,39.00188355,-76.4957582,-2.386679978,3
418.0492955,39.00188257,-76.49575939,-2.386679978,3
418.0994997,39.00188158,-76.49576058,-2.386679978,3
418.149764,39.0018806,-76.49576176,-2.386679978,3
418.2000228,39.00187961,-76.49576295,-2.386679978,3
418.250296,39.00187863,-76.49576414,-2.386679978,3
418.3005072,39.00187764,-76.49576532,-2.386679978,3
418.3507122,39.00187666,-76.49576651,-2.386679978,3
418.4009692,39.00187568,-76.4957677,-2.386679978,3
418.4511906,39.00187469,-76.49576888,-2.386679978,3
418.501405,39.00187371,-76.49577007,-2.386679978,3
418.5516516,39.00187273,-76.49577126,-2.386679978,3
418.60189,39.00187174,-76.49577244,-2.386679572,3
418.652057,39.00187076,-76.49577363,-2.386679572,3
418.7022455,39.00186977,-76.49577481,-2.386679572,3
418.7524776,39.00186879,-76.495776,-2.386679572,3
418.8026943,39.00186781,-76.49577719,-2.386679572,3
418.8528826,39.00186682,-76.49577837,-2.386679572,3
418.9031539,39.00186584,-76.49577956,-2.386679572,3
418.9533433,39.00186485,-76.49578075,-2.386679572,3
419.0035369,39.00186387,-76.49578193,-2.386679572,3
419.0537605,39.00186289,-76.49578312,-2.386679572,3
419.1039496,39.0018619,-76.49578431,-2.386679572,3
419.1541804,39.00186092,-76.49578549,-2.386679572,3
419.2043838,39.00185993,-76.49578668,-2.386679572,3
419.2545722,39.00185895,-76.49578787,-2.386679212,3
419.3047908,39.00185797,-76.49578905,-2.386679212,3
419.3550214,39.00185698,-76.49579024,-2.386679212,3
419.4052435,39.001856,-76.49579143,-2.386679212,3
419.4554573,39.00185501,-76.49579261,-2.386679212,3
419.5057777,39.00185403,-76.4957938,-2.386679212,3
419.5560095,39.00185304,-76.49579499,-2.386679212,3
419.606232,39.00185206,-76.49579617,-2.386679212,3
419.6564426,39.00185108,-76.49579736,-2.386679212,3
419.7066944,39.00185009,-76.49579855,-2.386679212,3
419.756905,39.00184911,-76.49579973,-2.386679212,3
419.8071357,39.00184812,-76.49580092,-2.386679212,3
419.8573802,39.00184714,-76.49580211,-2.386679212,3
419.9075894,39.00184616,-76.49580329,-2.386679212,3
419.9578196,39.00184517,-76.49580448,-2.38667889,3
420.0080439,39.00184419,-76.49580567,-2.38667889,3
420.0582941,39.00184321,-76.49580685,-2.38667889,3
420.1085016,39.00184222,-76.49580804,-2.38667889,3
420.1587241,39.00184124,-76.49580923,-2.38667889,3
420.2089506,39.00184025,-76.49581041,-2.38667889,3
420.2591791,39.00183927,-76.4958116,-2.38667889,3
420.3094371,39.00183828,-76.49581279,-2.38667889,3
420.3597126,39.0018373,-76.49581397,-2.38667889,3
420.4099914,39.00183632,-76.49581516,-2.38667889,3
420.4602144,39.00183533,-76.49581635,-2.38667889,3
420.510458,39.00183435,-76.49581753,-2.38667889,3
420.5607098,39.00183336,-76.49581872,-2.38667889,3
420.6109859,39.00183238,-76.49581991,-2.386678604,3
420.6612327,39.00183139,-76.4958211,-2.386678604,3
420.7114879,39.00183041,-76.49582228,-2.386678604,3
420.7617537,39.00182943,-76.49582347,-2.386678604,3
420.8119963,39.00182844,-76.49582465,-2.386678604,3
420.8622321,39.00182746,-76.49582584,-2.386678604,3
420.912448,39.00182648,-76.49582703,-2.386678604,3
420.9627077,39.00182549,-76.49582821,-2.386678604,3
421.0129245,39.00182451,-76.4958294,-2.386678604,3
421.0631557,39.00182352,-76.49583059,-2.386678604,3
421.1133656,39.00182254,-76.49583177,-2.386678604,3
421.1636465,39.00182156,-76.49583296,-2.386678604,3
421.2139047,39.00182057,-76.49583415,-2.386678604,3
421.2641959,39.00181959,-76.49583533,-2.386678351,3
421.3144642,39.0018186,-76.49583652,-2.386678351,3
421.3646926,39.00181762,-76.4958377,-2.386678351,3
421.4149432,39.00181663,-76.49583889,-2.386678351,3
421.4652221,39.00181565,-76.49584008,-2.386678351,3
421.5154359,39.00181467,-76.49584126,-2.386678351,3
421.5656789,39.00181368,-76.49584245,-2.386678351,3
421.6159454,39.0018127,-76.49584364,-2.386678351,3
421.6661361,39.00181171,-76.49584483,-2.386678351,3
421.7163123,39.00181073,-76.49584601,-2.386678351,3
421.7665013,39.00180975,-76.4958472,-2.386678351,3
421.8166791,39.00180876,-76.49584839,-2.386678351,3
421.8668698,39.00180778,-76.49584957,-2.386678351,3
421.9170597,39.00180679,-76.49585076,-2.386678351,3
421.9672974,39.00180581,-76.49585194,-2.386678124,3
422.0175302,39.00180483,-76.49585313,-2.386678124,3
422.0677734,39.00180384,-76.49585432,-2.386678124,3
422.1180597,39.00180286,-76.4958555,-2.386678124,3
422.1683078,39.00180187,-76.49585669,-2.386678124,3
422.2185559,39.00180089,-76.49585788,-2.386678124,3
422.2687762,39.00179991,-76.49585906,-2.386678124,3
422.3190646,39.00179892,-76.49586025,-2.386678124,3
422.3692775,39.00179794,-76.49586144,-2.386678124,3
422.4194742,39.00179695,-76.49586263,-2.386678124,3
422.4697816,39.00179597,-76.49586381,-2.386678124,3
422.5200238,39.00179499,-76.495865,-2.386678124,3
422.5702567,39.001794,-76.49586618,-2.386678124,3
422.6205201,39.00179302,-76.49586737,-2.386677923,3
422.6707456,39.00179203,-76.49586856,-2.386677923,3
422.721014,39.00179105,-76.49586974,-2.386677923,3
422.7712629,39.00179007,-76.49587093,-2.386677923,3
422.8215125,39.00178908,-76.49587212,-2.386677923,3
422.8717873,39.0017881,-76.4958733,-2.386677923,3
422.9220274,39.00178711,-76.49587449,-2.386677923,3
422.9722412,39.00178613,-76.49587568,-2.386677923,3
423.0224732,39.00178515,-76.49587686,-2.386677923,3
423.0727052,39.00178416,-76.49587805,-2.386677923,3
423.122949,39.00178318,-76.49587924,-2.386677923,3
423.1731567,39.00178219,-76.49588042,-2.386677923,3
423.2233942,39.00178121,-76.49588161,-2.386677923,3
423.2735891,39.00178022,-76.4958828,-2.386677745,3
423.323839,39.00177924,-76.49588398,-2.386677745,3
423.3740303,39.00177826,-76.49588517,-2.386677745,3
423.4242349,39.00177727,-76.49588636,-2.386677745,3
423.4744614,39.00177629,-76.49588754,-2.386677745,3
423.5247133,39.0017753,-76.49588873,-2.386677745,3
423.5749179,39.00177432,-76.49588992,-2.386677745,3
423.625192,39.00177334,-76.4958911,-2.386677745,3
423.6753909,39.00177235,-76.49589229,-2.386677744,3
423.7256551,39.00177137,-76.49589348,-2.386677744,3
423.7758844,39.00177038,-76.49589466,-2.386677744,3
423.8261003,39.0017694,-76.49589585,-2.386677744,3
423.8762975,39.00176842,-76.49589704,-2.386677744,3
423.926519,39.00176743,-76.49589822,-2.386677744,3
423.9767413,39.00176645,-76.49589941,-2.386677585,3
424.026999,39.00176546,-76.49590059,-2.386677585,3
424.077256,39.00176448,-76.49590178,-2.386677585,3
424.1275548,39.00176349,-76.49590297,-2.386677585,3
424.1778376,39.00176251,-76.49590415,-2.386677585,3
424.228093,39.00176153,-76.49590534,-2.386677585,3
424.2783381,39.00176054,-76.49590653,-2.386677585,3
424.3285597,39.00175956,-76.49590771,-2.386677585,3
424.378807,39.00175858,-76.4959089,-2.386677585,3
424.429108,39.00175759,-76.49591009,-2.386677585,3
424.4793114,39.00175661,-76.49591127,-2.386677585,3
424.5295737,39.00175562,-76.49591246,-2.386677585,3
424.5798732,39.00175464,-76.49591365,-2.386677585,3
424.630154,39.00175366,-76.49591483,-2.386677444,3
424.6803851,39.00175267,-76.49591602,-2.386677444,3
424.73061,39.00175169,-76.49591721,-2.386677443,3
424.7808391,39.0017507,-76.49591839,-2.386677443,3
424.831104,39.00174972,-76.49591958,-2.386677444,3
424.8813059,39.00174874,-76.49592077,-2.386677443,3
424.9316383,39.00174775,-76.49592195,-2.386677443,3
424.9818875,39.00174677,-76.49592314,-2.386677443,3
425.0321694,39.00174578,-76.49592433,-2.386677443,3
425.0824308,39.0017448,-76.49592551,-2.386677443,3
425.1327191,39.00174382,-76.4959267,-2.386677443,3
425.1829949,39.00174283,-76.49592789,-2.386677443,3
425.233241,39.00174185,-76.49592907,-2.386677443,3
425.2835054,39.00174086,-76.49593026,-2.386677318,3
425.3338128,39.00173988,-76.49593145,-2.386677318,3
425.3840718,39.0017389,-76.49593263,-2.386677318,3
425.4343535,39.00173791,-76.49593382,-2.386677318,3
425.4846015,39.00173693,-76.49593501,-2.386677318,3
425.5348887,39.00173594,-76.49593619,-2.386677318,3
425.5851519,39.00173496,-76.49593738,-2.386677318,3
425.6354109,39.00173397,-76.49593857,-2.386677318,3
425.6856686,39.00173299,-76.49593975,-2.386677318,3
425.7359631,39.00173201,-76.49594094,-2.386677318,3
425.7862008,39.00173102,-76.49594213,-2.386677318,3
425.8364586,39.00173004,-76.49594331,-2.386677318,3
425.8866952,39.00172905,-76.4959445,-2.386677318,3
425.9369743,39.00172807,-76.49594569,-2.386677318,3
425.9872246,39.00172709,-76.49594687,-2.386677206,3
426.037478,39.0017261,-76.49594806,-2.386677206,3
426.0877532,39.00172512,-76.49594925,-2.386677206,3
426.1380284,39.00172413,-76.49595043,-2.386677206,3
426.1882975,39.00172315,-76.49595162,-2.386677206,3
426.2385514,39.00172217,-76.49595281,-2.386677206,3
426.2887899,39.00172118,-76.49595399,-2.386677206,3
426.3390687,39.0017202,-76.49595518,-2.386677206,3
426.3893726,39.00171921,-76.49595637,-2.386677206,3
426.4396205,39.00171823,-76.49595755,-2.386677206,3
426.4899064,39.00171725,-76.49595874,-2.386677206,3
426.5401508,39.00171626,-76.49595993,-2.386677206,3
426.5904199,39.00171528,-76.49596111,-2.386677206,3
426.6406746,39.00171429,-76.4959623,-2.386677106,3
426.6908972,39.00171331,-76.49596348,-2.386677106,3
426.7411779,39.00171233,-76.49596467,-2.386677106,3
426.791454,39.00171134,-76.49596586,-2.386677106,3
426.8417222,39.00171036,-76.49596704,-2.386677106,3
426.8919969,39.00170937,-76.49596823,-2.386677106,3
426.9422796,39.00170839,-76.49596942,-2.386677106,3
426.9925116,39.00170741,-76.49597061,-2.386677106,3
427.0427097,39.00170642,-76.49597179,-2.386677106,3
427.0929621,39.00170544,-76.49597298,-2.386677106,3
427.1431962,39.00170445,-76.49597416,-2.386677106,3
427.1934671,39.00170347,-76.49597535,-2.386677106,3
427.2437387,39.00170249,-76.49597654,-2.386677106,3
427.2940079,39.0017015,-76.49597772,-2.386677018,3
427.3442962,39.00170052,-76.49597891,-2.386677018,3
427.3945266,39.00169953,-76.4959801,-2.386677018,3
427.4447785,39.00169855,-76.49598128,-2.386677018,3
427.495081,39.00169757,-76.49598247,-2.386677018,3
427.5453821,39.00169658,-76.49598366,-2.386677018,3
427.59563,39.0016956,-76.49598484,-2.386677018,3
427.6459601,39.00169461,-76.49598603,-2.386677018,3
427.6962394,39.00169264,-76.49598841,-2.386677018,3
427.7464698,39.00169166,-76.49598959,-2.386677018,3
427.7967153,39.00169067,-76.49599078,-2.386677018,3
427.8469469,39.00168969,-76.49599196,-2.386677018,3
427.897234,39.00168871,-76.49599315,-2.386677018,3
427.9474683,39.00168772,-76.49599434,-2.386676939,3
427.9976707,39.00168674,-76.49599552,-2.386676939,3
428.0478678,39.00168576,-76.49599671,-2.386676939,3
428.0981285,39.00168477,-76.4959979,-2.386676939,3
428.1483363,39.00168379,-76.49599909,-2.386676939,3
428.1985347,39.0016828,-76.49600027,-2.386676939,3
428.2487349,39.00168182,-76.49600146,-2.386676939,3
428.2989815,39.00168084,-76.49600264,-2.386676939,3
428.3492196,39.00167985,-76.49600383,-2.386676939,3
428.3994968,39.00167887,-76.49600502,-2.386676939,3
428.4497397,39.00167788,-76.4960062,-2.386676939,3
428.4999622,39.0016769,-76.49600739,-2.386676939,3
428.5508039,39.00167592,-76.49600858,-2.386676939,3
428.601071,39.00167493,-76.49600976,-2.386676869,3
428.6513019,39.00167395,-76.49601095,-2.386676869,3
428.7015376,39.00167296,-76.49601214,-2.386676869,3
428.7518109,39.00167198,-76.49601332,-2.386676869,3
428.8021061,39.001671,-76.49601451,-2.386676869,3
428.8523321,39.00167001,-76.4960157,-2.386676869,3
428.9025568,39.00166903,-76.49601688,-2.386676869,3
428.9528474,39.00166804,-76.49601807,-2.386676869,3
429.0030897,39.00166706,-76.49601926,-2.386676869,3
429.0532785,39.00166608,-76.49602044,-2.386676869,3
429.1035113,39.00166509,-76.49602163,-2.386676869,3
429.1537784,39.00166411,-76.49602282,-2.386676869,3
429.2040163,39.00166312,-76.496024,-2.386676869,3
429.2542397,39.00166214,-76.49602519,-2.386676807,3
429.3044307,39.00166115,-76.49602638,-2.386676807,3
429.354684,39.00166017,-76.49602756,-2.386676807,3
429.4048953,39.00165919,-76.49602875,-2.386676807,3
429.4551342,39.0016582,-76.49602993,-2.386676807,3
429.5053843,39.00165722,-76.49603112,-2.386676807,3
429.5556326,39.00165623,-76.49603231,-2.386676807,3
429.6059042,39.00165525,-76.4960335,-2.386676807,3
429.6561355,39.00165427,-76.49603468,-2.386676807,3
429.706384,39.00165328,-76.49603587,-2.386676807,3
429.7566632,39.0016523,-76.49603705,-2.386676807,3
429.8069196,39.00165131,-76.49603824,-2.386676807,3
429.8571786,39.00165033,-76.49603943,-2.386676807,3
429.9074119,39.00164935,-76.49604061,-2.386676807,3
429.9576538,39.00164836,-76.4960418,-2.386676751,3
430.0078719,39.00164738,-76.49604299,-2.386676751,3
430.0580946,39.00164639,-76.49604417,-2.386676751,3
430.1083115,39.00164541,-76.49604536,-2.386676751,3
430.158562,39.00164443,-76.49604655,-2.386676751,3
430.2087793,39.00164344,-76.49604774,-2.386676751,3
430.2590526,39.00164246,-76.49604892,-2.386676751,3
430.3092713,39.00164147,-76.49605011,-2.386676751,3
430.3595014,39.00164049,-76.49605129,-2.386676751,3
430.4097699,39.00163951,-76.49605248,-2.386676751,3
430.4600465,39.00163852,-76.49605367,-2.386676751,3
430.5102768,39.00163754,-76.49605485,-2.386676751,3
430.5605788,39.00163655,-76.49605604,-2.386676751,3
430.610882,39.00163557,-76.49605723,-2.386676702,3
430.6611029,39.00163458,-76.49605842,-2.386676702,3
430.7113383,39.0016336,-76.4960596,-2.386676702,3
430.7615854,39.00163262,-76.49606079,-2.386676702,3
430.8118449,39.00163163,-76.49606197,-2.386676702,3
430.8621186,39.00163065,-76.49606316,-2.386676702,3
430.9124104,39.00162966,-76.49606435,-2.386676702,3
430.9626929,39.00162868,-76.49606553,-2.386676702,3
431.0129388,39.0016277,-76.49606672,-2.386676702,3
431.0631653,39.00162671,-76.49606791,-2.386676702,3
431.1133848,39.00162573,-76.49606909,-2.386676702,3
431.1636711,39.00162474,-76.49607028,-2.386676702,3
431.213923,39.00162376,-76.49607147,-2.386676702,3
431.2641968,39.00162278,-76.49607265,-2.386676658,3
431.3144473,39.00162179,-76.49607384,-2.386676658,3
431.3646775,39.00162081,-76.49607503,-2.386676658,3
431.4149383,39.00161982,-76.49607621,-2.386676658,3
431.4651987,39.00161884,-76.4960774,-2.386676658,3
431.5154568,39.00161786,-76.49607859,-2.386676658,3
431.5657197,39.00161687,-76.49607977,-2.386676658,3
431.6160179,39.00161589,-76.49608096,-2.386676658,3
431.6662666,39.00161491,-76.49608215,-2.386676658,3
431.7164978,39.00161392,-76.49608333,-2.386676658,3
431.7667441,39.00161294,-76.49608452,-2.386676658,3
431.8172335,39.00161195,-76.4960857,-2.386676658,3
431.8674798,39.00161097,-76.49608689,-2.386676658,3
431.9178464,39.00160998,-76.49608808,-2.386676658,3
431.9680963,39.001609,-76.49608926,-2.386676619,3
432.0183421,39.00160802,-76.49609045,-2.386676619,3
432.068579,39.00160703,-76.49609164,-2.386676619,3
432.1188614,39.00160605,-76.49609282,-2.386676619,3
432.169083,39.00160506,-76.49609401,-2.386676619,3
432.2192972,39.00160408,-76.4960952,-2.386676619,3
432.2695511,39.0016031,-76.49609639,-2.386676619,3
432.3197507,39.00160211,-76.49609757,-2.386676619,3
432.370056,39.00160113,-76.49609876,-2.386676619,3
432.4203211,39.00160014,-76.49609994,-2.386676619,3
432.4705987,39.00159916,-76.49610113,-2.386676619,3
432.5208531,39.00159818,-76.49610232,-2.386676619,3
432.5711009,39.00159719,-76.4961035,-2.386676619,3
432.6213467,39.00159621,-76.49610469,-2.386676584,3
432.6715537,39.00159522,-76.49610588,-2.386676584,3
432.7218123,39.00159424,-76.49610707,-2.386676584,3
432.7720812,39.00159326,-76.49610825,-2.386676584,3
432.8222796,39.00159227,-76.49610944,-2.386676584,3
432.87252,39.00159129,-76.49611062,-2.386676584,3
432.9227762,39.0015903,-76.49611181,-2.386676584,3
432.9730477,39.00158932,-76.496113,-2.386676584,3
433.0232877,39.00158833,-76.49611418,-2.386676584,3
433.0735424,39.00158735,-76.49611537,-2.386676584,3
433.1237488,39.00158636,-76.49611656,-2.386676584,3
433.1739929,39.00158538,-76.49611774,-2.386676584,3
433.2242397,39.0015844,-76.49611893,-2.386676584,3
433.2744867,39.00158342,-76.49612012,-2.386676553,3
433.3247523,39.00158243,-76.4961213,-2.386676553,3
433.375031,39.00158145,-76.49612249,-2.386676553,3
433.4252289,39.00158046,-76.49612368,-2.386676553,3
433.4754487,39.00157948,-76.49612486,-2.386676553,3
433.5256692,39.00157849,-76.49612605,-2.386676553,3
433.5759331,39.00157751,-76.49612724,-2.386676553,3
433.6261901,39.00157653,-76.49612842,-2.386676553,3
433.6764544,39.00157554,-76.49612961,-2.386676553,3
433.7266821,39.00157456,-76.4961308,-2.386676553,3
433.7769347,39.00157357,-76.49613198,-2.386676553,3
433.8271664,39.00157259,-76.49613317,-2.386676553,3
433.8774123,39.0015716,-76.49613436,-2.386676553,3
433.9277424,39.00157062,-76.49613554,-2.386676553,3
433.9780293,39.00156964,-76.49613673,-2.386676526,3
434.0282605,39.00156865,-76.49613792,-2.386676526,3
434.0785568,39.00156767,-76.4961391,-2.386676526,3
434.128855,39.00156669,-76.49614029,-2.386676526,3
434.179104,39.0015657,-76.49614148,-2.386676526,3
434.229387,39.00156472,-76.49614266,-2.386676526,3
434.2796545,39.00156373,-76.49614385,-2.386676526,3
434.3298971,39.00156275,-76.49614504,-2.386676526,3
434.3801221,39.00156177,-76.49614622,-2.386676526,3
434.4303464,39.00156078,-76.49614741,-2.386676526,3
434.4806551,39.0015598,-76.4961486,-2.386676526,3
434.5309302,39.00155881,-76.49614978,-2.386676526,3
434.5811895,39.00155783,-76.49615097,-2.386676526,3
434.6314147,39.00155685,-76.49615216,-2.386676502,3
434.6816568,39.00155586,-76.49615334,-2.386676502,3
434.7318926,39.00155488,-76.49615453,-2.386676502,3
434.7821854,39.00155389,-76.49615572,-2.386676502,3
434.8324148,39.00155291,-76.4961569,-2.386676501,3
434.8826554,39.00155193,-76.49615809,-2.386676501,3
434.9328793,39.00155094,-76.49615927,-2.386676501,3
434.983106,39.00154996,-76.49616046,-2.386676501,3
435.033318,39.00154897,-76.49616165,-2.386676501,3
435.0836199,39.00154799,-76.49616283,-2.386676501,3
435.1338699,39.00154701,-76.49616402,-2.386676501,3
435.1841102,39.00154602,-76.49616521,-2.386676501,3
435.2343814,39.00154504,-76.49616639,-2.386676501,3
435.2846734,39.00154405,-76.49616758,-2.38667648,3
435.3349528,39.00154307,-76.49616877,-2.38667648,3
435.3851966,39.00154208,-76.49616996,-2.38667648,3
435.4354403,39.0015411,-76.49617114,-2.38667648,3
435.4859053,39.00154012,-76.49617233,-2.38667648,3
435.5361794,39.00153913,-76.49617351,-2.38667648,3
435.5864345,39.00153815,-76.4961747,-2.38667648,3
435.6367301,39.00153716,-76.49617589,-2.38667648,3
435.6869688,39.00153618,-76.49617707,-2.38667648,3
435.7372523,39.0015352,-76.49617826,-2.38667648,3
435.7875224,39.00153421,-76.49617945,-2.38667648,3
435.8378501,39.00153323,-76.49618063,-2.38667648,3
435.8880806,39.00153224,-76.49618182,-2.38667648,3
435.9383505,39.00153126,-76.49618301,-2.38667648,3
435.9886013,39.00153028,-76.49618419,-2.386676461,3
436.0388569,39.00152929,-76.49618538,-2.386676461,3
436.08911,39.00152831,-76.49618657,-2.38667646,3
436.1393404,39.00152732,-76.49618775,-2.38667646,3
436.1895776,39.00152634,-76.49618894,-2.38667646,3
436.2398786,39.00152536,-76.49619013,-2.386676461,3
436.2901013,39.00152437,-76.49619131,-2.38667646,3
436.3403395,39.00152339,-76.4961925,-2.38667646,3
436.3905976,39.0015224,-76.49619369,-2.38667646,3
436.4408783,39.00152142,-76.49619487,-2.38667646,3
436.4911132,39.00152044,-76.49619606,-2.38667646,3
436.5413315,39.00151945,-76.49619725,-2.38667646,3
436.5916267,39.00151847,-76.49619843,-2.38667646,3
436.6418718,39.00151748,-76.49619962,-2.386676443,3
436.6920897,39.0015165,-76.49620081,-2.386676443,3
436.7422944,39.00151552,-76.49620199,-2.386676443,3
436.7925479,39.00151453,-76.49620318,-2.386676443,3
436.8427549,39.00151355,-76.49620437,-2.386676443,3
436.8929812,39.00151256,-76.49620555,-2.386676443,3
436.9432513,39.00151158,-76.49620674,-2.386676443,3
436.9935189,39.00151059,-76.49620793,-2.386676443,3
437.0438145,39.00150961,-76.49620911,-2.386676443,3
437.0942463,39.00150863,-76.4962103,-2.386676443,3
437.1445248,39.00150764,-76.49621148,-2.386676443,3
437.1947797,39.00150666,-76.49621267,-2.386676443,3
437.2451052,39.00150567,-76.49621386,-2.386676443,3
437.2953981,39.00150469,-76.49621505,-2.386676428,3
437.345654,39.00150371,-76.49621623,-2.386676428,3
437.3958767,39.00150272,-76.49621742,-2.386676428,3
437.4460799,39.00150076,-76.49621979,-2.386676428,3
437.4963238,39.00149977,-76.49622098,-2.386676428,3
437.5465917,39.00149879,-76.49622217,-2.386676428,3
437.5967921,39.0014978,-76.49622335,-2.386676428,3
437.6470675,39.00149682,-76.49622454,-2.386676428,3
437.6973169,39.00149583,-76.49622573,-2.386676428,3
437.7476195,39.00149485,-76.49622691,-2.386676428,3
437.7978997,39.00149387,-76.4962281,-2.386676428,3
437.8481355,39.00149288,-76.49622928,-2.386676428,3
437.8984088,39.0014919,-76.49623047,-2.386676428,3
437.9785339,39.00149091,-76.49623166,-2.386676414,3
438.0287834,39.00148993,-76.49623284,-2.386676414,3
438.0790295,39.00148894,-76.49623403,-2.386676414,3
438.1292782,39.00148796,-76.49623522,-2.386676414,3
438.1795118,39.00148698,-76.49623641,-2.386676414,3
438.229816,39.00148599,-76.49623759,-2.386676414,3
438.2800992,39.00148501,-76.49623878,-2.386676414,3
438.3303767,39.00148403,-76.49623996,-2.386676414,3
438.380628,39.00148304,-76.49624115,-2.386676414,3
438.4309072,39.00148206,-76.49624234,-2.386676414,3
438.4811497,39.00148107,-76.49624352,-2.386676414,3
438.5313932,39.00148009,-76.49624471,-2.386676414,3
438.5816452,39.00147911,-76.4962459,-2.386676414,3
438.6319207,39.00147812,-76.49624708,-2.386676402,3
438.6821846,39.00147714,-76.49624827,-2.386676402,3
438.7324583,39.00147615,-76.49624946,-2.386676402,3
438.7826994,39.00147517,-76.49625064,-2.386676402,3
438.8339395,39.00147419,-76.49625183,-2.386676402,3
438.8841669,39.0014732,-76.49625302,-2.386676402,3
438.9344078,39.00147222,-76.4962542,-2.386676402,3
438.9846402,39.00147123,-76.49625539,-2.386676402,3
439.0349147,39.00147025,-76.49625658,-2.386676402,3
439.0851485,39.00146926,-76.49625776,-2.386676402,3
439.1353799,39.00146828,-76.49625895,-2.386676402,3
439.1856162,39.0014673,-76.49626014,-2.386676402,3
439.2358989,39.00146631,-76.49626132,-2.386676402,3
439.2861509,39.00146533,-76.49626251,-2.386676392,3
439.3363828,39.00146434,-76.4962637,-2.386676392,3
439.386641,39.00146336,-76.49626488,-2.386676392,3
439.4369209,39.00146238,-76.49626607,-2.386676392,3
439.4871426,39.00146139,-76.49626726,-2.386676392,3
439.5373808,39.00146041,-76.49626844,-2.386676392,3
439.5876708,39.00145942,-76.49626963,-2.386676392,3
439.6379173,39.00145844,-76.49627082,-2.386676392,3
439.6881714,39.00145746,-76.496272,-2.386676392,3
439.7384385,39.00145647,-76.49627319,-2.386676392,3
439.7886534,39.00145549,-76.49627437,-2.386676392,3
439.8388978,39.0014545,-76.49627556,-2.386676392,3
439.8891585,39.00145352,-76.49627675,-2.386676392,3
439.9394312,39.00145254,-76.49627794,-2.386676392,3
439.9896648,39.00145155,-76.49627912,-2.386676382,3
440.0398991,39.00145057,-76.49628031,-2.386676382,3
440.0901051,39.00144958,-76.4962815,-2.386676382,3
440.1404262,39.0014486,-76.49628268,-2.386676382,3
440.1906666,39.00144761,-76.49628387,-2.386676382,3
440.2409386,39.00144663,-76.49628505,-2.386676382,3
440.2912059,39.00144565,-76.49628624,-2.386676382,3
440.3414305,39.00144466,-76.49628743,-2.386676382,3
440.391677,39.00144368,-76.49628861,-2.386676382,3
440.4419359,39.0014427,-76.4962898,-2.386676382,3
440.4922069,39.00144171,-76.49629099,-2.386676382,3
440.5424751,39.00144073,-76.49629218,-2.386676382,3
440.5927513,39.00143974,-76.49629336,-2.386676382,3
440.6430114,39.00143876,-76.49629455,-2.386676374,3
440.6932614,39.00143778,-76.49629573,-2.386676374,3
440.7434919,39.00143679,-76.49629692,-2.386676374,3
440.7938075,39.00143581,-76.49629811,-2.386676374,3
440.8440724,39.00143482,-76.49629929,-2.386676374,3
440.8943412,39.00143384,-76.49630048,-2.386676374,3
440.9446467,39.00143286,-76.49630167,-2.386676374,3
440.9948894,39.00143187,-76.49630285,-2.386676374,3
441.0451753,39.00143089,-76.49630404,-2.386676374,3
441.0954245,39.0014299,-76.49630523,-2.386676374,3
441.1456535,39.00142892,-76.49630641,-2.386676373,3
441.1958885,39.00142793,-76.4963076,-2.386676373,3
441.2461661,39.00142695,-76.49630879,-2.386676373,3
441.2964146,39.00142498,-76.49631116,-2.386676366,3
441.3466917,39.001424,-76.49631235,-2.386676366,3
441.3969771,39.00142301,-76.49631353,-2.386676366,3
441.4472247,39.00142203,-76.49631472,-2.386676366,3
441.4974452,39.00142104,-76.49631591,-2.386676366,3
441.5477127,39.00142006,-76.49631709,-2.386676366,3
441.597947,39.00141908,-76.49631828,-2.386676366,3
441.6481234,39.00141809,-76.49631947,-2.386676366,3
441.6983063,39.00141711,-76.49632065,-2.386676366,3
441.7485309,39.00141613,-76.49632184,-2.386676366,3
441.798719,39.00141514,-76.49632303,-2.386676366,3
441.8489438,39.00141416,-76.49632421,-2.386676366,3
441.8992267,39.00141317,-76.4963254,-2.386676366,3
441.9495025,39.00141219,-76.49632659,-2.386676359,3
441.9996616,39.00141121,-76.49632777,-2.386676359,3
442.0498489,39.00141022,-76.49632896,-2.386676359,3
442.1000248,39.00140924,-76.49633015,-2.386676359,3
442.1502053,39.00140825,-76.49633133,-2.386676359,3
442.20037,39.00140727,-76.49633252,-2.386676359,3
442.2506318,39.00140629,-76.4963337,-2.386676359,3
442.3008102,39.0014053,-76.49633489,-2.386676359,3
442.3510368,39.00140432,-76.49633608,-2.386676359,3
442.4012136,39.00140333,-76.49633726,-2.386676359,3
442.451434,39.00140235,-76.49633845,-2.386676359,3
442.5016152,39.00140137,-76.49633964,-2.386676359,3
442.5517876,39.00140038,-76.49634082,-2.386676359,3
442.6020267,39.0013994,-76.49634201,-2.386676353,3
442.6522077,39.00139841,-76.4963432,-2.386676353,3
442.7024409,39.00139743,-76.49634438,-2.386676353,3
442.7526493,39.00139644,-76.49634557,-2.386676353,3
442.8028776,39.00139546,-76.49634676,-2.386676353,3
442.8530799,39.00139448,-76.49634794,-2.386676353,3
442.9033081,39.00139349,-76.49634913,-2.386676353,3
442.9535231,39.00139251,-76.49635032,-2.386676353,3
443.0037035,39.00139153,-76.4963515,-2.386676353,3
443.0538738,39.00139054,-76.49635269,-2.386676353,3
443.1040476,39.00138956,-76.49635388,-2.386676353,3
443.1542468,39.00138857,-76.49635506,-2.386676353,3
443.2044372,39.00138759,-76.49635625,-2.386676353,3
443.254657,39.00138661,-76.49635744,-2.386676348,3
443.3049063,39.00138562,-76.49635862,-2.386676348,3
443.3551498,39.00138464,-76.49635981,-2.386676348,3
443.4053897,39.00138365,-76.496361,-2.386676348,3
443.4556614,39.00138267,-76.49636219,-2.386676348,3
443.505923,39.00138168,-76.49636337,-2.386676348,3
443.5561728,39.0013807,-76.49636456,-2.386676348,3
443.6064025,39.00137972,-76.49636574,-2.386676348,3
443.6565911,39.00137873,-76.49636693,-2.386676348,3
443.7068141,39.00137775,-76.49636812,-2.386676348,3
443.7570662,39.00137676,-76.4963693,-2.386676348,3
443.8073213,39.00137578,-76.49637049,-2.386676348,3
443.8575464,39.0013748,-76.49637168,-2.386676348,3
443.9078956,39.00137381,-76.49637286,-2.386676348,3
443.9581299,39.00137283,-76.49637405,-2.386676343,3
444.0083597,39.00137184,-76.49637524,-2.386676343,3
444.0586251,39.00137086,-76.49637642,-2.386676343,3
444.1089219,39.00136988,-76.49637761,-2.386676343,3
444.1591479,39.00136889,-76.4963788,-2.386676343,3
444.209384,39.00136791,-76.49637998,-2.386676343,3
444.2596289,39.00136692,-76.49638117,-2.386676343,3
444.3098717,39.00136594,-76.49638236,-2.386676343,3
444.3601098,39.00136496,-76.49638354,-2.386676343,3
444.4103444,39.00136397,-76.49638473,-2.386676343,3
444.4605967,39.00136299,-76.49638592,-2.386676343,3
444.5109102,39.001362,-76.4963871,-2.386676343,3
444.5611445,39.00136102,-76.49638829,-2.386676343,3
444.611365,39.00136003,-76.49638948,-2.386676339,3
444.6616036,39.00135905,-76.49639066,-2.386676339,3
444.7118488,39.00135807,-76.49639185,-2.386676339,3
444.7620513,39.00135708,-76.49639303,-2.386676339,3
444.8122751,39.0013561,-76.49639422,-2.386676339,3
444.862516,39.00135511,-76.49639541,-2.386676339,3
444.9127615,39.00135413,-76.49639659,-2.386676339,3
444.9630202,39.00135315,-76.49639778,-2.386676339,3
445.0132295,39.00135216,-76.49639897,-2.386676339,3
445.0634541,39.00135118,-76.49640015,-2.386676339,3
445.1137652,39.00135019,-76.49640134,-2.386676339,3
445.1640433,39.00134921,-76.49640253,-2.386676339,3
445.2142508,39.00134823,-76.49640372,-2.386676339,3
445.2645025,39.00134724,-76.4964049,-2.386676335,3
445.3147063,39.00134626,-76.49640609,-2.386676335,3
445.3649054,39.00134527,-76.49640727,-2.386676335,3
445.4151151,39.00134429,-76.49640846,-2.386676335,3
445.4653033,39.00134331,-76.49640965,-2.386676335,3
445.5155454,39.00134232,-76.49641083,-2.386676335,3
445.5657981,39.00134134,-76.49641202,-2.386676335,3
445.6160272,39.00134035,-76.49641321,-2.386676335,3
445.6663322,39.00133937,-76.49641439,-2.386676335,3
445.7166013,39.00133839,-76.49641558,-2.386676335,3
445.7668697,39.0013374,-76.49641677,-2.386676335,3
445.817151,39.00133642,-76.49641795,-2.386676335,3
445.8674378,39.00133543,-76.49641914,-2.386676335,3
445.9177666,39.00133445,-76.49642033,-2.386676335,3
445.9680632,39.00133347,-76.49642151,-2.386676332,3
446.0183071,39.00133248,-76.4964227,-2.386676332,3
446.0694004,39.0013315,-76.49642389,-2.386676332,3
446.1196601,39.00133051,-76.49642507,-2.386676332,3
446.1699536,39.00132953,-76.49642626,-2.386676332,3
446.2202358,39.00132855,-76.49642745,-2.386676332,3
446.2705067,39.00132756,-76.49642863,-2.386676332,3
446.3207395,39.00132658,-76.49642982,-2.386676332,3
446.3710906,39.00132559,-76.49643101,-2.386676332,3
446.4213676,39.00132461,-76.49643219,-2.386676332,3
446.4716411,39.00132362,-76.49643338,-2.386676332,3
446.5219119,39.00132264,-76.49643457,-2.386676332,3
446.5721829,39.00132163,-76.49643578,-2.386676332,3
446.6224426,39.00132067,-76.49643694,-2.386676329,3
446.6726853,39.00131969,-76.49643813,-2.386676329,3
446.7229719,39.0013187,-76.49643931,-2.386676329,3
446.7732007,39.00131772,-76.4964405,-2.386676329,3
446.8234156,39.00131674,-76.49644169,-2.386676329,3
446.8736672,39.00131575,-76.49644287,-2.386676329,3
446.9239605,39.00131477,-76.49644406,-2.386676329,3
446.9742374,39.00131378,-76.49644525,-2.386676329,3
447.0245267,39.0013128,-76.49644643,-2.386676329,3
447.0747833,39.00131182,-76.49644762,-2.386676329,3
447.1250698,39.00131083,-76.4964488,-2.386676329,3
447.1753308,39.00130985,-76.49644999,-2.386676329,3
447.2255756,39.00130886,-76.49645118,-2.386676329,3
447.2758119,39.00130788,-76.49645237,-2.386676326,3
447.3260958,39.00130689,-76.49645355,-2.386676326,3
447.3763148,39.00130591,-76.49645474,-2.386676326,3
447.4265808,39.00130493,-76.49645592,-2.386676326,3
447.476797,39.00130394,-76.49645711,-2.386676326,3
447.5270614,39.00130296,-76.4964583,-2.386676326,3
447.5772851,39.00130198,-76.49645948,-2.386676326,3
447.6275203,39.00130099,-76.49646067,-2.386676326,3
447.6777776,39.00130001,-76.49646186,-2.386676326,3
447.728041,39.00129902,-76.49646304,-2.386676326,3
447.7782802,39.00129804,-76.49646423,-2.386676326,3
447.8285624,39.00129706,-76.49646542,-2.386676326,3
447.878813,39.00129607,-76.4964666,-2.386676326,3
447.9291175,39.00129509,-76.49646779,-2.386676326,3
447.9793678,39.0012941,-76.49646898,-2.386676324,3
448.0296318,39.00129312,-76.49647016,-2.386676324,3
448.0799104,39.00129213,-76.49647135,-2.386676324,3
448.1301808,39.00129115,-76.49647254,-2.386676324,3
448.1804369,39.00129017,-76.49647372,-2.386676324,3
448.2307211,39.00128918,-76.49647491,-2.386676324,3
448.2810685,39.0012882,-76.4964761,-2.386676324,3
448.3313567,39.00128722,-76.49647728,-2.386676324,3
448.3815952,39.00128623,-76.49647847,-2.386676324,3
448.4318705,39.00128525,-76.49647966,-2.386676324,3
448.4821488,39.00128426,-76.49648084,-2.386676324,3
448.532403,39.00128328,-76.49648203,-2.386676324,3
448.5826477,39.00128229,-76.49648322,-2.386676324,3
448.6329226,39.00128131,-76.4964844,-2.386676322,3
448.6831567,39.00128033,-76.49648559,-2.386676322,3
448.7334108,39.00127934,-76.49648678,-2.386676322,3
448.7836126,39.00127836,-76.49648796,-2.386676322,3
448.8338807,39.00127737,-76.49648915,-2.386676322,3
448.8841239,39.00127639,-76.49649034,-2.386676322,3
448.9343519,39.00127541,-76.49649152,-2.386676322,3
448.9846091,39.00127442,-76.49649271,-2.386676322,3
449.0348905,39.00127344,-76.4964939,-2.386676322,3
449.0851976,39.00127245,-76.49649508,-2.386676322,3
449.1354779,39.00127147,-76.49649627,-2.386676322,3
449.1857985,39.00127048,-76.49649746,-2.386676322,3
449.2361,39.0012695,-76.49649864,-2.386676322,3
449.2863804,39.0012678,-76.49650069,-2.38667632,3
449.3366612,39.00126753,-76.49650101,-2.38667632,3
449.3869303,39.00126655,-76.4965022,-2.38667632,3
449.4371871,39.00126556,-76.49650339,-2.38667632,3
449.4874599,39.00126458,-76.49650458,-2.38667632,3
449.5377761,39.0012636,-76.49650576,-2.38667632,3
449.5880751,39.00126261,-76.49650695,-2.38667632,3
449.6384076,39.00126163,-76.49650814,-2.38667632,3
449.6886873,39.00126064,-76.49650932,-2.38667632,3
449.739037,39.00125966,-76.49651051,-2.38667632,3
449.7893167,39.00125868,-76.49651169,-2.38667632,3
449.8396232,39.00125769,-76.49651288,-2.38667632,3
449.8899318,39.00125671,-76.49651407,-2.38667632,3
449.9401911,39.00125572,-76.49651526,-2.38667632,3
449.9904589,39.00125474,-76.49651644,-2.386676318,3
450.0407897,39.00125376,-76.49651763,-2.386676318,3
450.0910521,39.00125277,-76.49651882,-2.386676318,3
450.1413276,39.00125179,-76.49652,-2.386676318,3
450.191624,39.0012508,-76.49652119,-2.386676318,3
450.2419048,39.00124982,-76.49652237,-2.386676318,3
450.2921871,39.00124884,-76.49652356,-2.386676318,3
450.3424579,39.00124785,-76.49652475,-2.386676318,3
450.3927214,39.00124687,-76.49652593,-2.386676319,3
450.443024,39.00124588,-76.49652712,-2.386676318,3
450.4932907,39.0012449,-76.49652831,-2.386676318,3
450.5435547,39.00124392,-76.49652949,-2.386676318,3
450.5938586,39.00124293,-76.49653068,-2.386676318,3
450.6441585,39.00124195,-76.49653187,-2.386676317,3
450.6943899,39.00124096,-76.49653305,-2.386676317,3
450.7446324,39.00123998,-76.49653424,-2.386676317,3
450.7949274,39.00123899,-76.49653543,-2.386676317,3
450.8451738,39.00123801,-76.49653661,-2.386676317,3
450.8954626,39.00123703,-76.4965378,-2.386676317,3
450.9458832,39.00123604,-76.49653899,-2.386676317,3
450.9961597,39.00123506,-76.49654017,-2.386676317,3
451.0464201,39.00123309,-76.49654255,-2.386676317,3
451.0966284,39.00123211,-76.49654373,-2.386676317,3
451.1468111,39.00123112,-76.49654492,-2.386676317,3
451.1970238,39.00123014,-76.49654611,-2.386676317,3
451.2472345,39.00122915,-76.49654729,-2.386676316,3
451.2974651,39.00122817,-76.49654848,-2.386676316,3
451.3477166,39.00122719,-76.49654967,-2.386676316,3
451.3979262,39.0012262,-76.49655085,-2.386676316,3
451.4481112,39.00122522,-76.49655204,-2.386676316,3
451.4983865,39.00122423,-76.49655323,-2.386676316,3
451.5485942,39.00122325,-76.49655441,-2.386676316,3
451.598812,39.00122227,-76.4965556,-2.386676316,3
451.6490523,39.00122128,-76.49655678,-2.386676316,3
451.6992574,39.0012203,-76.49655797,-2.386676316,3
451.7494509,39.00121932,-76.49655916,-2.386676316,3
451.799676,39.00121833,-76.49656034,-2.386676316,3
451.8499179,39.00121735,-76.49656153,-2.386676316,3
451.900115,39.00121636,-76.49656272,-2.386676316,3
451.9503325,39.00121538,-76.4965639,-2.386676315,3
452.0005414,39.0012144,-76.49656509,-2.386676315,3
452.0507543,39.00121341,-76.49656628,-2.386676315,3
452.100991,39.00121243,-76.49656746,-2.386676314,3
452.1512055,39.00121144,-76.49656865,-2.386676315,3
452.2014664,39.00121046,-76.49656984,-2.386676314,3
452.2517178,39.00120947,-76.49657102,-2.386676315,3
452.3019312,39.00120849,-76.49657221,-2.386676315,3
452.3522077,39.00120751,-76.4965734,-2.386676314,3
452.4024388,39.00120652,-76.49657459,-2.386676315,3
452.4526706,39.00120554,-76.49657577,-2.386676314,3
452.5029008,39.00120455,-76.49657696,-2.386676314,3
452.5531588,39.00120357,-76.49657814,-2.386676314,3
452.603426,39.00120258,-76.49657933,-2.386676314,3
452.6537098,39.0012016,-76.49658052,-2.386676314,3
452.7039285,39.00120062,-76.4965817,-2.386676314,3
452.7541476,39.00119963,-76.49658289,-2.386676314,3
452.8043939,39.00119865,-76.49658408,-2.386676314,3
452.8546424,39.00119767,-76.49658526,-2.386676314,3
452.9049277,39.00119668,-76.49658645,-2.386676313,3
452.9551964,39.0011957,-76.49658764,-2.386676313,3
453.0054624,39.00119471,-76.49658882,-2.386676314,3
453.055677,39.00119373,-76.49659001,-2.386676314,3
453.1058973,39.00119274,-76.4965912,-2.386676313,3
453.1561812,39.00119176,-76.49659238,-2.386676313,3
453.2064351,39.00119078,-76.49659357,-2.386676313,3
453.256709,39.00118979,-76.49659476,-2.386676313,3
453.3069716,39.00118881,-76.49659594,-2.386676313,3
453.3573284,39.00118783,-76.49659713,-2.386676313,3
453.407629,39.00118684,-76.49659832,-2.386676313,3
453.4579472,39.00118586,-76.4965995,-2.386676313,3
453.5082162,39.00118487,-76.49660069,-2.386676313,3
453.5584491,39.00118389,-76.49660188,-2.386676313,3
453.608697,39.0011829,-76.49660306,-2.386676313,3
453.6589679,39.00118192,-76.49660425,-2.386676313,3
453.7091899,39.00118094,-76.49660544,-2.386676313,3
453.7594964,39.00117995,-76.49660662,-2.386676313,3
453.8097748,39.00117897,-76.49660781,-2.386676313,3
453.8600701,39.00117798,-76.49660899,-2.386676313,3
453.9103142,39.001177,-76.49661018,-2.386676313,3
453.96056,39.00117602,-76.49661137,-2.386676312,3
454.0107748,39.00117503,-76.49661255,-2.386676312,3
454.0610191,39.00117405,-76.49661374,-2.386676312,3
454.111272,39.00117306,-76.49661493,-2.386676312,3
454.1615445,39.00117208,-76.49661611,-2.386676312,3
454.2117914,39.0011711,-76.4966173,-2.386676312,3
454.2620875,39.00117011,-76.49661849,-2.386676312,3
454.3123047,39.00116913,-76.49661967,-2.386676312,3
454.3625534,39.00116814,-76.49662086,-2.386676312,3
454.4127683,39.00116716,-76.49662205,-2.386676312,3
454.4630221,39.00116618,-76.49662323,-2.386676312,3
454.5133015,39.00116519,-76.49662442,-2.386676312,3
454.5635332,39.00116421,-76.49662561,-2.386676312,3
454.6138088,39.00116322,-76.49662679,-2.386676311,3
454.6640899,39.00116224,-76.49662798,-2.386676311,3
454.7143145,39.00116125,-76.49662917,-2.386676311,3
454.7645657,39.00116027,-76.49663035,-2.386676311,3
454.8148501,39.00115929,-76.49663154,-2.386676311,3
454.8650794,39.0011583,-76.49663273,-2.386676311,3
454.9153381,39.00115732,-76.49663391,-2.386676311,3
454.9656289,39.00115633,-76.4966351,-2.386676311,3
455.0159181,39.00115535,-76.49663629,-2.386676311,3
455.066153,39.00115437,-76.49663747,-2.386676311,3
455.1164407,39.00115338,-76.49663866,-2.386676311,3
455.166722,39.0011524,-76.49663985,-2.386676311,3
455.2171032,39.00115141,-76.49664104,-2.386676311,3
455.2673964,39.00115043,-76.49664222,-2.386676311,3
455.3176753,39.00114945,-76.49664341,-2.38667631,3
455.3679327,39.00114846,-76.49664459,-2.38667631,3
455.4181943,39.00114748,-76.49664578,-2.38667631,3
455.4684725,39.00114649,-76.49664697,-2.38667631,3
455.5187359,39.00114551,-76.49664815,-2.38667631,3
455.5690043,39.00114453,-76.49664934,-2.38667631,3
455.6192701,39.00114354,-76.49665052,-2.38667631,3
455.669552,39.00114256,-76.49665171,-2.38667631,3
455.7199539,39.00114157,-76.4966529,-2.38667631,3
455.770227,39.00114059,-76.49665408,-2.38667631,3
455.8204814,39.00113961,-76.49665527,-2.38667631,3
455.8707475,39.00113862,-76.49665646,-2.38667631,3
455.9210828,39.00113764,-76.49665764,-2.38667631,3
455.9713664,39.00113665,-76.49665883,-2.38667631,3
456.0216156,39.00113567,-76.49666002,-2.38667631,3
456.0718725,39.00113469,-76.4966612,-2.38667631,3
456.122102,39.0011337,-76.49666239,-2.38667631,3
456.1723325,39.00113272,-76.49666358,-2.38667631,3
456.2225862,39.00113173,-76.49666476,-2.38667631,3
456.2728503,39.00113075,-76.49666595,-2.38667631,3
456.3231392,39.00112977,-76.49666714,-2.38667631,3
456.3733878,39.00112878,-76.49666832,-2.38667631,3
456.4236787,39.0011278,-76.49666951,-2.38667631,3
456.4739551,39.00112681,-76.4966707,-2.38667631,3
456.5241914,39.00112583,-76.49667188,-2.38667631,3
456.5744345,39.00112485,-76.49667307,-2.38667631,3
456.6246829,39.00112386,-76.49667426,-2.386676309,3
456.6749445,39.00112288,-76.49667544,-2.386676309,3
456.7252083,39.00112189,-76.49667663,-2.386676309,3
456.7754371,39.00112091,-76.49667782,-2.386676309,3
456.825714,39.00111993,-76.496679,-2.386676309,3
456.8759792,39.00111894,-76.49668019,-2.386676309,3
456.9262458,39.00111796,-76.49668138,-2.386676309,3
456.9764443,39.00111697,-76.49668256,-2.386676309,3
457.0267677,39.00111599,-76.49668375,-2.386676309,3
457.077047,39.00111501,-76.49668494,-2.386676309,3
457.1272799,39.00111402,-76.49668612,-2.386676309,3
457.1775419,39.00111304,-76.49668731,-2.386676309,3
457.2278109,39.00111205,-76.4966885,-2.386676309,3
457.2781023,39.00111107,-76.49668968,-2.386676309,3
457.3283882,39.00111008,-76.49669087,-2.386676309,3
457.3786575,39.0011091,-76.49669206,-2.386676309,3
457.4289459,39.00110812,-76.49669324,-2.386676309,3
457.4792119,39.00110713,-76.49669443,-2.386676309,3
457.5294759,39.00110615,-76.49669562,-2.386676309,3
457.5797418,39.00110516,-76.4966968,-2.386676309,3
457.6299966,39.00110418,-76.49669799,-2.386676309,3
457.6802835,39.0011032,-76.49669918,-2.386676309,3
457.7305305,39.00110221,-76.49670036,-2.386676309,3
457.7807942,39.00110123,-76.49670155,-2.386676309,3
457.8310863,39.00110024,-76.49670273,-2.386676309,3
457.8813282,39.00109926,-76.49670392,-2.386676309,3
457.9315511,39.00109828,-76.49670511,-2.386676309,3
457.9818092,39.00109729,-76.49670629,-2.386676309,3
458.0320743,39.00109631,-76.49670748,-2.386676309,3
458.0823188,39.00109532,-76.49670867,-2.386676309,3
458.1326116,39.00109434,-76.49670985,-2.386676309,3
458.1829233,39.00109336,-76.49671104,-2.386676309,3
458.233195,39.00109237,-76.49671223,-2.386676308,3
458.2834096,39.00109139,-76.49671341,-2.386676308,3
458.3336543,39.0010904,-76.4967146,-2.386676308,3
458.3839282,39.00108942,-76.49671579,-2.386676308,3
458.4341521,39.00108844,-76.49671697,-2.386676308,3
458.4844008,39.00108745,-76.49671816,-2.386676308,3
458.5346483,39.00108647,-76.49671935,-2.386676308,3
458.5849001,39.00108548,-76.49672053,-2.386676309,3
458.6351473,39.0010845,-76.49672172,-2.386676308,3
458.6854073,39.00108352,-76.49672291,-2.386676308,3
458.7356438,39.00108253,-76.49672409,-2.386676308,3
458.7859151,39.00108155,-76.49672528,-2.386676308,3
458.8361654,39.00108056,-76.49672647,-2.386676308,3
458.8863697,39.00107958,-76.49672765,-2.386676308,3
458.9366335,39.00107859,-76.49672884,-2.386676308,3
458.9869257,39.00107761,-76.49673003,-2.386676308,3
459.0371894,39.00107663,-76.49673121,-2.386676308,3
459.0874496,39.00107564,-76.4967324,-2.386676308,3
459.1376703,39.00107466,-76.49673359,-2.386676308,3
459.1879457,39.00107367,-76.49673477,-2.386676308,3
459.2381894,39.00107269,-76.49673596,-2.386676308,3
459.2884938,39.00107171,-76.49673715,-2.386676308,3
459.3387782,39.00107072,-76.49673833,-2.386676308,3
459.3891179,39.00106974,-76.49673952,-2.386676308,3
459.4394034,39.00106875,-76.49674071,-2.386676308,3
459.4897311,39.00106777,-76.49674189,-2.386676308,3
459.5400199,39.00106679,-76.49674308,-2.386676308,3
459.5903229,39.0010658,-76.49674426,-2.386676308,3
459.6405901,39.00106482,-76.49674545,-2.386676308,3
459.6909031,39.00106383,-76.49674664,-2.386676308,3
459.7411388,39.00106285,-76.49674783,-2.386676308,3
459.7913606,39.00106187,-76.49674901,-2.386676308,3
459.8416237,39.00106088,-76.4967502,-2.386676308,3
459.8919194,39.0010599,-76.49675138,-2.386676308,3
459.9422297,39.00105891,-76.49675257,-2.386676308,3
459.9924999,39.00105793,-76.49675376,-2.386676308,3
460.0427161,39.00105695,-76.49675494,-2.386676308,3
460.092988,39.00105596,-76.49675613,-2.386676308,3
460.1432429,39.00105498,-76.49675732,-2.386676308,3
460.1934917,39.00105399,-76.49675851,-2.386676308,3
460.2437676,39.00105301,-76.49675969,-2.386676308,3
460.2940915,39.00105203,-76.49676088,-2.386676308,3
460.3443283,39.00105104,-76.49676206,-2.386676308,3
460.3946084,39.00105006,-76.49676325,-2.386676308,3
460.4449556,39.00104907,-76.49676444,-2.386676308,3
460.495257,39.00104809,-76.49676562,-2.386676307,3
460.5455186,39.0010471,-76.49676681,-2.386676308,3
460.5957978,39.00104612,-76.496768,-2.386676308,3
460.6461139,39.00104514,-76.49676919,-2.386676307,3
460.6963517,39.00104317,-76.49677156,-2.386676307,3
460.7465989,39.00104218,-76.49677274,-2.386676307,3
460.7968993,39.0010412,-76.49677393,-2.386676307,3
460.8471377,39.00104022,-76.49677512,-2.386676307,3
460.8974053,39.00103923,-76.4967763,-2.386676307,3
460.947653,39.00103825,-76.49677749,-2.386676307,3
460.9979047,39.00103726,-76.49677868,-2.386676307,3
461.0481508,39.00103628,-76.49677986,-2.386676307,3
461.0984288,39.0010353,-76.49678105,-2.386676307,3
461.1486819,39.00103431,-76.49678224,-2.386676307,3
461.1989723,39.00103333,-76.49678342,-2.386676307,3
461.2492422,39.00103234,-76.49678461,-2.386676307,3
461.2994998,39.00103136,-76.4967858,-2.386676307,3
461.3497917,39.00103038,-76.49678698,-2.386676307,3
461.4000599,39.00102939,-76.49678817,-2.386676307,3
461.4502908,39.00102841,-76.49678935,-2.386676307,3
461.5005333,39.00102742,-76.49679054,-2.386676307,3
461.5507875,39.00102644,-76.49679173,-2.386676307,3
461.6011037,39.00102546,-76.49679292,-2.386676307,3
461.6513212,39.00102447,-76.4967941,-2.386676307,3
461.7015458,39.00102349,-76.49679529,-2.386676307,3
461.7518378,39.0010225,-76.49679647,-2.386676307,3
461.8020769,39.00102152,-76.49679766,-2.386676307,3
461.852315,39.00102054,-76.49679885,-2.386676307,3
461.9025708,39.00101955,-76.49680004,-2.386676307,3
461.9528016,39.00101857,-76.49680123,-2.382973837,3
462.0030572,39.00101759,-76.49680242,-2.382973837,3
462.0532579,39.00101661,-76.49680361,-2.382973837,3
462.1034365,39.00101563,-76.4968048,-2.382973837,3
462.1536347,39.00101465,-76.49680599,-2.382973837,3
462.2039184,39.00101367,-76.49680718,-2.382973837,3
462.254153,39.00101269,-76.49680837,-2.382973837,3
462.3044046,39.00101171,-76.49680956,-2.382973837,3
462.3546105,39.00101073,-76.49681075,-2.382973837,3
462.4048799,39.00100975,-76.49681195,-2.382973837,3
462.4551314,39.00100877,-76.49681314,-2.382973837,3
462.5053753,39.00100778,-76.49681433,-2.382973837,3
462.55563,39.0010068,-76.49681552,-2.382973837,3
462.6059279,39.00100584,-76.49681673,-2.36988007,3
462.6561887,39.00100488,-76.49681795,-2.361840191,3
462.7064362,39.00100391,-76.49681916,-2.361840191,3
462.7566696,39.00100295,-76.49682038,-2.361840191,3
462.8069193,39.00100199,-76.4968216,-2.361840191,3
462.857149,39.00100103,-76.49682282,-2.361840191,3
462.9073888,39.00100007,-76.49682403,-2.361840191,3
462.9576175,39.00099911,-76.49682525,-2.361840191,3
463.0079251,39.00099815,-76.49682647,-2.361840191,3
463.0582089,39.00099719,-76.49682769,-2.361840191,3
463.1084468,39.00099623,-76.4968289,-2.361840191,3
463.1587027,39.00099527,-76.49683012,-2.361840191,3
463.2089596,39.00099431,-76.49683134,-2.361840191,3
463.2592034,39.00099336,-76.49683257,-2.348746374,3
463.3094175,39.00099242,-76.49683382,-2.335661299,3
463.3596647,39.0009915,-76.49683508,-2.323996127,3
463.4099034,39.00099057,-76.49683635,-2.323996127,3
463.4601618,39.00098965,-76.49683761,-2.323996127,3
463.5104204,39.00098873,-76.49683887,-2.323996127,3
463.5606556,39.0009878,-76.49684014,-2.323996127,3
463.6109183,39.00098688,-76.4968414,-2.323996127,3
463.6614608,39.00098595,-76.49684266,-2.323996127,3
463.7119573,39.00098503,-76.49684393,-2.323996127,3
463.762214,39.00098411,-76.49684519,-2.323996127,3
463.8124567,39.00098318,-76.49684645,-2.323996127,3
463.8629203,39.00098226,-76.49684772,-2.323996127,3
463.9131401,39.00098133,-76.49684898,-2.323996127,3
463.9633327,39.00098042,-76.49685026,-2.310916443,3
464.0135707,39.00097952,-76.49685155,-2.297819275,3
464.0638495,39.00097864,-76.49685286,-2.284722864,3
464.1141817,39.00097776,-76.49685419,-2.271597756,3
464.1643843,39.0009769,-76.49685551,-2.270983245,3
464.2146673,39.00097602,-76.49685684,-2.270983245,3
464.2649738,39.00097516,-76.49685816,-2.270983245,3
464.3152387,39.00097428,-76.49685948,-2.270983245,3
464.3654828,39.00097342,-76.49686081,-2.270983245,3
464.4157433,39.00097254,-76.49686213,-2.270983245,3
464.4660197,39.00097167,-76.49686345,-2.270983245,3
464.5162959,39.0009708,-76.49686478,-2.270983245,3
464.5665748,39.00096993,-76.4968661,-2.270983245,3
464.6168641,39.00096908,-76.49686744,-2.257884516,3
464.6670746,39.00096823,-76.49686879,-2.244806595,3
464.7172891,39.0009674,-76.49687016,-2.231699687,3
464.7675181,39.00096659,-76.49687154,-2.218631528,3
464.8178161,39.00096579,-76.49687294,-2.205519297,3
464.8680969,39.00096499,-76.49687433,-2.204748568,3
464.9183633,39.00096419,-76.49687573,-2.204748568,3
464.9686552,39.00096339,-76.49687712,-2.204748568,3
465.0189299,39.00096259,-76.49687852,-2.204748568,3
465.0691783,39.00096178,-76.49687991,-2.204748568,3
465.1194068,39.00096098,-76.49688131,-2.204748568,3
465.1697077,39.00096018,-76.4968827,-2.204748568,3
465.2199622,39.00095938,-76.4968841,-2.204748568,3
465.2702625,39.0009586,-76.49688551,-2.191667358,3
465.3205463,39.00095783,-76.49688693,-2.178565389,3
465.3707927,39.00095707,-76.49688837,-2.165462044,3
465.42109,39.00095633,-76.49688981,-2.15238884,3
465.4713467,39.0009556,-76.49689127,-2.139294473,3
465.5216309,39.00095489,-76.49689274,-2.12640332,3
465.5719277,39.00095417,-76.49689422,-2.12640332,3
465.6221986,39.00095346,-76.49689568,-2.12640332,3
465.6724624,39.00095275,-76.49689715,-2.12640332,3
465.7227414,39.00095204,-76.49689863,-2.12640332,3
465.7730346,39.00095132,-76.4969001,-2.12640332,3
465.8232799,39.00095061,-76.49690157,-2.12640332,3
465.8735227,39.0009499,-76.49690304,-2.12640332,3
465.923787,39.00094919,-76.49690451,-2.12640332,3
465.9740923,39.00094849,-76.49690599,-2.113308396,3
466.0243755,39.00094781,-76.49690749,-2.100218007,3
466.0746673,39.00094714,-76.496909,-2.087119426,3
466.1249451,39.00094649,-76.49691051,-2.074029622,3
466.1752225,39.00094585,-76.49691204,-2.060948182,3
466.2255186,39.00094523,-76.49691358,-2.04785033,3
466.2757705,39.00094463,-76.49691512,-2.035713159,3
466.3260677,39.00094402,-76.49691667,-2.035713159,3
466.3763428,39.00094341,-76.49691822,-2.035713159,3
466.4265757,39.00094281,-76.49691977,-2.035713159,3
466.4768172,39.0009422,-76.49692132,-2.035713159,3
466.5270573,39.0009416,-76.49692286,-2.035713159,3
466.5773073,39.00094099,-76.49692441,-2.035713159,3
466.6275398,39.00094038,-76.49692596,-2.035713159,3
466.6778635,39.00093979,-76.49692752,-2.022610398,3
466.728059,39.00093922,-76.49692908,-2.00953359,3
466.7782442,39.00093866,-76.49693066,-1.996452068,3
466.8284734,39.00093812,-76.49693225,-1.983354301,3
466.8787331,39.0009376,-76.49693384,-1.970259812,3
466.9289973,39.00093709,-76.49693545,-1.95714927,3
466.9792568,39.00093659,-76.49693706,-1.944079642,3
467.0294846,39.00093612,-76.49693868,-1.932624046,3
467.0797392,39.00093564,-76.4969403,-1.932624046,3
467.1300287,39.00093516,-76.49694192,-1.932624046,3
467.1802965,39.00093468,-76.49694354,-1.932624046,3
467.2305691,39.0009342,-76.49694516,-1.932624046,3
467.2807839,39.00093372,-76.49694678,-1.932624046,3
467.3310824,39.00093325,-76.4969484,-1.932624046,3
467.3813652,39.00093277,-76.49695002,-1.932624046,3
467.4316172,39.00093231,-76.49695164,-1.919548604,3
467.4818991,39.00093186,-76.49695328,-1.906460127,3
467.5321223,39.00093143,-76.49695492,-1.893370832,3
467.5823476,39.00093102,-76.49695657,-1.880281846,3
467.6325687,39.00093063,-76.49695823,-1.867193438,3
467.6828949,39.00093025,-76.49695989,-1.854099457,3
467.7331594,39.00092989,-76.49696156,-1.841011139,3
467.7834419,39.00092955,-76.49696323,-1.827919577,3
467.8337937,39.00092922,-76.49696491,-1.81528855,3
467.8841279,39.00092889,-76.49696659,-1.81528855,3
467.9343899,39.00092856,-76.49696827,-1.81528855,3
467.9847296,39.00092824,-76.49696995,-1.81528855,3
468.0350522,39.00092791,-76.49697163,-1.81528855,3
468.0853119,39.0009276,-76.49697332,-1.802201971,3
468.1356241,39.00092731,-76.49697501,-1.789100054,3
468.1859131,39.00092703,-76.4969767,-1.776017935,3
468.2361952,39.00092677,-76.4969784,-1.76293159,3
468.2864488,39.00092653,-76.49698011,-1.749814153,3
468.3367056,39.00092631,-76.49698182,-1.736741814,3
468.3869567,39.0009261,-76.49698353,-1.723652015,3
468.4372165,39.00092592,-76.49698524,-1.710558988,3
468.4874534,39.00092575,-76.49698696,-1.69747393,3
468.5377428,39.00092559,-76.49698868,-1.684380859,3
468.5880091,39.00092546,-76.4969904,-1.671293729,3
468.6382454,39.00092534,-76.49699213,-1.658207344,3
468.6885475,39.00092524,-76.49699385,-1.645119191,3
468.7387899,39.00092516,-76.49699558,-1.632023042,3
468.7890741,39.00092509,-76.49699731,-1.61891464,3
468.8393519,39.00092504,-76.49699905,-1.605824431,3
468.8896265,39.00092501,-76.49700077,-1.592748731,3
468.9399082,39.000925,-76.49700251,-1.579661555,3
468.9902037,39.00092501,-76.49700424,-1.566569775,3
469.0404742,39.00092503,-76.49700597,-1.553478812,3
469.0907469,39.00092507,-76.4970077,-1.540381234,3
469.1410474,39.00092513,-76.49700943,-1.527311235,3
469.1913236,39.00092521,-76.49701116,-1.514213132,3
469.241594,39.0009253,-76.49701289,-1.501120989,3
469.2919082,39.00092541,-76.49701461,-1.488031492,3
469.3421468,39.00092554,-76.49701634,-1.474938936,3
469.3924114,39.00092569,-76.49701806,-1.461860291,3
469.442607,39.00092586,-76.49701978,-1.448753089,3
469.4929248,39.00092604,-76.49702149,-1.435681135,3
469.5431775,39.00092624,-76.4970232,-1.422592307,3
469.5934441,39.00092645,-76.49702491,-1.409500266,3
469.643768,39.00092669,-76.49702662,-1.396414877,3
469.6940815,39.00092694,-76.49702832,-1.383324988,3
469.7443554,39.00092721,-76.49703002,-1.370222167,3
469.7945909,39.0009275,-76.49703171,-1.357143411,3
469.8448389,39.0009278,-76.49703339,-1.344044731,3
469.895089,39.00092812,-76.49703508,-1.330956476,3
469.945323,39.00092846,-76.49703675,-1.317867504,3
469.9955554,39.00092881,-76.49703842,-1.30478595,3
470.0459126,39.00092919,-76.49704009,-1.291690776,3
470.0961438,39.00092998,-76.4970434,-1.265499639,3
470.1463955,39.0009304,-76.49704504,-1.252422777,3
470.1966001,39.00093084,-76.49704668,-1.239319935,3
470.2468389,39.0009313,-76.49704831,-1.226235491,3
470.2971162,39.00093178,-76.49704994,-1.213109885,3
470.3473753,39.00093226,-76.49705155,-1.200051476,3
470.3976092,39.00093277,-76.49705315,-1.187608929,3
470.498094,39.00093378,-76.49705636,-1.187608929,3
470.5482826,39.00093429,-76.49705797,-1.187608929,3
470.5984701,39.00093479,-76.49705958,-1.187608929,3
470.6486489,39.0009353,-76.49706118,-1.187608929,3
470.6988804,39.0009358,-76.49706279,-1.187608929,3
470.7490545,39.00093631,-76.49706439,-1.187608929,3
470.7992491,39.00093681,-76.497066,-1.187608929,3
470.8494201,39.00093732,-76.49706761,-1.187608929,3
470.8995993,39.00093782,-76.49706921,-1.187608929,3
470.949787,39.00093833,-76.49707082,-1.187608929,3
470.999977,39.00093883,-76.49707242,-1.187608929,3
471.0502022,39.00093934,-76.49707403,-1.187608929,3
471.1003844,39.00093984,-76.49707564,-1.187608929,3
471.1505943,39.00094035,-76.49707724,-1.187608929,3
471.2007947,39.00094085,-76.49707885,-1.187608929,3
471.2510382,39.00094136,-76.49708045,-1.187608929,3
471.3012411,39.00094186,-76.49708206,-1.187608929,3
471.3514315,39.00094237,-76.49708367,-1.187608929,3
471.40163,39.00094287,-76.49708527,-1.187608929,3
471.4518133,39.00094339,-76.49708687,-1.1745141,3
471.5020145,39.00094393,-76.49708846,-1.161423598,3
471.5522494,39.00094448,-76.49709004,-1.154843991,3
471.6024922,39.00094502,-76.49709163,-1.154843991,3
471.6526909,39.00094557,-76.49709321,-1.154843991,3
471.7029087,39.00094612,-76.49709479,-1.154843991,3
471.7531331,39.00094666,-76.49709638,-1.154843991,3
471.8033513,39.00094721,-76.49709796,-1.154843991,3
471.9059859,39.00094841,-76.49710144,-1.154843991,3
471.9561344,39.00094885,-76.49710271,-1.154843991,3
472.0063431,39.00094939,-76.4971043,-1.154843991,3
472.056525,39.00094994,-76.49710588,-1.154843991,3
472.1067223,39.00095048,-76.49710747,-1.154843991,3
472.1569051,39.00095105,-76.49710904,-1.141755343,3
472.2071211,39.00095162,-76.4971106,-1.12867421,3
472.2573622,39.00095221,-76.49711217,-1.125192315,3
472.3077048,39.00095279,-76.49711373,-1.125192315,3
472.3579419,39.00095337,-76.49711529,-1.125192315,3
472.4082054,39.00095396,-76.49711686,-1.125192315,3
472.4584393,39.00095454,-76.49711842,-1.125192315,3
472.5086441,39.00095512,-76.49711998,-1.125192315,3
472.5589015,39.0009557,-76.49712154,-1.125192315,3
472.6091524,39.00095628,-76.49712311,-1.125192315,3
472.6593433,39.00095687,-76.49712467,-1.125192315,3
472.7095495,39.00095745,-76.49712623,-1.125192315,3
472.759802,39.00095803,-76.49712779,-1.125192315,3
472.8100205,39.00095861,-76.49712935,-1.125192315,3
472.8602109,39.00095921,-76.49713091,-1.11208717,3
472.9104075,39.00095983,-76.49713245,-1.099002437,3
472.9606039,39.00096044,-76.49713399,-1.098433295,3
473.0108627,39.00096106,-76.49713553,-1.098433295,3
473.0611127,39.00096167,-76.49713708,-1.098433295,3
473.111343,39.00096229,-76.49713862,-1.098433295,3
473.1615938,39.0009629,-76.49714016,-1.098433296,3
473.2118148,39.00096352,-76.4971417,-1.098433295,3
473.2620469,39.00096413,-76.49714324,-1.098433295,3
473.3122462,39.00096474,-76.49714479,-1.098433295,3
473.3624534,39.00096536,-76.49714633,-1.098433296,3
473.412648,39.00096597,-76.49714787,-1.098433296,3
473.4628628,39.00096659,-76.49714941,-1.098433295,3
473.5131087,39.00096722,-76.49715094,-1.085345811,3
473.563321,39.00096786,-76.49715246,-1.074521664,3
473.613522,39.00096851,-76.49715399,-1.074521664,3
473.6636881,39.00096915,-76.49715551,-1.074521664,3
473.7139088,39.00096979,-76.49715704,-1.074521664,3
473.7641107,39.00097044,-76.49715856,-1.074521664,3
473.8143192,39.00097108,-76.49716008,-1.074521664,3
473.8645458,39.00097172,-76.4971616,-1.074521664,3
473.9147574,39.00097237,-76.49716312,-1.074521664,3
473.9649888,39.00097301,-76.49716465,-1.074521664,3
474.015241,39.00097365,-76.49716617,-1.074521664,3
474.065489,39.0009743,-76.49716769,-1.074521664,3
474.1156701,39.00097494,-76.49716921,-1.074521664,3
474.165922,39.00097558,-76.49717074,-1.074521664,3
474.2161431,39.00097624,-76.49717225,-1.061436232,3
474.2663921,39.00097691,-76.49717376,-1.052998647,3
474.3166314,39.00097758,-76.49717526,-1.052998647,3
474.3669126,39.00097825,-76.49717677,-1.052998647,3
474.4172171,39.00097892,-76.49717827,-1.052998647,3
474.4674739,39.00097959,-76.49717977,-1.052998647,3
474.5177463,39.00098026,-76.49718128,-1.052998647,3
474.5680188,39.00098092,-76.49718278,-1.052998647,3
474.6182885,39.00098159,-76.49718429,-1.052998647,3
474.6685677,39.00098226,-76.49718579,-1.052998647,3
474.7189137,39.00098293,-76.49718729,-1.052998647,3
474.7691772,39.0009836,-76.4971888,-1.052998647,3
474.8194301,39.00098427,-76.4971903,-1.052998647,3
474.8697021,39.00098495,-76.4971918,-1.039898928,3
474.9199804,39.00098564,-76.49719329,-1.033819033,3
474.9702384,39.00098633,-76.49719477,-1.033819033,3
475.0204863,39.00098703,-76.49719626,-1.033819033,3
475.0707729,39.00098772,-76.49719775,-1.033819033,3
475.1210811,39.00098841,-76.49719924,-1.033819033,3
475.1713597,39.0009891,-76.49720073,-1.033819033,3
475.2216536,39.00098979,-76.49720221,-1.033819033,3
475.2719341,39.00099048,-76.4972037,-1.033819033,3
475.3222609,39.00099117,-76.49720519,-1.033819033,3
475.3725571,39.00099186,-76.49720668,-1.033819033,3
475.4229121,39.00099256,-76.49720817,-1.033819033,3
475.4732409,39.00099325,-76.49720965,-1.033819033,3
475.5236203,39.00099394,-76.49721114,-1.033819033,3
475.5739213,39.00099465,-76.49721262,-1.020722061,3
475.6241794,39.00099536,-76.49721409,-1.016596587,3
475.6744448,39.00099607,-76.49721556,-1.016596587,3
475.7246967,39.00099678,-76.49721703,-1.016596587,3
475.7749519,39.00099749,-76.49721851,-1.016596587,3
475.8252149,39.0009982,-76.49721998,-1.016596587,3
475.8754787,39.00099891,-76.49722145,-1.016596587,3
475.9257937,39.00099962,-76.49722292,-1.016596587,3
475.9760806,39.00100033,-76.49722439,-1.016596587,3
476.0263169,39.00100105,-76.49722587,-1.016596587,3
476.0765842,39.00100175,-76.49722734,-1.016596587,3
476.1268899,39.00100247,-76.49722881,-1.016596587,3
476.1772087,39.00100318,-76.49723028,-1.016596587,3
476.2275438,39.0010039,-76.49723174,-1.003507623,3
476.2778936,39.00100463,-76.4972332,-1.001280515,3
476.3281253,39.00100536,-76.49723466,-1.001280515,3
476.3784131,39.00100609,-76.49723612,-1.001280515,3
476.428662,39.00100682,-76.49723758,-1.001280515,3
476.4789313,39.00100755,-76.49723904,-1.001280515,3
476.5291646,39.00100827,-76.49724049,-1.001280515,3
476.5794236,39.001009,-76.49724195,-1.001280515,3
476.6297183,39.00100973,-76.49724341,-1.001280515,3
476.6800128,39.00101046,-76.49724487,-1.001280515,3
476.7302696,39.00101119,-76.49724633,-1.001280515,3
476.7805491,39.00101192,-76.49724778,-1.001280515,3
476.830799,39.00101265,-76.49724924,-1.001280515,3
476.8810775,39.00101338,-76.4972507,-1.001280515,3
476.9312969,39.00101412,-76.49725215,-0.9881854556,3
476.9815114,39.00101486,-76.49725359,-0.9875500027,3
477.0317503,39.00101561,-76.49725504,-0.9875500027,3
477.0820081,39.00101635,-76.49725649,-0.9875500027,3
477.1322521,39.0010171,-76.49725793,-0.9875500027,3
477.1824903,39.00101784,-76.49725937,-0.9875500027,3
477.2327772,39.00101858,-76.49726082,-0.9875500027,3
477.283107,39.00101933,-76.49726227,-0.9875500027,3
477.3333587,39.00102007,-76.49726371,-0.9875500026,3
477.3836287,39.00102082,-76.49726516,-0.9875500027,3
477.4339026,39.00102156,-76.4972666,-0.9875500027,3
477.4841751,39.00102231,-76.49726805,-0.9875500027,3
477.5344458,39.00102305,-76.49726949,-0.9875500028,3
477.5847212,39.00102381,-76.49727093,-0.9753491215,3
477.634932,39.00102456,-76.49727236,-0.9753491215,3
477.685151,39.00102532,-76.49727379,-0.9753491216,3
477.7353603,39.00102608,-76.49727523,-0.9753491216,3
477.7856174,39.00102684,-76.49727666,-0.9753491215,3
477.8359235,39.0010276,-76.49727809,-0.9753491216,3
477.8861679,39.00102835,-76.49727953,-0.9753491215,3
477.9364503,39.00102911,-76.49728096,-0.9753491216,3
477.9867079,39.00102987,-76.49728239,-0.9753491216,3
478.036932,39.00103063,-76.49728383,-0.9753491215,3
478.0871722,39.00103139,-76.49728526,-0.9753491216,3
478.137377,39.00103214,-76.4972867,-0.9753491216,3
478.1876589,39.0010329,-76.49728813,-0.9753491216,3
478.2379079,39.00103366,-76.49728956,-0.9753491217,3
478.2881774,39.00103443,-76.49729098,-0.9644136891,3
478.3384466,39.0010352,-76.49729241,-0.9644136891,3
478.3886869,39.00103597,-76.49729383,-0.9644136891,3
478.4389466,39.00103674,-76.49729525,-0.9644136891,3
478.4892336,39.00103751,-76.49729668,-0.9644136891,3
478.5395252,39.00103828,-76.4972981,-0.9644136891,3
478.5898873,39.00103905,-76.49729952,-0.9644136891,3
478.6401478,39.00103982,-76.49730094,-0.9644136891,3
478.6904093,39.00104059,-76.49730237,-0.9644136892,3
478.7406802,39.00104136,-76.49730379,-0.9644136891,3
478.7909177,39.00104213,-76.49730521,-0.9644136892,3
478.8412135,39.0010429,-76.49730664,-0.9644136891,3
478.8914647,39.00104367,-76.49730806,-0.9644136891,3
478.9417548,39.00104445,-76.49730947,-0.9547023819,3
478.9920567,39.00104523,-76.49731089,-0.954702382,3
479.0423205,39.00104601,-76.4973123,-0.9547023819,3
479.0925949,39.00104679,-76.49731371,-0.954702382,3
479.1428799,39.00104757,-76.49731512,-0.954702382,3
479.1931395,39.00104836,-76.49731654,-0.9547023819,3
479.2433969,39.00104914,-76.49731795,-0.9547023819,3
479.2936706,39.00104992,-76.49731936,-0.9547023819,3
479.3439777,39.0010507,-76.49732078,-0.9547023819,3
479.3942833,39.00105148,-76.49732219,-0.954702382,3
479.4445931,39.00105226,-76.49732361,-0.9547023819,3
479.4948569,39.00105304,-76.49732502,-0.954702382,3
479.5451185,39.00105382,-76.49732643,-0.954702382,3
479.5953882,39.00105461,-76.49732783,-0.9460772193,3
479.6456263,39.0010554,-76.49732924,-0.9460772194,3
479.695876,39.00105619,-76.49733064,-0.9460772194,3
479.7461347,39.00105777,-76.49733345,-0.9460772194,3
479.7963866,39.00105856,-76.49733486,-0.9460772194,3
479.8466635,39.00105935,-76.49733626,-0.9460772193,3
479.8968961,39.00106014,-76.49733767,-0.9460772194,3
479.9471107,39.00106093,-76.49733907,-0.9460772194,3
479.9973347,39.00106172,-76.49734047,-0.9460772194,3
480.0475268,39.00106251,-76.49734188,-0.9460772194,3
480.097848,39.0010633,-76.49734328,-0.9460772194,3
480.1480808,39.00106409,-76.49734469,-0.9460772195,3
480.1983387,39.00106488,-76.49734609,-0.9460772195,3
480.248582,39.00106568,-76.49734749,-0.9383521754,3
480.2988137,39.00106648,-76.49734889,-0.9383521754,3
480.3490815,39.00106728,-76.49735028,-0.9383521754,3
480.3993317,39.00106808,-76.49735168,-0.9383521754,3
480.4495982,39.00106888,-76.49735308,-0.9383521754,3
480.4998764,39.00106968,-76.49735447,-0.9383521755,3
480.5501332,39.00107048,-76.49735587,-0.9383521754,3
480.6004116,39.00107127,-76.49735727,-0.9383521755,3
480.6506673,39.00107207,-76.49735866,-0.9383521754,3
480.7009147,39.00107287,-76.49736006,-0.9383521754,3
480.7511424,39.00107367,-76.49736146,-0.9383521754,3
480.8014079,39.00107447,-76.49736285,-0.9383521755,3
480.8516352,39.00107527,-76.49736425,-0.9383521755,3
480.9019118,39.00107607,-76.49736564,-0.9314958992,3
480.9521432,39.00107688,-76.49736703,-0.9314958992,3
481.0023845,39.00107769,-76.49736842,-0.9314958991,3
481.052669,39.00107849,-76.49736981,-0.9314958992,3
481.1029126,39.0010793,-76.4973712,-0.9314958991,3
481.1531585,39.0010801,-76.49737259,-0.9314958992,3
481.2033756,39.00108091,-76.49737398,-0.9314958992,3
481.2536191,39.00108172,-76.49737537,-0.9314958992,3
481.3039004,39.00108252,-76.49737676,-0.9314958992,3
481.3541293,39.00108333,-76.49737815,-0.9314958992,3
481.4043563,39.00108414,-76.49737954,-0.9314958992,3
481.4546216,39.00108494,-76.49738092,-0.9314958993,3
481.5048712,39.00108575,-76.49738231,-0.9314958992,3
481.555065,39.00108656,-76.4973837,-0.925409292,3
481.6052324,39.00108737,-76.49738508,-0.9254092921,3
481.6554148,39.00108819,-76.49738646,-0.9254092921,3
481.7056392,39.001089,-76.49738785,-0.925409292,3
481.7558625,39.00108981,-76.49738923,-0.9254092921,3
481.8061101,39.00109062,-76.49739061,-0.9254092921,3
481.8563637,39.00109144,-76.497392,-0.9254092921,3
481.9066554,39.00109225,-76.49739338,-0.925409292,3
481.956936,39.00109306,-76.49739476,-0.9254092922,3
482.0071832,39.00109388,-76.49739615,-0.9254092922,3
482.0574144,39.00109469,-76.49739753,-0.925409292,3
482.1076843,39.0010955,-76.49739892,-0.9254092922,3
482.1579401,39.00109631,-76.4974003,-0.9254092922,3
482.2081848,39.00109713,-76.49740168,-0.9254092922,3
482.258463,39.00109795,-76.49740306,-0.9199597025,3
482.3087326,39.00109877,-76.49740444,-0.9199597025,3
482.3590282,39.00109958,-76.49740581,-0.9199597026,3
482.4093081,39.0011004,-76.49740719,-0.9199597025,3
482.4595995,39.00110122,-76.49740857,-0.9199597026,3
482.5098609,39.00110204,-76.49740995,-0.9199597026,3
482.560136,39.00110286,-76.49741132,-0.9199597026,3
482.61037,39.00110368,-76.4974127,-0.9199597026,3
482.6606359,39.00110449,-76.49741408,-0.9199597027,3
482.7108975,39.00110531,-76.49741546,-0.9199597026,3
482.7611789,39.00110613,-76.49741683,-0.9199597026,3
482.8114148,39.00110695,-76.49741821,-0.9199597027,3
482.8616546,39.00110777,-76.49741959,-0.9199597026,3
482.9119269,39.00110859,-76.49742096,-0.9151243879,3
482.9621617,39.00110942,-76.49742233,-0.9151243879,3
483.0124297,39.00111024,-76.49742371,-0.9151243879,3
483.0626865,39.00111106,-76.49742508,-0.9151243879,3
483.112924,39.00111189,-76.49742645,-0.9151243879,3
483.1631545,39.00111271,-76.49742782,-0.9151243878,3
483.2133562,39.00111354,-76.4974292,-0.9151243879,3
483.2636271,39.00111436,-76.49743057,-0.9151243879,3
483.3139101,39.00111518,-76.49743194,-0.9151243879,3
483.3641758,39.00111601,-76.49743331,-0.9151243879,3
483.4144792,39.00111683,-76.49743469,-0.9151243879,3
483.4647245,39.00111766,-76.49743606,-0.9151243879,3
483.5150057,39.00111848,-76.49743743,-0.9151243879,3
483.56527,39.0011193,-76.49743881,-0.9151243879,3
483.6155458,39.00112013,-76.49744017,-0.9107971932,3
483.6658736,39.00112096,-76.49744154,-0.9107971932,3
483.7161316,39.00112179,-76.49744291,-0.9107971932,3
483.766352,39.00112262,-76.49744428,-0.9107971932,3
483.8165961,39.00112345,-76.49744564,-0.9107971932,3
483.8668732,39.00112427,-76.49744701,-0.9107971931,3
483.917117,39.0011251,-76.49744838,-0.9107971932,3
483.9673688,39.00112593,-76.49744975,-0.9107971932,3
484.0176156,39.00112676,-76.49745112,-0.9107971932,3
484.0678921,39.00112759,-76.49745248,-0.9107971932,3
484.1181431,39.00112842,-76.49745385,-0.9107971933,3
484.1683713,39.00112924,-76.49745522,-0.9107971933,3
484.2186097,39.00113007,-76.49745659,-0.9107971932,3
484.3175807,39.00113091,-76.49745795,-0.9069595398,3
484.367937,39.00113257,-76.49746068,-0.9069595398,3
484.4182461,39.0011334,-76.49746204,-0.9069595399,3
484.4684624,39.00113423,-76.49746341,-0.9069595398,3
484.5186556,39.00113507,-76.49746477,-0.9069595398,3
484.5689222,39.0011359,-76.49746613,-0.9069595398,3
484.6191577,39.00113673,-76.4974675,-0.9069595398,3
484.6693745,39.00113757,-76.49746886,-0.9069595399,3
484.7196125,39.0011384,-76.49747023,-0.9069595399,3
484.7698954,39.00113923,-76.49747159,-0.9069595398,3
484.8201477,39.00114006,-76.49747295,-0.9069595399,3
484.870392,39.0011409,-76.49747432,-0.9069595399,3
484.9206248,39.00114173,-76.49747568,-0.9035549382,3
484.9709054,39.00114257,-76.49747704,-0.9035549383,3
485.0211409,39.0011434,-76.4974784,-0.9035549383,3
485.0714071,39.00114424,-76.49747976,-0.9035549383,3
485.1216088,39.00114508,-76.49748112,-0.9035549383,3
485.1719143,39.00114591,-76.49748248,-0.9035549383,3
485.2221237,39.00114675,-76.49748384,-0.9035549383,3
485.272329,39.00114758,-76.4974852,-0.9035549384,3
485.3225363,39.00114842,-76.49748656,-0.9035549383,3
485.3727818,39.00114926,-76.49748792,-0.9035549383,3
485.4230239,39.00115009,-76.49748928,-0.9035549384,3
485.4733089,39.00115093,-76.49749064,-0.9035549383,3
485.5235558,39.00115177,-76.497492,-0.9035549384,3
485.5739278,39.0011526,-76.49749336,-0.9035549383,3
485.624162,39.00115344,-76.49749472,-0.9005084012,3
485.6744086,39.00115428,-76.49749607,-0.9005084013,3
485.7246348,39.00115512,-76.49749743,-0.9005084013,3
485.7749112,39.00115596,-76.49749879,-0.9005084014,3
485.8251829,39.0011568,-76.49750014,-0.9005084013,3
485.8754401,39.00115764,-76.4975015,-0.9005084012,3
485.9257119,39.00115848,-76.49750286,-0.9005084013,3
485.9759835,39.00115932,-76.49750422,-0.9005084013,3
486.0261942,39.00116016,-76.49750557,-0.9005084013,3
486.0764581,39.001161,-76.49750693,-0.9005084013,3
486.1266817,39.00116184,-76.49750829,-0.9005084013,3
486.176961,39.00116267,-76.49750964,-0.9005084013,3
486.227206,39.00116351,-76.497511,-0.9005084013,3
486.2774311,39.00116436,-76.49751235,-0.8978067493,3
486.3277134,39.0011652,-76.49751371,-0.8978067494,3
486.3779514,39.00116604,-76.49751506,-0.8978067494,3
486.4281627,39.00116688,-76.49751642,-0.8978067493,3
486.4784418,39.00116773,-76.49751777,-0.8978067494,3
486.5286889,39.00116857,-76.49751913,-0.8978067493,3
486.5789689,39.00116941,-76.49752048,-0.8978067494,3
486.629234,39.00117025,-76.49752183,-0.8978067494,3
486.6794777,39.00117109,-76.49752319,-0.8978067494,3
486.7297781,39.00117194,-76.49752454,-0.8978067494,3
486.7800778,39.00117278,-76.49752589,-0.8978067495,3
486.8303648,39.00117362,-76.49752725,-0.8978067494,3
486.880581,39.00117446,-76.4975286,-0.8978067495,3
486.9308128,39.00117531,-76.49752995,-0.8954101276,3
486.9810472,39.00117615,-76.4975313,-0.8954101276,3
487.0312879,39.001177,-76.49753266,-0.8954101276,3
487.0815237,39.00117784,-76.49753401,-0.8954101276,3
487.1317374,39.00117869,-76.49753536,-0.8954101276,3
487.181973,39.00117953,-76.49753671,-0.8954101276,3
487.232198,39.00118038,-76.49753806,-0.8954101276,3
487.2824726,39.00118122,-76.49753941,-0.8954101276,3
487.3327333,39.00118207,-76.49754076,-0.8954101276,3
487.382975,39.00118291,-76.49754212,-0.8954101277,3
487.4332333,39.00118376,-76.49754347,-0.8954101277,3
487.4834538,39.0011846,-76.49754482,-0.8954101277,3
487.5337036,39.00118545,-76.49754617,-0.8954101277,3
487.5839104,39.00118629,-76.49754752,-0.8954101277,3
487.634126,39.00118714,-76.49754887,-0.893265749,3
487.684381,39.00118798,-76.49755022,-0.893265749,3
487.7347045,39.00118883,-76.49755157,-0.8932657489,3
487.7849571,39.00118968,-76.49755292,-0.893265749,3
487.8352235,39.00119053,-76.49755427,-0.8932657489,3
487.8855057,39.00119137,-76.49755562,-0.893265749,3
487.9357951,39.00119222,-76.49755697,-0.893265749,3
487.986093,39.00119307,-76.49755832,-0.893265749,3
488.0363653,39.00119391,-76.49755967,-0.893265749,3
488.0866114,39.00119476,-76.49756101,-0.893265749,3
488.1369031,39.00119561,-76.49756236,-0.893265749,3
488.1871687,39.00119646,-76.49756371,-0.893265749,3
488.2374305,39.0011973,-76.49756506,-0.893265749,3
488.2877175,39.00119815,-76.49756641,-0.891364163,3
488.3380352,39.001199,-76.49756775,-0.891364163,3
488.3882715,39.00119985,-76.4975691,-0.891364163,3
488.4385541,39.0012007,-76.49757045,-0.891364163,3
488.4887931,39.00120155,-76.4975718,-0.891364163,3
488.5390192,39.0012024,-76.49757314,-0.891364163,3
488.5892435,39.00120324,-76.49757449,-0.8913641629,3
488.6394701,39.00120409,-76.49757584,-0.891364163,3
488.6897837,39.00120494,-76.49757718,-0.891364163,3
488.7400451,39.00120579,-76.49757853,-0.891364163,3
488.7902934,39.00120664,-76.49757988,-0.8913641631,3
488.8405732,39.00120749,-76.49758122,-0.891364163,3
488.8908359,39.00120834,-76.49758257,-0.891364163,3
488.9411093,39.00120919,-76.49758392,-0.8896773742,3
488.9913952,39.00121004,-76.49758526,-0.8896773742,3
489.0416841,39.00121089,-76.49758661,-0.8896773742,3
489.0919671,39.00121174,-76.49758795,-0.8896773742,3
489.1422559,39.00121259,-76.4975893,-0.8896773742,3
489.1925341,39.00121344,-76.49759064,-0.8896773742,3
489.2427439,39.00121429,-76.49759199,-0.8896773742,3
489.2930313,39.00121515,-76.49759333,-0.8896773742,3
489.3433298,39.001216,-76.49759468,-0.8896773742,3
489.393591,39.00121685,-76.49759603,-0.8896773742,3
489.4438452,39.0012177,-76.49759737,-0.8896773743,3
489.4940733,39.00121855,-76.49759871,-0.8896773742,3
489.5443346,39.0012194,-76.49760006,-0.8896773741,3
489.5945809,39.00122025,-76.49760141,-0.8896773742,3
489.6448768,39.0012211,-76.49760275,-0.8881681131,3
489.6951123,39.00122196,-76.49760409,-0.888168113,3
489.7453498,39.00122281,-76.49760544,-0.8881681131,3
489.7956406,39.00122366,-76.49760678,-0.8881681131,3
489.8458984,39.00122451,-76.49760812,-0.8881681131,3
489.8961495,39.00122622,-76.49761081,-0.8881681131,3
489.9463358,39.00122707,-76.49761215,-0.888168113,3
489.9965597,39.00122792,-76.4976135,-0.8881681131,3
490.0467877,39.00122877,-76.49761484,-0.8881681131,3
490.0970711,39.00122963,-76.49761619,-0.8881681131,3
490.1472774,39.00123048,-76.49761753,-0.8881681131,3
490.1975088,39.00123133,-76.49761887,-0.8881681131,3
490.2477547,39.00123218,-76.49762021,-0.8868297988,3
490.2980016,39.00123304,-76.49762156,-0.8868297988,3
490.3482503,39.00123389,-76.4976229,-0.8868297987,3
490.3984942,39.00123475,-76.49762424,-0.8868297987,3
490.4487461,39.0012356,-76.49762558,-0.8868297987,3
490.4990097,39.00123645,-76.49762693,-0.8868297987,3
490.549299,39.00123731,-76.49762827,-0.8868297988,3
490.5995173,39.00123816,-76.49762961,-0.8868297988,3
490.6497853,39.00123902,-76.49763095,-0.8868297988,3
490.7000014,39.00123987,-76.49763229,-0.8868297988,3
490.7502034,39.00124072,-76.49763363,-0.8868297988,3
490.8003838,39.00124158,-76.49763498,-0.8868297988,3
490.8506583,39.00124243,-76.49763632,-0.8868297988,3
490.9008926,39.00124329,-76.49763766,-0.8856426577,3
490.9510977,39.00124414,-76.497639,-0.8856426577,3
491.0013133,39.001245,-76.49764034,-0.8856426578,3
491.0515566,39.00124585,-76.49764168,-0.8856426577,3
491.101893,39.00124671,-76.49764302,-0.8856426578,3
491.1521429,39.00124756,-76.49764436,-0.8856426578,3
491.2023408,39.00124842,-76.4976457,-0.8856426578,3
491.2525738,39.00124927,-76.49764704,-0.8856426578,3
491.3028512,39.00125013,-76.49764839,-0.8856426578,3
491.3530522,39.00125098,-76.49764973,-0.8856426578,3
491.4032406,39.00125184,-76.49765107,-0.8856426577,3
491.4534832,39.00125269,-76.49765241,-0.8856426578,3
491.5036898,39.00125355,-76.49765375,-0.8856426577,3
491.553937,39.0012544,-76.49765509,-0.8856426578,3
491.6041565,39.00125526,-76.49765643,-0.8845804903,3
491.6543878,39.00125611,-76.49765777,-0.8845804903,3
491.7046234,39.00125697,-76.49765911,-0.8845804903,3
491.754896,39.00125783,-76.49766045,-0.8845804903,3
491.8051468,39.00125868,-76.49766179,-0.8845804903,3
491.8553587,39.00125954,-76.49766313,-0.8845804903,3
491.9055622,39.0012604,-76.49766447,-0.8845804903,3
491.9557554,39.00126125,-76.49766581,-0.8845804903,3
492.0060007,39.00126211,-76.49766715,-0.8845804903,3
492.0562239,39.00126296,-76.49766849,-0.8845804903,3
492.1064952,39.00126382,-76.49766983,-0.8845804903,3
492.1567452,39.00126468,-76.49767117,-0.8845804904,3
492.2069626,39.00126553,-76.4976725,-0.8845804903,3
492.2572122,39.00126639,-76.49767384,-0.8836386326,3
492.3074294,39.00126724,-76.49767518,-0.8836386326,3
492.3576825,39.0012681,-76.49767652,-0.8836386327,3
492.4079974,39.00126896,-76.49767786,-0.8836386327,3
492.4582517,39.00126982,-76.4976792,-0.8836386326,3
492.5085611,39.00127067,-76.49768054,-0.8836386326,3
492.558862,39.00127153,-76.49768187,-0.8836386326,3
492.6091006,39.00127239,-76.49768322,-0.8836386326,3
492.6593555,39.00127325,-76.49768455,-0.8836386326,3
492.7096092,39.0012741,-76.49768589,-0.8836386327,3
492.7599045,39.00127496,-76.49768723,-0.8836386326,3
492.8101661,39.00127582,-76.49768857,-0.8836386326,3
492.8603981,39.00127667,-76.49768991,-0.8836386327,3
492.9106726,39.00127753,-76.49769124,-0.8828031734,3
492.9609412,39.00127839,-76.49769258,-0.8828031734,3
493.0111886,39.00127925,-76.49769392,-0.8828031734,3
493.0613812,39.0012801,-76.49769526,-0.8828031733,3
493.1116428,39.00128096,-76.49769659,-0.8828031734,3
493.1618936,39.00128182,-76.49769793,-0.8828031735,3
493.212098,39.00128268,-76.49769927,-0.8828031734,3
493.2622779,39.00128354,-76.49770061,-0.8828031734,3
493.3124733,39.0012844,-76.49770195,-0.8828031734,3
493.3626841,39.00128525,-76.49770328,-0.8828031734,3
493.4128938,39.00128611,-76.49770462,-0.8828031734,3
493.4630982,39.00128697,-76.49770596,-0.8828031734,3
493.5133528,39.00128783,-76.4977073,-0.8828031734,3
493.5636169,39.00128868,-76.49770863,-0.8828031734,3
493.6138937,39.00128954,-76.49770997,-0.8820556682,3
493.6642144,39.0012904,-76.49771131,-0.8820556683,3
493.7144703,39.00129126,-76.49771264,-0.8820556683,3
493.7646839,39.00129212,-76.49771398,-0.8820556682,3
493.8149502,39.00129298,-76.49771532,-0.8820556682,3
493.8651681,39.00129384,-76.49771665,-0.8820556682,3
493.9154221,39.0012947,-76.49771799,-0.8820556683,3
493.9656779,39.00129556,-76.49771933,-0.8820556683,3
494.0158881,39.00129641,-76.49772067,-0.8820556683,3
494.0660933,39.00129727,-76.497722,-0.8820556683,3
494.1163153,39.00129813,-76.49772334,-0.8820556683,3
494.1665395,39.00129899,-76.49772468,-0.8820556682,3
494.2167781,39.00129985,-76.49772601,-0.8820556683,3
494.2670689,39.00130071,-76.49772735,-0.8813928282,3
494.3173044,39.00130157,-76.49772868,-0.8813928282,3
494.3675275,39.00130243,-76.49773002,-0.8813928282,3
494.4178147,39.00130329,-76.49773136,-0.8813928282,3
494.4680809,39.00130415,-76.49773269,-0.8813928282,3
494.5183725,39.00130501,-76.49773403,-0.8813928282,3
494.568603,39.00130587,-76.49773536,-0.8813928283,3
494.6188731,39.00130672,-76.4977367,-0.8813928282,3
494.6690728,39.00130758,-76.49773804,-0.8813928282,3
494.7192786,39.00130844,-76.49773937,-0.8813928282,3
494.7694847,39.00130931,-76.49774071,-0.8813928282,3
494.8196904,39.00131016,-76.49774205,-0.8813928282,3
494.8699238,39.00131102,-76.49774338,-0.8813928282,3
494.9202034,39.00131188,-76.49774472,-0.8808048757,3
494.9704327,39.00131274,-76.49774605,-0.8808048758,3
495.0206497,39.0013136,-76.49774739,-0.8808048757,3
495.0708709,39.00131446,-76.49774872,-0.8808048757,3
495.1211344,39.00131532,-76.49775006,-0.8808048757,3
495.1713727,39.00131618,-76.49775139,-0.8808048757,3
495.2216248,39.00131704,-76.49775273,-0.8808048758,3
495.2718856,39.0013179,-76.49775407,-0.8808048758,3
495.3221753,39.00131876,-76.4977554,-0.8808048758,3
495.3724324,39.00131962,-76.49775674,-0.8808048758,3
495.4226606,39.00132048,-76.49775807,-0.8808048758,3
495.4728682,39.00132134,-76.49775941,-0.8808048758,3
495.5230902,39.0013222,-76.49776075,-0.8808048757,3
495.5733544,39.00132306,-76.49776208,-0.8808048757,3
495.6236134,39.00132392,-76.49776341,-0.8802788135,3
495.6739122,39.00132479,-76.49776475,-0.8802788136,3
495.7241912,39.00132565,-76.49776609,-0.8802788136,3
495.7744479,39.00132651,-76.49776742,-0.8802788136,3
495.8246729,39.00132737,-76.49776875,-0.8802788136,3
495.8749376,39.00132823,-76.49777009,-0.8802788136,3
495.9251956,39.00132909,-76.49777143,-0.8802788136,3
495.9754257,39.00132995,-76.49777276,-0.8802788136,3
496.0257264,39.00133081,-76.49777409,-0.8802788136,3
496.0760586,39.00133167,-76.49777543,-0.8802788136,3
496.1263189,39.00133253,-76.49777676,-0.8802788136,3
496.1765815,39.00133339,-76.4977781,-0.8802788136,3
496.2268142,39.00133425,-76.49777943,-0.8802788136,3
496.2771122,39.00133511,-76.49778077,-0.8798123474,3
496.3273976,39.00133597,-76.4977821,-0.8798123474,3
496.3776503,39.00133684,-76.49778344,-0.8798123475,3
496.4278857,39.0013377,-76.49778477,-0.8798123474,3
496.4780992,39.00133856,-76.4977861,-0.8798123475,3
496.5283734,39.00133942,-76.49778744,-0.8798123475,3
496.5786443,39.00134028,-76.49778877,-0.8798123474,3
496.6289005,39.00134114,-76.49779011,-0.8798123475,3
496.679149,39.001342,-76.49779144,-0.8798123475,3
496.7294198,39.00134286,-76.49779278,-0.8798123475,3
496.77968,39.00134372,-76.49779411,-0.8798123474,3
496.829943,39.00134458,-76.49779544,-0.8798123475,3
496.8802107,39.00134545,-76.49779678,-0.8798123475,3
496.9304996,39.00134631,-76.49779811,-0.8793985772,3
496.9807531,39.00134717,-76.49779945,-0.8793985771,3
497.0310828,39.00134803,-76.49780078,-0.8793985772,3
497.0813684,39.00134889,-76.49780211,-0.8793985771,3
497.1315996,39.00134975,-76.49780345,-0.8793985772,3
497.1818636,39.00135062,-76.49780478,-0.8793985772,3
497.2320983,39.00135148,-76.49780612,-0.8793985772,3
497.2823875,39.00135234,-76.49780745,-0.8793985772,3
497.3326897,39.0013532,-76.49780879,-0.8793985773,3
497.3829455,39.00135406,-76.49781012,-0.8793985772,3
497.4332048,39.00135492,-76.49781145,-0.8793985773,3
497.4834415,39.00135579,-76.49781279,-0.8793985772,3
497.5337104,39.00135665,-76.49781412,-0.8793985773,3
497.5839587,39.00135751,-76.49781545,-0.8793985772,3
497.6342324,39.00135837,-76.49781679,-0.8790283691,3
497.684447,39.00135923,-76.49781812,-0.8790283691,3
497.7347413,39.00136009,-76.49781946,-0.8790283692,3
497.7849639,39.00136096,-76.49782079,-0.8790283691,3
497.835331,39.00136182,-76.49782212,-0.8790283692,3
497.8855734,39.00136268,-76.49782346,-0.8790283691,3
497.9358656,39.00136354,-76.49782479,-0.8790283692,3
497.9860851,39.0013644,-76.49782612,-0.8790283691,3
498.0363008,39.00136527,-76.49782746,-0.8790283691,3
498.0865048,39.00136613,-76.49782879,-0.8790283691,3
498.1367649,39.00136699,-76.49783012,-0.8790283691,3
498.1870658,39.00136785,-76.49783146,-0.8790283692,3
498.2373089,39.00136871,-76.49783279,-0.8790283691,3
498.287561,39.00136958,-76.49783412,-0.8787000994,3
498.3378346,39.00137044,-76.49783546,-0.8787000994,3
498.3880492,39.0013713,-76.49783679,-0.8787000994,3
498.4382484,39.00137216,-76.49783812,-0.8787000994,3
498.4884408,39.00137302,-76.49783946,-0.8787000995,3
498.5386491,39.00137389,-76.49784079,-0.8787000994,3
498.5888788,39.00137475,-76.49784212,-0.8787000994,3
498.6391301,39.00137561,-76.49784346,-0.8787000995,3
498.6893955,39.00137647,-76.49784479,-0.8787000995,3
498.7396606,39.00137734,-76.49784612,-0.8787000994,3
498.7898824,39.0013782,-76.49784745,-0.8787000995,3
498.8401445,39.00137906,-76.49784879,-0.8787000994,3
498.8903718,39.00137992,-76.49785012,-0.8787000995,3
498.9406632,39.00138079,-76.49785145,-0.8784089114,3
498.9909349,39.00138165,-76.49785279,-0.8784089115,3
499.0411838,39.00138251,-76.49785412,-0.8784089115,3
499.0914968,39.00138337,-76.49785545,-0.8784089114,3
499.1418421,39.00138424,-76.49785679,-0.8784089115,3
499.1921542,39.0013851,-76.49785812,-0.8784089115,3
499.2424289,39.00138596,-76.49785945,-0.8784089115,3
499.2926798,39.00138682,-76.49786078,-0.8784089115,3
499.3429371,39.00138769,-76.49786212,-0.8784089115,3
499.3931866,39.00138855,-76.49786345,-0.8784089115,3
499.4433873,39.00138941,-76.49786478,-0.8784089115,3
499.4936186,39.00139027,-76.49786612,-0.8784089115,3
499.5439225,39.00139114,-76.49786745,-0.8784089115,3
499.5941724,39.001392,-76.49786878,-0.8784089115,3
499.6444272,39.00139286,-76.49787011,-0.8781483823,3
499.6946215,39.00139372,-76.49787145,-0.8781483822,3
499.7448552,39.00139459,-76.49787278,-0.8781483822,3
499.7951026,39.00139545,-76.49787411,-0.8781483823,3
499.8453567,39.00139631,-76.49787544,-0.8781483822,3
499.895596,39.00139718,-76.49787678,-0.8781483823,3
499.9458667,39.00139804,-76.49787811,-0.8781483822,3
499.996064,39.00139976,-76.49788077,-0.8781483822,3
500.0463035,39.00140063,-76.49788211,-0.8781483823,3
500.0965048,39.00140149,-76.49788344,-0.8781483823,3
500.1467362,39.00140235,-76.49788477,-0.8781483823,3
500.1969997,39.00140322,-76.4978861,-0.8781483822,3
500.2472083,39.00140408,-76.49788744,-0.877917365,3
500.297407,39.00140494,-76.49788877,-0.877917365,3
500.3476558,39.00140581,-76.4978901,-0.877917365,3
500.3979304,39.00140667,-76.49789143,-0.877917365,3
500.448168,39.00140753,-76.49789277,-0.8779173649,3
500.4984197,39.00140839,-76.4978941,-0.877917365,3
500.5486577,39.00140926,-76.49789543,-0.877917365,3
500.5989222,39.00141012,-76.49789676,-0.877917365,3
500.6491924,39.00141098,-76.4978981,-0.877917365,3
500.6994342,39.00141185,-76.49789943,-0.877917365,3
500.7496958,39.00141271,-76.49790076,-0.877917365,3
500.7998927,39.00141357,-76.49790209,-0.8779173649,3
500.8501647,39.00141444,-76.49790342,-0.877917365,3
500.9004101,39.0014153,-76.49790476,-0.8777124441,3
500.9506235,39.00141616,-76.49790609,-0.8777124441,3
501.0009106,39.00141703,-76.49790742,-0.8777124441,3
501.0511667,39.00141789,-76.49790876,-0.8777124441,3
501.1014081,39.00141875,-76.49791008,-0.8777124441,3
501.1516365,39.00141962,-76.49791142,-0.877712444,3
501.2018943,39.00142048,-76.49791275,-0.8777124441,3
501.2521216,39.00142134,-76.49791408,-0.8777124442,3
501.3023883,39.0014222,-76.49791541,-0.8777124441,3
501.3526999,39.00142307,-76.49791675,-0.8777124441,3
501.4029717,39.00142393,-76.49791808,-0.8777124441,3
501.4532432,39.0014248,-76.49791941,-0.8777124441,3
501.5034847,39.00142566,-76.49792074,-0.8777124441,3
501.5537607,39.00142652,-76.49792207,-0.8777124441,3
501.6040014,39.00142738,-76.4979234,-0.8775290986,3
501.6542586,39.00142825,-76.49792474,-0.8775290985,3
501.7044546,39.00142911,-76.49792607,-0.8775290986,3
501.7546937,39.00142998,-76.4979274,-0.8775290987,3
501.8048699,39.00143084,-76.49792873,-0.8775290986,3
501.8551162,39.0014317,-76.49793006,-0.8775290985,3
501.9053217,39.00143257,-76.4979314,-0.8775290986,3
501.9556158,39.00143343,-76.49793273,-0.8775290987,3
502.0058797,39.00143429,-76.49793406,-0.8775290986,3
502.0560912,39.00143516,-76.49793539,-0.8775290986,3
502.1062753,39.00143602,-76.49793672,-0.8775290986,3
502.1564722,39.00143688,-76.49793806,-0.8775290986,3
502.206684,39.00143775,-76.49793939,-0.8775290987,3
502.2568649,39.00143861,-76.49794072,-0.877366523,3
502.307134,39.00143947,-76.49794205,-0.877366523,3
502.357364,39.00144034,-76.49794338,-0.8773665229,3
502.4075988,39.0014412,-76.49794471,-0.8773665229,3
502.4577881,39.00144207,-76.49794605,-0.877366523,3
502.5079757,39.00144293,-76.49794738,-0.877366523,3
502.5581521,39.00144379,-76.49794871,-0.877366523,3
502.6083232,39.00144466,-76.49795004,-0.877366523,3
502.6585087,39.00144552,-76.49795137,-0.8773665229,3
502.7087598,39.00144638,-76.4979527,-0.8773665229,3
502.7589785,39.00144725,-76.49795404,-0.8773665229,3
502.8092204,39.00144811,-76.49795537,-0.8773665229,3
502.8594703,39.00144897,-76.4979567,-0.8773665229,3
502.9097228,39.00144984,-76.49795803,-0.8772223123,3
502.9599922,39.0014507,-76.49795936,-0.8772223123,3
503.0102419,39.00145157,-76.49796069,-0.8772223123,3
503.0604461,39.00145243,-76.49796203,-0.8772223123,3
503.1106616,39.00145329,-76.49796336,-0.8772223123,3
503.1608588,39.00145416,-76.49796469,-0.8772223124,3
503.2110391,39.00145502,-76.49796602,-0.8772223124,3
503.2612763,39.00145589,-76.49796735,-0.8772223123,3
503.3114676,39.00145675,-76.49796868,-0.8772223123,3
503.3617029,39.00145761,-76.49797001,-0.8772223123,3
503.4118933,39.00145848,-76.49797135,-0.8772223123,3
503.4621268,39.00145934,-76.49797268,-0.8772223124,3
503.5123577,39.0014602,-76.49797401,-0.8772223124,3
503.5626722,39.00146107,-76.49797534,-0.8772223124,3
503.6128724,39.00146193,-76.49797667,-0.8770932843,3
503.6630497,39.0014628,-76.497978,-0.8770932843,3
503.7132039,39.00146366,-76.49797934,-0.8770932843,3
503.7633844,39.00146452,-76.49798067,-0.8770932843,3
503.8135792,39.00146539,-76.497982,-0.8770932843,3
503.863768,39.00146625,-76.49798333,-0.8770932843,3
503.9140382,39.00146712,-76.49798466,-0.8770932843,3
503.9642892,39.00146798,-76.49798599,-0.8770932844,3
504.0145242,39.00146884,-76.49798732,-0.8770932843,3
504.0647371,39.00146971,-76.49798865,-0.8770932842,3
504.1149949,39.00147057,-76.49798999,-0.8770932843,3
504.1651874,39.00147144,-76.49799132,-0.8770932843,3
504.2153761,39.0014723,-76.49799265,-0.8770932843,3
504.2655647,39.00147316,-76.49799398,-0.8769788727,3
504.3157633,39.00147403,-76.49799531,-0.8769788727,3
504.3660244,39.00147489,-76.49799664,-0.8769788727,3
504.416255,39.00147576,-76.49799797,-0.8769788728,3
504.4665422,39.00147662,-76.49799931,-0.8769788728,3
504.5167636,39.00147748,-76.49800064,-0.8769788728,3
504.5670419,39.00147835,-76.49800197,-0.8769788727,3
504.6172736,39.00147921,-76.4980033,-0.8769788727,3
504.6675045,39.00148008,-76.49800463,-0.8769788727,3
504.7177618,39.00148094,-76.49800596,-0.8769788728,3
504.7680226,39.0014818,-76.49800729,-0.8769788728,3
504.8182315,39.00148267,-76.49800862,-0.8769788728,3
504.868425,39.00148353,-76.49800995,-0.8769788727,3
504.9186828,39.0014844,-76.49801128,-0.8768773861,3
504.9688816,39.00148526,-76.49801262,-0.8768773861,3
505.0191115,39.00148612,-76.49801395,-0.8768773861,3
505.0693734,39.00148699,-76.49801528,-0.8768773861,3
505.1196514,39.00148785,-76.49801661,-0.8768773861,3
505.1698829,39.00148872,-76.49801794,-0.8768773861,3
505.2201065,39.00148958,-76.49801927,-0.8768773861,3
505.2703653,39.00149045,-76.4980206,-0.8768773861,3
505.3206983,39.00149131,-76.49802194,-0.8768773861,3
505.3708879,39.00149217,-76.49802327,-0.8768773861,3
505.4211499,39.00149304,-76.4980246,-0.8768773862,3
505.4713574,39.0014939,-76.49802593,-0.8768773862,3
505.5216283,39.00149477,-76.49802726,-0.8768773861,3
505.5720358,39.00149563,-76.49802859,-0.8768773862,3
505.6223248,39.00149649,-76.49802992,-0.8767865843,3
505.6725688,39.00149736,-76.49803125,-0.8767865843,3
505.7228404,39.00149822,-76.49803259,-0.8767865844,3
505.7731038,39.00149909,-76.49803391,-0.8767865843,3
505.8233977,39.00149995,-76.49803525,-0.8767865843,3
505.8736659,39.00150082,-76.49803658,-0.8767865843,3
505.9239177,39.00150168,-76.49803791,-0.8767865844,3
505.9741843,39.00150255,-76.49803924,-0.8767865844,3
506.0244642,39.00150341,-76.49804057,-0.8767865843,3
506.0746889,39.00150427,-76.4980419,-0.8767865843,3
506.1249189,39.00150514,-76.49804323,-0.8767865842,3
506.1751891,39.001506,-76.49804456,-0.8767865843,3
506.2254683,39.00150687,-76.4980459,-0.8767865844,3
506.2757116,39.00150773,-76.49804723,-0.8767060678,3
506.3259871,39.0015086,-76.49804856,-0.8767060678,3
506.3762542,39.00150946,-76.49804989,-0.8767060678,3
506.4265275,39.00151032,-76.49805122,-0.8767060678,3
506.47681,39.00151119,-76.49805255,-0.8767060677,3
506.527096,39.00151205,-76.49805388,-0.8767060679,3
506.5773681,39.00151292,-76.49805521,-0.8767060678,3
506.6276564,39.00151378,-76.49805654,-0.8767060678,3
506.6781167,39.00151465,-76.49805788,-0.8767060678,3
506.7283857,39.00151551,-76.4980592,-0.8767060678,3
506.7786332,39.00151637,-76.49806053,-0.8767060677,3
506.828904,39.00151724,-76.49806186,-0.8767060678,3
506.8791704,39.0015181,-76.4980632,-0.8767060679,3
506.9295504,39.00151897,-76.49806453,-0.8766346478,3
506.9797925,39.00151983,-76.49806586,-0.8766346478,3
507.0301656,39.0015207,-76.49806719,-0.8766346478,3
507.0804309,39.00152156,-76.49806852,-0.8766346478,3
507.1306799,39.00152242,-76.49806985,-0.8766346478,3
507.1810206,39.00152329,-76.49807118,-0.8766346478,3
507.231279,39.00152415,-76.49807251,-0.8766346477,3
507.2815643,39.00152502,-76.49807384,-0.8766346478,3
507.3319055,39.00152588,-76.49807518,-0.8766346478,3
507.3821671,39.00152675,-76.4980765,-0.8766346478,3
507.4324881,39.00152761,-76.49807784,-0.8766346478,3
507.482703,39.00152847,-76.49807917,-0.8766346478,3
507.5330005,39.00152934,-76.4980805,-0.8766346477,3
507.5832982,39.00153021,-76.49808183,-0.8766346478,3
507.6335889,39.00153107,-76.49808316,-0.876570746,3
507.6838788,39.00153193,-76.49808449,-0.8765707461,3
507.7341533,39.0015328,-76.49808582,-0.8765707461,3
507.7843553,39.00153366,-76.49808715,-0.876570746,3
507.834626,39.00153453,-76.49808848,-0.876570746,3
507.8849283,39.00153539,-76.49808981,-0.876570746,3
507.9352223,39.00153626,-76.49809114,-0.876570746,3
507.9855096,39.00153712,-76.49809247,-0.8765707461,3
508.035769,39.00153798,-76.49809381,-0.8765707461,3
508.0860714,39.00153885,-76.49809514,-0.876570746,3
508.1363267,39.00153971,-76.49809647,-0.876570746,3
508.1865904,39.00154058,-76.4980978,-0.8765707461,3
508.236852,39.00154144,-76.49809913,-0.8765707461,3
508.287122,39.00154231,-76.49810046,-0.8765140845,3
508.337329,39.00154317,-76.49810179,-0.8765140844,3
508.3876024,39.00154404,-76.49810312,-0.8765140845,3
508.4378859,39.0015449,-76.49810445,-0.8765140845,3
508.4881583,39.00154577,-76.49810578,-0.8765140845,3
508.5384228,39.00154663,-76.49810711,-0.8765140845,3
508.5886982,39.00154749,-76.49810844,-0.8765140844,3
508.638934,39.00154836,-76.49810977,-0.8765140845,3
508.6892383,39.00154922,-76.49811111,-0.8765140845,3
508.7394884,39.00155009,-76.49811244,-0.8765140845,3
508.7897671,39.00155095,-76.49811377,-0.8765140845,3
508.8400951,39.00155182,-76.4981151,-0.8765140845,3
508.8903459,39.00155268,-76.49811643,-0.8765140845,3
508.9406217,39.00155355,-76.49811776,-0.8764638236,3
508.9909028,39.00155441,-76.49811909,-0.8764638236,3
509.041169,39.00155527,-76.49812042,-0.8764638235,3
509.0913919,39.00155614,-76.49812175,-0.8764638236,3
509.1416237,39.001557,-76.49812308,-0.8764638236,3
509.1919151,39.00155787,-76.49812441,-0.8764638235,3
509.2421767,39.00155873,-76.49812574,-0.8764638235,3
509.2924061,39.0015596,-76.49812707,-0.8764638235,3
509.3426599,39.00156046,-76.4981284,-0.8764638235,3
509.3929102,39.00156133,-76.49812973,-0.8764638235,3
509.4431761,39.00156219,-76.49813107,-0.8764638235,3
509.4934291,39.00156306,-76.4981324,-0.8764638235,3
509.543652,39.00156392,-76.49813373,-0.8764638236,3
509.5939498,39.00156478,-76.49813506,-0.8764638236,3
509.6442237,39.00156565,-76.49813639,-0.8764188547,3
509.6944634,39.00156651,-76.49813772,-0.8764188547,3
509.7447002,39.00156738,-76.49813905,-0.8764188546,3
509.7949637,39.00156824,-76.49814038,-0.8764188547,3
509.8452091,39.00156911,-76.49814171,-0.8764188547,3
509.8954577,39.00156997,-76.49814304,-0.8764188547,3
509.9457326,39.00157084,-76.49814437,-0.8764188547,3
509.9960529,39.0015717,-76.4981457,-0.8764188547,3
510.0462742,39.00157343,-76.49814836,-0.8764188547,3
510.0965232,39.0015743,-76.4981497,-0.8764188547,3
510.1467754,39.00157516,-76.49815103,-0.8764188547,3
510.1970507,39.00157603,-76.49815236,-0.8764188547,3
510.2473195,39.00157689,-76.49815369,-0.8763789791,3
510.2975691,39.00157776,-76.49815502,-0.8763789791,3
510.3478752,39.00157862,-76.49815635,-0.8763789791,3
510.3981545,39.00157949,-76.49815768,-0.8763789791,3
510.448398,39.00158035,-76.49815901,-0.8763789792,3
510.4986306,39.00158121,-76.49816034,-0.8763789791,3
510.5489153,39.00158208,-76.49816167,-0.8763789791,3
510.5991748,39.00158294,-76.498163,-0.8763789791,3
510.6494018,39.00158381,-76.49816433,-0.8763789791,3
510.6996516,39.00158467,-76.49816566,-0.8763789791,3
510.7499017,39.00158554,-76.49816699,-0.8763789791,3
510.800133,39.0015864,-76.49816833,-0.8763789791,3
510.8503521,39.00158727,-76.49816965,-0.8763789791,3
510.9006101,39.00158813,-76.49817099,-0.8763436087,3
510.9508875,39.001589,-76.49817232,-0.8763436086,3
511.0011174,39.00158986,-76.49817365,-0.8763436087,3
511.0513471,39.00159073,-76.49817498,-0.8763436086,3
511.1015674,39.00159159,-76.49817631,-0.8763436086,3
511.1518959,39.00159246,-76.49817764,-0.8763436087,3
511.2021541,39.00159332,-76.49817897,-0.8763436087,3
511.2523656,39.00159418,-76.4981803,-0.8763436086,3
511.302598,39.00159505,-76.49818163,-0.8763436087,3
511.3528554,39.00159591,-76.49818296,-0.8763436086,3
511.4031064,39.00159678,-76.49818429,-0.8763436087,3
511.4533724,39.00159764,-76.49818562,-0.8763436087,3
511.5036374,39.00159851,-76.49818695,-0.8763436086,3
511.5539079,39.00159937,-76.49818828,-0.8763436087,3
511.6041579,39.00160024,-76.49818961,-0.8763119621,3
511.6543987,39.0016011,-76.49819094,-0.8763119622,3
511.7046832,39.00160197,-76.49819228,-0.8763119622,3
511.7549506,39.00160283,-76.4981936,-0.8763119621,3
511.8051914,39.0016037,-76.49819493,-0.8763119621,3
511.8554313,39.00160456,-76.49819627,-0.8763119621,3
511.9056756,39.00160543,-76.4981976,-0.8763119621,3
511.9558608,39.00160629,-76.49819893,-0.8763119621,3
512.0061049,39.00160716,-76.49820026,-0.8763119621,3
512.0563138,39.00160802,-76.49820159,-0.8763119621,3
512.1065298,39.00160889,-76.49820292,-0.8763119621,3
512.1567764,39.00160975,-76.49820425,-0.8763119621,3
512.2070132,39.00161061,-76.49820558,-0.8763119621,3
512.2572091,39.00161148,-76.49820691,-0.8762839006,3
512.3074457,39.00161234,-76.49820824,-0.8762839006,3
512.3576837,39.00161321,-76.49820957,-0.8762839006,3
512.4078799,39.00161407,-76.4982109,-0.8762839006,3
512.4581039,39.00161494,-76.49821223,-0.8762839007,3
512.5082987,39.0016158,-76.49821356,-0.8762839006,3
512.5585381,39.00161667,-76.49821489,-0.8762839006,3
512.6087564,39.00161753,-76.49821622,-0.8762839006,3
512.6589728,39.0016184,-76.49821755,-0.8762839007,3
512.7092119,39.00161926,-76.49821889,-0.8762839006,3
512.7594349,39.00162013,-76.49822021,-0.8762839006,3
512.8096638,39.00162099,-76.49822154,-0.8762839007,3
512.8599189,39.00162186,-76.49822288,-0.8762839007,3
512.9101268,39.00162272,-76.49822421,-0.8762590091,3
512.9603819,39.00162359,-76.49822554,-0.8762590091,3
513.0105952,39.00162445,-76.49822687,-0.8762590091,3
513.0607967,39.00162532,-76.4982282,-0.8762590091,3
513.111053,39.00162618,-76.49822953,-0.8762590091,3
513.1613177,39.00162705,-76.49823086,-0.8762590091,3
513.2115207,39.00162791,-76.49823219,-0.8762590092,3
513.2618732,39.00162878,-76.49823352,-0.8762590091,3
513.3121338,39.00162964,-76.49823485,-0.8762590091,3
513.3623621,39.00163051,-76.49823618,-0.876259009,3
513.412616,39.00163137,-76.49823751,-0.8762590091,3
513.4629099,39.00163223,-76.49823884,-0.8762590091,3
513.5131231,39.0016331,-76.49824017,-0.8762590092,3
513.5633884,39.00163396,-76.4982415,-0.876259009,3
513.6136646,39.00163483,-76.49824283,-0.8762367382,3
513.663911,39.00163569,-76.49824416,-0.8762367382,3
513.7141868,39.00163656,-76.49824549,-0.8762367382,3
513.764409,39.00163742,-76.49824682,-0.8762367382,3
513.8149285,39.00163829,-76.49824816,-0.8762367383,3
513.8651379,39.00163915,-76.49824949,-0.8762367383,3
513.9153958,39.00164002,-76.49825082,-0.8762367382,3
513.9656047,39.00164088,-76.49825215,-0.8762367382,3
514.015841,39.00164175,-76.49825348,-0.8762367383,3
514.0660597,39.00164261,-76.49825481,-0.8762367382,3
514.1162571,39.00164348,-76.49825614,-0.8762367382,3
514.1664838,39.00164434,-76.49825747,-0.8762367382,3
514.2167419,39.00164521,-76.4982588,-0.8762367382,3
514.2670509,39.00164607,-76.49826013,-0.8762169902,3
514.3173047,39.00164694,-76.49826146,-0.8762169902,3
514.3675465,39.0016478,-76.49826279,-0.8762169902,3
514.4178588,39.00164867,-76.49826412,-0.8762169901,3
514.4680999,39.00164953,-76.49826545,-0.8762169901,3
514.5183737,39.0016504,-76.49826678,-0.8762169902,3
514.5686574,39.00165126,-76.49826811,-0.8762169901,3
514.6189235,39.00165213,-76.49826944,-0.8762169901,3
514.6754345,39.00165299,-76.49827077,-0.8762169901,3
514.7256918,39.00165385,-76.4982721,-0.8762169902,3
514.7759927,39.00165472,-76.49827343,-0.8762169902,3
514.8262362,39.00165558,-76.49827476,-0.8762169901,3
514.8764441,39.00165645,-76.49827609,-0.8762169901,3
514.9266519,39.00165732,-76.49827742,-0.876199473,3
514.9768583,39.00165818,-76.49827876,-0.8761994731,3
515.0270998,39.00165904,-76.49828008,-0.8761994731,3
515.0773825,39.00165991,-76.49828142,-0.8761994731,3
515.1276775,39.00166078,-76.49828275,-0.876199473,3
515.1780377,39.00166164,-76.49828408,-0.8761994731,3
515.2283237,39.00166251,-76.49828541,-0.8761994731,3
515.2785986,39.00166337,-76.49828674,-0.876199473,3
515.3289166,39.00166423,-76.49828807,-0.8761994731,3
515.3791854,39.0016651,-76.4982894,-0.8761994731,3
515.4294496,39.00166596,-76.49829073,-0.876199473,3
515.4797215,39.00166683,-76.49829206,-0.876199473,3
515.5299796,39.00166769,-76.49829339,-0.876199473,3
515.5879339,39.00166856,-76.49829472,-0.8761994731,3
515.6382164,39.00166942,-76.49829605,-0.8761838,3
515.6885118,39.00167029,-76.49829738,-0.8761838,3
515.7387732,39.00167115,-76.49829871,-0.8761838,3
515.7890183,39.00167202,-76.49830004,-0.8761838001,3
515.8392053,39.00167288,-76.49830137,-0.8761838,3
515.8894849,39.00167375,-76.4983027,-0.8761838,3
515.9397503,39.00167461,-76.49830403,-0.8761838,3
515.9900309,39.00167548,-76.49830536,-0.8761838,3
516.0402975,39.00167634,-76.49830669,-0.8761838,3
516.0905637,39.00167721,-76.49830802,-0.8761838,3
516.1408377,39.00167807,-76.49830935,-0.8761838001,3
516.1910926,39.00167894,-76.49831068,-0.8761838001,3
516.241317,39.0016798,-76.49831201,-0.8761838,3
516.2916283,39.00168067,-76.49831334,-0.8761699026,3
516.3419057,39.00168153,-76.49831467,-0.8761699025,3
516.3921704,39.0016824,-76.49831601,-0.8761699026,3
516.4424276,39.00168326,-76.49831733,-0.8761699025,3
516.4927002,39.00168413,-76.49831866,-0.8761699025,3
516.5429624,39.00168499,-76.49831999,-0.8761699026,3
516.5932267,39.00168586,-76.49832133,-0.8761699026,3
516.6434931,39.00168672,-76.49832266,-0.8761699025,3
516.6937808,39.00168759,-76.49832399,-0.8761699026,3
516.7440608,39.00168845,-76.49832532,-0.8761699026,3
516.7943149,39.00168932,-76.49832665,-0.8761699026,3
516.844557,39.00169018,-76.49832798,-0.8761699026,3
516.8948949,39.00169104,-76.49832931,-0.8761699025,3
516.945145,39.00169191,-76.49833064,-0.8761575752,3
516.9954174,39.00169278,-76.49833197,-0.8761575751,3
517.0456857,39.00169364,-76.4983333,-0.8761575751,3
517.0959443,39.0016945,-76.49833463,-0.8761575752,3
517.1462142,39.00169624,-76.49833729,-0.8761575751,3
517.1964631,39.0016971,-76.49833862,-0.8761575751,3
517.2466777,39.00169797,-76.49833995,-0.8761575752,3
517.2969004,39.00169883,-76.49834128,-0.8761575752,3
517.3471286,39.00169969,-76.49834261,-0.8761575751,3
517.3973647,39.00170056,-76.49834394,-0.8761575751,3
517.4476027,39.00170142,-76.49834527,-0.8761575752,3
517.4978594,39.00170229,-76.4983466,-0.8761575751,3
517.5480793,39.00170316,-76.49834794,-0.8761575752,3
517.5983076,39.00170402,-76.49834926,-0.8761465454,3
517.6485545,39.00170488,-76.4983506,-0.8761465453,3
517.6987877,39.00170575,-76.49835192,-0.8761465453,3
517.7490518,39.00170662,-76.49835326,-0.8761465453,3
517.7992755,39.00170748,-76.49835459,-0.8761465453,3
517.8495328,39.00170835,-76.49835592,-0.8761465453,3
517.8997958,39.00170921,-76.49835725,-0.8761465453,3
517.9500596,39.00171007,-76.49835858,-0.8761465454,3
518.0003135,39.00171094,-76.49835991,-0.8761465455,3
518.0506036,39.0017118,-76.49836124,-0.8761465453,3
518.1008343,39.00171267,-76.49836257,-0.8761465454,3
518.1510646,39.00171353,-76.4983639,-0.8761465454,3
518.2012915,39.0017144,-76.49836523,-0.8761465453,3
518.2515159,39.00171526,-76.49836656,-0.8761367652,3
518.3018339,39.00171613,-76.49836789,-0.8761367652,3
518.3520556,39.00171699,-76.49836922,-0.8761367652,3
518.4022859,39.00171786,-76.49837055,-0.8761367652,3
518.4525186,39.00171872,-76.49837188,-0.8761367652,3
518.5028541,39.00171959,-76.49837321,-0.8761367652,3
518.5531262,39.00172045,-76.49837454,-0.8761367651,3
518.6033908,39.00172132,-76.49837587,-0.8761367651,3
518.653679,39.00172218,-76.4983772,-0.8761367651,3
518.7039006,39.00172305,-76.49837853,-0.8761367651,3
518.7541895,39.00172391,-76.49837986,-0.8761367651,3
518.8044231,39.00172478,-76.49838119,-0.8761367651,3
518.8546606,39.00172564,-76.49838252,-0.8761367652,3
518.9049157,39.00172651,-76.49838385,-0.8761280898,3
518.955164,39.00172737,-76.49838518,-0.8761280898,3
519.0054236,39.00172824,-76.49838651,-0.8761280899,3
519.0556898,39.0017291,-76.49838784,-0.8761280898,3
519.1059752,39.00172997,-76.49838917,-0.8761280899,3
519.1562536,39.00173083,-76.49839051,-0.8761280899,3
519.2064865,39.0017317,-76.49839183,-0.8761280898,3
519.2567183,39.00173256,-76.49839317,-0.8761280899,3
519.3069955,39.00173343,-76.4983945,-0.8761280898,3
519.3572236,39.00173429,-76.49839583,-0.8761280899,3
519.4074926,39.00173516,-76.49839716,-0.8761280898,3
519.4577769,39.00173602,-76.49839849,-0.8761280898,3
519.508026,39.00173689,-76.49839982,-0.8761280898,3
519.558233,39.00173775,-76.49840115,-0.8761280898,3
519.6084923,39.00173862,-76.49840248,-0.8761203278,3
519.6587651,39.00173948,-76.49840381,-0.8761203278,3
519.7090653,39.00174035,-76.49840514,-0.8761203278,3
519.7592757,39.00174121,-76.49840647,-0.8761203278,3
519.8095429,39.00174208,-76.4984078,-0.8761203279,3
519.8597922,39.00174294,-76.49840913,-0.8761203278,3
519.910099,39.00174381,-76.49841046,-0.8761203278,3
519.9603424,39.00174467,-76.49841179,-0.8761203278,3
520.0106082,39.00174554,-76.49841312,-0.8761203279,3
520.0608516,39.0017464,-76.49841445,-0.8761203278,3
520.1111268,39.00174727,-76.49841578,-0.8761203278,3
520.1613556,39.00174813,-76.49841711,-0.8761203278,3
520.2116302,39.001749,-76.49841844,-0.8761203278,3
520.2618993,39.00174986,-76.49841977,-0.8761134451,3
520.3121498,39.00175073,-76.4984211,-0.8761134451,3
520.3623847,39.00175159,-76.49842243,-0.8761134451,3
520.4126557,39.00175245,-76.49842376,-0.8761134452,3
520.4628979,39.00175332,-76.49842509,-0.8761134451,3
520.5131551,39.00175419,-76.49842642,-0.8761134451,3
520.5634208,39.00175505,-76.49842775,-0.8761134452,3
520.6136697,39.00175591,-76.49842908,-0.8761134451,3
520.6639187,39.00175678,-76.49843041,-0.8761134451,3
520.7141705,39.00175765,-76.49843175,-0.8761134451,3
520.7644319,39.00175851,-76.49843307,-0.8761134452,3
520.814691,39.00175937,-76.4984344,-0.8761134452,3
520.8649739,39.00176024,-76.49843573,-0.8761134452,3
520.9153004,39.0017611,-76.49843706,-0.87610734,3
520.9655549,39.00176197,-76.49843839,-0.87610734,3
521.0158132,39.00176283,-76.49843973,-0.87610734,3
521.0660673,39.0017637,-76.49844106,-0.8761073401,3
521.1163039,39.00176456,-76.49844239,-0.87610734,3
521.1665655,39.00176543,-76.49844372,-0.87610734,3
521.2168384,39.00176629,-76.49844505,-0.87610734,3
521.2670848,39.00176716,-76.49844638,-0.8761073401,3
521.3173385,39.00176802,-76.49844771,-0.8761073401,3
521.3675843,39.00176889,-76.49844904,-0.87610734,3
521.4178447,39.00176975,-76.49845037,-0.87610734,3
521.4680285,39.00177062,-76.4984517,-0.87610734,3
521.5182928,39.00177148,-76.49845303,-0.8761073399,3
521.5685356,39.00177235,-76.49845436,-0.8761073399,3
521.6188113,39.00177321,-76.49845569,-0.8761018776,3
521.6691147,39.00177408,-76.49845702,-0.8761018776,3
521.719391,39.00177494,-76.49845835,-0.8761018775,3
521.7696826,39.00177581,-76.49845968,-0.8761018775,3
521.8198981,39.00177667,-76.49846101,-0.8761018775,3
521.870131,39.00177754,-76.49846234,-0.8761018775,3
521.9203807,39.0017784,-76.49846367,-0.8761018775,3
521.9706503,39.00177927,-76.498465,-0.8761018775,3
522.0209446,39.00178013,-76.49846633,-0.8761018775,3
522.0711957,39.001781,-76.49846766,-0.8761018776,3
522.1214506,39.00178186,-76.49846899,-0.8761018775,3
522.1717698,39.00178273,-76.49847032,-0.8761018776,3
522.2220863,39.00178359,-76.49847165,-0.8761018776,3
522.2722888,39.00178446,-76.49847298,-0.876097034,3
522.3225604,39.00178532,-76.49847431,-0.8760970339,3
522.3727993,39.00178619,-76.49847564,-0.8760970339,3
522.4231077,39.00178705,-76.49847697,-0.876097034,3
522.4733732,39.00178792,-76.4984783,-0.876097034,3
522.5236388,39.00178878,-76.49847963,-0.8760970339,3
522.573896,39.00178965,-76.49848097,-0.8760970339,3
522.6241416,39.00179051,-76.4984823,-0.8760970339,3
522.6744234,39.00179138,-76.49848362,-0.8760970339,3
522.7246851,39.00179224,-76.49848496,-0.876097034,3
522.7749517,39.00179311,-76.49848629,-0.876097034,3
522.8252255,39.00179397,-76.49848762,-0.876097034,3
522.8755206,39.00179484,-76.49848895,-0.876097034,3
522.9258072,39.0017957,-76.49849028,-0.8760927375,3
522.9760709,39.00179657,-76.49849161,-0.8760927375,3
523.0263018,39.00179743,-76.49849294,-0.8760927374,3
523.0765272,39.0017983,-76.49849427,-0.8760927375,3
523.1267356,39.00179916,-76.4984956,-0.8760927375,3
523.1769851,39.00180003,-76.49849693,-0.8760927375,3
523.2271939,39.00180089,-76.49849826,-0.8760927376,3
523.277438,39.00180176,-76.49849959,-0.8760927376,3
523.3277794,39.00180262,-76.49850092,-0.8760927375,3
523.3780455,39.00180349,-76.49850225,-0.8760927375,3
523.4282816,39.00180435,-76.49850358,-0.8760927375,3
523.4785252,39.00180522,-76.49850491,-0.8760927375,3
523.5287997,39.00180608,-76.49850624,-0.8760927375,3
523.5790372,39.00180695,-76.49850757,-0.8760927375,3
523.6292398,39.00180781,-76.4985089,-0.8760888934,3
523.6794978,39.00180868,-76.49851023,-0.8760888934,3
523.7297874,39.00180954,-76.49851156,-0.8760888934,3
523.7800561,39.00181041,-76.49851289,-0.8760888934,3
523.8302821,39.00181127,-76.49851422,-0.8760888934,3
523.8805086,39.00181214,-76.49851555,-0.8760888934,3
523.930732,39.001813,-76.49851688,-0.8760888934,3
523.9809973,39.00181387,-76.49851821,-0.8760888933,3
524.0312616,39.00181473,-76.49851954,-0.8760888933,3
524.0814927,39.0018156,-76.49852087,-0.8760888934,3
524.1317138,39.00181646,-76.4985222,-0.8760888934,3
524.1819513,39.00181733,-76.49852353,-0.8760888934,3
524.232177,39.00181819,-76.49852486,-0.8760888934,3
524.282415,39.00181906,-76.49852619,-0.8760854848,3
524.3326591,39.00181992,-76.49852752,-0.8760854847,3
524.3829248,39.00182079,-76.49852886,-0.8760854848,3
524.4331846,39.00182165,-76.49853018,-0.8760854847,3
524.4834219,39.00182252,-76.49853152,-0.8760854848,3
524.5336844,39.00182338,-76.49853284,-0.8760854848,3
524.5839627,39.00182425,-76.49853418,-0.8760854847,3
524.6342251,39.00182511,-76.49853551,-0.8760854848,3
524.6844745,39.00182598,-76.49853684,-0.8760854848,3
524.7347365,39.00182684,-76.49853817,-0.8760854846,3
524.7850223,39.00182771,-76.4985395,-0.8760854847,3
524.8352691,39.00182857,-76.49854083,-0.8760854848,3
524.8854777,39.00182944,-76.49854216,-0.8760854847,3
524.9357167,39.0018303,-76.49854349,-0.8760824613,3
524.9859503,39.00183117,-76.49854482,-0.8760824612,3
525.0362383,39.00183203,-76.49854615,-0.8760824612,3
525.0865039,39.0018329,-76.49854748,-0.8760824612,3
525.1367766,39.00183376,-76.49854881,-0.8760824612,3
525.1870583,39.00183463,-76.49855014,-0.8760824611,3
525.237313,39.00183549,-76.49855147,-0.8760824612,3
525.287623,39.00183636,-76.4985528,-0.8760824611,3
525.337963,39.00183722,-76.49855413,-0.8760824612,3
525.3881857,39.00183809,-76.49855546,-0.8760824612,3
525.4384791,39.00183895,-76.49855679,-0.8760824612,3
525.4887497,39.00183982,-76.49855812,-0.8760824612,3
525.5390381,39.00184068,-76.49855945,-0.8760824612,3
525.5893049,39.00184155,-76.49856078,-0.8760824612,3
525.6396024,39.00184241,-76.49856211,-0.876079756,3
525.6898613,39.00184328,-76.49856344,-0.8760797559,3
525.7401454,39.00184414,-76.49856477,-0.8760797559,3
525.7904123,39.00184501,-76.4985661,-0.8760797559,3
525.8407142,39.00184587,-76.49856743,-0.8760797559,3
525.8909257,39.00184674,-76.49856876,-0.8760797559,3
525.9411936,39.0018476,-76.49857009,-0.8760797559,3
525.9914746,39.00184847,-76.49857142,-0.8760797559,3
526.0417774,39.00184933,-76.49857275,-0.8760797559,3
526.0920364,39.0018502,-76.49857408,-0.876079756,3
526.1422674,39.00185106,-76.49857541,-0.876079756,3
526.1925331,39.00185193,-76.49857674,-0.8760797559,3
526.2427374,39.00185279,-76.49857807,-0.876079756,3
526.2929637,39.00185366,-76.4985794,-0.8760773571,3
526.3432392,39.00185452,-76.49858073,-0.8760773572,3
526.393444,39.00185539,-76.49858206,-0.8760773571,3
526.4436923,39.00185625,-76.49858339,-0.8760773572,3
526.4939617,39.00185712,-76.49858473,-0.8760773571,3
526.5442141,39.00185798,-76.49858606,-0.8760773571,3
526.5944857,39.00185885,-76.49858739,-0.8760773571,3
526.644753,39.00185971,-76.49858872,-0.8760773572,3
526.6950338,39.00186058,-76.49859005,-0.8760773571,3
526.7452722,39.00186144,-76.49859138,-0.8760773572,3
526.7954947,39.00186231,-76.49859271,-0.8760773571,3
526.845859,39.00186317,-76.49859404,-0.8760773572,3
526.8961141,39.0018649,-76.4985967,-0.8760752293,3
526.9965325,39.00186663,-76.49859936,-0.8760752292,3
527.0467836,39.0018675,-76.49860069,-0.8760752294,3
527.0970891,39.00186836,-76.49860202,-0.8760752293,3
527.1473633,39.00186923,-76.49860335,-0.8760752293,3
527.1975807,39.00187009,-76.49860468,-0.8760752293,3
527.2478422,39.00187096,-76.49860601,-0.8760752293,3
527.2980919,39.00187182,-76.49860734,-0.8760752294,3
527.3483357,39.00187269,-76.49860867,-0.8760752293,3
527.3985128,39.00187355,-76.49861,-0.8760752293,3
527.448705,39.00187442,-76.49861133,-0.8760752293,3
527.4988891,39.00187528,-76.49861266,-0.8760752293,3
527.5490818,39.00187615,-76.49861399,-0.8760752293,3
527.5993167,39.00187701,-76.49861532,-0.8760733255,3
527.6495404,39.00187788,-76.49861665,-0.8760733255,3
527.699758,39.00187874,-76.49861798,-0.8760733255,3
527.7500211,39.00187961,-76.49861931,-0.8760733255,3
527.8002056,39.00188047,-76.49862064,-0.8760733256,3
527.85042,39.00188134,-76.49862197,-0.8760733255,3
527.9006029,39.0018822,-76.4986233,-0.8760733255,3
527.9508095,39.00188307,-76.49862463,-0.8760733255,3
528.00106,39.00188393,-76.49862596,-0.8760733255,3
528.0513036,39.0018848,-76.4986273,-0.8760733256,3
528.1015467,39.00188566,-76.49862863,-0.8760733255,3
528.1518003,39.00188653,-76.49862996,-0.8760733255,3
528.2019996,39.00188739,-76.49863129,-0.8760733255,3
528.2522212,39.00188826,-76.49863262,-0.8760716374,3
528.3024141,39.00188912,-76.49863395,-0.8760716374,3
528.3526947,39.00188999,-76.49863528,-0.8760716375,3
528.4028725,39.00189085,-76.49863661,-0.8760716374,3
528.4530934,39.00189172,-76.49863794,-0.8760716374,3
528.5032917,39.00189258,-76.49863927,-0.8760716374,3
528.5534934,39.00189345,-76.4986406,-0.8760716373,3
528.6036877,39.00189431,-76.49864193,-0.8760716373,3
528.6538893,39.00189518,-76.49864326,-0.8760716374,3
528.7040785,39.00189604,-76.49864459,-0.8760716374,3
528.7543439,39.00189691,-76.49864592,-0.8760716374,3
528.8046064,39.00189777,-76.49864725,-0.8760716373,3
528.8548637,39.00189864,-76.49864858,-0.8760716373,3
528.9050417,39.0018995,-76.49864991,-0.8760701399,3
528.9552304,39.00190037,-76.49865124,-0.87607014,3
529.0054577,39.00190123,-76.49865257,-0.87607014,3
529.0557103,39.0019021,-76.4986539,-0.87607014,3
529.1058971,39.00190296,-76.49865523,-0.8760701399,3
529.1561716,39.00190383,-76.49865656,-0.8760701399,3
529.2064191,39.00190469,-76.49865789,-0.87607014,3
529.2566346,39.00190556,-76.49865922,-0.87607014,3
529.3068645,39.00190642,-76.49866055,-0.8760701399,3
529.3570871,39.00190729,-76.49866188,-0.8760701399,3
529.4073325,39.00190815,-76.49866321,-0.8760701399,3
529.4576069,39.00190902,-76.49866454,-0.8760701399,3
529.5079108,39.00190988,-76.49866587,-0.8760701399,3
529.5581804,39.00191075,-76.4986672,-0.87607014,3
529.6083815,39.00191161,-76.49866853,-0.8760688002,3
529.6586075,39.00191248,-76.49866987,-0.8760688002,3
529.70887,39.00191334,-76.49867119,-0.8760688002,3
529.759108,39.00191421,-76.49867252,-0.8760688002,3
529.8093546,39.00191507,-76.49867385,-0.8760688002,3
529.8596161,39.00191594,-76.49867519,-0.8760688001,3
529.9098977,39.0019168,-76.49867651,-0.8760688002,3
529.9601427,39.00191767,-76.49867784,-0.8760688002,3
530.010427,39.00191853,-76.49867918,-0.8760688002,3
530.0606263,39.0019194,-76.49868051,-0.8760688002,3
530.110836,39.00192026,-76.49868184,-0.8760688002,3
530.1610775,39.00192113,-76.49868317,-0.8760688001,3
530.2112734,39.00192199,-76.4986845,-0.8760688002,3
530.261559,39.00192286,-76.49868583,-0.8760688002,3
530.3118588,39.00192372,-76.49868716,-0.8760676023,3
530.362117,39.00192459,-76.49868849,-0.8760676023,3
530.4123336,39.00192545,-76.49868982,-0.8760676022,3
530.462612,39.00192632,-76.49869115,-0.8760676022,3
530.5128402,39.00192718,-76.49869248,-0.8760676023,3
530.5631075,39.00192805,-76.49869381,-0.8760676022,3
530.6133276,39.00192891,-76.49869514,-0.8760676022,3
530.6635123,39.00192978,-76.49869647,-0.8760676023,3
530.7137525,39.00193064,-76.4986978,-0.8760676023,3
530.7639634,39.00193151,-76.49869913,-0.8760676022,3
530.8141483,39.00193237,-76.49870046,-0.8760676022,3
530.8643366,39.00193324,-76.49870179,-0.8760676023,3
530.9145592,39.0019341,-76.49870312,-0.8760665495,3
530.9648066,39.00193497,-76.49870445,-0.8760665495,3
531.0150299,39.00193583,-76.49870578,-0.8760665495,3
531.0652777,39.0019367,-76.49870711,-0.8760665496,3
531.115529,39.00193756,-76.49870844,-0.8760665495,3
531.1658636,39.00193843,-76.49870977,-0.8760665495,3
531.2161076,39.00193929,-76.4987111,-0.8760665495,3
531.2663631,39.00194016,-76.49871243,-0.8760665495,3
531.3166133,39.00194102,-76.49871376,-0.8760665495,3
531.3669001,39.00194189,-76.49871509,-0.8760665494,3
531.4171369,39.00194275,-76.49871642,-0.8760665495,3
531.4673313,39.00194362,-76.49871775,-0.8760665495,3
531.5175437,39.00194448,-76.49871908,-0.8760665496,3
531.5677995,39.00194535,-76.49872042,-0.8760665495,3
531.6180386,39.00194621,-76.49872175,-0.8760656077,3
531.6682225,39.00194708,-76.49872307,-0.8760656077,3
531.7184124,39.00194794,-76.49872441,-0.8760656077,3
531.7686114,39.00194881,-76.49872574,-0.8760656077,3
531.8187862,39.00194967,-76.49872707,-0.8760656077,3
531.8689768,39.00195054,-76.4987284,-0.8760656077,3
531.9192161,39.0019514,-76.49872973,-0.8760656076,3
531.9694646,39.00195227,-76.49873106,-0.8760656076,3
532.0196704,39.00195313,-76.49873239,-0.8760656076,3
532.0698453,39.001954,-76.49873372,-0.8760656076,3
532.1200339,39.00195486,-76.49873505,-0.8760656076,3
532.1701963,39.00195573,-76.49873638,-0.8760656076,3
532.2203615,39.00195659,-76.49873771,-0.8760656076,3
532.2706107,39.00195746,-76.49873904,-0.8760647725,3
532.3207935,39.00195832,-76.49874037,-0.8760647725,3
532.3710475,39.00195919,-76.4987417,-0.8760647725,3
532.4212779,39.00196005,-76.49874303,-0.8760647725,3
532.4714641,39.00196092,-76.49874436,-0.8760647725,3
532.5217655,39.00196178,-76.49874569,-0.8760647725,3
532.5720265,39.00196265,-76.49874702,-0.8760647725,3
532.6222921,39.00196351,-76.49874835,-0.8760647724,3
532.6724787,39.00196438,-76.49874968,-0.8760647724,3
532.722743,39.00196524,-76.49875101,-0.8760647725,3
532.7730702,39.00196611,-76.49875234,-0.8760647724,3
532.8232776,39.00196697,-76.49875367,-0.8760647725,3
532.8734734,39.00196784,-76.498755,-0.8760647724,3
532.9236768,39.0019687,-76.49875633,-0.8760640317,3
532.9738802,39.00196957,-76.49875766,-0.8760640316,3
533.024119,39.00197043,-76.49875899,-0.8760640317,3
533.0743353,39.0019713,-76.49876032,-0.8760640316,3
533.1245574,39.00197216,-76.49876165,-0.8760640317,3
533.1747539,39.00197303,-76.49876298,-0.8760640317,3
533.2249926,39.00197389,-76.49876431,-0.8760640317,3
533.2751958,39.00197476,-76.49876564,-0.8760640317,3
533.3253971,39.00197562,-76.49876697,-0.8760640317,3
533.375636,39.00197649,-76.49876831,-0.8760640317,3
533.4258827,39.00197735,-76.49876964,-0.8760640316,3
533.4760891,39.00197822,-76.49877096,-0.8760640316,3
533.5262853,39.00197908,-76.4987723,-0.8760640317,3
533.5764721,39.00197995,-76.49877363,-0.8760640316,3
533.6267217,39.00198081,-76.49877496,-0.8760633688,3
533.6769677,39.00198168,-76.49877628,-0.8760633689,3
533.7272201,39.00198254,-76.49877761,-0.8760633688,3
533.7774433,39.00198341,-76.49877894,-0.8760633688,3
533.827668,39.00198427,-76.49878027,-0.8760633688,3
533.8778657,39.00198514,-76.4987816,-0.8760633688,3
533.9280575,39.001986,-76.49878294,-0.8760633689,3
533.9782384,39.00198687,-76.49878427,-0.8760633688,3
534.0284118,39.00198773,-76.4987856,-0.8760633688,3
534.0785884,39.0019886,-76.49878693,-0.8760633689,3
534.1289387,39.00198946,-76.49878826,-0.8760633688,3
534.1791608,39.00199033,-76.49878959,-0.8760633688,3
534.2294399,39.00199119,-76.49879092,-0.8760633688,3
534.2796547,39.00199206,-76.49879225,-0.876062781,3
534.3299713,39.00199292,-76.49879358,-0.8760627811,3
534.3801779,39.00199379,-76.49879491,-0.8760627811,3
534.4303845,39.00199465,-76.49879624,-0.8760627811,3
534.4806176,39.00199552,-76.49879757,-0.876062781,3
534.5309164,39.00199638,-76.4987989,-0.8760627811,3
534.5811133,39.00199725,-76.49880023,-0.8760627811,3
534.6313257,39.00199811,-76.49880156,-0.876062781,3
534.6815828,39.00199898,-76.49880289,-0.8760627811,3
534.7318833,39.00199984,-76.49880422,-0.8760627811,3
534.7820702,39.00200071,-76.49880555,-0.8760627811,3
534.832337,39.00200157,-76.49880688,-0.876062781,3
534.8825641,39.00200244,-76.49880821,-0.8760627811,3
534.9327637,39.0020033,-76.49880954,-0.8760622597,3
534.9830277,39.00200417,-76.49881087,-0.8760622597,3
535.0332315,39.00200503,-76.4988122,-0.8760622597,3
535.0834762,39.0020059,-76.49881353,-0.8760622597,3
535.1337831,39.00200676,-76.49881486,-0.8760622597,3
535.1840697,39.00200763,-76.49881619,-0.8760622597,3
535.2343615,39.00200849,-76.49881752,-0.8760622597,3
535.284631,39.00200936,-76.49881885,-0.8760622597,3
535.3349321,39.00201022,-76.49882018,-0.8760622597,3
535.3851985,39.00201109,-76.49882151,-0.8760622597,3
535.4354834,39.00201195,-76.49882284,-0.8760622597,3
535.4857933,39.00201282,-76.49882418,-0.8760622597,3
535.5361506,39.00201368,-76.49882551,-0.8760622597,3
535.5864001,39.00201455,-76.49882684,-0.8760622596,3
535.6366588,39.00201541,-76.49882816,-0.8760617933,3
535.6869165,39.00201628,-76.4988295,-0.8760617932,3
535.7371982,39.00201714,-76.49883083,-0.8760617932,3
535.7874618,39.00201801,-76.49883216,-0.8760617932,3
535.837785,39.00201887,-76.49883349,-0.8760617932,3
535.8880125,39.00201974,-76.49883482,-0.8760617932,3
535.9382705,39.0020206,-76.49883615,-0.8760617932,3
535.9885356,39.00202147,-76.49883748,-0.8760617932,3
536.0388401,39.00202233,-76.49883881,-0.8760617931,3
536.089092,39.0020232,-76.49884014,-0.8760617932,3
536.1393513,39.00202406,-76.49884147,-0.8760617932,3
536.1896015,39.00202493,-76.4988428,-0.8760617932,3
536.2398667,39.00202579,-76.49884413,-0.8760617932,3
536.290138,39.00202666,-76.49884546,-0.8760613796,3
536.3403615,39.00202752,-76.49884679,-0.8760613796,3
536.3905915,39.00202839,-76.49884812,-0.8760613796,3
536.4408761,39.00202925,-76.49884945,-0.8760613796,3
536.4911503,39.00203012,-76.49885078,-0.8760613796,3
536.5414117,39.00203098,-76.49885211,-0.8760613796,3
536.5917199,39.00203185,-76.49885344,-0.8760613796,3
536.6420447,39.00203271,-76.49885477,-0.8760613796,3
536.6923095,39.00203358,-76.4988561,-0.8760613796,3
536.7425483,39.00203444,-76.49885743,-0.8760613796,3
536.7928003,39.00203531,-76.49885876,-0.8760613796,3
536.8431035,39.00203617,-76.49886009,-0.8760613796,3
536.8933373,39.00203704,-76.49886142,-0.8760613796,3
536.9436141,39.0020379,-76.49886275,-0.8760610128,3
536.9938649,39.00203877,-76.49886408,-0.8760610127,3
537.0441207,39.00203963,-76.49886541,-0.8760610127,3
537.0943883,39.0020405,-76.49886674,-0.8760610128,3
537.1446618,39.00204136,-76.49886807,-0.8760610127,3
537.1949391,39.00204223,-76.4988694,-0.8760610127,3
537.2452143,39.00204309,-76.49887073,-0.8760610127,3
537.2954628,39.00204396,-76.49887206,-0.8760610127,3
537.3457818,39.00204482,-76.49887339,-0.8760610127,3
537.396099,39.00204569,-76.49887472,-0.8760610127,3
537.4463507,39.00204742,-76.49887739,-0.8760610128,3
537.4965996,39.00204828,-76.49887871,-0.8760610127,3
537.546874,39.00204915,-76.49888004,-0.8760610127,3
537.5970871,39.00205001,-76.49888138,-0.8760606845,3
537.6473379,39.00205088,-76.4988827,-0.8760606845,3
537.697598,39.00205174,-76.49888403,-0.8760606844,3
537.7478629,39.00205261,-76.49888537,-0.8760606845,3
537.7981074,39.00205347,-76.4988867,-0.8760606845,3
537.8484079,39.00205434,-76.49888803,-0.8760606844,3
537.8986798,39.0020552,-76.49888936,-0.8760606845,3
537.9489169,39.00205607,-76.49889069,-0.8760606844,3
537.9991594,39.00205693,-76.49889202,-0.8760606844,3
538.0494217,39.0020578,-76.49889335,-0.8760606844,3
538.0996474,39.00205866,-76.49889468,-0.8760606844,3
538.1499014,39.00205953,-76.49889601,-0.8760606844,3
538.200157,39.00206039,-76.49889734,-0.8760606844,3
538.2504357,39.00206126,-76.49889867,-0.8760603934,3
538.3007024,39.00206212,-76.4989,-0.8760603934,3
538.3509331,39.00206299,-76.49890133,-0.8760603934,3
538.4012096,39.00206385,-76.49890266,-0.8760603934,3
538.451501,39.00206472,-76.49890399,-0.8760603933,3
538.5017662,39.00206558,-76.49890532,-0.8760603933,3
538.5520165,39.00206645,-76.49890665,-0.8760603933,3
538.6022505,39.00206731,-76.49890798,-0.8760603933,3
538.6524452,39.00206818,-76.49890931,-0.8760603933,3
538.7026875,39.00206904,-76.49891064,-0.8760603933,3
538.752959,39.00206991,-76.49891197,-0.8760603933,3
538.8032108,39.00207077,-76.4989133,-0.8760603933,3
538.8534553,39.00207164,-76.49891463,-0.8760603933,3
538.903707,39.0020725,-76.49891596,-0.8760601352,3
538.9539492,39.00207337,-76.49891729,-0.8760601352,3
539.0041791,39.00207423,-76.49891862,-0.8760601351,3
539.0543773,39.0020751,-76.49891995,-0.8760601352,3
539.1047119,39.00207596,-76.49892128,-0.8760601351,3
539.1549303,39.00207683,-76.49892261,-0.8760601351,3
539.2051425,39.00207769,-76.49892394,-0.8760601352,3
539.2553544,39.00207856,-76.49892528,-0.8760601351,3
539.3056237,39.00207942,-76.4989266,-0.8760601351,3
539.3558579,39.00208029,-76.49892794,-0.8760601351,3
539.4061261,39.00208115,-76.49892927,-0.8760601351,3
539.4563441,39.00208202,-76.4989306,-0.876060135,3
539.5065884,39.00208288,-76.49893193,-0.8760601352,3
539.5568309,39.00208375,-76.49893326,-0.8760601351,3
539.6070786,39.00208461,-76.49893459,-0.8760599041,3
539.6573768,39.00208548,-76.49893592,-0.8760599041,3
539.7076357,39.00208634,-76.49893725,-0.8760599041,3
539.7579053,39.00208721,-76.49893858,-0.8760599041,3
539.8081649,39.00208807,-76.49893991,-0.8760599041,3
539.8584206,39.00208894,-76.49894124,-0.8760599041,3
539.9086832,39.0020898,-76.49894257,-0.8760599041,3
539.9589515,39.00209067,-76.4989439,-0.8760599041,3
540.0091748,39.00209153,-76.49894523,-0.8760599041,3
540.0594247,39.0020924,-76.49894656,-0.8760599041,3
540.1096785,39.00209326,-76.49894789,-0.8760599041,3
540.1599641,39.00209413,-76.49894922,-0.8760599041,3
540.2102023,39.00209499,-76.49895055,-0.8760599041,3
540.2604746,39.00209586,-76.49895188,-0.8760596993,3
540.3107285,39.00209672,-76.49895321,-0.8760596993,3
540.3609771,39.00209759,-76.49895454,-0.8760596993,3
540.4112478,39.00209845,-76.49895587,-0.8760596993,3
540.4615065,39.00209932,-76.4989572,-0.8760596992,3
540.5117826,39.00210018,-76.49895853,-0.8760596992,3
540.5620582,39.00210105,-76.49895986,-0.8760596992,3
540.6122939,39.00210191,-76.49896119,-0.8760596992,3
540.6625522,39.00210278,-76.49896252,-0.8760596992,3
540.7128094,39.00210364,-76.49896385,-0.8760596993,3
540.763082,39.00210451,-76.49896518,-0.8760596992,3
540.813354,39.00210537,-76.49896651,-0.8760596992,3
540.8636077,39.00210624,-76.49896784,-0.8760596992,3
540.9138917,39.0021071,-76.49896917,-0.8760595176,3
540.9641048,39.00210797,-76.4989705,-0.8760595176,3
541.0143313,39.00210883,-76.49897183,-0.8760595176,3
541.0645363,39.0021097,-76.49897316,-0.8760595175,3
541.1147919,39.00211056,-76.49897449,-0.8760595176,3
541.1650536,39.00211143,-76.49897582,-0.8760595175,3
541.2153211,39.00211229,-76.49897715,-0.8760595176,3
541.2655793,39.00211316,-76.49897848,-0.8760595174,3
541.3158485,39.00211402,-76.49897981,-0.8760595175,3
541.3660983,39.00211489,-76.49898114,-0.8760595176,3
541.4163501,39.00211575,-76.49898247,-0.8760595176,3
541.4665567,39.00211662,-76.49898381,-0.8760595175,3
541.5168293,39.00211748,-76.49898514,-0.8760595175,3
541.5670802,39.00211835,-76.49898647,-0.8760595175,3
541.6173126,39.00211921,-76.49898779,-0.876059355,3
541.667621,39.00212008,-76.49898913,-0.876059355,3
541.7179343,39.00212094,-76.49899046,-0.876059355,3
541.768194,39.00212181,-76.49899179,-0.876059355,3
541.8184431,39.00212267,-76.49899312,-0.876059355,3
541.8686878,39.00212354,-76.49899445,-0.8760593549,3
541.9188916,39.0021244,-76.49899578,-0.876059355,3
541.9691353,39.00212527,-76.49899711,-0.876059355,3
542.0193669,39.00212613,-76.49899844,-0.876059355,3
542.0695986,39.002127,-76.49899977,-0.8760593549,3
542.1198653,39.00212786,-76.4990011,-0.8760593549,3
542.1701414,39.00212873,-76.49900243,-0.876059355,3
542.2204111,39.00212959,-76.49900376,-0.8760593549,3
542.2706327,39.00213046,-76.49900509,-0.8760592108,3
542.3209142,39.00213132,-76.49900642,-0.8760592108,3
542.3711742,39.00213219,-76.49900775,-0.8760592109,3
542.421428,39.00213305,-76.49900908,-0.8760592109,3
542.4717142,39.00213392,-76.49901041,-0.8760592108,3
542.5219897,39.00213478,-76.49901174,-0.8760592108,3
542.5722407,39.00213565,-76.49901307,-0.8760592107,3
542.6225029,39.00213651,-76.4990144,-0.8760592108,3
542.6727578,39.00213738,-76.49901573,-0.8760592108,3
542.7229929,39.00213824,-76.49901706,-0.8760592107,3
542.773226,39.00213911,-76.49901839,-0.8760592108,3
542.8234907,39.00213997,-76.49901972,-0.8760592108,3
542.8738362,39.00214084,-76.49902105,-0.8760592107,3
542.9240854,39.0021417,-76.49902238,-0.8760590829,3
542.974301,39.00214257,-76.49902371,-0.8760590829,3
543.0245138,39.00214343,-76.49902504,-0.8760590829,3
543.0747631,39.0021443,-76.49902638,-0.876059083,3
543.1249971,39.00214516,-76.4990277,-0.8760590829,3
543.1752507,39.00214603,-76.49902904,-0.8760590829,3
543.2254901,39.00214689,-76.49903037,-0.8760590829,3
543.2757596,39.00214776,-76.4990317,-0.8760590828,3
543.3260423,39.00214862,-76.49903303,-0.8760590829,3
543.3762893,39.00214949,-76.49903436,-0.8760590829,3
543.4265513,39.00215035,-76.49903569,-0.8760590829,3
543.4767833,39.00215122,-76.49903702,-0.8760590829,3
543.5270544,39.00215208,-76.49903835,-0.8760590829,3
543.5773128,39.00215295,-76.49903968,-0.8760590829,3
543.6275568,39.00215381,-76.49904101,-0.8760589685,3
543.677888,39.00215468,-76.49904234,-0.8760589686,3
543.7281165,39.00215554,-76.49904367,-0.8760589686,3
543.7783759,39.00215641,-76.499045,-0.8760589685,3
543.8286578,39.00215727,-76.49904633,-0.8760589686,3
543.8789647,39.00215814,-76.49904766,-0.8760589685,3
543.9292213,39.002159,-76.49904899,-0.8760589685,3
543.9794884,39.00215987,-76.49905032,-0.8760589685,3
544.0297742,39.00216073,-76.49905165,-0.8760589685,3
544.0800876,39.0021616,-76.49905298,-0.8760589685,3
544.1303083,39.00216246,-76.49905431,-0.8760589685,3
544.1805765,39.00216333,-76.49905564,-0.8760589685,3
544.2308115,39.00216419,-76.49905697,-0.8760589685,3
544.2811016,39.00216506,-76.4990583,-0.8760588671,3
544.3313517,39.00216592,-76.49905963,-0.876058867,3
544.3816236,39.00216679,-76.49906096,-0.8760588671,3
544.431892,39.00216765,-76.49906229,-0.876058867,3
544.4821424,39.00216852,-76.49906362,-0.8760588671,3
544.5324152,39.00216938,-76.49906495,-0.876058867,3
544.5826818,39.00217025,-76.49906628,-0.876058867,3
544.6329442,39.00217111,-76.49906761,-0.876058867,3
544.6832135,39.00217198,-76.49906894,-0.8760588671,3
544.7334542,39.00217284,-76.49907027,-0.876058867,3
544.7836599,39.00217371,-76.4990716,-0.876058867,3
544.8339575,39.00217457,-76.49907293,-0.876058867,3
544.8842695,39.00217544,-76.49907426,-0.876058867,3
544.9345958,39.0021763,-76.49907559,-0.8760587771,3
544.9849235,39.00217717,-76.49907692,-0.876058777,3
545.0351903,39.00217803,-76.49907826,-0.876058777,3
545.0854321,39.0021789,-76.49907958,-0.8760587771,3
545.1356984,39.00217976,-76.49908092,-0.8760587771,3
545.1859657,39.00218063,-76.49908224,-0.876058777,3
545.2362428,39.00218149,-76.49908358,-0.8760587771,3
545.2864856,39.00218236,-76.4990849,-0.876058777,3
545.3367509,39.00218322,-76.49908624,-0.876058777,3
545.3870613,39.00218409,-76.49908756,-0.876058777,3
545.4372937,39.00218495,-76.4990889,-0.876058777,3
545.4876157,39.00218582,-76.49909023,-0.876058777,3
545.5380172,39.00218668,-76.49909156,-0.876058777,3
545.5882489,39.00218755,-76.49909289,-0.876058777,3
545.6384697,39.00218841,-76.49909422,-0.8760586966,3
545.6886894,39.00218928,-76.49909555,-0.8760586965,3
545.7389853,39.00219014,-76.49909688,-0.8760586966,3
545.7892149,39.00219101,-76.49909821,-0.8760586965,3
545.8394534,39.00219187,-76.49909954,-0.8760586965,3
545.8897195,39.00219274,-76.49910087,-0.8760586965,3
545.9400094,39.0021936,-76.4991022,-0.8760586965,3
545.9902721,39.00219447,-76.49910353,-0.8760586965,3
546.0405235,39.00219533,-76.49910486,-0.8760586965,3
546.0907657,39.0021962,-76.49910619,-0.8760586966,3
546.1410241,39.00219706,-76.49910752,-0.8760586965,3
546.1912584,39.00219793,-76.49910885,-0.8760586964,3
546.241583,39.00219879,-76.49911018,-0.8760586965,3
546.2918417,39.00219966,-76.49911151,-0.8760586251,3
546.3421368,39.00220052,-76.49911284,-0.8760586251,3
546.3923902,39.00220139,-76.49911417,-0.8760586251,3
546.4426502,39.00220225,-76.4991155,-0.8760586251,3
546.4929429,39.00220312,-76.49911683,-0.8760586251,3
546.5431809,39.00220398,-76.49911816,-0.8760586251,3
546.5934471,39.00220485,-76.49911949,-0.8760586251,3
546.6437341,39.00220571,-76.49912082,-0.8760586251,3
546.6940268,39.00220658,-76.49912215,-0.8760586251,3
546.7442761,39.00220744,-76.49912348,-0.8760586251,3
546.7945194,39.00220831,-76.49912481,-0.8760586251,3
546.8447903,39.00220917,-76.49912614,-0.8760586251,3
546.8950568,39.00221004,-76.49912747,-0.876058625,3
546.9453101,39.0022109,-76.4991288,-0.8760585618,3
546.995559,39.00221177,-76.49913013,-0.8760585618,3
547.0458978,39.00221263,-76.49913146,-0.8760585618,3
547.096135,39.00221436,-76.49913413,-0.8760585618,3
547.1463846,39.00221523,-76.49913546,-0.8760585618,3
547.1966384,39.00221609,-76.49913679,-0.8760585618,3
547.2469154,39.00221696,-76.49913812,-0.8760585617,3
547.2971309,39.00221782,-76.49913944,-0.8760585618,3
547.3473661,39.00221869,-76.49914078,-0.8760585617,3
547.3976132,39.00221955,-76.49914211,-0.8760585618,3
547.4478916,39.00222042,-76.49914344,-0.8760585617,3
547.4981404,39.00222128,-76.49914477,-0.8760585617,3
547.5483542,39.00222215,-76.4991461,-0.8760585618,3
547.598603,39.00222301,-76.49914743,-0.8760585051,3
547.6488694,39.00222388,-76.49914876,-0.8760585052,3
547.6991202,39.00222474,-76.49915009,-0.8760585052,3
547.7493431,39.00222561,-76.49915142,-0.8760585051,3
547.7995883,39.00222647,-76.49915275,-0.8760585052,3
547.8498537,39.00222734,-76.49915408,-0.8760585052,3
547.9001231,39.0022282,-76.49915541,-0.876058505,3
547.9503706,39.00222907,-76.49915674,-0.8760585051,3
548.0006177,39.00222993,-76.49915807,-0.8760585051,3
548.0509047,39.0022308,-76.4991594,-0.8760585051,3
548.1011395,39.00223166,-76.49916073,-0.8760585051,3
548.1513287,39.00223253,-76.49916206,-0.876058505,3
548.2015104,39.00223339,-76.49916339,-0.8760585051,3
548.2516813,39.00223426,-76.49916472,-0.8760584549,3
548.3018575,39.00223512,-76.49916605,-0.8760584549,3
548.352035,39.00223599,-76.49916738,-0.8760584549,3
548.4022117,39.00223685,-76.49916871,-0.8760584548,3
548.4523881,39.00223772,-76.49917004,-0.8760584548,3
548.5025689,39.00223858,-76.49917137,-0.8760584548,3
548.5527509,39.00223945,-76.4991727,-0.8760584548,3
548.6029644,39.00224031,-76.49917403,-0.8760584548,3
548.6531853,39.00224118,-76.49917536,-0.8760584548,3
548.7034296,39.00224204,-76.49917669,-0.8760584548,3
548.7536799,39.00224291,-76.49917802,-0.8760584548,3
548.8038781,39.00224377,-76.49917935,-0.8760584548,3
548.8541033,39.00224464,-76.49918069,-0.8760584548,3
548.9043251,39.0022455,-76.49918201,-0.8760584103,3
548.9545311,39.00224637,-76.49918335,-0.8760584103,3
549.0047323,39.00224723,-76.49918468,-0.8760584103,3
549.0549473,39.0022481,-76.49918601,-0.8760584103,3
549.1051404,39.00224896,-76.49918734,-0.8760584103,3
549.1553702,39.00224983,-76.49918867,-0.8760584103,3
549.2055684,39.00225069,-76.49919,-0.8760584103,3
549.2557465,39.00225156,-76.49919133,-0.8760584103,3
549.306033,39.00225242,-76.49919266,-0.8760584102,3
549.35624,39.00225329,-76.49919399,-0.8760584103,3
549.4064378,39.00225415,-76.49919532,-0.8760584102,3
549.4566321,39.00225502,-76.49919665,-0.8760584102,3
549.5068279,39.00225588,-76.49919798,-0.8760584102,3
549.5570051,39.00225675,-76.49919931,-0.8760584102,3
549.6072544,39.00225761,-76.49920064,-0.8760583704,3
549.6575572,39.00225848,-76.49920197,-0.8760583704,3
549.7078352,39.00225934,-76.4992033,-0.8760583704,3
549.7580583,39.00226021,-76.49920463,-0.8760583704,3
549.8082723,39.00226107,-76.49920596,-0.8760583704,3
549.8585226,39.00226194,-76.49920729,-0.8760583704,3
549.9088016,39.0022628,-76.49920862,-0.8760583703,3
549.959073,39.00226367,-76.49920995,-0.8760583703,3
550.0092573,39.00226453,-76.49921128,-0.8760583704,3
550.0594491,39.0022654,-76.49921261,-0.8760583703,3
550.1096351,39.00226626,-76.49921394,-0.8760583704,3
550.1598938,39.00226713,-76.49921527,-0.8760583704,3
550.2101287,39.00226799,-76.4992166,-0.8760583703,3
550.260389,39.00226886,-76.49921793,-0.876058335,3
550.3106531,39.00226972,-76.49921926,-0.876058335,3
550.3608665,39.00227059,-76.49922059,-0.876058335,3
550.41113,39.00227145,-76.49922192,-0.876058335,3
550.4614106,39.00227232,-76.49922325,-0.876058335,3
550.5116211,39.00227318,-76.49922458,-0.876058335,3
550.5619161,39.00227405,-76.49922591,-0.8760583351,3
550.6122186,39.00227491,-76.49922724,-0.876058335,3
550.6624325,39.00227578,-76.49922857,-0.876058335,3
550.7126562,39.00227664,-76.4992299,-0.876058335,3
550.7628737,39.00227751,-76.49923124,-0.876058335,3
550.8130755,39.00227837,-76.49923257,-0.876058335,3
550.8632864,39.00227924,-76.49923389,-0.876058335,3
550.913582,39.0022801,-76.49923522,-0.8760583037,3
550.9637985,39.00228097,-76.49923655,-0.8760583037,3
551.0140346,39.00228183,-76.49923789,-0.8760583036,3
551.064251,39.0022827,-76.49923922,-0.8760583036,3
551.1144635,39.00228356,-76.49924055,-0.8760583037,3
551.1646948,39.00228443,-76.49924188,-0.8760583036,3
551.2149385,39.00228529,-76.49924321,-0.8760583036,3
551.2651931,39.00228616,-76.49924454,-0.8760583036,3
551.3154441,39.00228702,-76.49924587,-0.8760583035,3
551.3657051,39.00228789,-76.4992472,-0.8760583037,3
551.4159719,39.00228875,-76.49924853,-0.8760583036,3
551.4662275,39.00228962,-76.49924986,-0.8760583037,3
551.5164629,39.00229048,-76.49925119,-0.8760583036,3
551.566732,39.00229135,-76.49925252,-0.8760583036,3
551.6170015,39.00229221,-76.49925385,-0.8760582756,3
551.6672461,39.00229308,-76.49925518,-0.8760582756,3
551.7174908,39.00229394,-76.49925651,-0.8760582756,3
551.7677559,39.00229481,-76.49925784,-0.8760582756,3
551.8179838,39.00229567,-76.49925917,-0.8760582755,3
551.8681913,39.00229654,-76.4992605,-0.8760582756,3
551.9184453,39.0022974,-76.49926183,-0.8760582755,3
551.9686502,39.00229827,-76.49926316,-0.8760582756,3
552.0188502,39.00229913,-76.49926449,-0.8760582756,3
552.0690538,39.0023,-76.49926582,-0.8760582756,3
552.1192581,39.00230086,-76.49926715,-0.8760582755,3
552.1694727,39.00230173,-76.49926848,-0.8760582756,3
552.219711,39.00230259,-76.49926981,-0.8760582755,3
552.2699218,39.00230346,-76.49927114,-0.8760582507,3
552.3201331,39.00230432,-76.49927247,-0.8760582507,3
552.3703257,39.00230519,-76.4992738,-0.8760582507,3
552.4205425,39.00230605,-76.49927513,-0.8760582507,3
552.4708017,39.00230692,-76.49927646,-0.8760582507,3
552.5210579,39.00230778,-76.4992778,-0.8760582507,3
552.5713338,39.00230865,-76.49927912,-0.8760582507,3
552.6216163,39.00230951,-76.49928045,-0.8760582507,3
552.671888,39.00231038,-76.49928178,-0.8760582506,3
552.7221257,39.00231124,-76.49928311,-0.8760582507,3
552.7723833,39.00231211,-76.49928444,-0.8760582506,3
552.8226243,39.00231297,-76.49928577,-0.8760582506,3
552.872928,39.00231384,-76.49928711,-0.8760582507,3
552.9231955,39.0023147,-76.49928844,-0.8760582286,3
552.973457,39.00231557,-76.49928976,-0.8760582287,3
553.0236836,39.00231643,-76.49929109,-0.8760582286,3
553.0739619,39.0023173,-76.49929243,-0.8760582286,3
553.1242685,39.00231816,-76.49929376,-0.8760582286,3
553.1745181,39.00231903,-76.49929509,-0.8760582286,3
553.2247735,39.00231989,-76.49929642,-0.8760582287,3
553.2750312,39.00232076,-76.49929775,-0.8760582286,3
553.325294,39.00232162,-76.49929908,-0.8760582286,3
553.3756179,39.00232249,-76.49930041,-0.8760582285,3
553.4258961,39.00232335,-76.49930174,-0.8760582285,3
553.4761891,39.00232422,-76.49930307,-0.8760582285,3
553.526466,39.00232508,-76.4993044,-0.8760582286,3
553.5767175,39.00232595,-76.49930573,-0.8760582286,3
553.6269759,39.00232681,-76.49930706,-0.8760582088,3
553.6772017,39.00232768,-76.49930839,-0.8760582089,3
553.7274383,39.00232854,-76.49930972,-0.8760582089,3
553.7777441,39.00232941,-76.49931105,-0.8760582088,3
553.8280315,39.00233027,-76.49931238,-0.8760582089,3
553.8782798,39.00233114,-76.49931371,-0.8760582089,3
553.9285501,39.002332,-76.49931504,-0.8760582088,3
553.9787872,39.00233287,-76.49931637,-0.8760582088,3
554.0290744,39.00233373,-76.4993177,-0.8760582088,3
554.0794054,39.0023346,-76.49931903,-0.8760582088,3
554.1296498,39.00233546,-76.49932036,-0.8760582088,3
554.1799,39.00233633,-76.49932169,-0.8760582088,3
554.2302024,39.00233719,-76.49932302,-0.8760582088,3
554.2805185,39.00233806,-76.49932435,-0.8760581913,3
554.3307961,39.00233892,-76.49932569,-0.8760581913,3
554.3810964,39.00233979,-76.49932701,-0.8760581913,3
554.4313365,39.00234065,-76.49932835,-0.8760581913,3
554.4816014,39.00234152,-76.49932967,-0.8760581913,3
554.5319239,39.00234238,-76.499331,-0.8760581914,3
554.5821937,39.00234325,-76.49933234,-0.8760581913,3
554.6324607,39.00234411,-76.49933367,-0.8760581913,3
554.6827556,39.00234498,-76.49933499,-0.8760581914,3
554.7330267,39.00234584,-76.49933633,-0.8760581913,3
554.7832311,39.00234671,-76.49933765,-0.8760581913,3
554.8335325,39.00234757,-76.49933898,-0.8760581913,3
554.8838037,39.00234844,-76.49934032,-0.8760581913,3
554.9341031,39.0023493,-76.49934165,-0.8760581758,3
554.9843857,39.00235017,-76.49934298,-0.8760581758,3
555.0346685,39.00235103,-76.49934431,-0.8760581758,3
555.0849236,39.0023519,-76.49934564,-0.8760581758,3
555.1391207,39.00235276,-76.49934697,-0.8760581758,3
555.1893868,39.00235363,-76.4993483,-0.8760581757,3
555.2396664,39.00235449,-76.49934963,-0.8760581758,3
555.2899882,39.00235536,-76.49935096,-0.8760581757,3
555.3402744,39.00235622,-76.49935229,-0.8760581758,3
555.3906043,39.00235709,-76.49935362,-0.8760581757,3
555.440922,39.00235795,-76.49935495,-0.8760581758,3
555.4912402,39.00235882,-76.49935628,-0.8760581757,3
555.5415494,39.00235968,-76.49935761,-0.8760581757,3
555.591835,39.00236055,-76.49935894,-0.8760581757,3
555.6421017,39.00236141,-76.49936027,-0.876058162,3
555.692343,39.00236228,-76.4993616,-0.8760581619,3
555.7425891,39.00236314,-76.49936293,-0.8760581618,3
555.7928561,39.00236401,-76.49936426,-0.8760581619,3
555.8430787,39.00236487,-76.49936559,-0.8760581619,3
555.8933149,39.00236574,-76.49936692,-0.8760581619,3
555.9436392,39.0023666,-76.49936825,-0.8760581618,3
555.9939039,39.00236747,-76.49936958,-0.8760581619,3
556.0441752,39.00236833,-76.49937091,-0.8760581618,3
556.0944444,39.0023692,-76.49937224,-0.8760581619,3
556.1447145,39.00237006,-76.49937357,-0.8760581619,3
556.1949902,39.00237093,-76.4993749,-0.8760581618,3
556.2452639,39.00237179,-76.49937623,-0.8760581618,3
556.2955229,39.00237266,-76.49937756,-0.8760581495,3
556.3458448,39.00237352,-76.49937889,-0.8760581495,3
556.396077,39.00237525,-76.49938155,-0.8760581495,3
556.4463835,39.00237612,-76.49938288,-0.8760581496,3
556.4966403,39.00237698,-76.49938421,-0.8760581495,3
556.5469188,39.00237785,-76.49938554,-0.8760581496,3
556.5971792,39.00237871,-76.49938688,-0.8760581494,3
556.6474213,39.00237958,-76.4993882,-0.8760581495,3
556.6976855,39.00238044,-76.49938954,-0.8760581495,3
556.7479287,39.00238131,-76.49939087,-0.8760581495,3
556.7981515,39.00238217,-76.4993922,-0.8760581495,3
556.8483991,39.00238304,-76.49939353,-0.8760581494,3
556.8986215,39.0023839,-76.49939486,-0.8760581387,3
556.9488903,39.00238477,-76.49939619,-0.8760581386,3
556.9991203,39.00238563,-76.49939752,-0.8760581386,3
557.0493357,39.0023865,-76.49939885,-0.8760581386,3
557.0996191,39.00238736,-76.49940018,-0.8760581386,3
557.1498776,39.00238823,-76.49940151,-0.8760581386,3
557.2000999,39.00238909,-76.49940284,-0.8760581386,3
557.2503015,39.00238996,-76.49940417,-0.8760581386,3
557.3005221,39.00239082,-76.4994055,-0.8760581386,3
557.3507534,39.00239169,-76.49940683,-0.8760581386,3
557.4010091,39.00239255,-76.49940816,-0.8760581386,3
557.4512356,39.00239342,-76.49940949,-0.8760581386,3
557.5014772,39.00239428,-76.49941082,-0.8760581385,3
557.5517225,39.00239515,-76.49941215,-0.8760581385,3
557.6019954,39.00239601,-76.49941348,-0.8760581288,3
557.6522294,39.00239688,-76.49941481,-0.8760581288,3
557.7024865,39.00239774,-76.49941614,-0.8760581288,3
557.7527257,39.00239861,-76.49941747,-0.8760581288,3
557.8030077,39.00239947,-76.4994188,-0.8760581288,3
557.8532318,39.00240034,-76.49942013,-0.8760581288,3
557.9034373,39.0024012,-76.49942146,-0.8760581287,3
557.9536893,39.00240207,-76.49942279,-0.8760581287,3
558.003927,39.00240293,-76.49942412,-0.8760581288,3
558.054163,39.0024038,-76.49942545,-0.8760581288,3
558.1043545,39.00240466,-76.49942678,-0.8760581288,3
558.1545785,39.00240553,-76.49942811,-0.8760581288,3
558.2047857,39.00240639,-76.49942944,-0.8760581287,3
558.2550579,39.00240726,-76.49943077,-0.8760581201,3
558.3053316,39.00240812,-76.4994321,-0.8760581202,3
558.3556217,39.00240899,-76.49943344,-0.8760581201,3
558.4059121,39.00240985,-76.49943476,-0.8760581201,3
558.4561688,39.00241072,-76.49943609,-0.8760581201,3
558.5064097,39.00241158,-76.49943743,-0.8760581201,3
558.5566736,39.00241245,-76.49943876,-0.8760581201,3
558.60691,39.00241331,-76.49944009,-0.8760581201,3
558.6571342,39.00241418,-76.49944142,-0.8760581201,3
558.7073778,39.00241504,-76.49944275,-0.8760581201,3
558.7575713,39.00241591,-76.49944408,-0.8760581201,3
558.8078014,39.00241677,-76.49944541,-0.87605812,3
558.85802,39.00241764,-76.49944674,-0.8760581201,3
558.9082158,39.0024185,-76.49944807,-0.8760581124,3
558.9584654,39.00241937,-76.4994494,-0.8760581124,3
559.0087006,39.00242023,-76.49945073,-0.8760581125,3
559.0589128,39.0024211,-76.49945206,-0.8760581125,3
559.1091458,39.00242196,-76.49945339,-0.8760581124,3
559.1593426,39.00242283,-76.49945472,-0.8760581124,3
559.2096047,39.00242369,-76.49945605,-0.8760581123,3
559.2598473,39.00242456,-76.49945738,-0.8760581124,3
559.3100604,39.00242542,-76.49945871,-0.8760581124,3
559.3602552,39.00242629,-76.49946004,-0.8760581124,3
559.4104793,39.00242715,-76.49946137,-0.8760581124,3
559.4606689,39.00242802,-76.4994627,-0.8760581125,3
559.510856,39.00242888,-76.49946403,-0.8760581124,3
559.561044,39.00242975,-76.49946536,-0.8760581124,3
559.6112346,39.00243061,-76.49946669,-0.8760581055,3
559.6614184,39.00243148,-76.49946802,-0.8760581056,3
559.7116518,39.00243234,-76.49946935,-0.8760581056,3
559.7618589,39.00243321,-76.49947068,-0.8760581055,3
559.812076,39.00243407,-76.49947201,-0.8760581055,3
559.8622676,39.00243494,-76.49947334,-0.8760581055,3
559.9124591,39.0024358,-76.49947467,-0.8760581055,3
559.962646,39.00243667,-76.499476,-0.8760581055,3
560.0128674,39.00243753,-76.49947733,-0.8760581055,3
560.0630522,39.0024384,-76.49947866,-0.8760581055,3
560.1132465,39.00243926,-76.49947999,-0.8760581055,3
560.1634345,39.00244013,-76.49948132,-0.8760581055,3
560.2136174,39.00244099,-76.49948265,-0.8760581054,3
560.2637921,39.00244186,-76.49948398,-0.8760580995,3
560.3139935,39.00244272,-76.49948531,-0.8760580994,3
560.364354,39.00244359,-76.49948665,-0.8760580995,3
560.414594,39.00244445,-76.49948798,-0.8760580995,3
560.4649372,39.00244532,-76.4994893,-0.8760580995,3
560.5152002,39.00244618,-76.49949064,-0.8760580994,3
560.5654493,39.00244705,-76.49949197,-0.8760580994,3
560.6156969,39.00244791,-76.4994933,-0.8760580993,3
560.6659643,39.00244878,-76.49949463,-0.8760580994,3
560.7162264,39.00244964,-76.49949596,-0.8760580994,3
560.7664373,39.00245051,-76.49949729,-0.8760580994,3
560.8166414,39.00245137,-76.49949862,-0.8760580994,3
560.8668649,39.00245224,-76.49949995,-0.8760580993,3
560.9171033,39.0024531,-76.49950128,-0.876058094,3
560.9673411,39.00245397,-76.49950261,-0.8760580941,3
561.0176002,39.00245483,-76.49950394,-0.8760580939,3
561.0677993,39.0024557,-76.49950527,-0.876058094,3
561.1180202,39.00245656,-76.4995066,-0.8760580939,3
561.1682509,39.00245743,-76.49950793,-0.876058094,3
561.2185007,39.00245829,-76.49950926,-0.8760580939,3
561.2687467,39.00245916,-76.49951059,-0.876058094,3
561.3190204,39.00246002,-76.49951192,-0.876058094,3
561.3692609,39.00246089,-76.49951325,-0.876058094,3
561.4195164,39.00246175,-76.49951458,-0.8760580939,3
561.4698014,39.00246262,-76.49951591,-0.8760580939,3
561.5200678,39.00246348,-76.49951724,-0.876058094,3
561.5702941,39.00246435,-76.49951857,-0.8760580939,3
561.6205433,39.00246521,-76.4995199,-0.8760580891,3
561.6707795,39.00246608,-76.49952123,-0.8760580891,3
561.7210796,39.00246694,-76.49952256,-0.8760580892,3
561.7713362,39.00246781,-76.49952389,-0.8760580891,3
561.8215877,39.00246867,-76.49952522,-0.8760580891,3
561.8718396,39.00246954,-76.49952655,-0.8760580892,3
561.9220702,39.0024704,-76.49952788,-0.8760580891,3
561.9723089,39.00247127,-76.49952921,-0.8760580891,3
562.022599,39.00247213,-76.49953054,-0.8760580891,3
562.0727996,39.002473,-76.49953187,-0.876058089,3
562.123069,39.00247386,-76.49953321,-0.876058089,3
562.1733007,39.00247473,-76.49953454,-0.8760580891,3
562.2235432,39.00247559,-76.49953587,-0.8760580891,3
562.2737897,39.00247646,-76.4995372,-0.8760580848,3
562.3240492,39.00247732,-76.49953853,-0.8760580848,3
562.3742423,39.00247819,-76.49953986,-0.8760580849,3
562.4245428,39.00247905,-76.49954119,-0.8760580848,3
562.4747357,39.00247992,-76.49954252,-0.8760580848,3
562.5249562,39.00248078,-76.49954385,-0.8760580848,3
562.575149,39.00248165,-76.49954518,-0.8760580848,3
562.6254177,39.00248251,-76.49954651,-0.8760580848,3
562.6756814,39.00248338,-76.49954784,-0.8760580849,3
562.7259495,39.00248424,-76.49954917,-0.8760580848,3
562.77619,39.00248511,-76.4995505,-0.8760580848,3
562.8264033,39.00248597,-76.49955183,-0.8760580848,3
562.8766008,39.00248684,-76.49955316,-0.8760580848,3
562.9268074,39.0024877,-76.49955449,-0.876058081,3
562.9770217,39.00248857,-76.49955582,-0.8760580811,3
563.0272556,39.00248943,-76.49955715,-0.876058081,3
563.0774652,39.0024903,-76.49955848,-0.876058081,3
563.1277012,39.00249116,-76.49955981,-0.876058081,3
563.1779444,39.00249203,-76.49956114,-0.876058081,3
563.2281775,39.00249289,-76.49956247,-0.876058081,3
563.2783968,39.00249376,-76.4995638,-0.876058081,3
563.3286804,39.00249462,-76.49956513,-0.876058081,3
563.378921,39.00249549,-76.49956647,-0.876058081,3
563.4292198,39.00249635,-76.49956779,-0.876058081,3
563.4794376,39.00249722,-76.49956912,-0.876058081,3
563.5296879,39.00249808,-76.49957045,-0.8760580809,3
563.5798974,39.00249895,-76.49957178,-0.876058081,3
563.6301687,39.00249981,-76.49957311,-0.8760580776,3
563.6804269,39.00250068,-76.49957444,-0.8760580776,3
563.7307081,39.00250154,-76.49957577,-0.8760580775,3
563.7809338,39.00250241,-76.4995771,-0.8760580776,3
563.8311977,39.00250327,-76.49957844,-0.8760580775,3
563.8814609,39.00250414,-76.49957977,-0.8760580776,3
563.9317361,39.002505,-76.4995811,-0.8760580776,3
563.9819605,39.00250587,-76.49958243,-0.8760580776,3
564.0322159,39.00250673,-76.49958376,-0.8760580775,3
564.0824268,39.0025076,-76.49958509,-0.8760580775,3
564.1326353,39.00250846,-76.49958642,-0.8760580775,3
564.1830195,39.00250933,-76.49958775,-0.8760580775,3
564.2332961,39.00251019,-76.49958908,-0.8760580775,3
564.2835213,39.00251106,-76.49959041,-0.8760580746,3
564.3337643,39.00251192,-76.49959174,-0.8760580746,3
564.3839944,39.00251279,-76.49959307,-0.8760580746,3
564.4342613,39.00251365,-76.4995944,-0.8760580745,3
564.4844647,39.00251452,-76.49959573,-0.8760580745,3
564.5346702,39.00251538,-76.49959706,-0.8760580745,3
564.5849443,39.00251625,-76.49959839,-0.8760580746,3
564.6352015,39.00251711,-76.49959972,-0.8760580745,3
564.6854466,39.00251798,-76.49960105,-0.8760580745,3
564.7356752,39.00251884,-76.49960238,-0.8760580745,3
564.7858837,39.00251971,-76.49960371,-0.8760580745,3
564.8361393,39.00252057,-76.49960504,-0.8760580745,3
564.8863258,39.00252144,-76.49960637,-0.8760580744,3
564.9365488,39.0025223,-76.4996077,-0.8760580719,3
564.9867626,39.00252317,-76.49960903,-0.8760580718,3
565.0370551,39.00252403,-76.49961036,-0.8760580719,3
565.0873166,39.0025249,-76.49961169,-0.8760580719,3
565.1376133,39.00252576,-76.49961302,-0.8760580719,3
565.1878737,39.00252663,-76.49961435,-0.8760580718,3
565.2381187,39.00252749,-76.49961568,-0.8760580718,3
565.2883219,39.00252836,-76.49961701,-0.8760580719,3
565.3385722,39.00252922,-76.49961834,-0.8760580718,3
565.3888091,39.00253009,-76.49961967,-0.8760580718,3
565.439081,39.00253095,-76.499621,-0.8760580718,3
565.489302,39.00253182,-76.49962233,-0.8760580718,3
565.5396036,39.00253268,-76.49962367,-0.8760580717,3
565.5899094,39.00253355,-76.499625,-0.8760580718,3
565.6401813,39.00253441,-76.49962632,-0.8760580695,3
565.6904248,39.00253528,-76.49962766,-0.8760580694,3
565.740685,39.00253614,-76.49962899,-0.8760580695,3
565.7908944,39.00253701,-76.49963032,-0.8760580694,3
565.8411329,39.00253787,-76.49963164,-0.8760580695,3
565.8913614,39.00253874,-76.49963298,-0.8760580694,3
565.9416331,39.0025396,-76.49963431,-0.8760580694,3
565.9919123,39.00254047,-76.49963564,-0.8760580694,3
566.0421854,39.00254133,-76.49963697,-0.8760580694,3
566.0924695,39.0025422,-76.4996383,-0.8760580694,3
566.1427303,39.00254306,-76.49963963,-0.8760580694,3
566.1930265,39.00254393,-76.49964096,-0.8760580694,3
566.2432535,39.00254479,-76.49964229,-0.8760580694,3
566.2935373,39.00254566,-76.49964362,-0.8760580673,3
566.3438053,39.00254652,-76.49964495,-0.8760580673,3
566.3940566,39.00254739,-76.49964628,-0.8760580673,3
566.4442988,39.00254825,-76.49964761,-0.8760580673,3
566.4945603,39.00254912,-76.49964894,-0.8760580673,3
566.5448542,39.00254998,-76.49965027,-0.8760580673,3
566.5951121,39.00255085,-76.4996516,-0.8760580673,3
566.6453483,39.00255171,-76.49965293,-0.8760580673,3
566.6955569,39.00255258,-76.49965426,-0.8760580673,3
566.7458385,39.00255344,-76.49965559,-0.8760580673,3
566.7960331,39.00255431,-76.49965692,-0.8760580672,3
566.8462723,39.00255604,-76.49965958,-0.8760580672,3
566.9534369,39.00255777,-76.49966224,-0.8760580654,3
567.0036698,39.00255863,-76.49966357,-0.8760580654,3
567.0538887,39.0025595,-76.4996649,-0.8760580654,3
567.1041042,39.00256036,-76.49966623,-0.8760580654,3
567.1543263,39.00256123,-76.49966756,-0.8760580655,3
567.2045264,39.00256209,-76.49966889,-0.8760580654,3
567.2547498,39.00256296,-76.49967023,-0.8760580654,3
567.3050041,39.00256382,-76.49967155,-0.8760580654,3
567.3552421,39.00256469,-76.49967289,-0.8760580653,3
567.4054571,39.00256555,-76.49967422,-0.8760580653,3
567.4556628,39.00256642,-76.49967555,-0.8760580654,3
567.505872,39.00256728,-76.49967687,-0.8760580653,3
567.5560596,39.00256815,-76.49967821,-0.8760580654,3
567.6062625,39.00256901,-76.49967954,-0.8760580637,3
567.6564554,39.00256988,-76.49968087,-0.8760580637,3
567.7066889,39.00257074,-76.4996822,-0.8760580638,3
567.7568802,39.00257161,-76.49968353,-0.8760580637,3
567.807108,39.00257247,-76.49968486,-0.8760580637,3
567.8573621,39.00257334,-76.49968619,-0.8760580637,3
567.9076634,39.0025742,-76.49968752,-0.8760580637,3
567.9579326,39.00257507,-76.49968885,-0.8760580637,3
568.008121,39.00257593,-76.49969018,-0.8760580637,3
568.0583021,39.0025768,-76.49969151,-0.8760580637,3
568.1084914,39.00257766,-76.49969284,-0.8760580637,3
568.1587144,39.00257853,-76.49969417,-0.8760580637,3
568.208973,39.00257939,-76.4996955,-0.8760580636,3
568.2591889,39.00258026,-76.49969683,-0.8760580623,3
568.3094268,39.00258112,-76.49969816,-0.8760580622,3
568.3596273,39.00258199,-76.49969949,-0.8760580622,3
568.4099012,39.00258285,-76.49970082,-0.8760580622,3
568.4600977,39.00258372,-76.49970215,-0.8760580622,3
568.5103569,39.00258458,-76.49970348,-0.8760580622,3
568.5605703,39.00258545,-76.49970481,-0.8760580622,3
568.6108344,39.00258631,-76.49970614,-0.8760580622,3
568.6610473,39.00258718,-76.49970747,-0.8760580622,3
568.7112811,39.00258804,-76.4997088,-0.8760580622,3
568.7615386,39.00258891,-76.49971013,-0.8760580622,3
568.8117194,39.00258977,-76.49971146,-0.8760580622,3
568.861953,39.00259064,-76.49971279,-0.8760580621,3
568.9121396,39.0025915,-76.49971412,-0.8760580609,3
568.962372,39.00259237,-76.49971545,-0.8760580609,3
569.0126078,39.00259323,-76.49971678,-0.8760580609,3
569.0628833,39.0025941,-76.49971811,-0.8760580609,3
569.1131352,39.00259496,-76.49971944,-0.8760580609,3
569.1633715,39.00259583,-76.49972078,-0.8760580609,3
569.2136224,39.00259669,-76.4997221,-0.8760580608,3
569.263834,39.00259756,-76.49972344,-0.8760580608,3
569.3140328,39.00259842,-76.49972476,-0.8760580608,3
569.3642641,39.00259929,-76.4997261,-0.8760580608,3
569.4144731,39.00260015,-76.49972742,-0.8760580608,3
569.4647077,39.00260102,-76.49972876,-0.8760580608,3
569.5149405,39.00260188,-76.49973009,-0.8760580608,3
569.565152,39.00260275,-76.49973142,-0.8760580609,3
569.6153877,39.00260361,-76.49973275,-0.8760580597,3
569.6656274,39.00260448,-76.49973408,-0.8760580597,3
569.7158541,39.00260534,-76.49973541,-0.8760580597,3
569.7661692,39.00260621,-76.49973674,-0.8760580597,3
569.8164292,39.00260707,-76.49973807,-0.8760580597,3
569.8667126,39.00260794,-76.4997394,-0.8760580596,3
569.9169155,39.0026088,-76.49974073,-0.8760580596,3
569.9671687,39.00260967,-76.49974206,-0.8760580596,3
570.0173965,39.00261053,-76.49974339,-0.8760580596,3
570.0676259,39.0026114,-76.49974472,-0.8760580596,3
570.1178502,39.00261226,-76.49974605,-0.8760580596,3
570.168091,39.00261313,-76.49974738,-0.8760580596,3
570.2182947,39.00261399,-76.49974871,-0.8760580596,3
570.268491,39.00261486,-76.49975004,-0.8760580586,3
570.3187376,39.00261572,-76.49975137,-0.8760580586,3
570.3689622,39.00261659,-76.4997527,-0.8760580586,3
570.4192156,39.00261745,-76.49975403,-0.8760580587,3
570.4694551,39.00261832,-76.49975536,-0.8760580586,3
570.5196298,39.00261918,-76.49975669,-0.8760580586,3
570.5699019,39.00262005,-76.49975802,-0.8760580586,3
570.620104,39.00262091,-76.49975935,-0.8760580585,3
570.6703086,39.00262178,-76.49976068,-0.8760580586,3
570.720513,39.00262264,-76.49976201,-0.8760580586,3
570.7707804,39.00262351,-76.49976334,-0.8760580585,3
570.8210624,39.00262437,-76.49976467,-0.8760580586,3
570.8712855,39.00262524,-76.499766,-0.8760580586,3
570.9215061,39.0026261,-76.49976733,-0.8760580577,3
570.9717653,39.00262697,-76.49976867,-0.8760580576,3
571.022063,39.00262783,-76.49976999,-0.8760580576,3
571.0722931,39.0026287,-76.49977132,-0.8760580576,3
571.1225818,39.00262956,-76.49977265,-0.8760580577,3
571.1728669,39.00263043,-76.49977399,-0.8760580577,3
571.2231101,39.00263129,-76.49977532,-0.8760580576,3
571.2733142,39.00263216,-76.49977665,-0.8760580577,3
571.3235979,39.00263302,-76.49977798,-0.8760580576,3
571.3737965,39.00263389,-76.49977931,-0.8760580576,3
571.4240792,39.00263475,-76.49978064,-0.8760580575,3
571.4742836,39.00263562,-76.49978197,-0.8760580576,3
571.5245349,39.00263648,-76.4997833,-0.8760580575,3
571.5747659,39.00263735,-76.49978463,-0.8760580576,3
571.6250464,39.00263821,-76.49978596,-0.8760580568,3
571.6752729,39.00263908,-76.49978729,-0.8760580568,3
571.7255251,39.00263994,-76.49978862,-0.8760580568,3
571.775772,39.00264081,-76.49978995,-0.8760580569,3
571.8260345,39.00264167,-76.49979128,-0.8760580568,3
571.8762671,39.00264254,-76.49979261,-0.8760580568,3
571.9264766,39.0026434,-76.49979394,-0.8760580567,3
571.9766832,39.00264427,-76.49979527,-0.8760580568,3
572.0269098,39.00264513,-76.4997966,-0.8760580567,3
572.0771122,39.002646,-76.49979793,-0.8760580568,3
572.1273085,39.00264686,-76.49979926,-0.8760580568,3
572.1775502,39.00264773,-76.49980059,-0.8760580568,3
572.2278585,39.00264859,-76.49980192,-0.8760580567,3
572.2781225,39.00264946,-76.49980325,-0.8760580561,3
572.328388,39.00265032,-76.49980458,-0.876058056,3
572.3785946,39.00265119,-76.49980591,-0.876058056,3
572.4288701,39.00265205,-76.49980724,-0.8760580561,3
572.4791314,39.00265292,-76.49980857,-0.8760580561,3
572.5293732,39.00265378,-76.4998099,-0.876058056,3
572.5796242,39.00265465,-76.49981123,-0.876058056,3
572.6298777,39.00265551,-76.49981256,-0.876058056,3
572.6801213,39.00265638,-76.49981389,-0.876058056,3
572.7303883,39.00265724,-76.49981522,-0.8760580561,3
572.7806098,39.00265811,-76.49981656,-0.876058056,3
572.83091,39.00265897,-76.49981788,-0.876058056,3
572.8811906,39.00265984,-76.49981922,-0.876058056,3
572.9314279,39.0026607,-76.49982054,-0.8760580555,3
572.9816928,39.00266157,-76.49982188,-0.8760580554,3
573.0319332,39.00266243,-76.49982321,-0.8760580554,3
573.0821358,39.0026633,-76.49982454,-0.8760580554,3
573.132398,39.00266416,-76.49982587,-0.8760580554,3
573.182638,39.00266503,-76.4998272,-0.8760580553,3
573.2328999,39.00266589,-76.49982853,-0.8760580553,3
573.2831695,39.00266676,-76.49982986,-0.8760580554,3
573.3334045,39.00266762,-76.49983119,-0.8760580554,3
573.3836886,39.00266849,-76.49983252,-0.8760580554,3
573.4339832,39.00266935,-76.49983385,-0.8760580553,3
573.4842352,39.00267022,-76.49983518,-0.8760580553,3
573.5345217,39.00267108,-76.49983651,-0.8760580553,3
573.5848524,39.00267195,-76.49983784,-0.8760580553,3
573.6350844,39.00267281,-76.49983917,-0.8760580548,3
573.6853946,39.00267368,-76.4998405,-0.8760580548,3
573.735652,39.00267454,-76.49984183,-0.8760580548,3
573.7858841,39.00267541,-76.49984316,-0.8760580548,3
573.8361302,39.00267627,-76.49984449,-0.8760580548,3
573.8864333,39.00267714,-76.49984582,-0.8760580548,3
573.9366985,39.002678,-76.49984715,-0.8760580547,3
573.9869909,39.00267887,-76.49984848,-0.8760580548,3
574.0372683,39.00267973,-76.49984981,-0.8760580548,3
574.0875222,39.0026806,-76.49985114,-0.8760580547,3
574.1377952,39.00268146,-76.49985247,-0.8760580547,3
574.1880958,39.00268233,-76.4998538,-0.8760580547,3
574.238389,39.00268319,-76.49985513,-0.8760580547,3
574.2886915,39.00268406,-76.49985646,-0.8760580543,3
574.3389603,39.00268492,-76.49985779,-0.8760580542,3
574.3892144,39.00268579,-76.49985912,-0.8760580543,3
574.4394665,39.00268665,-76.49986045,-0.8760580542,3
574.4897096,39.00268752,-76.49986178,-0.8760580544,3
574.5399022,39.00268838,-76.49986311,-0.8760580542,3
574.5901149,39.00268925,-76.49986444,-0.8760580542,3
574.6403508,39.00269011,-76.49986578,-0.8760580542,3
574.6905761,39.00269098,-76.4998671,-0.8760580541,3
574.7408306,39.00269184,-76.49986843,-0.8760580542,3
574.7911122,39.00269271,-76.49986977,-0.8760580542,3
574.8413704,39.00269357,-76.4998711,-0.8760580541,3
574.891661,39.00269444,-76.49987243,-0.8760580542,3
574.9419178,39.0026953,-76.49987376,-0.8760580539,3
574.9921569,39.00269617,-76.49987509,-0.8760580538,3
575.0424226,39.00269703,-76.49987642,-0.8760580538,3
575.0926637,39.0026979,-76.49987775,-0.8760580538,3
575.1429573,39.00269876,-76.49987908,-0.8760580538,3
575.1932092,39.00269963,-76.49988041,-0.8760580538,3
575.243506,39.00270049,-76.49988174,-0.8760580538,3
575.2937829,39.00270136,-76.49988307,-0.8760580538,3
575.3440587,39.00270222,-76.4998844,-0.8760580538,3
575.3943091,39.00270309,-76.49988573,-0.8760580537,3
575.4445737,39.00270395,-76.49988706,-0.8760580537,3
575.4948446,39.00270482,-76.49988839,-0.8760580537,3
575.545105,39.00270568,-76.49988972,-0.8760580538,3
575.5953762,39.00270655,-76.49989105,-0.8760580536,3
575.6456164,39.00270741,-76.49989238,-0.8760580534,3
575.6959052,39.00270828,-76.49989371,-0.8760580534,3
575.7461103,39.00271001,-76.49989637,-0.8760580534,3
575.7963336,39.00271087,-76.4998977,-0.8760580533,3
575.8465963,39.00271174,-76.49989903,-0.8760580534,3
575.8968357,39.0027126,-76.49990036,-0.8760580533,3
575.947056,39.00271347,-76.49990169,-0.8760580533,3
575.9973186,39.00271433,-76.49990302,-0.8760580533,3
576.0476229,39.0027152,-76.49990435,-0.8760580533,3
576.0978909,39.00271606,-76.49990568,-0.8760580532,3
576.1481317,39.00271693,-76.49990701,-0.8760580533,3
576.1983973,39.00271779,-76.49990834,-0.8760580533,3
576.2486354,39.00271866,-76.49990968,-0.876058053,3
576.2988951,39.00271952,-76.499911,-0.876058053,3
576.3491363,39.00272039,-76.49991233,-0.8760580529,3
576.3993811,39.00272125,-76.49991367,-0.876058053,3
576.4496109,39.00272212,-76.499915,-0.8760580529,3
576.4998867,39.00272298,-76.49991633,-0.876058053,3
576.5501302,39.00272385,-76.49991765,-0.8760580529,3
576.6004123,39.00272471,-76.49991899,-0.876058053,3
576.650664,39.00272558,-76.49992032,-0.8760580529,3
576.7008642,39.00272644,-76.49992165,-0.8760580529,3
576.7510888,39.00272731,-76.49992298,-0.8760580528,3
576.8012989,39.00272817,-76.49992431,-0.8760580529,3
576.8515311,39.00272904,-76.49992564,-0.8760580529,3
576.901757,39.0027299,-76.49992697,-0.8760580527,3
576.9519895,39.00273077,-76.4999283,-0.8760580527,3
577.0022197,39.00273163,-76.49992963,-0.8760580527,3
577.0524042,39.0027325,-76.49993096,-0.8760580527,3
577.102626,39.00273336,-76.49993229,-0.8760580527,3
577.1528852,39.00273423,-76.49993362,-0.8760580527,3
577.2031372,39.00273509,-76.49993495,-0.8760580526,3
577.2533337,39.00273596,-76.49993628,-0.8760580526,3
577.3035409,39.00273682,-76.49993761,-0.8760580526,3
577.3537968,39.00273769,-76.49993894,-0.8760580526,3
577.4040517,39.00273855,-76.49994027,-0.8760580526,3
577.4542536,39.00273942,-76.4999416,-0.8760580526,3
577.5045276,39.00274028,-76.49994293,-0.8760580526,3
577.5547985,39.00274115,-76.49994426,-0.8760580526,3
577.6051015,39.00274201,-76.49994559,-0.8760580524,3
577.655293,39.00274288,-76.49994692,-0.8760580523,3
577.7055269,39.00274374,-76.49994825,-0.8760580523,3
577.7557904,39.00274461,-76.49994958,-0.8760580524,3
577.8060423,39.00274547,-76.49995091,-0.8760580523,3
577.8562681,39.00274634,-76.49995224,-0.8760580524,3
577.906501,39.0027472,-76.49995357,-0.8760580523,3
577.9567359,39.00274807,-76.4999549,-0.8760580523,3
578.0069996,39.00274893,-76.49995623,-0.8760580523,3
578.0572283,39.0027498,-76.49995756,-0.8760580523,3
578.1074725,39.00275066,-76.49995889,-0.8760580523,3
578.1577517,39.00275153,-76.49996023,-0.8760580523,3
578.2080259,39.00275239,-76.49996155,-0.8760580523,3
578.2582965,39.00275326,-76.49996289,-0.8760580522,3
578.3085711,39.00275412,-76.49996421,-0.8760580521,3
578.3588541,39.00275499,-76.49996555,-0.8760580521,3
578.4091176,39.00275585,-76.49996688,-0.8760580521,3
578.4593778,39.00275672,-76.49996821,-0.8760580521,3
578.5096408,39.00275758,-76.49996954,-0.8760580521,3
578.5598763,39.00275845,-76.49997087,-0.876058052,3
578.6101047,39.00275931,-76.4999722,-0.876058052,3
578.6603491,39.00276018,-76.49997353,-0.876058052,3
578.7105859,39.00276104,-76.49997486,-0.876058052,3
578.7608501,39.00276191,-76.49997619,-0.876058052,3
578.8111007,39.00276277,-76.49997752,-0.876058052,3
578.8613479,39.00276364,-76.49997885,-0.876058052,3
578.9115518,39.0027645,-76.49998018,-0.8760580518,3
579.0121127,39.00276623,-76.49998284,-0.8760580518,3
579.0623678,39.0027671,-76.49998417,-0.8760580519,3
579.112584,39.00276796,-76.4999855,-0.8760580518,3
579.1629195,39.00276883,-76.49998683,-0.8760580518,3
579.2131934,39.00276969,-76.49998816,-0.8760580518,3
579.2634415,39.00277056,-76.49998949,-0.8760580518,3
579.3137267,39.00277142,-76.49999082,-0.8760580517,3
579.3639832,39.00277229,-76.49999215,-0.8760580517,3
579.4142424,39.00277315,-76.49999348,-0.8760580518,3
579.4644851,39.00277402,-76.49999481,-0.8760580518,3
579.5147268,39.00277488,-76.49999614,-0.8760580518,3
579.5650028,39.00277575,-76.49999747,-0.8760580517,3
579.615294,39.00277661,-76.4999988,-0.8760580516,3
579.6655284,39.00277748,-76.50000014,-0.8760580516,3
579.7158465,39.00277834,-76.50000146,-0.8760580516,3
579.7660702,39.00277921,-76.50000279,-0.8760580516,3
579.816306,39.00278007,-76.50000412,-0.8760580516,3
579.8665904,39.00278094,-76.50000545,-0.8760580516,3
579.9168914,39.0027818,-76.50000678,-0.8760580516,3
579.9671608,39.00278267,-76.50000811,-0.8760580516,3
580.0174427,39.00278353,-76.50000944,-0.8760580515,3
580.0676977,39.0027844,-76.50001078,-0.8760580516,3
580.117916,39.00278526,-76.50001211,-0.8760580516,3
580.1681534,39.00278613,-76.50001344,-0.8760580515,3
580.2183819,39.00278699,-76.50001477,-0.8760580515,3
580.268623,39.00278786,-76.5000161,-0.8760580515,3
580.3188369,39.00278872,-76.50001743,-0.8760580515,3
580.3690881,39.00278959,-76.50001876,-0.8760580514,3
580.4193318,39.00279045,-76.50002009,-0.8760580514,3
580.4695876,39.00279132,-76.50002142,-0.8760580514,3
580.5198375,39.00279218,-76.50002275,-0.8760580514,3
580.5700691,39.00279305,-76.50002408,-0.8760580514,3
580.6204064,39.00279391,-76.50002541,-0.8760580514,3
580.6706542,39.00279478,-76.50002674,-0.8760580513,3
580.7209061,39.00279564,-76.50002807,-0.8760580514,3
580.7711345,39.00279651,-76.5000294,-0.8760580513,3
580.8213846,39.00279737,-76.50003073,-0.8760580513,3
580.8716257,39.00279824,-76.50003206,-0.8760580513,3
580.9219095,39.0027991,-76.50003339,-0.8760580512,3
580.9722314,39.00279997,-76.50003472,-0.8760580513,3
581.022505,39.00280083,-76.50003605,-0.8760580513,3
581.0727384,39.0028017,-76.50003738,-0.8760580513,3
581.1230018,39.00280256,-76.50003871,-0.8760580513,3
581.1732418,39.00280343,-76.50004004,-0.8760580513,3
581.2234404,39.00280429,-76.50004137,-0.8760580513,3
581.2736488,39.00280516,-76.5000427,-0.8760580512,3
581.3238987,39.00280602,-76.50004403,-0.8760580512,3
581.3741097,39.00280689,-76.50004536,-0.8760580511,3
581.4243365,39.00280775,-76.50004669,-0.8760580512,3
581.4745779,39.00280862,-76.50004802,-0.8760580512,3
581.5247774,39.00280948,-76.50004935,-0.8760580511,3
581.5750403,39.00281035,-76.50005068,-0.8760580512,3
581.6252639,39.00281121,-76.50005201,-0.8760580511,3
581.6755201,39.00281208,-76.50005334,-0.8760580512,3
581.725777,39.00281294,-76.50005467,-0.8760580511,3
581.7760311,39.00281381,-76.500056,-0.876058051,3
581.826266,39.00281467,-76.50005734,-0.8760580511,3
581.8764965,39.00281554,-76.50005867,-0.876058051,3
581.926751,39.0028164,-76.50005999,-0.8760580511,3
581.9770525,39.00281727,-76.50006133,-0.8760580511,3
582.0272593,39.00281813,-76.50006266,-0.8760580511,3
582.0774791,39.002819,-76.50006399,-0.876058051,3
582.1277319,39.00281986,-76.50006532,-0.876058051,3
582.1779721,39.00282073,-76.50006665,-0.876058051,3
582.2282223,39.00282159,-76.50006798,-0.876058051,3
582.278493,39.00282246,-76.50006931,-0.8760580509,3
582.3287411,39.00282332,-76.50007064,-0.876058051,3
582.3790191,39.00282419,-76.50007197,-0.876058051,3
582.4292979,39.00282505,-76.5000733,-0.876058051,3
582.4795533,39.00282592,-76.50007463,-0.876058051,3
582.5298682,39.00282678,-76.50007596,-0.8760580509,3
582.5801416,39.00282765,-76.50007729,-0.8760580509,3
582.6304107,39.00282851,-76.50007862,-0.8760580509,3
582.6806776,39.00282938,-76.50007995,-0.8760580509,3
582.730971,39.00283024,-76.50008128,-0.8760580509,3
582.7812306,39.00283111,-76.50008261,-0.8760580509,3
582.8315093,39.00283197,-76.50008394,-0.8760580508,3
582.8818551,39.00283284,-76.50008527,-0.8760580509,3
582.932103,39.0028337,-76.5000866,-0.8760580508,3
582.98238,39.00283457,-76.50008793,-0.8760580508,3
583.0326359,39.00283543,-76.50008926,-0.8760580509,3
583.0828887,39.0028363,-76.50009059,-0.8760580508,3
583.1331497,39.00283716,-76.50009192,-0.8760580508,3
583.1834205,39.00283803,-76.50009325,-0.8760580508,3
583.2336763,39.00283889,-76.50009458,-0.8760580508,3
583.283944,39.00283976,-76.50009591,-0.8760580508,3
583.3341798,39.00284062,-76.50009724,-0.8760580508,3
583.3844742,39.00284148,-76.50009857,-0.8760580508,3
583.4347744,39.00284235,-76.50009991,-0.8760580507,3
583.4850397,39.00284322,-76.50010123,-0.8760580508,3
583.535298,39.00284408,-76.50010256,-0.8760580507,3
583.5855541,39.00284494,-76.50010389,-0.8760580508,3
583.6358878,39.00284581,-76.50010523,-0.8760580508,3
583.686153,39.00284668,-76.50010656,-0.8760580507,3
583.736382,39.00284754,-76.50010788,-0.8760580506,3
583.7865978,39.0028484,-76.50010921,-0.8760580508,3
583.8369338,39.00284927,-76.50011055,-0.8760580507,3
583.8871976,39.00285014,-76.50011188,-0.8760580507,3
583.937428,39.002851,-76.50011321,-0.8760580506,3
583.9876907,39.00285186,-76.50011454,-0.8760580507,3
584.0379694,39.00285273,-76.50011587,-0.8760580507,3
584.0882437,39.0028536,-76.5001172,-0.8760580507,3
584.1384951,39.00285446,-76.50011853,-0.8760580507,3
584.1887524,39.00285533,-76.50011986,-0.8760580506,3
584.239048,39.00285619,-76.50012119,-0.8760580506,3
584.2893099,39.00285706,-76.50012252,-0.8760580506,3
584.3396106,39.00285792,-76.50012385,-0.8760580507,3
584.3899073,39.00285879,-76.50012518,-0.8760580506,3
584.4401735,39.00285965,-76.50012651,-0.8760580506,3
584.4904324,39.00286051,-76.50012784,-0.8760580506,3
584.5406962,39.00286138,-76.50012917,-0.8760580506,3
584.5909749,39.00286225,-76.5001305,-0.8760580505,3
584.6412252,39.00286311,-76.50013183,-0.8760580505,3
584.6914966,39.00286398,-76.50013316,-0.8760580506,3
584.7417714,39.00286484,-76.50013449,-0.8760580506,3
584.7920764,39.0028657,-76.50013582,-0.8760580505,3
584.842349,39.00286657,-76.50013715,-0.8760580505,3
584.8925602,39.00286744,-76.50013848,-0.8760580505,3
584.942844,39.0028683,-76.50013981,-0.8760580506,3
584.9931316,39.00286916,-76.50014114,-0.8760580506,3
585.0433569,39.00287003,-76.50014247,-0.8760580506,3
585.0936444,39.00287089,-76.5001438,-0.8760580505,3
585.1439391,39.00287176,-76.50014513,-0.8760580505,3
585.1941871,39.00287263,-76.50014646,-0.8760580505,3
585.2444331,39.00287349,-76.50014779,-0.8760580505,3
585.2946941,39.00287435,-76.50014912,-0.8760580504,3
585.3450245,39.00287522,-76.50015045,-0.8760580505,3
585.3952867,39.00287608,-76.50015178,-0.8760580504,3
585.4455136,39.00287695,-76.50015311,-0.8760580505,3
585.4959007,39.00287781,-76.50015444,-0.8760580504,3
585.5461603,39.00287954,-76.50015711,-0.8760580504,3
585.5963903,39.00288041,-76.50015844,-0.8760580505,3
585.6465958,39.00288128,-76.50015977,-0.8760580505,3
585.6968241,39.00288214,-76.5001611,-0.8760580505,3
585.7470567,39.00288301,-76.50016243,-0.8760580504,3
585.7972946,39.00288387,-76.50016376,-0.8760580505,3
585.847541,39.00288474,-76.50016509,-0.8760580504,3
585.9480774,39.00288647,-76.50016775,-0.8760580503,3
585.998288,39.00288733,-76.50016908,-0.8760580504,3
586.0485088,39.0028882,-76.50017041,-0.8760580504,3
586.0987393,39.00288906,-76.50017174,-0.8760580503,3
586.1489738,39.00288992,-76.50017307,-0.8760580504,3
586.1992029,39.00289079,-76.5001744,-0.8760580503,3
586.249444,39.00289165,-76.50017573,-0.8760580503,3
586.299665,39.00289252,-76.50017706,-0.8760580504,3
586.3501122,39.00289338,-76.50017839,-0.8760580503,3
586.400387,39.00289425,-76.50017972,-0.8760580504,3
586.4506206,39.00289511,-76.50018105,-0.8760580503,3
586.500834,39.00289598,-76.50018238,-0.8760580504,3
586.551064,39.00289685,-76.50018371,-0.8760580504,3
586.6013208,39.00289771,-76.50018504,-0.8760580503,3
586.6515481,39.00289858,-76.50018637,-0.8760580503,3
586.7018286,39.00289944,-76.5001877,-0.8760580503,3
586.7520413,39.0029003,-76.50018903,-0.8760580503,3
586.8023009,39.00290117,-76.50019036,-0.8760580502,3
586.8525481,39.00290203,-76.50019169,-0.8760580503,3
586.9027878,39.0029029,-76.50019302,-0.8760580502,3
586.9530706,39.00290376,-76.50019435,-0.8760580503,3
587.0033027,39.00290463,-76.50019568,-0.8760580504,3
587.053546,39.00290549,-76.50019701,-0.8760580503,3
587.1037442,39.00290636,-76.50019835,-0.8760580503,3
587.1540109,39.00290723,-76.50019968,-0.8760580503,3
587.2042613,39.00290809,-76.50020101,-0.8760580503,3
587.254521,39.00290896,-76.50020234,-0.8760580502,3
587.3047779,39.00290982,-76.50020367,-0.8760580502,3
587.3550488,39.00291069,-76.500205,-0.8760580502,3
587.4053064,39.00291155,-76.50020633,-0.8760580503,3
587.4555179,39.00291241,-76.50020766,-0.8760580503,3
587.5058582,39.00291328,-76.50020899,-0.8760580501,3
587.5561104,39.00291414,-76.50021032,-0.8760580502,3
587.6063824,39.00291501,-76.50021165,-0.8760580502,3
587.6566428,39.00291588,-76.50021298,-0.8760580503,3
587.7069027,39.00291674,-76.50021431,-0.8760580502,3
587.7571566,39.0029176,-76.50021564,-0.8760580502,3
587.807427,39.00291847,-76.50021697,-0.8760580503,3
587.8577014,39.00291934,-76.5002183,-0.8760580502,3
587.9079716,39.0029202,-76.50021963,-0.8760580502,3
587.9582382,39.00292107,-76.50022096,-0.8760580502,3
588.0085244,39.00292193,-76.50022229,-0.8760580501,3
588.0587717,39.00292279,-76.50022362,-0.8760580502,3
588.1090729,39.00292366,-76.50022495,-0.8760580501,3
588.1593347,39.00292452,-76.50022628,-0.8760580502,3
588.2095769,39.00292539,-76.50022761,-0.8760580502,3
588.2598058,39.00292625,-76.50022894,-0.8760580501,3
588.3100601,39.00292712,-76.50023027,-0.8760580502,3
588.3603014,39.00292798,-76.5002316,-0.8760580502,3
588.4105845,39.00292885,-76.50023293,-0.8760580502,3
588.4608662,39.00292971,-76.50023426,-0.8760580502,3
588.5111147,39.00293058,-76.50023559,-0.8760580502,3
588.5613689,39.00293144,-76.50023692,-0.8760580502,3
588.6116082,39.00293231,-76.50023825,-0.8760580502,3
588.6618628,39.00293317,-76.50023958,-0.8760580501,3
588.7121626,39.00293404,-76.50024092,-0.8760580501,3
588.7624221,39.0029349,-76.50024224,-0.8760580501,3
588.8126918,39.00293577,-76.50024358,-0.8760580501,3
588.8629493,39.00293663,-76.50024491,-0.87605805,3
588.9131657,39.0029375,-76.50024624,-0.8760580502,3
588.9634057,39.00293837,-76.50024757,-0.8760580501,3
589.0136895,39.00293923,-76.5002489,-0.8760580502,3
589.0639321,39.0029401,-76.50025023,-0.8760580501,3
589.1141914,39.00294096,-76.50025156,-0.8760580502,3
589.1644768,39.00294182,-76.50025289,-0.8760580501,3
589.2147182,39.00294269,-76.50025422,-0.87605805,3
589.265002,39.00294356,-76.50025555,-0.8760580501,3
589.3153464,39.00294442,-76.50025688,-0.8760580501,3
589.3656249,39.00294529,-76.50025821,-0.87605805,3
589.4159304,39.00294615,-76.50025954,-0.87605805,3
589.4661768,39.00294702,-76.50026087,-0.87605805,3
589.5163772,39.00294788,-76.5002622,-0.87605805,3
589.5665847,39.00294875,-76.50026353,-0.8760580501,3
589.6169024,39.00294961,-76.50026486,-0.8760580501,3
589.6671567,39.00295047,-76.50026619,-0.8760580501,3
589.7174003,39.00295134,-76.50026752,-0.8760580501,3
589.767671,39.0029522,-76.50026885,-0.8760580501,3
589.8179395,39.00295307,-76.50027018,-0.8760580501,3
589.8681758,39.00295394,-76.50027151,-0.87605805,3
589.9184583,39.0029548,-76.50027284,-0.87605805,3
589.9686907,39.00295567,-76.50027417,-0.8760580501,3
590.0189324,39.00295653,-76.5002755,-0.8760580501,3
590.069138,39.00295739,-76.50027683,-0.87605805,3
590.1193875,39.00295826,-76.50027816,-0.87605805,3
590.1695751,39.00295913,-76.50027949,-0.87605805,3
590.2198539,39.00295999,-76.50028083,-0.87605805,3
590.2700684,39.00296085,-76.50028215,-0.8760580501,3
590.3203237,39.00296172,-76.50028349,-0.8760580501,3
590.3705793,39.00296259,-76.50028482,-0.87605805,3
590.4208542,39.00296345,-76.50028614,-0.8760580501,3
590.4710912,39.00296431,-76.50028747,-0.87605805,3
590.5213483,39.00296518,-76.50028881,-0.87605805,3
590.5716195,39.00296604,-76.50029014,-0.87605805,3
590.6218892,39.00296691,-76.50029147,-0.87605805,3
590.6721463,39.00296777,-76.5002928,-0.87605805,3
590.7223868,39.00296864,-76.50029413,-0.87605805,3
590.7726426,39.0029695,-76.50029546,-0.87605805,3
590.8228901,39.00297037,-76.50029679,-0.8760580499,3
590.8731175,39.00297124,-76.50029812,-0.8760580499,3
590.923354,39.0029721,-76.50029945,-0.8760580501,3
590.9735701,39.00297297,-76.50030078,-0.8760580501,3
591.0238494,39.00297383,-76.50030211,-0.8760580499,3
591.0740771,39.00297469,-76.50030344,-0.87605805,3
591.1243407,39.00297556,-76.50030477,-0.87605805,3
591.1745544,39.00297642,-76.5003061,-0.87605805,3
591.2248025,39.00297729,-76.50030743,-0.8760580499,3
591.2750673,39.00297815,-76.50030876,-0.8760580499,3
591.3253326,39.00297902,-76.50031009,-0.87605805,3
591.3756105,39.00297989,-76.50031142,-0.8760580499,3
591.4259012,39.00298075,-76.50031275,-0.8760580499,3
591.476136,39.00298161,-76.50031408,-0.8760580499,3
591.5263796,39.00298248,-76.50031541,-0.8760580499,3
591.5765991,39.00298335,-76.50031674,-0.8760580498,3
591.6268927,39.00298421,-76.50031807,-0.87605805,3
591.6771137,39.00298507,-76.5003194,-0.87605805,3
591.7273778,39.00298594,-76.50032073,-0.87605805,3
591.7776363,39.0029868,-76.50032206,-0.8760580499,3
591.8279049,39.00298767,-76.50032339,-0.8760580499,3
591.8781275,39.00298853,-76.50032472,-0.87605805,3
591.9283226,39.0029894,-76.50032605,-0.8760580499,3
591.9785809,39.00299026,-76.50032738,-0.8760580499,3
592.0288041,39.00299113,-76.50032871,-0.8760580498,3
592.0790507,39.00299199,-76.50033004,-0.8760580499,3
592.129279,39.00299286,-76.50033138,-0.8760580499,3
592.1795333,39.00299372,-76.5003327,-0.8760580499,3
592.2298377,39.00299459,-76.50033403,-0.8760580498,3
592.2801191,39.00299545,-76.50033536,-0.87605805,3
592.3303765,39.00299632,-76.50033669,-0.87605805,3
592.3806654,39.00299718,-76.50033803,-0.87605805,3
592.4309411,39.00299805,-76.50033936,-0.8760580499,3
592.4811858,39.00299891,-76.50034069,-0.8760580499,3
592.5314245,39.00299978,-76.50034202,-0.8760580499,3
592.5816674,39.00300064,-76.50034335,-0.8760580499,3
592.6319374,39.00300151,-76.50034468,-0.8760580499,3
592.6821491,39.00300237,-76.50034601,-0.8760580499,3
592.7323666,39.00300324,-76.50034734,-0.8760580499,3
592.7825876,39.0030041,-76.50034867,-0.8760580499,3
592.8328871,39.00300497,-76.50035,-0.8760580498,3
592.8831336,39.00300583,-76.50035133,-0.8760580499,3
592.9333343,39.0030067,-76.50035266,-0.8760580498,3
592.9836158,39.00300756,-76.50035399,-0.8760580499,3
593.033889,39.00300843,-76.50035532,-0.8760580499,3
593.0840973,39.00300929,-76.50035665,-0.8760580499,3
593.1343865,39.00301016,-76.50035798,-0.8760580499,3
593.1846475,39.00301102,-76.50035931,-0.87605805,3
593.2349136,39.00301189,-76.50036064,-0.8760580499,3
593.2851766,39.00301275,-76.50036197,-0.8760580498,3
593.3354641,39.00301362,-76.5003633,-0.8760580498,3
593.3857168,39.00301448,-76.50036463,-0.8760580498,3
593.4360431,39.00301535,-76.50036596,-0.8760580498,3
593.4863204,39.00301621,-76.50036729,-0.8760580498,3
593.5365811,39.00301708,-76.50036862,-0.8760580498,3
593.5868649,39.00301794,-76.50036995,-0.8760580498,3
593.6371149,39.00301881,-76.50037128,-0.87605805,3
593.6873559,39.00301967,-76.50037261,-0.8760580499,3
593.7377165,39.00302054,-76.50037395,-0.8760580499,3
593.7879823,39.0030214,-76.50037527,-0.8760580499,3
593.83823,39.00302227,-76.5003766,-0.8760580498,3
593.8884798,39.00302313,-76.50037793,-0.8760580499,3
593.9387142,39.003024,-76.50037927,-0.8760580498,3
593.9889654,39.00302486,-76.5003806,-0.8760580498,3
594.0392265,39.00302573,-76.50038193,-0.8760580498,3
594.0894984,39.00302659,-76.50038326,-0.8760580498,3
594.1397455,39.00302746,-76.50038459,-0.8760580498,3
594.1900133,39.00302832,-76.50038592,-0.8760580498,3
594.2402798,39.00302919,-76.50038725,-0.8760580497,3
594.2905175,39.00303005,-76.50038858,-0.8760580499,3
594.340805,39.00303092,-76.50038991,-0.8760580499,3
594.3911199,39.00303178,-76.50039124,-0.8760580498,3
594.4413928,39.00303265,-76.50039257,-0.8760580498,3
594.4917131,39.00303351,-76.5003939,-0.8760580499,3
594.5420072,39.00303438,-76.50039523,-0.8760580498,3
594.5922437,39.00303524,-76.50039656,-0.8760580498,3
594.6425322,39.00303611,-76.50039789,-0.8760580498,3
594.6927948,39.00303697,-76.50039922,-0.8760580498,3
594.7430675,39.00303784,-76.50040055,-0.8760580498,3
594.7933365,39.0030387,-76.50040188,-0.8760580498,3
594.8436306,39.00303957,-76.50040321,-0.8760580497,3
594.8939128,39.00304043,-76.50040454,-0.8760580497,3
594.9442226,39.0030413,-76.50040587,-0.8760580499,3
594.9945179,39.00304216,-76.5004072,-0.8760580499,3
595.0447535,39.00304303,-76.50040853,-0.8760580498,3
595.0950337,39.00304389,-76.50040986,-0.8760580498,3
595.1453066,39.00304476,-76.50041119,-0.8760580498,3
595.1956182,39.00304562,-76.50041252,-0.8760580498,3
595.2459025,39.00304649,-76.50041385,-0.8760580498,3
595.2961482,39.00304822,-76.50041651,-0.8760580497,3
595.3464152,39.00304908,-76.50041784,-0.8760580497,3
595.3966594,39.00304995,-76.50041918,-0.8760580497,3
595.4469854,39.00305081,-76.5004205,-0.8760580497,3
595.49724,39.00305168,-76.50042184,-0.8760580497,3
595.5475324,39.00305254,-76.50042316,-0.8760580496,3
595.5979524,39.00305341,-76.50042449,-0.8760580498,3
595.6483426,39.00305427,-76.50042582,-0.8760580499,3
595.6986199,39.00305514,-76.50042715,-0.8760580498,3
595.7488622,39.003056,-76.50042849,-0.8760580498,3
595.7991509,39.00305687,-76.50042982,-0.8760580498,3
595.8493772,39.00305773,-76.50043115,-0.8760580497,3
595.8996033,39.0030586,-76.50043248,-0.8760580498,3
595.9498531,39.00305946,-76.50043381,-0.8760580498,3
596.0001087,39.00306033,-76.50043514,-0.8760580498,3
596.0502996,39.00306119,-76.50043647,-0.8760580496,3
596.1004839,39.00306206,-76.5004378,-0.8760580497,3
596.1506859,39.00306292,-76.50043913,-0.8760580496,3
596.20087,39.00306379,-76.50044046,-0.8760580497,3
596.2510456,39.00306465,-76.50044179,-0.8760580498,3
596.301246,39.00306552,-76.50044312,-0.8760580498,3
596.351494,39.00306638,-76.50044445,-0.8760580498,3
596.4017395,39.00306725,-76.50044578,-0.8760580498,3
596.4519746,39.00306811,-76.50044711,-0.8760580497,3
596.5022158,39.00306898,-76.50044844,-0.8760580498,3
596.552399,39.00306984,-76.50044977,-0.8760580497,3
596.6026374,39.00307071,-76.5004511,-0.8760580497,3
596.6528435,39.00307157,-76.50045243,-0.8760580496,3
596.7030299,39.00307244,-76.50045376,-0.8760580497,3
596.7532188,39.0030733,-76.50045509,-0.8760580497,3
596.8033941,39.00307417,-76.50045642,-0.8760580496,3
596.8536006,39.00307503,-76.50045775,-0.8760580497,3
596.9038703,39.0030759,-76.50045908,-0.8760580498,3
596.9541302,39.00307676,-76.50046041,-0.8760580497,3
597.0043295,39.00307763,-76.50046174,-0.8760580498,3
597.0546046,39.00307849,-76.50046307,-0.8760580498,3
597.1048971,39.00307936,-76.5004644,-0.8760580497,3
597.1551539,39.00308022,-76.50046573,-0.8760580497,3
597.2054002,39.00308109,-76.50046707,-0.8760580497,3
597.2556309,39.00308195,-76.50046839,-0.8760580498,3
597.3058999,39.00308282,-76.50046973,-0.8760580497,3
597.3561201,39.00308368,-76.50047105,-0.8760580497,3
597.4063527,39.00308453,-76.50047236,-0.8760580497,2.949989098
