elapsed_s,lat_deg,lon_deg,yaw_rad,speed_mps
1.069e-06,39,-76.5,0,0
0.050183387,39,-76.5,0,0
0.100395127,39.00000002,-76.5,6.23562483e-13,0.050006066
0.150608662,39.00000007,-76.5,-9.260272022e-12,0.099993012
0.200781319,39.00000014,-76.5,-6.328454874e-12,0.149989138
0.251010735,39.00000023,-76.5,-2.156376762e-12,0.200006843
0.301194141,39.00000034,-76.5,-1.825379951e-13,0.250074337
0.351340289,39.00000047,-76.5,1.044015574e-12,0.299982736
0.401592273,39.00000063,-76.5,4.77730783e-12,0.350062641
0.451835298,39.00000081,-76.5,1.354380984e-12,0.400018043
0.502036098,39.00000101,-76.5,3.557329875e-12,0.450005013
0.552228223,39.00000124,-76.5,2.985281076e-13,0.500016857
0.602482685,39.00000149,-76.5,-2.699312334e-12,0.550019167
0.652680225,39.00000176,-76.5,-6.05949494e-12,0.600014598
0.702921803,39.00000205,-76.5,-2.352995063e-12,0.650016602
0.753204146,39.00000236,-76.5,-6.620417409e-12,0.700012113
0.803346837,39.0000027,-76.5,-5.419054713e-12,0.750073385
0.853618094,39.00000306,-76.5,3.800533563e-13,0.799995118
0.903798526,39.00000345,-76.5,-2.880630907e-12,0.84997301
0.953979024,39.00000385,-76.5,-4.59841613e-12,0.899967857
1.004159556,39.00000428,-76.5,-3.946166278e-13,0.949968606
1.054383846,39.00000473,-76.5,-1.047239809e-11,0.9999672
1.10456753,39.0000052,-76.5,-6.774493825e-12,1.049968172
1.154796787,39.0000057,-76.5,4.262388055e-12,1.100065709
1.204994769,39.00000622,-76.5,7.957863619e-13,1.150047446
1.255188206,39.00000676,-76.5,-2.53640387e-12,1.199966479
1.305352433,39.00000732,-76.5,-6.441713874e-12,1.249961278
1.355538141,39.0000079,-76.5,-6.908077466e-12,1.299970901
1.405780403,39.00000851,-76.5,-1.308653468e-12,1.350021098
1.455985414,39.00000914,-76.5,-6.335162372e-13,1.400070428
1.506264621,39.0000098,-76.5,-5.463237421e-12,1.450021103
1.556457595,39.00001047,-76.5,-1.003591377e-11,1.500005727
1.606690407,39.00001117,-76.5,-6.166511171e-12,1.549953587
1.656906077,39.00001189,-76.5,1.814838809e-12,1.599986888
1.707156522,39.00001263,-76.5,-6.849864875e-12,1.650050798
1.757342717,39.0000134,-76.5,4.177291537e-12,1.699984737
1.807528445,39.00001419,-76.5,-4.204649252e-12,1.74999952
1.857726064,39.000015,-76.5,2.155386946e-12,1.799999308
1.907915286,39.00001583,-76.5,-6.136430469e-12,1.850002359
1.958113573,39.00001669,-76.5,-4.454124168e-13,1.900076931
2.008360627,39.00001757,-76.5,-4.454124168e-13,1.950013024
2.058606233,39.00001847,-76.5,5.025198785e-12,2.000100562
2.108811841,39.00001939,-76.5,-4.673840019e-12,2.05001223
2.159002859,39.00002033,-76.5,-7.595855555e-12,2.09998756
2.209184068,39.0000213,-76.5,-2.72053554e-13,2.14995412
2.25934938,39.00002229,-76.5,5.962896919e-12,2.20002496
2.309535807,39.00002331,-76.5,4.405627091e-12,2.250016046
2.359718608,39.00002434,-76.5,7.955627051e-13,2.299956682
2.409921835,39.0000254,-76.5,-4.692507761e-12,2.349999684
2.460209546,39.00002648,-76.5,-4.520767887e-12,2.400000518
2.510489811,39.00002759,-76.5,2.72159656e-12,2.450019744
2.56069986,39.00002871,-76.5,-6.820995763e-12,2.500072254
2.610942318,39.00002986,-76.5,1.777794578e-12,2.550065133
2.661137025,39.00003103,-76.5,-6.735683463e-12,2.600063398
2.711344578,39.00003223,-76.5,-4.879916745e-12,2.650004793
2.761536229,39.00003344,-76.5,6.991325887e-12,2.700072682
2.811726744,39.00003468,-76.5,6.343192725e-13,2.750044434
2.861995233,39.00003594,-76.5,-3.473682219e-12,2.800051098
2.912199958,39.00003722,-76.5,-6.205467471e-12,2.850013499
2.962430139,39.00003853,-76.5,-1.141933725e-12,2.900067463
3.012652631,39.00003986,-76.5,-1.481488664e-13,2.950013993
3.062891619,39.00004121,-76.5,-1.55342447e-13,3
3.113168034,39.00004256,-76.5,6.641394808e-12,3
3.163418516,39.00004391,-76.5,3.638837832e-12,3
3.213665401,39.00004526,-76.5,-5.329785041e-13,3
3.263897944,39.00004662,-76.5,-2.68264718e-12,3
3.314163448,39.00004797,-76.5,2.72102619e-12,3
3.364348788,39.00004932,-76.5,-2.862356022e-12,3
3.414559857,39.00005067,-76.5,-5.67970113e-12,3
3.464786394,39.00005202,-76.5,1.463017692e-12,3
3.514995473,39.00005337,-76.5,-8.457962004e-13,3
3.565235241,39.00005472,-76.5,8.524076211e-13,3
3.615394852,39.00005607,-76.5,-4.658519591e-12,3
3.665584555,39.00005742,-76.5,-8.791977665e-12,3
3.71577137,39.00005878,-76.5,-4.900995908e-14,3
3.765971822,39.00006013,-76.5,-5.577139936e-12,3
3.816173632,39.00006148,-76.5,-1.461093267e-12,3
3.866412405,39.00006283,-76.5,-3.331934089e-12,3
3.916623194,39.00006418,-76.5,-4.298014538e-12,3
3.966835178,39.00006553,-76.5,1.595675374e-12,3
4.017033448,39.00006688,-76.5,4.864509747e-12,3
4.067344286,39.00006823,-76.5,2.74632877e-12,3
4.117589447,39.00006958,-76.5,7.194146067e-12,3
4.167872733,39.00007094,-76.5,2.22915859e-12,3
4.218115021,39.00007229,-76.5,5.56438528e-12,3
4.268345001,39.00007364,-76.5,-4.781316345e-12,3
4.318553925,39.00007499,-76.5,-5.662653664e-12,3
4.368776837,39.00007634,-76.5,-5.977692659e-12,3
4.419009099,39.00007769,-76.5,-4.542125352e-13,3
4.46920791,39.00007904,-76.5,-3.757765997e-13,3
4.519382704,39.0000804,-76.5,-3.369465119e-12,3
4.569573855,39.00008175,-76.5,-5.28298104e-12,3
4.619778946,39.0000831,-76.5,-6.612986931e-12,3
4.669978528,39.00008445,-76.5,-6.343688567e-12,3
4.720208776,39.0000858,-76.5,-1.1556344e-12,3
4.770404009,39.00008715,-76.5,-1.879332576e-12,3
4.82061851,39.0000885,-76.5,-1.910833219e-12,3
4.870854868,39.00008985,-76.5,-9.568916214e-13,3
4.921056498,39.0000912,-76.5,-5.178126044e-12,3
4.971275599,39.00009255,-76.5,3.537395576e-14,3
5.021505709,39.0000939,-76.5,-1.98034965e-12,3
5.071686174,39.00009526,-76.5,-5.698399496e-12,3
5.121869415,39.00009661,-76.5,1.401342798e-12,3
5.172066763,39.00009796,-76.5,-2.687424423e-12,3
5.222274903,39.00009931,-76.5,-4.113504552e-13,3
5.272468372,39.00010066,-76.5,-4.697998982e-12,3
5.322650366,39.00010201,-76.5,-3.894852146e-12,3
5.372842223,39.00010336,-76.5,-5.814966294e-12,3
5.423039498,39.00010471,-76.5,5.46970404e-12,3
5.473223731,39.00010607,-76.5,-2.628540764e-12,3
5.523413432,39.00010742,-76.5,-3.948627922e-12,3
5.573594914,39.00010877,-76.5,-2.412354005e-13,3
5.623793864,39.00011012,-76.5,-2.190362179e-12,3
5.673982521,39.00011147,-76.5,-1.233664411e-12,3
5.724168086,39.00011282,-76.5,2.301793864e-12,3
5.774346027,39.00011417,-76.5,-5.600139704e-12,3
5.824531142,39.00011552,-76.5,-4.899208686e-12,3
5.87471595,39.00011687,-76.5,3.78137739e-12,3
5.924894137,39.00011823,-76.5,-7.007200625e-12,3
5.975110154,39.00011958,-76.5,3.337810567e-12,3
6.025341774,39.00012093,-76.5,4.656720664e-14,3
6.07553866,39.00012228,-76.5,-2.288507908e-12,3
6.125730203,39.00012363,-76.5,-3.830896323e-12,3
6.176020655,39.00012498,-76.5,-3.795652715e-12,3
6.226269461,39.00012633,-76.5,-8.415725831e-12,3
6.276497436,39.00012768,-76.5,-9.802098271e-12,3
6.326714373,39.00012904,-76.5,-1.136928026e-12,3
6.376925761,39.00013039,-76.5,-7.10560473e-12,3
6.427186568,39.00013174,-76.5,3.699831226e-12,3
6.477477829,39.00013309,-76.5,-1.315046224e-12,3
6.527757212,39.00013444,-76.5,8.737784265e-13,3
6.578049991,39.00013579,-76.5,-7.521938406e-12,3
6.628296238,39.00013714,-76.5,-7.760392056e-12,3
6.67851515,39.00013849,-76.5,1.352311248e-12,3
6.728719555,39.00013985,-76.5,-4.062852874e-13,3
6.77896196,39.0001412,-76.5,2.298301025e-12,3
6.82924739,39.00014255,-76.5,1.310105655e-12,3
6.879480833,39.0001439,-76.5,-2.429328297e-12,3
6.92970164,39.00014525,-76.5,-9.568844082e-13,3
6.979971107,39.0001466,-76.5,1.100247238e-12,3
7.030187425,39.00014795,-76.5,-6.409555281e-13,3
7.080394764,39.0001493,-76.5,-4.912960773e-13,3
7.130653574,39.00015065,-76.5,-9.900195631e-12,3
7.180904402,39.00015201,-76.5,7.977242809e-14,3
7.231138838,39.00015336,-76.5,-2.426117012e-12,3
7.281404946,39.00015471,-76.5,-7.516003772e-14,3
7.33160349,39.00015606,-76.5,4.21612857e-13,3
7.381810988,39.00015741,-76.5,-4.978462248e-12,3
7.432019263,39.00015876,-76.5,2.299987786e-12,3
7.482316785,39.00016011,-76.5,-2.460869409e-14,3
7.532540828,39.00016146,-76.5,7.156319872e-12,3
7.582814567,39.00016281,-76.5,-2.928777962e-13,3
7.63306834,39.00016417,-76.5,4.159407716e-12,3
7.683330982,39.00016552,-76.5,3.136814512e-12,3
7.733589307,39.00016687,-76.5,-8.865099538e-12,3
7.783865447,39.00016822,-76.5,-1.638041838e-12,3
7.834141569,39.00016957,-76.5,5.336555577e-12,3
7.884399384,39.00017092,-76.5,5.018464887e-13,3
7.934728122,39.00017227,-76.5,-6.238267885e-12,3
7.984989188,39.00017362,-76.5,4.324756911e-12,3
8.035254209,39.00017497,-76.5,-6.396948009e-12,3
8.085569957,39.00017633,-76.5,3.961478553e-12,3
8.135828299,39.00017768,-76.5,-6.159632972e-12,3
8.186142212,39.00017903,-76.5,-4.766246826e-13,3
8.236396469,39.00018038,-76.5,-4.428038493e-12,3
8.286644758,39.00018173,-76.5,6.405665292e-12,3
8.336915309,39.00018308,-76.5,-1.031739764e-13,3
8.387163606,39.00018443,-76.5,1.418751169e-12,3
8.437421754,39.00018578,-76.5,-8.584811407e-12,3
8.487696194,39.00018713,-76.5,6.23326083e-12,3
8.537923492,39.00018849,-76.5,-5.353905326e-12,3
8.588238842,39.00018984,-76.5,-4.414182182e-12,3
8.638519989,39.00019119,-76.5,7.440312061e-12,3
8.688732815,39.00019254,-76.5,-1.876838627e-12,3
8.738958166,39.00019389,-76.5,-1.876838627e-12,3
8.789215925,39.00019524,-76.5,1.600648379e-12,3
8.839500148,39.00019659,-76.5,-1.013734638e-13,3
8.889735423,39.00019794,-76.5,6.414350944e-12,3
8.939980524,39.0001993,-76.5,1.530215149e-12,3
8.990265069,39.00020065,-76.5,-2.865741934e-12,3
9.040601732,39.000202,-76.5,-6.335299023e-12,3
9.090841276,39.00020335,-76.5,-6.2113605e-12,3
9.141104704,39.0002047,-76.5,2.485576732e-12,3
9.191405988,39.00020605,-76.5,-8.130396166e-12,3
9.241703886,39.00020741,-76.5,3.374601635e-12,3
9.291985668,39.00020876,-76.5,3.048984782e-12,3
9.342241024,39.00021011,-76.5,2.576709192e-12,3
9.392517446,39.00021146,-76.5,-2.397412997e-12,3
9.44278915,39.00021281,-76.5,4.268502451e-12,3
9.493309765,39.00021416,-76.5,-2.366649467e-12,3
9.543577366,39.00021551,-76.5,6.524426271e-12,3
9.59385333,39.00021686,-76.5,-5.54937889e-13,3
9.644155403,39.00021821,-76.5,-1.990140043e-12,3
9.694428877,39.00021956,-76.5,-2.312754851e-12,3
9.744719172,39.00022092,-76.5,3.07411579e-12,3
9.794996949,39.00022227,-76.5,6.980349284e-12,3
9.84527926,39.00022362,-76.5,4.536376317e-12,3
9.895557897,39.00022632,-76.5,-2.992826492e-12,3
9.945810962,39.00022767,-76.5,4.429183583e-12,3
9.996082952,39.00022902,-76.5,8.663734818e-12,3
10.0463527,39.00023038,-76.5,-2.644666581e-12,3
10.09657228,39.00023172,-76.5,4.28900099e-12,3
10.1468345,39.00023308,-76.5,-4.052364624e-12,3
10.19707003,39.00023443,-76.5,5.885457998e-12,3
10.24735875,39.00023578,-76.5,7.731936789e-12,3
10.29762177,39.00023713,-76.5,3.030043131e-12,3
10.34786805,39.00023848,-76.5,-2.584305309e-12,3
10.39822891,39.00023983,-76.5,8.376836202e-13,3
10.44847916,39.00024118,-76.5,1.939234763e-12,3
10.49868263,39.00024253,-76.5,1.020420742e-12,3
10.54891665,39.00024388,-76.5,-9.261797691e-12,3
10.5991784,39.00024524,-76.5,-4.132903024e-12,3
10.64937169,39.00024659,-76.5,-8.595127212e-13,3
10.69953696,39.00024794,-76.5,-1.870941006e-12,3
10.74976547,39.00024929,-76.5,5.262203243e-12,3
10.79996459,39.00025064,-76.5,4.024483331e-12,3
10.85020918,39.00025199,-76.5,-8.664437464e-12,3
10.90047138,39.00025334,-76.5,3.345035955e-12,3
10.95072913,39.00025469,-76.5,-3.350274975e-12,3
11.00093492,39.00025605,-76.5,-6.890446371e-12,3
11.05115403,39.0002574,-76.5,5.097970877e-12,3
11.10146931,39.00025875,-76.5,-7.720060093e-12,3
11.15172426,39.0002601,-76.5,-5.462163165e-12,3
11.20194522,39.00026145,-76.5,2.914900673e-12,3
11.25215903,39.0002628,-76.5,-7.087947857e-13,3
11.30238903,39.00026415,-76.5,5.430420117e-12,3
11.35261455,39.00026551,-76.5,2.247666561e-12,3
11.40284724,39.00026686,-76.5,5.682824613e-12,3
11.45309361,39.00026821,-76.5,2.383539908e-13,3
11.50337313,39.00026956,-76.5,-4.288860757e-12,3
11.55355996,39.00027091,-76.5,-1.733834552e-12,3
11.60374028,39.00027226,-76.5,-8.441506431e-13,3
11.65393597,39.00027361,-76.5,4.284526865e-12,3
11.70416659,39.00027496,-76.5,2.47149857e-12,3
11.75437166,39.00027631,-76.5,1.00738313e-11,3
11.80461395,39.00027766,-76.5,-7.392010679e-12,3
11.85491544,39.00027902,-76.5,-2.617245079e-12,3
11.90520348,39.00028037,-76.5,-5.136296803e-12,3
11.95541046,39.00028172,-76.5,-3.720771062e-12,3
12.00561453,39.00028307,-76.5,-6.695350144e-13,3
12.05583089,39.00028442,-76.5,-5.662570314e-12,3
12.10605684,39.00028577,-76.5,3.637357657e-12,3
12.15629684,39.00028712,-76.5,-7.245579113e-12,3
12.20654056,39.00028848,-76.5,-5.393518621e-13,3
12.25673821,39.00028983,-76.5,3.149048903e-12,3
12.30697874,39.00029118,-76.5,-5.799836643e-12,3
12.35725137,39.00029253,-76.5,-8.043007938e-14,3
12.40745019,39.00029388,-76.5,-6.831307556e-12,3
12.45770933,39.00029523,-76.5,1.713550663e-12,3
12.50794194,39.00029658,-76.5,-2.16647144e-12,3
12.55823711,39.00029793,-76.5,-2.716775525e-12,3
12.60847863,39.00029928,-76.5,3.090749354e-12,3
12.65868702,39.00030064,-76.5,-1.480884733e-12,3
12.70895015,39.00030199,-76.5,-8.861856657e-13,3
12.75922114,39.00030334,-76.5,8.885461367e-13,3
12.80949558,39.00030469,-76.5,-1.713713636e-12,3
12.85969003,39.00030604,-76.5,-5.380618594e-12,3
12.90990268,39.00030739,-76.5,4.28264553e-12,3
12.9601328,39.00030874,-76.5,3.983711229e-12,3
13.01030892,39.00031009,-76.5,-1.592792567e-12,3
13.0605027,39.00031144,-76.5,-2.395786868e-12,3
13.11071619,39.00031279,-76.5,-1.178712047e-12,3
13.16097392,39.00031415,-76.5,2.932320028e-12,3
13.21127164,39.0003155,-76.5,5.707623587e-12,3
13.26173436,39.00031685,-76.5,-7.103927267e-13,3
13.31193405,39.0003182,-76.5,-3.289542721e-12,3
13.36215003,39.00031955,-76.5,9.1922412e-12,3
13.41234225,39.0003209,-76.5,1.075331714e-12,3
13.46261329,39.00032225,-76.5,3.264261914e-12,3
13.51284552,39.0003236,-76.5,-2.411694182e-12,3
13.56310537,39.00032495,-76.5,2.978492403e-14,3
13.61334656,39.00032631,-76.5,-3.269639294e-12,3
13.66355196,39.00032766,-76.5,4.560114638e-12,3
13.71373275,39.00032901,-76.5,7.522801292e-12,3
13.7639255,39.00033036,-76.5,-1.481992421e-12,3
13.81411481,39.00033171,-76.5,-1.087656586e-12,3
13.86431606,39.00033306,-76.5,-1.820340323e-12,3
13.91449684,39.00033441,-76.5,-6.854166654e-12,3
13.96464996,39.00033576,-76.5,2.802823607e-12,3
14.01482336,39.00033712,-76.5,-2.125741096e-12,3
14.06499672,39.00033847,-76.5,7.974307185e-12,3
14.11517969,39.00033982,-76.5,4.147375686e-12,3
14.1653442,39.00034117,-76.5,3.390591086e-13,3
14.21553856,39.00034252,-76.5,2.565789233e-12,3
14.26578543,39.00034387,-76.5,-3.259433603e-12,3
14.31600009,39.00034522,-76.5,3.195646291e-12,3
14.36619159,39.00034657,-76.5,-4.366905208e-12,3
14.41644064,39.00034793,-76.5,3.433783781e-12,3
14.4667092,39.00034928,-76.5,-4.409406271e-12,3
14.51693243,39.00035063,-76.5,-4.795397248e-12,3
14.56717485,39.00035198,-76.5,4.541871374e-13,3
14.61742765,39.00035333,-76.5,-1.332600775e-12,3
14.6676737,39.00035468,-76.5,-4.304948753e-13,3
14.71793616,39.00035603,-76.5,3.401694718e-13,3
14.76814086,39.00035738,-76.5,7.743743416e-12,3
14.81837589,39.00035873,-76.5,2.197076148e-13,3
14.86862588,39.00036009,-76.5,2.319957855e-12,3
14.91887509,39.00036144,-76.5,-5.793644909e-12,3
14.96921066,39.00036279,-76.5,-5.793644909e-12,3
15.01941965,39.00036414,-76.5,8.601783836e-13,3
15.06962051,39.00036549,-76.5,-1.322835078e-12,3
15.11987618,39.00036684,-76.5,-2.911943217e-12,3
15.17008363,39.00036819,-76.5,-4.28845266e-12,3
15.22036944,39.00036954,-76.5,8.771690019e-13,3
15.27056947,39.00037089,-76.5,2.040380123e-12,3
15.3208194,39.00037225,-76.5,1.606884767e-13,3
15.37107989,39.0003736,-76.5,-2.510364904e-12,3
15.42130588,39.00037495,-76.5,-4.198141758e-12,3
15.4714838,39.0003763,-76.5,-8.529666663e-12,3
15.52166169,39.00037765,-76.5,2.712094365e-12,3
15.57183214,39.000379,-76.5,1.218296519e-13,3
15.6220018,39.00038035,-76.5,-6.642392055e-13,3
15.67221169,39.0003817,-76.5,4.62554584e-12,3
15.72239948,39.00038306,-76.5,-3.872641159e-12,3
15.77263282,39.00038441,-76.5,6.17660614e-12,3
15.82283058,39.00038576,-76.5,-4.166363959e-12,3
15.87302429,39.00038711,-76.5,3.742359722e-12,3
15.92322093,39.00038846,-76.5,-2.130307198e-12,3
15.97348059,39.00038981,-76.5,1.853612783e-12,3
16.02370405,39.00039116,-76.5,-3.781456942e-13,3
16.07395385,39.00039251,-76.5,2.872959274e-14,3
16.12417978,39.00039386,-76.5,-4.130068205e-12,3
16.17439849,39.00039522,-76.5,1.287748472e-12,3
16.22465806,39.00039657,-76.5,2.677728307e-12,3
16.27490764,39.00039792,-76.5,-4.649980112e-12,3
16.32518743,39.00039927,-76.5,1.759975117e-12,3
16.37541584,39.00040062,-76.5,3.018824472e-12,3
16.42562178,39.00040197,-76.5,-3.840624406e-13,3
16.4758633,39.00040332,-76.5,-7.861471205e-13,3
16.52604777,39.00040467,-76.5,-2.441035285e-12,3
16.57623042,39.00040603,-76.5,4.354932968e-12,3
16.62643433,39.00040737,-76.5,-1.646509917e-12,3
16.67663464,39.00040873,-76.5,-5.751092121e-12,3
16.72683554,39.00041008,-76.5,-9.850432859e-13,3
16.77703349,39.00041143,-76.5,1.157495886e-12,3
16.82720581,39.00041278,-76.5,-2.990585746e-12,3
16.87737597,39.00041413,-76.5,5.271888229e-12,3
16.92759327,39.00041548,-76.5,4.959100883e-12,3
16.97783047,39.00041684,-76.5,-7.249868958e-12,3
17.02804132,39.00041819,-76.5,1.358808704e-12,3
17.07825143,39.00041954,-76.5,1.961834971e-12,3
17.12853252,39.00042089,-76.5,-1.768766779e-13,3
17.17880672,39.00042224,-76.5,-6.001616111e-12,3
17.22907828,39.00042359,-76.5,-1.727991637e-12,3
17.27935769,39.00042494,-76.5,4.987513544e-12,3
17.32961533,39.00042629,-76.5,4.90541615e-12,3
17.37982467,39.00042764,-76.5,-4.798913926e-12,3
17.43004853,39.00042899,-76.5,3.477717293e-12,3
17.48028138,39.00043035,-76.5,1.859285686e-12,3
17.53048492,39.0004317,-76.5,6.219391641e-13,3
17.58069199,39.00043305,-76.5,-2.674051299e-14,3
17.6309088,39.0004344,-76.5,7.468493345e-12,3
17.68116314,39.00043575,-76.5,8.333682377e-12,3
17.73144322,39.0004371,-76.5,-1.038466057e-12,3
17.78171419,39.00043845,-76.5,-7.688446964e-12,3
17.83199637,39.00043981,-76.5,3.186361735e-12,3
17.88221402,39.00044116,-76.5,-4.054535554e-12,3
17.9324757,39.00044251,-76.5,1.869264305e-12,3
17.98275158,39.00044386,-76.5,4.462285003e-12,3
18.03303436,39.00044521,-76.5,4.125667847e-13,3
18.08338747,39.00044656,-76.5,5.381356334e-12,3
18.13363136,39.00044791,-76.5,2.828201503e-12,3
18.18389473,39.00044926,-76.5,1.63618782e-12,3
18.23411764,39.00045061,-76.5,2.963736592e-12,3
18.28441853,39.00045197,-76.5,-3.78170577e-12,3
18.33466806,39.00045332,-76.5,-6.565774373e-12,3
18.38495074,39.00045467,-76.5,5.686963193e-12,3
18.43517489,39.00045602,-76.5,-1.501133637e-12,3
18.48539397,39.00045737,-76.5,-4.787472213e-12,3
18.53560201,39.00045872,-76.5,-4.647962612e-12,3
18.58583741,39.00046007,-76.5,7.856527386e-12,3
18.63603231,39.00046142,-76.5,2.693204872e-12,3
18.68620084,39.00046278,-76.5,-8.491584275e-13,3
18.73649061,39.00046413,-76.5,1.656160996e-12,3
18.7866719,39.00046548,-76.5,-3.230427853e-12,3
18.83686755,39.00046683,-76.5,6.476748548e-12,3
18.88703339,39.00046818,-76.5,5.175333697e-14,3
18.9372066,39.00046953,-76.5,5.280644323e-13,3
18.9874547,39.00047088,-76.5,-5.86866013e-12,3
19.03771083,39.00047223,-76.5,-2.786066676e-12,3
19.08798417,39.00047358,-76.5,6.298775659e-12,3
19.13823213,39.00047493,-76.5,-1.995832131e-13,3
19.18844109,39.00047629,-76.5,-5.454927748e-12,3
19.23867823,39.00047764,-76.5,-7.659314788e-13,3
19.28889692,39.00047899,-76.5,4.364814826e-12,3
19.33920794,39.00048034,-76.5,2.980456929e-12,3
19.38953051,39.00048169,-76.5,7.047694583e-12,3
19.43976469,39.00048304,-76.5,-1.039934102e-12,3
19.49005354,39.00048439,-76.5,2.269408187e-12,3
19.54031003,39.00048574,-76.5,1.025449064e-12,3
19.59055565,39.0004871,-76.5,1.014450587e-12,3
19.64079748,39.00048845,-76.5,-4.52603398e-12,3
19.69104502,39.0004898,-76.5,2.996880297e-12,3
19.74134218,39.00049115,-76.5,-8.360457011e-15,3
19.79160561,39.0004925,-76.5,-4.026489652e-12,3
19.84186717,39.00049385,-76.5,-8.112922191e-12,3
19.89215445,39.0004952,-76.5,6.70231662e-12,3
19.94243748,39.00049655,-76.5,-5.556705791e-12,3
19.99271025,39.0004979,-76.5,-2.447014315e-12,3
20.04296814,39.00049925,-76.5,1.38396937e-12,3
20.09321881,39.0005006,-76.5,-6.553380989e-13,3
20.14347143,39.00050196,-76.5,-2.269297807e-12,3
20.19375489,39.00050331,-76.5,-3.370664187e-12,3
20.24402469,39.00050466,-76.5,-2.852636888e-12,3
20.29431538,39.00050601,-76.5,3.374364557e-12,3
20.34458452,39.00050736,-76.5,-1.938641163e-12,3
20.39490841,39.00050871,-76.5,4.543092558e-12,3
20.44522446,39.00051007,-76.5,-1.5699707e-12,3
20.49553297,39.00051277,-76.5,-1.067119618e-12,3
20.54573635,39.00051412,-76.5,7.499558431e-12,3
20.5959273,39.00051547,-76.5,-1.287999432e-12,3
20.64618702,39.00051682,-76.5,-1.121283509e-12,3
20.69638314,39.00051817,-76.5,1.401684867e-12,3
20.74660663,39.00051952,-76.5,-1.376834274e-12,3
20.79680869,39.00052087,-76.5,2.42967836e-13,3
20.84710436,39.00052222,-76.5,2.42967836e-13,3
20.89732022,39.00052358,-76.5,4.127779979e-12,3
20.94752356,39.00052493,-76.5,-3.774454735e-12,3
20.99768145,39.00052628,-76.5,8.277690593e-12,3
21.04786646,39.00052763,-76.5,-6.296890353e-12,3
21.09805962,39.00052898,-76.5,6.267151143e-12,3
21.14831132,39.00053033,-76.5,-5.324160343e-12,3
21.19858603,39.00053168,-76.5,-3.227358617e-12,3
21.24878593,39.00053303,-76.5,6.10332631e-12,3
21.29905275,39.00053439,-76.5,5.739988075e-13,3
21.34933001,39.00053574,-76.5,-4.240831078e-12,3
21.39956391,39.00053709,-76.5,5.694927758e-12,3
21.44981951,39.00053844,-76.5,9.627681344e-13,3
21.50007416,39.00053979,-76.5,-2.202343443e-12,3
21.5503363,39.00054114,-76.5,4.710163678e-12,3
21.60057228,39.00054249,-76.5,4.156857575e-13,3
21.65087835,39.00054384,-76.5,2.481065497e-12,3
21.7010913,39.0005452,-76.5,-1.458613906e-12,3
21.75130336,39.00054655,-76.5,-1.72728488e-12,3
21.80151628,39.0005479,-76.5,9.926569457e-13,3
21.85174818,39.00054925,-76.5,-8.494290994e-13,3
21.90193791,39.0005506,-76.5,5.709355798e-13,3
21.95214387,39.00055195,-76.5,-1.08330688e-12,3
22.00229945,39.0005533,-76.5,-1.29871516e-12,3
22.05248435,39.00055465,-76.5,1.169428854e-12,3
22.10265032,39.000556,-76.5,5.839227395e-12,3
22.1528784,39.00055736,-76.5,3.614619532e-12,3
22.20310777,39.00055871,-76.5,-1.729414908e-12,3
22.25342287,39.00056006,-76.5,-4.464033794e-12,3
22.30361822,39.00056141,-76.5,5.420585532e-12,3
22.35391343,39.00056276,-76.5,-6.74977003e-13,3
22.40410273,39.00056411,-76.5,-5.991623219e-12,3
22.45436411,39.00056546,-76.5,-2.60545133e-12,3
22.50462141,39.00056681,-76.5,9.484767063e-12,3
22.55492427,39.00056817,-76.5,3.41496265e-12,3
22.6051988,39.00056952,-76.5,1.125109957e-12,3
22.65542219,39.00057087,-76.5,1.270270789e-12,3
22.70563553,39.00057222,-76.5,7.21321189e-13,3
22.75588661,39.00057357,-76.5,-3.137344114e-12,3
22.8061638,39.00057492,-76.5,2.340077306e-12,3
22.85637895,39.00057627,-76.5,-4.868031541e-12,3
22.90657677,39.00057762,-76.5,8.023099263e-12,3
22.95680795,39.00057897,-76.5,1.463640249e-12,3
23.00704727,39.00058033,-76.5,4.14225642e-12,3
23.05729355,39.00058168,-76.5,3.550478551e-13,3
23.10749613,39.00058303,-76.5,-1.146195361e-12,3
23.15771423,39.00058438,-76.5,-4.857845862e-12,3
23.20793717,39.00058573,-76.5,6.183652678e-12,3
23.25818425,39.00058708,-76.5,4.408150344e-13,3
23.30839951,39.00058843,-76.5,5.990196062e-12,3
23.3585996,39.00058978,-76.5,-8.16262571e-13,3
23.40879306,39.00059114,-76.5,2.060104302e-12,3
23.45897993,39.00059248,-76.5,1.596542675e-12,3
23.50919477,39.00059384,-76.5,-1.403368696e-12,3
23.55938363,39.00059519,-76.5,7.237728571e-12,3
23.60959428,39.00059654,-76.5,-3.168700331e-12,3
23.6598022,39.00059789,-76.5,5.069758684e-12,3
23.71001748,39.00059924,-76.5,-2.435592701e-12,3
23.76029095,39.00060059,-76.5,6.12113856e-12,3
23.81047742,39.00060194,-76.5,3.426975708e-12,3
23.86068018,39.00060329,-76.5,-1.236531905e-12,3
23.91093198,39.00060465,-76.5,1.588840258e-12,3
23.96120762,39.000606,-76.5,4.93288678e-12,3
24.01144362,39.00060735,-76.5,5.809381534e-12,3
24.06171492,39.0006087,-76.5,2.316846425e-12,3
24.11195233,39.00061005,-76.5,-5.548489668e-12,3
24.16221761,39.0006114,-76.5,6.560086506e-13,3
24.21249206,39.00061275,-76.5,2.459404874e-12,3
24.26276328,39.0006141,-76.5,1.429244704e-12,3
24.31305171,39.00061546,-76.5,-6.447570134e-12,3
24.36333784,39.0006168,-76.5,-3.133271286e-12,3
24.41354133,39.00061816,-76.5,8.528773007e-12,3
24.46373459,39.00061951,-76.5,2.132502437e-13,3
24.51399485,39.00062086,-76.5,2.205490435e-12,3
24.56428323,39.00062221,-76.5,3.599661564e-12,3
24.61456747,39.00062356,-76.5,1.101746613e-12,3
24.66484085,39.00062491,-76.5,1.217457848e-12,3
24.71509658,39.00062626,-76.5,-4.110317883e-12,3
24.76531533,39.00062762,-76.5,-5.65614993e-12,3
24.81557662,39.00062897,-76.5,1.703887027e-12,3
24.86582144,39.00063032,-76.5,4.112738158e-12,3
24.91604913,39.00063167,-76.5,7.484177181e-13,3
24.96633234,39.00063302,-76.5,5.096722156e-12,3
25.01659725,39.00063437,-76.5,1.463137697e-12,3
25.06685356,39.00063572,-76.5,4.490161832e-12,3
25.11715432,39.00063707,-76.5,7.191764489e-12,3
25.1676749,39.00063843,-76.5,-1.022738668e-12,3
25.21796906,39.00063978,-76.5,3.286611313e-12,3
25.26826042,39.00064113,-76.5,5.49138779e-13,3
25.31857103,39.00064248,-76.5,-3.207419288e-12,3
25.3688293,39.00064383,-76.5,3.700621373e-12,3
25.41910115,39.00064518,-76.5,1.095036734e-12,3
25.46939788,39.00064653,-76.5,-6.799828083e-12,3
25.51965558,39.00064788,-76.5,-3.561929114e-12,3
25.56989577,39.00064923,-76.5,9.671049651e-12,3
25.62018512,39.00065058,-76.5,4.484213732e-12,3
25.67042832,39.00065194,-76.5,-6.287941893e-12,3
25.72069626,39.00065329,-76.5,-1.924931145e-12,3
25.77093817,39.00065464,-76.5,-9.669980364e-13,3
25.82121555,39.00065599,-76.5,5.619966643e-12,3
25.87147856,39.00065734,-76.5,4.362889762e-13,3
25.92176081,39.00065869,-76.5,-1.823208193e-14,3
25.97204294,39.00066005,-76.5,-7.645561533e-12,3
26.02233513,39.0006614,-76.5,5.576650649e-12,3
26.07258765,39.00066275,-76.5,-4.422197191e-12,3
26.12286449,39.0006641,-76.5,-1.470214384e-12,3
26.17308039,39.00066545,-76.5,1.337438407e-12,3
26.22339012,39.0006668,-76.5,1.099185598e-13,3
26.27366757,39.00066815,-76.5,-5.978432607e-12,3
26.32394434,39.0006695,-76.5,4.308111166e-12,3
26.37421359,39.00067085,-76.5,-3.778487573e-12,3
26.4244637,39.0006722,-76.5,1.043020364e-11,3
26.4747066,39.00067355,-76.5,-6.952240491e-12,3
26.52499265,39.00067491,-76.5,-1.025678563e-11,3
26.57526274,39.00067626,-76.5,9.591616273e-12,3
26.62557028,39.00067761,-76.5,-2.473299497e-12,3
26.67583401,39.00067896,-76.5,-3.842029939e-12,3
26.72614492,39.00068031,-76.5,-4.751384482e-12,3
26.77642437,39.00068166,-76.5,-1.585410194e-12,3
26.82671802,39.00068301,-76.5,-4.101348575e-12,3
26.87694447,39.00068436,-76.5,1.243102487e-12,3
26.92720878,39.00068572,-76.5,-2.530302717e-12,3
26.97749178,39.00068707,-76.5,6.51728907e-12,3
27.02775932,39.00068842,-76.5,-2.06135657e-12,3
27.07803619,39.00068977,-76.5,-4.568875903e-13,3
27.12840089,39.00069112,-76.5,4.267881727e-12,3
27.178625,39.00069247,-76.5,4.267881727e-12,3
27.22884467,39.00069382,-76.5,8.427259108e-12,3
27.27910549,39.00069517,-76.5,-1.030063566e-11,3
27.32942605,39.00069653,-76.5,-7.244494837e-12,3
27.37964494,39.00069788,-76.5,-5.022238576e-12,3
27.42984891,39.00069923,-76.5,-2.77627421e-12,3
27.4801153,39.00070058,-76.5,-8.452502278e-12,3
27.53040182,39.00070193,-76.5,3.346690866e-12,3
27.58060341,39.00070328,-76.5,6.373836493e-12,3
27.6308093,39.00070463,-76.5,-3.158072995e-12,3
27.6809762,39.00070598,-76.5,9.782259506e-12,3
27.73132844,39.00070734,-76.5,2.613255904e-12,3
27.78162671,39.00070869,-76.5,-8.630770776e-13,3
27.83189775,39.00071004,-76.5,-1.173417151e-12,3
27.88220036,39.00071139,-76.5,-4.485467572e-12,3
27.93245938,39.00071274,-76.5,-2.99045264e-12,3
27.98267357,39.00071409,-76.5,-2.395112629e-12,3
28.03287419,39.00071544,-76.5,1.091757846e-11,3
28.08317661,39.00071679,-76.5,-3.530167237e-12,3
28.13485318,39.00071814,-76.5,-1.471701012e-12,3
28.18515584,39.00071949,-76.5,1.020333903e-11,3
28.23545872,39.00072085,-76.5,-7.391174531e-12,3
28.28574725,39.0007222,-76.5,5.115598287e-12,3
28.33602037,39.00072355,-76.5,-1.143222989e-11,3
28.38631541,39.0007249,-76.5,9.098970794e-12,3
28.43660393,39.00072625,-76.5,-1.673576605e-12,3
28.48685847,39.0007276,-76.5,1.905424146e-13,3
28.53719128,39.00072895,-76.5,3.137304382e-12,3
28.58747827,39.0007303,-76.5,6.360505942e-12,3
28.63774724,39.00073166,-76.5,-1.412923507e-12,3
28.68801279,39.00073301,-76.5,5.499318527e-12,3
28.73835689,39.00073436,-76.5,7.571384714e-13,3
28.78863585,39.00073571,-76.5,4.633672177e-12,3
28.83889604,39.00073706,-76.5,1.18087495e-11,3
28.88920792,39.00073841,-76.5,4.272123818e-13,3
28.93946592,39.00073976,-76.5,-4.256727428e-13,3
28.98974511,39.00074111,-76.5,-1.165421646e-12,3
29.04004874,39.00074246,-76.5,5.102987413e-12,3
29.09037075,39.00074381,-76.5,3.870434883e-12,3
29.14064046,39.00074517,-76.5,4.899972078e-12,3
29.19086675,39.00074652,-76.5,1.021372352e-11,3
29.24106635,39.00074787,-76.5,-1.540375358e-12,3
29.29134886,39.00074922,-76.5,6.104238257e-12,3
29.34163221,39.00075057,-76.5,8.595779234e-13,3
29.39188575,39.00075192,-76.5,-3.071791242e-12,3
29.44218514,39.00075327,-76.5,1.313320091e-11,3
29.49247398,39.00075463,-76.5,-1.458052616e-12,3
29.5427503,39.00075597,-76.5,-4.84122488e-12,3
29.59303982,39.00075733,-76.5,5.571291925e-13,3
29.64334054,39.00075868,-76.5,-1.205135581e-12,3
29.69356258,39.00076003,-76.5,9.575850833e-12,3
29.74382645,39.00076138,-76.5,3.695440684e-12,3
29.7940961,39.00076273,-76.5,-5.893792308e-13,3
29.84438222,39.00076408,-76.5,1.762978522e-12,3
29.8946419,39.00076543,-76.5,-6.571654646e-12,3
29.94492675,39.00076678,-76.5,4.868937658e-12,3
29.99518232,39.00076814,-76.5,-2.623724279e-12,3
30.045495,39.00077084,-76.5,7.891361257e-12,3
30.09569212,39.00077219,-76.5,-1.001774594e-12,3
30.14593703,39.00077354,-76.5,1.559246311e-11,3
30.19618308,39.00077489,-76.5,1.257467641e-11,3
30.24642637,39.00077624,-76.5,1.036123535e-11,3
30.29661276,39.0007776,-76.5,6.615433857e-12,3
30.34678806,39.00077895,-76.5,-1.184611497e-12,3
30.39694056,39.0007803,-76.5,-1.732491268e-12,3
30.44710571,39.00078165,-76.5,7.556034951e-12,3
30.49735067,39.000783,-76.5,6.792503282e-12,3
30.54759102,39.00078435,-76.5,8.146709482e-12,3
30.59782538,39.0007857,-76.5,2.58569887e-12,3
30.64807333,39.00078705,-76.5,8.940240634e-12,3
30.69832106,39.0007884,-76.5,1.078200801e-11,3
30.74857208,39.00078975,-76.5,8.168984917e-13,3
30.79876608,39.00079111,-76.5,1.479254257e-12,3
30.84897211,39.00079246,-76.5,1.042983888e-11,3
30.89915157,39.00079381,-76.5,2.25959576e-12,3
30.9493323,39.00079516,-76.5,8.891620535e-12,3
30.99951805,39.00079651,-76.5,-1.22757727e-12,3
31.04976387,39.00079786,-76.5,1.154209334e-11,3
31.09998583,39.00079921,-76.5,-5.891837573e-12,3
31.15022567,39.00080056,-76.5,1.238413006e-11,3
31.20043691,39.00080191,-76.5,-7.1939405e-12,3
31.25068851,39.00080327,-76.5,1.594146253e-12,3
31.30094713,39.00080462,-76.5,4.266434836e-12,3
31.35121167,39.00080597,-76.5,-3.085586213e-12,3
31.40154058,39.00080732,-76.5,1.014366626e-11,3
31.45184301,39.00080867,-76.5,-3.472353929e-13,3
31.50208561,39.00081002,-76.5,-4.497451479e-12,3
31.55232742,39.00081137,-76.5,-3.159525296e-12,3
31.60258431,39.00081272,-76.5,6.672140174e-12,3
31.65284785,39.00081408,-76.5,1.442630515e-11,3
31.70310664,39.00081543,-76.5,4.894663694e-12,3
31.75333571,39.00081678,-76.5,1.718584015e-11,3
31.80356021,39.00081813,-76.5,-1.954747489e-12,3
31.85382765,39.00081948,-76.5,7.773869666e-13,3
31.90406976,39.00082083,-76.5,-1.205310145e-11,3
31.9543536,39.00082218,-76.5,1.093061414e-11,3
32.00460543,39.00082354,-76.5,-7.316097299e-12,3
32.05485454,39.00082489,-76.5,-4.648100671e-12,3
32.10505385,39.00082624,-76.5,-3.278812637e-12,3
32.15532451,39.00082759,-76.5,-6.032005434e-12,3
32.20552836,39.00082894,-76.5,-5.905877278e-12,3
32.25572044,39.00083029,-76.5,1.866029063e-12,3
32.30595386,39.00083164,-76.5,-9.127108576e-12,3
32.35618681,39.00083299,-76.5,3.8557149e-12,3
32.40642433,39.00083434,-76.5,1.605976175e-11,3
32.45661676,39.0008357,-76.5,-1.62249088e-11,3
32.50685045,39.00083705,-76.5,1.580309921e-11,3
32.5570333,39.0008384,-76.5,2.256811549e-12,3
32.60722887,39.00083975,-76.5,2.914656555e-12,3
32.65750637,39.0008411,-76.5,5.679585438e-12,3
32.7076979,39.00084245,-76.5,6.212118421e-12,3
32.75788792,39.0008438,-76.5,4.698884857e-13,3
32.80806735,39.00084515,-76.5,-3.827397239e-12,3
32.85828849,39.0008465,-76.5,-1.161673395e-11,3
32.9084593,39.00084785,-76.5,1.17632581e-12,3
32.95864711,39.00084921,-76.5,9.028836705e-13,3
33.00884447,39.00085056,-76.5,-1.560826456e-12,3
33.05904875,39.00085191,-76.5,1.707906091e-12,3
33.10926356,39.00085326,-76.5,-3.134243403e-12,3
33.15952702,39.00085461,-76.5,4.691335563e-13,3
33.20972048,39.00085596,-76.5,3.769847148e-12,3
33.25999326,39.00085731,-76.5,-6.451037744e-13,3
33.31019625,39.00085867,-76.5,-6.383439068e-12,3
33.36045053,39.00086002,-76.5,-3.570168162e-12,3
33.41066379,39.00086137,-76.5,-1.576171463e-12,3
33.46087681,39.00086272,-76.5,-6.072446158e-12,3
33.51109118,39.00086407,-76.5,4.654438032e-12,3
33.56131319,39.00086542,-76.5,4.654438032e-12,3
33.61154212,39.00086677,-76.5,4.14640707e-12,3
33.66171659,39.00086812,-76.5,8.33344024e-12,3
33.7119404,39.00086947,-76.5,4.592585708e-12,3
33.76220864,39.00087083,-76.5,7.857361107e-12,3
33.81244375,39.00087218,-76.5,3.766873565e-12,3
33.86263133,39.00087353,-76.5,2.058568739e-12,3
33.91276503,39.00087488,-76.5,3.473733678e-12,3
33.9629044,39.00087623,-76.5,-1.358802602e-12,3
34.0130441,39.00087758,-76.5,5.486118015e-12,3
34.06318637,39.00087893,-76.5,4.114197026e-12,3
34.11332955,39.00088028,-76.5,1.684756253e-12,3
34.16347333,39.00088163,-76.5,1.14582544e-12,3
34.21362259,39.00088298,-76.5,1.633811184e-13,3
34.26377554,39.00088434,-76.5,3.524141763e-12,3
34.31393032,39.00088569,-76.5,-3.151961784e-12,3
34.36416397,39.00088704,-76.5,6.030522164e-12,3
34.41445054,39.00088839,-76.5,2.632123969e-13,3
34.4646905,39.00088974,-76.5,-2.703026622e-12,3
34.51494683,39.00089109,-76.5,-1.010825185e-12,3
34.56516002,39.00089244,-76.5,-6.703451461e-12,3
34.61543881,39.00089379,-76.5,-4.249807934e-12,3
34.66569116,39.00089514,-76.5,4.1048282e-12,3
34.71594068,39.0008965,-76.5,4.020822908e-12,3
34.76619636,39.00089785,-76.5,-5.151752828e-12,3
34.81640204,39.0008992,-76.5,1.192713316e-12,3
34.86666312,39.00090055,-76.5,-1.105666581e-12,3
34.91694652,39.0009019,-76.5,4.554978043e-12,3
34.96720298,39.00090325,-76.5,4.415409257e-12,3
35.01749539,39.0009046,-76.5,5.817539117e-12,3
35.0677305,39.00090595,-76.5,1.683620292e-14,3
35.11796483,39.0009073,-76.5,1.582989351e-12,3
35.1682482,39.00090866,-76.5,6.614276016e-12,3
35.21850203,39.00091001,-76.5,2.755683767e-12,3
35.26873541,39.00091136,-76.5,-1.538610214e-12,3
35.31900056,39.00091271,-76.5,-7.074648991e-14,3
35.3692693,39.00091406,-76.5,4.118792493e-12,3
35.41955042,39.00091541,-76.5,3.001654077e-12,3
35.4698194,39.00091676,-76.5,-3.401407884e-12,3
35.52006582,39.00091811,-76.5,1.881209489e-12,3
35.57035659,39.00091947,-76.5,-6.421094777e-12,3
35.62059795,39.00092082,-76.5,9.095114811e-12,3
35.67087006,39.00092217,-76.5,-2.404471886e-12,3
35.72118219,39.00092352,-76.5,-6.869164796e-12,3
35.77143411,39.00092487,-76.5,1.280471452e-12,3
35.82170001,39.00092622,-76.5,-8.072643998e-12,3
35.87193403,39.00092757,-76.5,4.876601205e-12,3
35.9222076,39.00092892,-76.5,6.371282496e-12,3
35.97244625,39.00093028,-76.5,1.301967611e-12,3
36.02270591,39.00093163,-76.5,-5.424750305e-12,3
36.07292653,39.00093298,-76.5,1.287550263e-12,3
36.12317177,39.00093433,-76.5,3.398466282e-12,3
36.17344555,39.00093568,-76.5,3.714577616e-12,3
36.22370827,39.00093703,-76.5,-1.906952622e-12,3
36.2739524,39.00093838,-76.5,-2.540183226e-12,3
36.32422611,39.00093974,-76.5,-3.593295009e-12,3
36.37445836,39.00094109,-76.5,1.13505451e-12,3
36.42473823,39.00094244,-76.5,1.954614076e-12,3
36.47495445,39.00094379,-76.5,-3.549336048e-12,3
36.52518436,39.00094514,-76.5,9.101314664e-12,3
36.57536164,39.00094649,-76.5,5.540353483e-12,3
36.62554637,39.00094784,-76.5,2.112844844e-12,3
36.67574631,39.00094919,-76.5,-3.549694783e-12,3
36.72594453,39.00095054,-76.5,-1.929157143e-12,3
36.77617728,39.00095189,-76.5,1.00001194e-12,3
36.82643576,39.00095325,-76.5,6.153649499e-12,3
36.87664865,39.0009546,-76.5,-2.758481809e-12,3
36.92686082,39.00095595,-76.5,-6.188002007e-12,3
36.97704835,39.0009573,-76.5,-3.316890162e-12,3
37.02735143,39.00095865,-76.5,-6.691766052e-12,3
37.07755614,39.00096,-76.5,-5.06253604e-12,3
37.12780674,39.00096135,-76.5,1.170527494e-12,3
37.17807735,39.00096271,-76.5,5.73118516e-12,3
37.2283428,39.00096406,-76.5,-7.072429948e-12,3
37.27856832,39.00096541,-76.5,-4.649792825e-12,3
37.32879662,39.00096676,-76.5,-2.278070008e-12,3
37.3790771,39.00096811,-76.5,-4.266072185e-13,3
37.42935598,39.00096946,-76.5,-6.553154862e-12,3
37.47961026,39.00097081,-76.5,2.509955239e-12,3
37.5299007,39.00097216,-76.5,-8.239240667e-12,3
37.58021129,39.00097351,-76.5,4.231421633e-12,3
37.63047252,39.00097487,-76.5,3.624106182e-12,3
37.68069916,39.00097622,-76.5,7.964833247e-13,3
37.73100434,39.00097757,-76.5,-5.946666589e-12,3
37.78123007,39.00097892,-76.5,2.89518709e-12,3
37.83144072,39.00098027,-76.5,-7.352688405e-12,3
37.88170065,39.00098162,-76.5,3.281477748e-12,3
37.9319788,39.00098297,-76.5,4.818559124e-12,3
37.98222612,39.00098432,-76.5,3.375082362e-12,3
38.03247005,39.00098567,-76.5,4.416922872e-13,3
38.08270033,39.00098702,-76.5,3.045012825e-12,3
38.13292486,39.00098838,-76.5,-3.002855688e-12,3
38.18317378,39.00098973,-76.5,3.797235713e-13,3
38.23339304,39.00099108,-76.5,-6.922916863e-12,3
38.28362209,39.00099243,-76.5,3.304648201e-12,3
38.33389504,39.00099378,-76.5,-2.737162311e-12,3
38.38421149,39.00099513,-76.5,9.891577515e-12,3
38.43445838,39.00099648,-76.5,-4.766943952e-12,3
38.48475467,39.00099783,-76.5,-1.680175122e-12,3
38.53503216,39.00099919,-76.5,1.069296339e-13,3
38.5853204,39.00100054,-76.5,8.224967648e-12,3
38.6355605,39.00100189,-76.5,2.636042581e-12,3
38.68578686,39.00100324,-76.5,-2.901469486e-12,3
38.73603509,39.00100459,-76.5,5.625470504e-12,3
38.7863104,39.00100594,-76.5,2.608744162e-12,3
38.83658152,39.00100729,-76.5,-5.721207102e-14,3
38.8868563,39.00100864,-76.5,-2.921728896e-12,3
38.93711324,39.00100999,-76.5,3.056726347e-12,3
38.98741308,39.00101134,-76.5,-1.330111595e-13,3
39.03768867,39.0010127,-76.5,2.274787511e-12,3
39.08795441,39.00101405,-76.5,7.520882324e-12,3
39.13822305,39.0010154,-76.5,-4.352911829e-12,3
39.18848931,39.00101675,-76.5,-8.69615878e-13,3
39.23877644,39.0010181,-76.5,-5.491520384e-12,3
39.28900477,39.00101945,-76.5,-4.967576825e-12,3
39.33932978,39.0010208,-76.5,-1.534064747e-12,3
39.38961327,39.00102215,-76.5,6.753297997e-12,3
39.43992402,39.00102351,-76.5,3.026235968e-12,3
39.49020847,39.00102486,-76.5,2.375198617e-12,3
39.54050667,39.00102621,-76.5,-4.381338831e-12,3
39.59081304,39.00102756,-76.5,2.812740117e-12,3
39.64107453,39.00102891,-76.5,2.812740117e-12,3
39.6913518,39.00103026,-76.5,-1.630595474e-15,3
39.74162087,39.00103161,-76.5,4.492189875e-12,3
39.79190122,39.00103296,-76.5,-6.659124231e-13,3
39.84221721,39.00103431,-76.5,-6.860723464e-13,3
39.89247489,39.00103567,-76.5,2.914120974e-12,3
39.94271864,39.00103702,-76.5,9.944323728e-13,3
39.99301878,39.00103837,-76.5,2.454236566e-12,3
40.04333299,39.00103972,-76.5,1.282678752e-12,3
40.09358162,39.00104107,-76.5,1.826215163e-12,3
40.14388142,39.00104242,-76.5,-8.502500167e-12,3
40.19419904,39.00104378,-76.5,2.586866623e-12,3
40.24445979,39.00104512,-76.5,5.517168688e-12,3
40.29473905,39.00104648,-76.5,-1.281795858e-12,3
40.34502735,39.00104783,-76.5,-1.015261307e-12,3
40.39546241,39.00104918,-76.5,3.457073416e-12,3
40.44568469,39.00105188,-76.5,-5.298857896e-12,3
40.49587952,39.00105323,-76.5,5.336859637e-12,3
40.54614113,39.00105459,-76.5,2.433333158e-15,3
40.59635082,39.00105593,-76.5,4.990158179e-12,3
40.64657989,39.00105729,-76.5,3.50181496e-12,3
40.69677289,39.00105864,-76.5,8.927457702e-12,3
40.74703604,39.00105999,-76.5,2.534383019e-12,3
40.79729025,39.00106134,-76.5,1.457356099e-12,3
40.8474775,39.00106269,-76.5,1.634084235e-12,3
40.89772255,39.00106404,-76.5,5.099288607e-12,3
40.94791781,39.00106539,-76.5,-5.442656836e-12,3
40.99821766,39.00106675,-76.5,-2.597707873e-12,3
41.04842793,39.0010681,-76.5,-4.858283373e-12,3
41.098665,39.00106945,-76.5,9.012704745e-12,3
41.14889102,39.0010708,-76.5,5.28951773e-13,3
41.19911105,39.00107215,-76.5,1.299848637e-12,3
41.24937166,39.0010735,-76.5,2.492171223e-12,3
41.29956872,39.00107485,-76.5,1.144906658e-12,3
41.34982736,39.0010762,-76.5,-2.487961662e-12,3
41.40003522,39.00107755,-76.5,-2.924422563e-12,3
41.45029997,39.00107891,-76.5,9.816806278e-12,3
41.50053548,39.00108025,-76.5,-3.082161873e-12,3
41.55075269,39.00108161,-76.5,-3.772898123e-12,3
41.60096563,39.00108296,-76.5,1.159690693e-13,3
41.65119619,39.00108431,-76.5,-1.882929762e-12,3
41.70144512,39.00108566,-76.5,-5.177912733e-12,3
41.75172202,39.00108701,-76.5,1.379506249e-13,3
41.80194375,39.00108836,-76.5,-2.419060337e-12,3
41.85217917,39.00108971,-76.5,2.907382827e-12,3
41.90242046,39.00109107,-76.5,5.552626914e-12,3
41.95265767,39.00109241,-76.5,-7.324761345e-13,3
42.00291299,39.00109377,-76.5,1.289675589e-12,3
42.05321221,39.00109512,-76.5,1.523426286e-12,3
42.103429,39.00109647,-76.5,8.183959723e-12,3
42.15376496,39.00109782,-76.5,-3.900667226e-13,3
42.2040947,39.00109917,-76.5,6.660823971e-12,3
42.2543851,39.00110052,-76.5,5.455022755e-12,3
42.30460394,39.00110187,-76.5,-4.23343515e-12,3
42.35482925,39.00110323,-76.5,6.233904134e-12,3
42.40510222,39.00110458,-76.5,-5.063346676e-12,3
42.45531707,39.00110593,-76.5,6.766546177e-12,3
42.50557082,39.00110728,-76.5,8.017415839e-13,3
42.55577106,39.00110863,-76.5,6.881218446e-12,3
42.60596356,39.00110998,-76.5,6.537968099e-12,3
42.65615915,39.00111133,-76.5,9.320756324e-12,3
42.70634947,39.00111269,-76.5,3.100085488e-12,3
42.7565946,39.00111404,-76.5,6.338054533e-12,3
42.80682378,39.00111539,-76.5,-2.429132969e-13,3
42.85702687,39.00111674,-76.5,-1.759461259e-12,3
42.9073404,39.00111809,-76.5,2.044120452e-12,3
42.9576094,39.00111944,-76.5,7.260444727e-12,3
43.00789317,39.00112079,-76.5,5.531492123e-12,3
43.05823312,39.00112214,-76.5,-4.028688104e-12,3
43.10849602,39.00112349,-76.5,5.611357322e-13,3
43.15872043,39.00112484,-76.5,1.378188436e-12,3
43.20897833,39.00112619,-76.5,1.270337062e-12,3
43.25919097,39.00112754,-76.5,-1.67447927e-12,3
43.30948872,39.0011289,-76.5,-3.508832819e-12,3
43.3597675,39.00113025,-76.5,-4.540640431e-12,3
43.41003726,39.0011316,-76.5,9.542315616e-12,3
43.46034137,39.00113295,-76.5,-1.53827592e-12,3
43.51062784,39.0011343,-76.5,-5.48356599e-12,3
43.56091856,39.00113565,-76.5,-2.414731945e-12,3
43.61124107,39.001137,-76.5,9.346240775e-12,3
43.66157277,39.00113835,-76.5,-2.261612034e-12,3
43.71183365,39.00113971,-76.5,8.010105564e-12,3
43.76215363,39.00114106,-76.5,2.655029501e-12,3
43.81241982,39.00114241,-76.5,2.317218995e-12,3
43.86268451,39.00114376,-76.5,9.109036782e-12,3
43.91294615,39.00114511,-76.5,-1.486930955e-12,3
43.96322181,39.00114646,-76.5,-4.308609823e-12,3
44.01354759,39.00114781,-76.5,5.945869501e-12,3
44.06381152,39.00114916,-76.5,5.59144339e-12,3
44.1140763,39.00115052,-76.5,2.881049956e-12,3
44.1643671,39.00115187,-76.5,-2.488047511e-12,3
44.21468368,39.00115322,-76.5,3.305412999e-12,3
44.26496648,39.00115457,-76.5,3.464478967e-12,3
44.31526168,39.00115592,-76.5,2.299163541e-12,3
44.36560699,39.00115727,-76.5,-4.231311341e-12,3
44.41588521,39.00115862,-76.5,6.116908529e-12,3
44.46614266,39.00115998,-76.5,-8.471766401e-12,3
44.51641119,39.00116132,-76.5,-5.657152933e-12,3
44.5666987,39.00116268,-76.5,9.05683175e-13,3
44.61694192,39.00116403,-76.5,1.572017542e-12,3
44.66719553,39.00116538,-76.5,-3.926627161e-12,3
44.71753171,39.00116673,-76.5,-1.633384164e-13,3
44.76778111,39.00116808,-76.5,5.155324248e-12,3
44.81803867,39.00116943,-76.5,1.911742991e-12,3
44.86833972,39.00117078,-76.5,5.491689294e-12,3
44.91861578,39.00117213,-76.5,-5.419760542e-13,3
44.96888001,39.00117348,-76.5,6.266439122e-12,3
45.01909724,39.00117484,-76.5,3.588978478e-12,3
45.06934435,39.00117619,-76.5,-7.63684935e-12,3
45.11964564,39.00117754,-76.5,-9.562812192e-13,3
45.16991265,39.00117889,-76.5,-7.676106241e-12,3
45.22014124,39.00118024,-76.5,-1.318900396e-12,3
45.27038584,39.00118159,-76.5,1.162158266e-12,3
45.32063103,39.00118295,-76.5,5.95132818e-13,3
45.37087556,39.0011843,-76.5,-5.19082908e-12,3
45.42110522,39.00118565,-76.5,5.394684141e-12,3
45.47140808,39.001187,-76.5,7.799880178e-12,3
45.52164523,39.00118835,-76.5,-4.248185818e-12,3
45.57187904,39.0011897,-76.5,1.950863149e-12,3
45.62208728,39.00119105,-76.5,1.950863149e-12,3
45.67232594,39.0011924,-76.5,-3.748525156e-12,3
45.72258369,39.00119375,-76.5,-9.045031628e-13,3
45.77282017,39.00119511,-76.5,-2.300283427e-12,3
45.82306801,39.00119646,-76.5,2.556892333e-12,3
45.87333716,39.00119781,-76.5,-2.325989335e-12,3
45.92362377,39.00119916,-76.5,1.130808858e-12,3
45.97387674,39.00120051,-76.5,5.872202137e-12,3
46.02416917,39.00120186,-76.5,3.363222132e-12,3
46.07442017,39.00120321,-76.5,6.087609696e-12,3
46.12462384,39.00120457,-76.5,-1.783540109e-12,3
46.17486439,39.00120591,-76.5,9.478229006e-12,3
46.22510233,39.00120727,-76.5,-1.194713218e-13,3
46.2754087,39.00120862,-76.5,-3.923554502e-12,3
46.32568378,39.00120997,-76.5,6.520885611e-12,3
46.37592139,39.00121132,-76.5,-1.324125201e-12,3
46.42614853,39.00121267,-76.5,3.40280993e-12,3
46.47638168,39.00121402,-76.5,6.289503933e-12,3
46.52663557,39.00121537,-76.5,4.233099011e-12,3
46.57689211,39.00121672,-76.5,7.193998779e-12,3
46.62716766,39.00121807,-76.5,4.554648074e-12,3
46.67745079,39.00121942,-76.5,-3.309346972e-12,3
46.72777546,39.00122078,-76.5,2.199047104e-12,3
46.77804417,39.00122213,-76.5,-1.738729752e-12,3
46.82833676,39.00122348,-76.5,-5.216436074e-12,3
46.87857118,39.00122483,-76.5,1.671513743e-12,3
46.92884822,39.00122618,-76.5,3.5420785e-12,3
46.97909819,39.00122753,-76.5,-9.634624843e-13,3
47.02938127,39.00122888,-76.5,2.701998046e-13,3
47.07962683,39.00123024,-76.5,-6.715156949e-12,3
47.12987522,39.00123159,-76.5,-6.162896804e-12,3
47.1801563,39.00123294,-76.5,6.862554309e-12,3
47.2303714,39.00123429,-76.5,2.267746333e-12,3
47.28060547,39.00123564,-76.5,-5.420470645e-13,3
47.33087921,39.00123699,-76.5,-3.932173741e-12,3
47.3811811,39.00123834,-76.5,5.401064165e-12,3
47.43141755,39.00123969,-76.5,-2.066314965e-12,3
47.48166555,39.00124104,-76.5,1.437130974e-12,3
47.53188249,39.00124239,-76.5,-7.723549561e-13,3
47.58211269,39.00124375,-76.5,4.075256465e-12,3
47.63237821,39.0012451,-76.5,4.589000231e-12,3
47.68259459,39.00124645,-76.5,2.690477305e-13,3
47.73284259,39.0012478,-76.5,1.803393951e-12,3
47.78311427,39.00124915,-76.5,9.230714478e-13,3
47.83339539,39.0012505,-76.5,4.585277187e-12,3
47.88364262,39.00125185,-76.5,1.740878718e-12,3
47.93391074,39.00125321,-76.5,9.141908969e-12,3
47.98422963,39.00125455,-76.5,2.599484272e-12,3
48.03448696,39.00125591,-76.5,1.738211227e-12,3
48.08476758,39.00125726,-76.5,7.237206356e-13,3
48.13504091,39.00125861,-76.5,7.734447126e-12,3
48.18536089,39.00125996,-76.5,3.333660669e-12,3
48.23558566,39.00126131,-76.5,-2.394098343e-12,3
48.28582199,39.00126266,-76.5,2.08717995e-12,3
48.33608809,39.00126401,-76.5,-4.167720675e-12,3
48.38639571,39.00126537,-76.5,-2.938457897e-12,3
48.43667164,39.00126672,-76.5,2.276131829e-12,3
48.48692309,39.00126807,-76.5,-4.149357571e-12,3
48.5372131,39.00126942,-76.5,-2.317350783e-12,3
48.58749141,39.00127077,-76.5,1.111052568e-11,3
48.63777568,39.00127212,-76.5,5.986955925e-12,3
48.68802951,39.00127347,-76.5,6.857980457e-12,3
48.73830475,39.00127482,-76.5,-3.490115366e-13,3
48.78853864,39.00127618,-76.5,8.004446542e-12,3
48.83876036,39.00127753,-76.5,3.908349153e-12,3
48.88894421,39.00127887,-76.5,2.526832053e-12,3
48.93922911,39.00128023,-76.5,1.22644847e-12,3
48.98956802,39.00128158,-76.5,-2.488170343e-12,3
49.03986131,39.00128293,-76.5,-4.423869507e-12,3
49.09015915,39.00128428,-76.5,3.261600926e-12,3
49.14046173,39.00128563,-76.5,-4.523436428e-12,3
49.19075854,39.00128698,-76.5,1.178348985e-12,3
49.24103168,39.00128834,-76.5,-1.928000425e-12,3
49.29132826,39.00128968,-76.5,3.697052132e-12,3
49.34162697,39.00129104,-76.5,-1.927264661e-12,3
49.39190976,39.00129239,-76.5,-9.066061398e-13,3
49.44223394,39.00129374,-76.5,1.59611755e-12,3
49.49243906,39.00129509,-76.5,5.042507076e-13,3
49.54270476,39.00129644,-76.5,6.273529351e-13,3
49.59299479,39.00129779,-76.5,1.642940686e-12,3
49.64334097,39.00129914,-76.5,-8.255307644e-13,3
49.69362362,39.00130049,-76.5,2.266850905e-12,3
49.74391243,39.00130185,-76.5,2.252162386e-12,3
49.7942177,39.0013032,-76.5,-1.339550622e-12,3
49.84451349,39.00130455,-76.5,3.274828009e-12,3
49.89478083,39.0013059,-76.5,-3.850468328e-12,3
49.94503125,39.00130725,-76.5,6.155973819e-12,3
49.99534576,39.0013086,-76.5,-1.93062175e-12,3
50.04559143,39.00131131,-76.5,-2.845204516e-12,3
50.09582528,39.00131265,-76.5,2.480947076e-12,3
50.14604755,39.00131401,-76.5,-1.097156734e-12,3
50.19629495,39.00131536,-76.5,7.057765777e-12,3
50.24647806,39.00131671,-76.5,1.866133795e-12,3
50.29672396,39.00131806,-76.5,7.462413576e-12,3
50.3469565,39.00131941,-76.5,-1.026276642e-13,3
50.39719887,39.00132076,-76.5,5.60172833e-12,3
50.44740888,39.00132211,-76.5,3.400631752e-12,3
50.49763507,39.00132346,-76.5,-1.275267083e-12,3
50.5479006,39.00132482,-76.5,5.599040853e-12,3
50.59815561,39.00132617,-76.5,2.221217946e-12,3
50.64834567,39.00132752,-76.5,-7.072231413e-13,3
50.69864461,39.00132887,-76.5,5.946924466e-12,3
50.74889962,39.00133022,-76.5,1.957095649e-12,3
50.79910314,39.00133157,-76.5,4.148524586e-12,3
50.84936527,39.00133292,-76.5,-5.92033427e-12,3
50.89963467,39.00133427,-76.5,-8.128074898e-13,3
50.94989815,39.00133562,-76.5,9.362340249e-12,3
51.00021305,39.00133697,-76.5,3.743787591e-12,3
51.05044477,39.00133833,-76.5,-7.49650695e-12,3
51.10071718,39.00133968,-76.5,1.676660268e-12,3
51.15097749,39.00134103,-76.5,-1.475669342e-12,3
51.20122557,39.00134238,-76.5,1.830874849e-12,3
51.25141435,39.00134373,-76.5,-1.694753027e-13,3
51.30163575,39.00134508,-76.5,-4.093717244e-12,3
51.35189899,39.00134643,-76.5,6.145774801e-13,3
51.4021976,39.00134778,-76.5,7.354786003e-12,3
51.45244048,39.00134914,-76.5,-1.207559827e-12,3
51.50272627,39.00135049,-76.5,3.251570819e-12,3
51.55297695,39.00135184,-76.5,1.088288967e-12,3
51.60324523,39.00135319,-76.5,2.364585259e-12,3
51.65350181,39.00135454,-76.5,1.31049022e-12,3
51.7037029,39.00135589,-76.5,1.719658608e-12,3
51.75392742,39.00135724,-76.5,-4.077575071e-12,3
51.80416965,39.0013586,-76.5,-7.506355864e-12,3
51.85437551,39.00135994,-76.5,-1.836384597e-12,3
51.9045905,39.0013613,-76.5,-5.969627471e-13,3
51.95499611,39.00136265,-76.5,-5.424569705e-12,3
52.00526188,39.001364,-76.5,-2.797664813e-12,3
52.05551768,39.00136536,-76.5,-2.797664813e-12,3
52.10572741,39.0013667,-76.5,2.538234387e-12,3
52.15597136,39.00136805,-76.5,4.650097012e-12,3
52.20618531,39.0013694,-76.5,-5.402774675e-12,3
52.2563904,39.00137075,-76.5,4.593928161e-12,3
52.30657271,39.00137211,-76.5,4.070613456e-12,3
52.35684516,39.00137346,-76.5,4.455930225e-12,3
52.4070366,39.00137481,-76.5,4.176759984e-12,3
52.45721696,39.00137616,-76.5,1.332898278e-12,3
52.50747136,39.00137751,-76.5,7.990573966e-12,3
52.55771081,39.00137886,-76.5,4.677865006e-12,3
52.60791165,39.00138021,-76.5,-4.744650234e-12,3
52.65815615,39.00138156,-76.5,7.748858914e-13,3
52.70835935,39.00138292,-76.5,6.403512484e-12,3
52.7585898,39.00138427,-76.5,-6.792383423e-13,3
52.80877731,39.00138562,-76.5,2.044152229e-12,3
52.85896291,39.00138697,-76.5,6.825269092e-13,3
52.90918166,39.00138832,-76.5,3.042121601e-12,3
52.95935655,39.00138967,-76.5,3.582908147e-12,3
53.00953741,39.00139102,-76.5,-1.328178129e-12,3
53.05971011,39.00139237,-76.5,-6.147281694e-12,3
53.10987727,39.00139372,-76.5,-1.648623999e-12,3
53.16003402,39.00139508,-76.5,4.682407343e-12,3
53.21019984,39.00139643,-76.5,7.033501634e-12,3
53.26040507,39.00139778,-76.5,8.702823377e-12,3
53.31063852,39.00139913,-76.5,-3.479151202e-12,3
53.36085659,39.00140048,-76.5,-6.299269226e-12,3
53.41110727,39.00140183,-76.5,-1.150396677e-13,3
53.46142254,39.00140318,-76.5,7.341389458e-12,3
53.51167453,39.00140454,-76.5,1.185760815e-12,3
53.5619256,39.00140588,-76.5,1.093648234e-11,3
53.61214195,39.00140724,-76.5,5.468278891e-12,3
53.66233651,39.00140859,-76.5,1.277040794e-12,3
53.7126086,39.00140994,-76.5,6.596004984e-12,3
53.7627993,39.00141129,-76.5,-3.704920626e-12,3
53.81300639,39.00141264,-76.5,-3.960727516e-12,3
53.8633675,39.00141399,-76.5,4.560116067e-12,3
53.91358898,39.00141534,-76.5,3.278247984e-12,3
53.96377218,39.0014167,-76.5,2.389285068e-12,3
54.01400246,39.00141805,-76.5,5.734419919e-12,3
54.06421136,39.0014194,-76.5,-3.466711187e-12,3
54.1145273,39.00142075,-76.5,3.337209178e-13,3
54.16470542,39.0014221,-76.5,1.706276432e-12,3
54.21489476,39.00142345,-76.5,2.669838159e-12,3
54.2650622,39.0014248,-76.5,5.38914892e-12,3
54.31527663,39.00142615,-76.5,3.088990121e-12,3
54.36555681,39.0014275,-76.5,-1.668303592e-12,3
54.41577124,39.00142886,-76.5,7.670213794e-13,3
54.46601391,39.00143021,-76.5,-3.332864023e-12,3
54.51621701,39.00143156,-76.5,-4.466033457e-12,3
54.56645915,39.00143291,-76.5,-1.469384384e-12,3
54.61669815,39.00143426,-76.5,-1.77201305e-12,3
54.66695913,39.00143561,-76.5,1.346992527e-12,3
54.71718749,39.00143696,-76.5,-6.169918168e-13,3
54.76746519,39.00143831,-76.5,4.411613468e-12,3
54.81767184,39.00143967,-76.5,1.030559233e-11,3
54.86786847,39.00144102,-76.5,6.905765568e-12,3
54.91814336,39.00144237,-76.5,3.230699454e-13,3
54.96835545,39.00144372,-76.5,-3.863445196e-13,3
55.01857107,39.00144507,-76.5,7.323243865e-12,3
55.06880846,39.00144642,-76.5,1.154104256e-11,3
55.11903923,39.00144777,-76.5,3.807100255e-12,3
55.16926086,39.00144912,-76.5,9.954526029e-12,3
55.21947054,39.00145047,-76.5,3.932860657e-12,3
55.26972864,39.00145182,-76.5,9.960267226e-13,3
55.32009916,39.00145318,-76.5,-8.26122829e-13,3
55.3703123,39.00145453,-76.5,4.911079893e-12,3
55.42056522,39.00145588,-76.5,-3.505792429e-13,3
55.47080805,39.00145723,-76.5,2.587906416e-12,3
55.52106423,39.00145858,-76.5,1.208792789e-12,3
55.57134068,39.00145993,-76.5,-1.977309239e-14,3
55.6215486,39.00146128,-76.5,8.348974964e-12,3
55.67177809,39.00146263,-76.5,6.806747471e-12,3
55.72202414,39.00146399,-76.5,8.772597498e-12,3
55.77226819,39.00146534,-76.5,-3.581390214e-13,3
55.8225981,39.00146669,-76.5,4.950381228e-12,3
55.87280111,39.00146804,-76.5,2.341156591e-12,3
55.92309986,39.00146939,-76.5,-1.324212408e-12,3
55.97341282,39.00147074,-76.5,-7.055477122e-12,3
56.02370739,39.00147209,-76.5,-2.631384217e-13,3
56.07393402,39.00147344,-76.5,7.503876626e-12,3
56.12420874,39.0014748,-76.5,1.446159098e-12,3
56.17449347,39.00147615,-76.5,-5.155523259e-12,3
56.22477851,39.0014775,-76.5,-1.852429714e-12,3
56.27501463,39.00147885,-76.5,-1.0196014e-12,3
56.32533289,39.0014802,-76.5,1.375014882e-12,3
56.37558837,39.00148155,-76.5,3.459046596e-12,3
56.42585015,39.0014829,-76.5,4.744640049e-12,3
56.4761683,39.00148425,-76.5,3.11437405e-12,3
56.52643582,39.0014856,-76.5,8.589973047e-12,3
56.57664453,39.00148696,-76.5,2.194087524e-12,3
56.626844,39.00148831,-76.5,4.961630669e-13,3
56.67701434,39.00148966,-76.5,4.512830321e-12,3
56.72715721,39.00149101,-76.5,6.205382402e-12,3
56.77732306,39.00149236,-76.5,-7.653925796e-12,3
56.82753519,39.00149371,-76.5,4.886337414e-13,3
56.87777678,39.00149506,-76.5,2.099863261e-12,3
56.92805579,39.00149641,-76.5,-5.698693377e-12,3
56.97836003,39.00149776,-76.5,-8.256782834e-12,3
57.0286274,39.00149911,-76.5,-1.951182796e-12,3
57.07888858,39.00150047,-76.5,6.40773298e-12,3
57.12921464,39.00150182,-76.5,3.400468978e-12,3
57.17948008,39.00150317,-76.5,-1.326080545e-12,3
57.22975405,39.00150452,-76.5,1.489591105e-12,3
57.28003042,39.00150587,-76.5,-7.312769919e-13,3
57.33031423,39.00150722,-76.5,2.977554466e-12,3
57.38058557,39.00150857,-76.5,3.503496997e-12,3
57.43081988,39.00150992,-76.5,2.670782345e-12,3
57.48107882,39.00151127,-76.5,3.781283927e-13,3
57.53136514,39.00151263,-76.5,1.818942793e-12,3
57.58159446,39.00151398,-76.5,5.555786102e-13,3
57.63184017,39.00151533,-76.5,-1.005760254e-12,3
57.68238405,39.00151668,-76.5,-2.2014582e-12,3
57.73276105,39.00151803,-76.5,8.181927272e-12,3
57.7830438,39.00151938,-76.5,-3.501091285e-12,3
57.83336213,39.00152073,-76.5,-4.741953946e-12,3
57.88366699,39.00152208,-76.5,2.729536232e-12,3
57.93395314,39.00152343,-76.5,3.016934884e-12,3
57.98427392,39.00152479,-76.5,3.736960745e-12,3
58.03451752,39.00152614,-76.5,8.444944242e-13,3
58.0847847,39.00152749,-76.5,6.805517077e-12,3
58.13504422,39.00152884,-76.5,4.287168398e-12,3
58.18535018,39.00153019,-76.5,-4.226226081e-12,3
58.23561222,39.00153155,-76.5,1.658509805e-12,3
58.28587976,39.00153289,-76.5,5.13301431e-12,3
58.33614913,39.00153424,-76.5,8.663259365e-12,3
58.38642109,39.0015356,-76.5,8.663259365e-12,3
58.4366703,39.00153695,-76.5,3.20815615e-12,3
58.4869518,39.0015383,-76.5,8.322397811e-12,3
58.5372398,39.00153965,-76.5,1.993036203e-12,3
58.58752368,39.001541,-76.5,1.663206689e-12,3
58.63779486,39.00154235,-76.5,-1.330428127e-12,3
58.68804249,39.0015437,-76.5,-5.146526492e-12,3
58.73835933,39.00154505,-76.5,-3.071892871e-12,3
58.78864043,39.00154641,-76.5,1.043372698e-11,3
58.83891484,39.00154776,-76.5,-3.559203983e-12,3
58.88921196,39.00154911,-76.5,6.725543061e-13,3
58.93947616,39.00155046,-76.5,-5.525310774e-12,3
58.9897647,39.00155181,-76.5,1.239993453e-13,3
59.04006244,39.00155316,-76.5,7.570066316e-13,3
59.09036769,39.00155452,-76.5,9.713923278e-13,3
59.14063897,39.00155586,-76.5,2.560494571e-12,3
59.19091538,39.00155721,-76.5,-4.205629168e-12,3
59.2412242,39.00155857,-76.5,3.920145082e-12,3
59.29155782,39.00155992,-76.5,3.661456534e-12,3
59.34183499,39.00156127,-76.5,7.776387435e-12,3
59.39211445,39.00156262,-76.5,-5.79069102e-12,3
59.4423916,39.00156397,-76.5,3.887710653e-12,3
59.49260063,39.00156532,-76.5,4.174927718e-12,3
59.54287194,39.00156667,-76.5,4.503710992e-12,3
59.59321854,39.00156802,-76.5,6.240656012e-12,3
59.64347231,39.00156938,-76.5,-1.771900191e-12,3
59.69372643,39.00157073,-76.5,-4.22911225e-12,3
59.74397843,39.00157208,-76.5,2.720314594e-13,3
59.79423028,39.00157343,-76.5,5.95909587e-12,3
59.8444663,39.00157478,-76.5,-2.503272712e-12,3
59.89473038,39.00157613,-76.5,3.063079426e-12,3
59.94499707,39.00157748,-76.5,4.554823456e-12,3
59.99526847,39.00157883,-76.5,2.514977208e-12,3
60.04557105,39.00158154,-76.5,2.751457122e-12,3
60.09577704,39.00158289,-76.5,-2.782836429e-12,3
60.14601424,39.00158424,-76.5,-3.315126223e-12,3
60.19626993,39.00158559,-76.5,-4.814948563e-12,3
60.24651021,39.00158694,-76.5,-2.507602772e-12,3
60.29672857,39.00158829,-76.5,1.098716045e-11,3
60.34692908,39.00158964,-76.5,-8.519956835e-12,3
60.39720832,39.00159099,-76.5,-2.613506658e-13,3
60.44745619,39.00159235,-76.5,-6.338142048e-13,3
60.49768529,39.0015937,-76.5,-5.986971351e-12,3
60.54792401,39.00159505,-76.5,-1.818553595e-12,3
60.59820201,39.0015964,-76.5,7.175402993e-12,3
60.64848554,39.00159775,-76.5,4.142032609e-12,3
60.69873941,39.0015991,-76.5,-3.516819948e-13,3
60.74898999,39.00160045,-76.5,8.223437766e-12,3
60.79922097,39.00160181,-76.5,3.557701274e-12,3
60.8494375,39.00160316,-76.5,4.671410522e-12,3
60.89967539,39.00160451,-76.5,5.365314592e-12,3
60.94992711,39.00160586,-76.5,5.213672316e-12,3
61.0001693,39.00160721,-76.5,-4.128293273e-13,3
61.05038425,39.00160856,-76.5,-1.395184007e-12,3
61.10062358,39.00160991,-76.5,-4.332083279e-12,3
61.15089334,39.00161126,-76.5,7.92461141e-12,3
61.20119811,39.00161261,-76.5,-2.275435893e-12,3
61.25145502,39.00161396,-76.5,-5.166399139e-12,3
61.30166337,39.00161532,-76.5,-2.655779333e-13,3
61.3518915,39.00161667,-76.5,6.088949693e-12,3
61.4021783,39.00161802,-76.5,5.722059219e-12,3
61.45241871,39.00161937,-76.5,6.1103064e-12,3
61.50267285,39.00162072,-76.5,-2.597068315e-12,3
61.5529788,39.00162207,-76.5,-6.226638748e-13,3
61.60324303,39.00162342,-76.5,-3.513879193e-12,3
61.65351447,39.00162477,-76.5,1.770127273e-12,3
61.70377024,39.00162613,-76.5,4.493145466e-12,3
61.75403771,39.00162748,-76.5,6.35419544e-12,3
61.80431195,39.00162883,-76.5,3.520171994e-12,3
61.85459923,39.00163018,-76.5,-9.769561403e-15,3
61.90488404,39.00163153,-76.5,5.768711366e-12,3
61.95516688,39.00163288,-76.5,3.329829119e-12,3
62.0054131,39.00163423,-76.5,-5.087938258e-12,3
62.05565028,39.00163558,-76.5,-4.844256775e-12,3
62.10592597,39.00163693,-76.5,-3.94282393e-12,3
62.15619648,39.00163829,-76.5,-2.260168447e-12,3
62.20643788,39.00163964,-76.5,-2.699697494e-12,3
62.2567038,39.00164099,-76.5,1.744189174e-12,3
62.30695722,39.00164234,-76.5,3.235506641e-12,3
62.35723167,39.00164369,-76.5,5.793232903e-12,3
62.40748901,39.00164504,-76.5,-4.638664605e-12,3
62.4577596,39.00164639,-76.5,-2.890750442e-12,3
62.50799414,39.00164774,-76.5,1.39304765e-13,3
62.55825098,39.00164909,-76.5,6.523057503e-12,3
62.6084878,39.00165045,-76.5,-1.008545634e-12,3
62.65879827,39.0016518,-76.5,4.838302415e-12,3
62.70902195,39.00165315,-76.5,1.822722924e-12,3
62.75934754,39.0016545,-76.5,-6.762223831e-13,3
62.80955311,39.00165585,-76.5,-5.745041274e-12,3
62.85976086,39.0016572,-76.5,1.286375947e-12,3
62.90997991,39.00165855,-76.5,-3.355049605e-12,3
62.96020341,39.0016599,-76.5,-7.508796777e-12,3
63.01045557,39.00166126,-76.5,4.081383322e-12,3
63.06070195,39.00166261,-76.5,9.936653807e-12,3
63.11094397,39.00166396,-76.5,1.683701548e-12,3
63.16118254,39.00166531,-76.5,5.712005707e-12,3
63.21144611,39.00166666,-76.5,5.768230395e-12,3
63.2616869,39.00166801,-76.5,3.033270223e-12,3
63.3119245,39.00166936,-76.5,2.296679231e-12,3
63.3621932,39.00167071,-76.5,4.627018546e-12,3
63.41243214,39.00167206,-76.5,5.830170147e-12,3
63.46267481,39.00167342,-76.5,5.303174145e-12,3
63.51294135,39.00167477,-76.5,-3.525751662e-12,3
63.56318824,39.00167612,-76.5,-2.047191696e-12,3
63.61347643,39.00167747,-76.5,8.558181934e-12,3
63.6637203,39.00167882,-76.5,-1.944569502e-12,3
63.71395477,39.00168017,-76.5,2.636746348e-12,3
63.76416273,39.00168152,-76.5,9.775628198e-12,3
63.81442224,39.00168287,-76.5,-4.837717095e-12,3
63.86466513,39.00168422,-76.5,3.710616075e-13,3
63.914926,39.00168557,-76.5,3.417943356e-12,3
63.96519613,39.00168693,-76.5,-6.635111347e-13,3
64.01543937,39.00168828,-76.5,1.631247203e-13,3
64.06568033,39.00168963,-76.5,9.520285737e-12,3
64.11594944,39.00169098,-76.5,9.835223384e-12,3
64.16624862,39.00169233,-76.5,-5.701361604e-13,3
64.21653643,39.00169368,-76.5,1.365845678e-13,3
64.26679991,39.00169503,-76.5,4.401613769e-12,3
64.31706939,39.00169638,-76.5,3.93928492e-12,3
64.36735589,39.00169774,-76.5,3.93928492e-12,3
64.41762314,39.00169909,-76.5,-4.342741831e-12,3
64.46788723,39.00170044,-76.5,7.929069386e-13,3
64.51821583,39.00170179,-76.5,1.599566414e-12,3
64.56847584,39.00170314,-76.5,1.093046182e-11,3
64.61873348,39.00170449,-76.5,-6.038736152e-13,3
64.66893113,39.00170584,-76.5,3.947837883e-12,3
64.71920825,39.00170719,-76.5,-4.512245231e-13,3
64.76945653,39.00170855,-76.5,-5.960208946e-13,3
64.81968844,39.0017099,-76.5,4.573519178e-12,3
64.86989546,39.00171125,-76.5,4.385319476e-13,3
64.92021429,39.0017126,-76.5,4.301929067e-12,3
64.97048181,39.00171395,-76.5,-2.606278074e-12,3
65.02075068,39.0017153,-76.5,-6.509007664e-12,3
65.07101513,39.00171665,-76.5,2.150213397e-12,3
65.12129074,39.001718,-76.5,-2.999629044e-12,3
65.17153715,39.00171936,-76.5,9.241368194e-12,3
65.22178198,39.0017207,-76.5,-5.995885037e-12,3
65.27200079,39.00172206,-76.5,6.499424874e-12,3
65.32228325,39.00172341,-76.5,1.0275827e-11,3
65.37257405,39.00172476,-76.5,-4.051352727e-12,3
65.42281665,39.00172611,-76.5,7.543291442e-12,3
65.47308405,39.00172746,-76.5,3.953103924e-12,3
65.52337648,39.00172881,-76.5,1.655649274e-12,3
65.57361041,39.00173016,-76.5,4.85851088e-12,3
65.62386637,39.00173152,-76.5,6.16524616e-12,3
65.67411047,39.00173287,-76.5,-8.284952746e-12,3
65.72439152,39.00173422,-76.5,7.616148222e-13,3
65.77465036,39.00173557,-76.5,3.362698279e-12,3
65.82489319,39.00173692,-76.5,-5.306219892e-12,3
65.87517808,39.00173827,-76.5,5.213785084e-12,3
65.92554318,39.00173962,-76.5,-5.773892795e-12,3
65.97580513,39.00174097,-76.5,8.053918581e-12,3
66.0260209,39.00174232,-76.5,2.762322295e-12,3
66.07626919,39.00174367,-76.5,6.141537972e-12,3
66.12649821,39.00174503,-76.5,-1.438122218e-12,3
66.17676898,39.00174638,-76.5,4.877671657e-12,3
66.2270341,39.00174773,-76.5,-2.028722987e-12,3
66.27732136,39.00174908,-76.5,1.151611101e-12,3
66.32753314,39.00175043,-76.5,4.692503876e-12,3
66.37781637,39.00175178,-76.5,-4.864878883e-12,3
66.42810973,39.00175314,-76.5,1.268092521e-12,3
66.47841336,39.00175449,-76.5,-6.515369944e-12,3
66.52863526,39.00175584,-76.5,-4.074853489e-13,3
66.57888141,39.00175719,-76.5,4.761297993e-13,3
66.62913895,39.00175854,-76.5,1.937269506e-12,3
66.67938878,39.00175989,-76.5,5.844241618e-12,3
66.72961424,39.00176124,-76.5,6.251102699e-13,3
66.7798887,39.00176259,-76.5,1.031298821e-11,3
66.83016585,39.00176395,-76.5,8.472587326e-13,3
66.88039905,39.0017653,-76.5,-3.612084262e-12,3
66.93064285,39.00176665,-76.5,4.89990006e-12,3
66.9808825,39.001768,-76.5,-5.607564871e-13,3
67.03116581,39.00176935,-76.5,3.625210888e-12,3
67.08143684,39.0017707,-76.5,2.534127063e-12,3
67.13170391,39.00177205,-76.5,4.778300715e-13,3
67.18196198,39.0017734,-76.5,-6.961938549e-12,3
67.23224387,39.00177475,-76.5,-2.169203031e-12,3
67.28251441,39.0017761,-76.5,-7.624931934e-13,3
67.33278788,39.00177745,-76.5,9.468410981e-12,3
67.38313972,39.0017788,-76.5,1.36861418e-14,3
67.43336542,39.00178016,-76.5,5.048052926e-12,3
67.48360796,39.00178151,-76.5,5.316456722e-12,3
67.53386719,39.00178286,-76.5,-9.398694201e-13,3
67.58409915,39.00178421,-76.5,-1.984942087e-13,3
67.63433765,39.00178556,-76.5,-4.662078892e-13,3
67.68454889,39.00178691,-76.5,1.355761307e-12,3
67.73478973,39.00178826,-76.5,-2.260413539e-12,3
67.78504934,39.00178962,-76.5,-5.201845902e-12,3
67.8353429,39.00179097,-76.5,-2.761248916e-12,3
67.88562901,39.00179232,-76.5,4.401427903e-12,3
67.93590922,39.00179367,-76.5,3.195819714e-12,3
67.98616708,39.00179502,-76.5,2.226588959e-12,3
68.03644302,39.00179637,-76.5,7.526466637e-12,3
68.08669613,39.00179772,-76.5,2.211490062e-12,3
68.1369643,39.00179907,-76.5,1.180461944e-12,3
68.18724939,39.00180043,-76.5,5.693941451e-12,3
68.23759064,39.00180178,-76.5,-1.5120741e-12,3
68.28788059,39.00180313,-76.5,-6.01538905e-13,3
68.33809555,39.00180448,-76.5,5.600685613e-12,3
68.38836955,39.00180583,-76.5,-2.06292313e-13,3
68.43858023,39.00180718,-76.5,6.423219691e-12,3
68.48880479,39.00180853,-76.5,2.135850726e-12,3
68.53906834,39.00180988,-76.5,4.456098999e-12,3
68.58940732,39.00181123,-76.5,-4.798839768e-12,3
68.63965153,39.00181258,-76.5,-5.51907156e-12,3
68.6899076,39.00181394,-76.5,1.529258696e-12,3
68.74016346,39.00181529,-76.5,3.069631533e-12,3
68.79042495,39.00181664,-76.5,4.379164986e-12,3
68.84065101,39.00181799,-76.5,-6.082383992e-12,3
68.89094732,39.00181934,-76.5,3.19537906e-12,3
68.94120201,39.00182069,-76.5,4.83903613e-12,3
68.99155158,39.00182204,-76.5,-2.413577607e-12,3
69.04183968,39.00182339,-76.5,5.663252175e-12,3
69.09213635,39.00182475,-76.5,-2.123744211e-12,3
69.14240328,39.0018261,-76.5,4.853177801e-12,3
69.19262055,39.00182745,-76.5,3.390395455e-12,3
69.242882,39.0018288,-76.5,9.201346691e-12,3
69.29315135,39.00183015,-76.5,9.745654226e-12,3
69.34339248,39.0018315,-76.5,4.270298927e-12,3
69.39363776,39.00183285,-76.5,-1.105355014e-12,3
69.44386462,39.0018342,-76.5,-9.375947033e-13,3
69.49411217,39.00183555,-76.5,-2.882817551e-12,3
69.54438208,39.0018369,-76.5,1.004419044e-12,3
69.59460819,39.00183826,-76.5,5.073770389e-12,3
69.6448855,39.00183961,-76.5,1.069763477e-12,3
69.69521002,39.00184096,-76.5,6.94051564e-12,3
69.74551084,39.00184366,-76.5,3.227843115e-12,3
69.79575322,39.00184501,-76.5,3.823531158e-12,3
69.84600754,39.00184636,-76.5,-6.405125782e-13,3
69.89621027,39.00184771,-76.5,5.234994661e-12,3
69.9464456,39.00184907,-76.5,4.95119263e-12,3
69.99661705,39.00185042,-76.5,5.584343318e-12,3
70.04683055,39.00185177,-76.5,6.556010931e-13,3
70.09702477,39.00185312,-76.5,3.034867482e-12,3
70.147224,39.00185447,-76.5,4.873367015e-12,3
70.19749629,39.00185582,-76.5,6.005180152e-12,3
70.24771866,39.00185717,-76.5,1.035625304e-11,3
70.29791952,39.00185852,-76.5,-2.757338725e-13,3
70.34814853,39.00185988,-76.5,9.223908072e-13,3
70.3983401,39.00186123,-76.5,2.711526222e-12,3
70.44854075,39.00186258,-76.5,7.241504023e-12,3
70.4988011,39.00186393,-76.5,7.241504023e-12,3
70.54904789,39.00186528,-76.5,6.507806035e-12,3
70.5993357,39.00186663,-76.5,-5.943360232e-12,3
70.64954899,39.00186798,-76.5,6.085544185e-12,3
70.69976369,39.00186933,-76.5,8.949244307e-12,3
70.749963,39.00187069,-76.5,2.363693777e-12,3
70.80017218,39.00187204,-76.5,3.054309191e-12,3
70.85040851,39.00187339,-76.5,-1.258012409e-12,3
70.90061005,39.00187474,-76.5,7.825932221e-12,3
70.9509043,39.00187609,-76.5,7.449806466e-14,3
71.00115778,39.00187744,-76.5,2.830821606e-12,3
71.05136348,39.00187879,-76.5,1.681489189e-12,3
71.10158229,39.00188014,-76.5,-1.204423431e-12,3
71.15181654,39.00188149,-76.5,-3.655795574e-12,3
71.20202226,39.00188285,-76.5,-1.821969864e-12,3
71.25222457,39.0018842,-76.5,3.5008355e-12,3
71.30244728,39.00188555,-76.5,3.654622142e-12,3
71.35262564,39.0018869,-76.5,1.15697331e-12,3
71.40281551,39.00188825,-76.5,6.408476138e-12,3
71.45302375,39.0018896,-76.5,-3.149465625e-12,3
71.50323586,39.00189095,-76.5,4.89945378e-12,3
71.55349683,39.0018923,-76.5,4.080683175e-12,3
71.6037306,39.00189366,-76.5,3.355922557e-12,3
71.65391983,39.001895,-76.5,2.148061737e-12,3
71.70420312,39.00189636,-76.5,6.359562565e-12,3
71.75444853,39.00189771,-76.5,-3.859716982e-12,3
71.80469729,39.00189906,-76.5,-8.800625101e-13,3
71.85494351,39.00190041,-76.5,2.248786711e-12,3
71.90520208,39.00190176,-76.5,1.275668424e-12,3
71.95543704,39.00190311,-76.5,3.15310203e-12,3
72.0056851,39.00190446,-76.5,-2.220834292e-12,3
72.05594058,39.00190582,-76.5,8.451597598e-12,3
72.10620637,39.00190717,-76.5,-2.450874486e-12,3
72.156456,39.00190852,-76.5,-6.713771987e-12,3
72.20673694,39.00190987,-76.5,3.219497255e-12,3
72.25696128,39.00191122,-76.5,6.639540004e-13,3
72.30721039,39.00191257,-76.5,-1.939039689e-12,3
72.35750849,39.00191392,-76.5,-4.795043732e-12,3
72.40771465,39.00191528,-76.5,3.444509473e-12,3
72.45790638,39.00191662,-76.5,-2.777243109e-12,3
72.50809587,39.00191798,-76.5,6.319575412e-12,3
72.55832531,39.00191933,-76.5,-3.10044019e-12,3
72.60856968,39.00192068,-76.5,-4.02313829e-12,3
72.65883308,39.00192203,-76.5,9.088370972e-13,3
72.7090909,39.00192338,-76.5,-1.554335799e-13,3
72.75942433,39.00192473,-76.5,-1.97906183e-12,3
72.80967967,39.00192608,-76.5,5.365057096e-12,3
72.85994923,39.00192743,-76.5,-4.73358751e-12,3
72.910228,39.00192878,-76.5,-5.343132252e-12,3
72.96048994,39.00193014,-76.5,8.497323512e-12,3
73.01068699,39.00193149,-76.5,6.779596478e-13,3
73.06096576,39.00193284,-76.5,2.343019904e-12,3
73.1111765,39.00193419,-76.5,2.705571204e-12,3
73.16143685,39.00193554,-76.5,-2.641390318e-12,3
73.21163422,39.00193689,-76.5,4.843726658e-12,3
73.26185535,39.00193824,-76.5,-7.080539793e-13,3
73.31207208,39.00193959,-76.5,9.205708807e-12,3
73.36232226,39.00194095,-76.5,8.880547222e-12,3
73.41258319,39.0019423,-76.5,2.974668229e-12,3
73.46283697,39.00194365,-76.5,3.597216036e-12,3
73.51309073,39.001945,-76.5,3.944446099e-12,3
73.56346959,39.00194635,-76.5,1.663368558e-12,3
73.61375654,39.0019477,-76.5,2.560915575e-12,3
73.66398448,39.00194905,-76.5,9.099003972e-12,3
73.71423871,39.0019504,-76.5,5.815359304e-14,3
73.76449013,39.00195175,-76.5,-1.355169692e-12,3
73.81466537,39.00195311,-76.5,5.71491878e-12,3
73.86484203,39.00195446,-76.5,8.997682017e-13,3
73.91502543,39.00195581,-76.5,-1.248577994e-12,3
73.96526442,39.00195716,-76.5,3.69631388e-13,3
74.01552848,39.00195851,-76.5,3.560974976e-12,3
74.06577757,39.00195986,-76.5,7.429605383e-12,3
74.11597899,39.00196121,-76.5,4.00213873e-12,3
74.16623299,39.00196256,-76.5,6.644830502e-12,3
74.21642991,39.00196392,-76.5,1.023270947e-12,3
74.26670513,39.00196527,-76.5,7.032433503e-12,3
74.3169049,39.00196662,-76.5,3.020508999e-12,3
74.36722516,39.00196797,-76.5,5.258132535e-12,3
74.41750003,39.00196932,-76.5,7.376331332e-12,3
74.46772999,39.00197067,-76.5,1.746433854e-13,3
74.51796294,39.00197202,-76.5,-2.487060083e-12,3
74.56825515,39.00197337,-76.5,6.252322614e-12,3
74.61852276,39.00197472,-76.5,7.782641799e-13,3
74.66876472,39.00197608,-76.5,1.293895861e-12,3
74.7189721,39.00197743,-76.5,-3.535804222e-12,3
74.76916167,39.00197878,-76.5,1.542420947e-12,3
74.81944923,39.00198013,-76.5,-1.072228451e-12,3
74.86973729,39.00198148,-76.5,-1.281890529e-12,3
74.91999698,39.00198283,-76.5,7.24014324e-12,3
74.97028607,39.00198418,-76.5,9.13982651e-13,3
75.02054948,39.00198553,-76.5,-1.867171955e-12,3
75.07082287,39.00198689,-76.5,-3.820206081e-12,3
75.12110208,39.00198823,-76.5,9.068734148e-12,3
75.17142624,39.00198959,-76.5,3.526938025e-12,3
75.22173406,39.00199094,-76.5,-3.853294203e-12,3
75.27204628,39.00199229,-76.5,5.319465406e-12,3
75.32229195,39.00199364,-76.5,8.713569736e-12,3
75.37255204,39.00199499,-76.5,9.109626641e-12,3
75.42283325,39.00199634,-76.5,5.78117892e-12,3
75.47309053,39.00199769,-76.5,-4.088395244e-13,3
75.52333881,39.00199904,-76.5,-1.532250788e-12,3
75.57358189,39.0020004,-76.5,-2.556848578e-13,3
75.62382315,39.00200175,-76.5,7.31477695e-12,3
75.67408086,39.0020031,-76.5,-2.541891082e-12,3
75.72434981,39.00200445,-76.5,1.575054852e-12,3
75.77461721,39.0020058,-76.5,1.381754387e-12,3
75.82487098,39.00200715,-76.5,1.511907682e-12,3
75.8750898,39.0020085,-76.5,1.212308847e-11,3
75.92533405,39.00200986,-76.5,-2.383326986e-12,3
75.97559313,39.00201121,-76.5,3.724048971e-12,3
76.02587666,39.00201256,-76.5,-1.556800088e-12,3
76.07615379,39.00201391,-76.5,-4.699468172e-12,3
76.12643516,39.00201526,-76.5,7.238101822e-12,3
76.17671083,39.00201661,-76.5,-2.280440043e-13,3
76.22697208,39.00201796,-76.5,5.890265767e-12,3
76.27727094,39.00201931,-76.5,7.589503464e-12,3
76.32754697,39.00202067,-76.5,-3.686568939e-12,3
76.37782647,39.00202202,-76.5,-3.686568939e-12,3
76.42809853,39.00202337,-76.5,-2.218503898e-12,3
76.47843863,39.00202472,-76.5,1.63259021e-12,3
76.52876786,39.00202607,-76.5,5.042247981e-12,3
76.5790488,39.00202742,-76.5,5.599484019e-12,3
76.62933917,39.00202877,-76.5,9.874010062e-12,3
76.67955217,39.00203012,-76.5,-4.65824209e-12,3
76.7297627,39.00203147,-76.5,2.859748672e-12,3
76.78001653,39.00203282,-76.5,9.363750691e-13,3
76.8302581,39.00203418,-76.5,4.727345952e-12,3
76.88050436,39.00203553,-76.5,1.210453257e-12,3
76.93075663,39.00203688,-76.5,-4.88306724e-12,3
76.98099426,39.00203823,-76.5,6.876306888e-12,3
77.03126667,39.00203958,-76.5,-3.181714004e-12,3
77.08155883,39.00204093,-76.5,-1.426928832e-13,3
77.13182085,39.00204228,-76.5,-3.010920763e-12,3
77.18208681,39.00204364,-76.5,2.965641131e-12,3
77.23238303,39.00204498,-76.5,-2.078634547e-13,3
77.28267189,39.00204634,-76.5,8.411679152e-12,3
77.33296807,39.00204769,-76.5,-7.92043003e-13,3
77.38323416,39.00204904,-76.5,4.208616621e-12,3
77.4335076,39.00205039,-76.5,3.354036911e-12,3
77.48373158,39.00205174,-76.5,7.366147339e-12,3
77.53400714,39.00205309,-76.5,-3.091097676e-12,3
77.58430717,39.00205444,-76.5,7.287701281e-12,3
77.63453614,39.00205579,-76.5,-6.772619164e-12,3
77.68475025,39.00205715,-76.5,1.529647604e-12,3
77.7349873,39.0020585,-76.5,2.072323434e-12,3
77.78525054,39.00205985,-76.5,3.347490152e-12,3
77.83546524,39.0020612,-76.5,6.409008016e-12,3
77.88574016,39.00206255,-76.5,6.849955511e-12,3
77.93605286,39.0020639,-76.5,6.956838905e-12,3
77.98632292,39.00206525,-76.5,5.978959546e-12,3
78.03656844,39.0020666,-76.5,5.153579616e-13,3
78.08688939,39.00206795,-76.5,2.305981994e-13,3
78.13715834,39.00206931,-76.5,3.07163698e-12,3
78.18742192,39.00207066,-76.5,-5.52512457e-12,3
78.2377088,39.00207201,-76.5,-4.172474855e-13,3
78.28802688,39.00207336,-76.5,-3.652576435e-12,3
78.33830402,39.00207471,-76.5,3.519546767e-12,3
78.38860465,39.00207606,-76.5,-1.728642262e-12,3
78.4389141,39.00207741,-76.5,6.428067836e-12,3
78.48920286,39.00207877,-76.5,1.810686828e-12,3
78.5394255,39.00208012,-76.5,3.375558716e-12,3
78.58968563,39.00208147,-76.5,8.258329592e-12,3
78.63994149,39.00208282,-76.5,3.484069616e-12,3
78.69025003,39.00208417,-76.5,3.319546804e-12,3
78.74055433,39.00208552,-76.5,-3.361715062e-12,3
78.79082162,39.00208687,-76.5,8.992040939e-14,3
78.84116852,39.00208822,-76.5,5.433687531e-13,3
78.89149229,39.00208958,-76.5,7.909785341e-12,3
78.941789,39.00209092,-76.5,7.259127262e-12,3
78.99206998,39.00209228,-76.5,1.041313713e-11,3
79.04237143,39.00209363,-76.5,4.023564235e-12,3
79.0926263,39.00209498,-76.5,-2.829605826e-12,3
79.14293115,39.00209633,-76.5,3.912716617e-12,3
79.1932413,39.00209768,-76.5,5.464050169e-12,3
79.24350892,39.00209903,-76.5,5.303130402e-12,3
79.29375304,39.00210038,-76.5,-4.721816619e-12,3
79.34398304,39.00210173,-76.5,-2.753235176e-12,3
79.39427587,39.00210308,-76.5,4.900453043e-12,3
79.44450982,39.00210443,-76.5,1.564953909e-12,3
79.49477565,39.00210579,-76.5,2.450668604e-12,3
79.54500994,39.00210714,-76.5,1.65170632e-12,3
79.59532605,39.00210849,-76.5,-2.248234982e-12,3
79.64555766,39.00211119,-76.5,3.520466408e-12,3
79.69575987,39.00211254,-76.5,1.815783642e-12,3
79.74607931,39.00211389,-76.5,1.243698715e-11,3
79.79633784,39.00211525,-76.5,5.993069205e-12,3
79.84658427,39.0021166,-76.5,2.080273963e-12,3
79.89682964,39.00211795,-76.5,7.372515843e-12,3
79.94700652,39.0021193,-76.5,-5.462098824e-12,3
79.9972241,39.00212065,-76.5,3.813893339e-12,3
80.04742009,39.002122,-76.5,-1.177283545e-12,3
80.09767931,39.00212335,-76.5,5.195688139e-12,3
80.14789501,39.0021247,-76.5,3.349732845e-12,3
80.1980542,39.00212606,-76.5,5.278330832e-12,3
80.24830299,39.00212741,-76.5,4.583218264e-12,3
80.29853021,39.00212876,-76.5,9.168945966e-12,3
80.34878359,39.00213011,-76.5,-4.321601705e-12,3
80.39902887,39.00213146,-76.5,8.815247208e-12,3
80.44931436,39.00213281,-76.5,2.544321243e-12,3
80.49959328,39.00213416,-76.5,7.403851904e-12,3
80.54982501,39.00213551,-76.5,-3.853996741e-12,3
80.60005497,39.00213686,-76.5,3.454526448e-12,3
80.65032683,39.00213822,-76.5,7.104121924e-12,3
80.70056307,39.00213957,-76.5,-2.742512829e-12,3
80.7508348,39.00214092,-76.5,-2.709169661e-12,3
80.8010607,39.00214227,-76.5,1.200084173e-12,3
80.85133642,39.00214362,-76.5,4.120973584e-12,3
80.90156278,39.00214497,-76.5,3.803857007e-12,3
80.95179786,39.00214632,-76.5,-7.244574131e-12,3
81.00203649,39.00214767,-76.5,9.375026771e-12,3
81.05231251,39.00214902,-76.5,9.488635557e-12,3
81.10260912,39.00215038,-76.5,6.223301311e-12,3
81.15284881,39.00215173,-76.5,3.965595679e-12,3
81.20306953,39.00215308,-76.5,-3.679847617e-12,3
81.25332817,39.00215443,-76.5,2.073256485e-12,3
81.30354923,39.00215578,-76.5,-5.734509393e-12,3
81.35381796,39.00215713,-76.5,4.801664571e-12,3
81.40408096,39.00215848,-76.5,1.927113614e-12,3
81.45435273,39.00215983,-76.5,-3.843957834e-14,3
81.50462892,39.00216118,-76.5,4.39030692e-12,3
81.55489504,39.00216254,-76.5,1.005124369e-11,3
81.60514333,39.00216389,-76.5,1.029012009e-12,3
81.65543021,39.00216524,-76.5,-1.670094456e-12,3
81.70563148,39.00216659,-76.5,-6.800623611e-12,3
81.75584291,39.00216794,-76.5,5.321147494e-13,3
81.80607721,39.00216929,-76.5,5.652301996e-12,3
81.85641529,39.00217064,-76.5,2.606390607e-12,3
81.90661167,39.00217199,-76.5,-1.958062239e-12,3
81.95686503,39.00217334,-76.5,7.161916094e-12,3
82.00709717,39.0021747,-76.5,3.778311643e-12,3
82.05734437,39.00217605,-76.5,8.277737144e-12,3
82.1075997,39.0021774,-76.5,2.576353998e-12,3
82.15783359,39.00217875,-76.5,2.390037526e-12,3
82.20806769,39.0021801,-76.5,-2.44168292e-12,3
82.25836612,39.00218145,-76.5,3.342938735e-13,3
82.30858995,39.0021828,-76.5,4.99814065e-12,3
82.35878136,39.00218416,-76.5,4.99814065e-12,3
82.40902086,39.00218551,-76.5,9.425331191e-12,3
82.45921119,39.00218686,-76.5,2.018366979e-12,3
82.50948818,39.00218821,-76.5,-5.191901888e-12,3
82.55967976,39.00218956,-76.5,5.154974193e-13,3
82.60994998,39.00219091,-76.5,9.671530312e-12,3
82.66021266,39.00219226,-76.5,-6.300983386e-12,3
82.71044863,39.00219361,-76.5,6.647464729e-12,3
82.76068312,39.00219496,-76.5,1.545167334e-12,3
82.81095312,39.00219632,-76.5,1.911528158e-12,3
82.86118681,39.00219767,-76.5,-1.323401214e-12,3
82.91141089,39.00219902,-76.5,5.273776065e-12,3
82.96165181,39.00220037,-76.5,3.73073269e-12,3
83.0118531,39.00220172,-76.5,6.810862132e-12,3
83.06207163,39.00220307,-76.5,3.382738709e-12,3
83.11228149,39.00220442,-76.5,1.255758752e-12,3
83.16252472,39.00220577,-76.5,1.357920783e-12,3
83.21275383,39.00220712,-76.5,-4.289427745e-12,3
83.26299364,39.00220847,-76.5,7.676961277e-12,3
83.31326843,39.00220983,-76.5,-8.708333676e-13,3
83.36355761,39.00221118,-76.5,7.219347002e-13,3
83.41383725,39.00221253,-76.5,5.492293592e-12,3
83.46413994,39.00221388,-76.5,2.099578843e-12,3
83.51438341,39.00221523,-76.5,-9.472718148e-13,3
83.56462741,39.00221658,-76.5,3.178892767e-13,3
83.6149334,39.00221793,-76.5,1.041596563e-11,3
83.6651815,39.00221929,-76.5,3.946489996e-12,3
83.71543033,39.00222064,-76.5,3.259618274e-12,3
83.7656647,39.00222199,-76.5,3.066352261e-12,3
83.81597515,39.00222334,-76.5,-6.942136138e-12,3
83.86627113,39.00222469,-76.5,-3.672755637e-12,3
83.91654856,39.00222604,-76.5,9.857821656e-13,3
83.96684028,39.00222739,-76.5,1.435196797e-12,3
84.01711229,39.00222874,-76.5,7.362550387e-12,3
84.06741671,39.00223009,-76.5,9.928159151e-12,3
84.11766114,39.00223145,-76.5,-1.724062465e-12,3
84.16790136,39.0022328,-76.5,-1.59065196e-12,3
84.21814433,39.00223415,-76.5,1.210478708e-12,3
84.26835178,39.0022355,-76.5,-4.702290751e-12,3
84.31852916,39.00223685,-76.5,3.503784505e-12,3
84.36873859,39.0022382,-76.5,2.357058577e-12,3
84.41896592,39.00223955,-76.5,-4.27476195e-12,3
84.46917221,39.00224091,-76.5,2.808869703e-12,3
84.51939114,39.00224226,-76.5,1.142203748e-11,3
84.56964642,39.00224361,-76.5,-3.96571895e-12,3
84.61990255,39.00224496,-76.5,-5.264530218e-12,3
84.67017386,39.00224631,-76.5,1.788915596e-12,3
84.72040821,39.00224766,-76.5,-9.822183523e-13,3
84.77066602,39.00224901,-76.5,3.262862521e-12,3
84.82088513,39.00225036,-76.5,5.458416467e-13,3
84.87119363,39.00225171,-76.5,9.230376764e-12,3
84.9214876,39.00225307,-76.5,4.474002307e-12,3
84.97175328,39.00225442,-76.5,6.732480271e-12,3
85.02205229,39.00225577,-76.5,2.606080242e-12,3
85.07231805,39.00225712,-76.5,-4.793301721e-12,3
85.12254618,39.00225847,-76.5,-3.888915297e-13,3
85.17275241,39.00225982,-76.5,-1.990698154e-12,3
85.2230086,39.00226117,-76.5,4.623539512e-12,3
85.27332322,39.00226252,-76.5,1.058019511e-12,3
85.32360656,39.00226388,-76.5,6.846120986e-12,3
85.37387087,39.00226522,-76.5,3.120870442e-12,3
85.42419911,39.00226658,-76.5,4.579605691e-12,3
85.47446806,39.00226793,-76.5,8.00824249e-12,3
85.52472882,39.00226928,-76.5,1.323982588e-12,3
85.57499743,39.00227063,-76.5,-1.643665569e-12,3
85.6252454,39.00227198,-76.5,4.405341185e-13,3
85.67552271,39.00227333,-76.5,3.773327714e-12,3
85.72578617,39.00227468,-76.5,6.696701707e-12,3
85.77606004,39.00227603,-76.5,-4.71378354e-12,3
85.82637559,39.00227739,-76.5,-1.430432122e-12,3
85.87661694,39.00227874,-76.5,2.89003706e-12,3
85.92690723,39.00228009,-76.5,8.987807031e-13,3
85.97723126,39.00228144,-76.5,1.91211784e-12,3
86.02753508,39.00228279,-76.5,2.691521376e-12,3
86.07777511,39.00228414,-76.5,3.454498748e-12,3
86.12804266,39.00228549,-76.5,7.134520334e-12,3
86.17837039,39.00228684,-76.5,3.929878384e-12,3
86.22864449,39.0022882,-76.5,3.382415041e-12,3
86.27889172,39.00228955,-76.5,7.774816433e-12,3
86.32922421,39.0022909,-76.5,6.96899882e-12,3
86.37950041,39.00229225,-76.5,-7.066802061e-12,3
86.42976158,39.0022936,-76.5,7.737387114e-12,3
86.48002379,39.00229495,-76.5,-3.773506315e-12,3
86.53030483,39.0022963,-76.5,4.295495559e-12,3
86.58057209,39.00229765,-76.5,1.81756443e-12,3
86.6308325,39.002299,-76.5,-1.351513531e-14,3
86.68104233,39.00230035,-76.5,-4.244457513e-12,3
86.73132222,39.00230171,-76.5,2.689221228e-12,3
86.78159895,39.00230306,-76.5,8.737107677e-13,3
86.83186258,39.00230441,-76.5,2.935042855e-12,3
86.88214054,39.00230576,-76.5,7.348727737e-12,3
86.9324314,39.00230711,-76.5,-1.725802978e-12,3
86.98269649,39.00230846,-76.5,-2.733849538e-12,3
87.0329714,39.00230981,-76.5,-5.115545103e-12,3
87.08325512,39.00231117,-76.5,2.781253224e-13,3
87.13359198,39.00231252,-76.5,-1.488530562e-12,3
87.18388257,39.00231387,-76.5,8.256311393e-12,3
87.23419097,39.00231522,-76.5,-4.054072638e-12,3
87.28445842,39.00231657,-76.5,4.069932612e-12,3
87.33474151,39.00231792,-76.5,1.44088257e-12,3
87.38497837,39.00231927,-76.5,5.891725324e-12,3
87.43523026,39.00232062,-76.5,4.627695598e-12,3
87.48550156,39.00232197,-76.5,4.456290492e-12,3
87.53570643,39.00232332,-76.5,-1.185935706e-12,3
87.58597387,39.00232468,-76.5,-7.108320997e-12,3
87.63620066,39.00232603,-76.5,-1.104990739e-12,3
87.68647561,39.00232738,-76.5,7.019400722e-13,3
87.73669967,39.00232873,-76.5,9.452878629e-12,3
87.7869712,39.00233008,-76.5,-2.371775928e-12,3
87.83726809,39.00233143,-76.5,-2.633998439e-12,3
87.88754356,39.00233278,-76.5,1.888525701e-12,3
87.93776772,39.00233413,-76.5,8.455649836e-12,3
87.98799433,39.00233548,-76.5,7.823687491e-12,3
88.03830679,39.00233684,-76.5,9.059559205e-12,3
88.08858766,39.00233819,-76.5,5.770244078e-12,3
88.13890589,39.00233954,-76.5,9.94211292e-12,3
88.1891632,39.00234089,-76.5,-1.059804188e-12,3
88.23937993,39.00234224,-76.5,4.86715266e-12,3
88.28962642,39.00234359,-76.5,5.026991203e-12,3
88.33988538,39.00234494,-76.5,4.775963062e-12,3
88.39016865,39.00234629,-76.5,5.202078111e-12,3
88.44042874,39.00234765,-76.5,6.468765908e-14,3
88.49069378,39.002349,-76.5,-4.426486937e-12,3
88.54096278,39.00235035,-76.5,-4.426486937e-12,3
88.59125979,39.0023517,-76.5,2.083259259e-12,3
88.64157826,39.00235305,-76.5,6.265072106e-12,3
88.69181228,39.0023544,-76.5,3.139959571e-12,3
88.7420683,39.00235575,-76.5,2.390633931e-12,3
88.79237877,39.0023571,-76.5,8.041231848e-12,3
88.84270276,39.00235846,-76.5,-4.785236188e-12,3
88.89300534,39.00235981,-76.5,-7.043129636e-12,3
88.94327644,39.00236116,-76.5,1.551595804e-12,3
88.99359021,39.00236251,-76.5,7.487096182e-12,3
89.04383577,39.00236386,-76.5,1.770158054e-12,3
89.09411217,39.00236521,-76.5,5.324190269e-12,3
89.1444044,39.00236656,-76.5,7.718845797e-12,3
89.19466957,39.00236791,-76.5,1.704483281e-12,3
89.24494538,39.00236926,-76.5,2.433286122e-12,3
89.29527925,39.00237061,-76.5,5.816382019e-12,3
89.34560719,39.00237332,-76.5,2.116559344e-12,3
89.39583543,39.00237467,-76.5,6.03214901e-12,3
89.44610909,39.00237602,-76.5,9.549985816e-13,3
89.49635048,39.00237737,-76.5,4.1508799e-12,3
89.54660346,39.00237872,-76.5,-2.820328255e-13,3
89.59681188,39.00238007,-76.5,-4.998089152e-12,3
89.64704413,39.00238142,-76.5,4.952929603e-12,3
89.69727932,39.00238278,-76.5,7.559904085e-12,3
89.74754659,39.00238413,-76.5,3.551614465e-12,3
89.797805,39.00238548,-76.5,-6.785469133e-12,3
89.8480275,39.00238683,-76.5,-8.992588701e-13,3
89.89829961,39.00238818,-76.5,1.445682085e-12,3
89.9485623,39.00238953,-76.5,7.521456185e-12,3
89.99882624,39.00239088,-76.5,-1.610996422e-12,3
90.04906755,39.00239223,-76.5,3.329425895e-12,3
90.09935743,39.00239358,-76.5,2.766703021e-13,3
90.14959653,39.00239493,-76.5,3.37824523e-12,3
90.19984729,39.00239629,-76.5,5.860702553e-12,3
90.25008934,39.00239764,-76.5,2.8689346e-12,3
90.30039074,39.00239899,-76.5,3.135856613e-12,3
90.35063174,39.00240034,-76.5,3.412639667e-12,3
90.40086028,39.00240169,-76.5,1.917880846e-12,3
90.45110817,39.00240304,-76.5,3.165726929e-12,3
90.5013687,39.00240439,-76.5,3.964014536e-12,3
90.55162982,39.00240575,-76.5,5.41841323e-12,3
90.60186242,39.0024071,-76.5,6.634463268e-12,3
90.65213102,39.00240845,-76.5,4.361228998e-12,3
90.70235329,39.0024098,-76.5,-2.376633607e-12,3
90.75257817,39.00241115,-76.5,9.89524588e-13,3
90.80278125,39.0024125,-76.5,6.877855723e-12,3
90.85299672,39.00241385,-76.5,-5.819500686e-12,3
90.90325762,39.0024152,-76.5,1.44228628e-12,3
90.95355471,39.00241655,-76.5,7.101593372e-12,3
91.00376649,39.0024179,-76.5,1.853261032e-12,3
91.05401118,39.00241926,-76.5,5.90144697e-12,3
91.10425585,39.00242061,-76.5,2.661670817e-13,3
91.15453306,39.00242196,-76.5,2.999230967e-12,3
91.20487214,39.00242331,-76.5,9.129955898e-13,3
91.25509509,39.00242466,-76.5,-5.247472475e-12,3
91.30535111,39.00242601,-76.5,6.018698389e-12,3
91.35559457,39.00242736,-76.5,9.051614996e-12,3
91.40587609,39.00242872,-76.5,2.551338965e-12,3
91.45616694,39.00243007,-76.5,-2.604318811e-12,3
91.50641195,39.00243142,-76.5,-4.212873646e-12,3
91.55668809,39.00243277,-76.5,2.106319067e-12,3
91.60695518,39.00243412,-76.5,9.546815399e-12,3
91.65715577,39.00243547,-76.5,8.311112439e-12,3
91.70740472,39.00243682,-76.5,1.207783531e-12,3
91.75765987,39.00243817,-76.5,6.555085691e-12,3
91.80794741,39.00243952,-76.5,5.201809725e-12,3
91.85822533,39.00244088,-76.5,3.722597784e-12,3
91.90858548,39.00244223,-76.5,4.806484056e-13,3
91.95886422,39.00244358,-76.5,2.369419662e-12,3
92.00911281,39.00244493,-76.5,9.247432905e-12,3
92.05942365,39.00244628,-76.5,4.955533186e-13,3
92.10966267,39.00244763,-76.5,4.205560058e-12,3
92.15991136,39.00244898,-76.5,8.110811559e-12,3
92.21023805,39.00245034,-76.5,2.645980765e-12,3
92.26051211,39.00245168,-76.5,-1.262582209e-12,3
92.31077167,39.00245304,-76.5,-2.094338808e-12,3
92.36102552,39.00245439,-76.5,4.653807201e-12,3
92.41131125,39.00245574,-76.5,3.922063159e-12,3
92.46156631,39.00245709,-76.5,-3.623892049e-12,3
92.51180278,39.00245844,-76.5,5.652492066e-13,3
92.56206412,39.00245979,-76.5,-9.933326112e-13,3
92.61232759,39.00246114,-76.5,-5.887924741e-12,3
92.66259477,39.00246249,-76.5,-4.045879612e-12,3
92.7128707,39.00246384,-76.5,3.220766522e-12,3
92.76321585,39.0024652,-76.5,-5.103635735e-12,3
92.81352391,39.00246655,-76.5,4.588592461e-12,3
92.86377263,39.0024679,-76.5,4.137917367e-12,3
92.91399111,39.00246925,-76.5,7.055415161e-12,3
92.96425647,39.0024706,-76.5,1.074384643e-11,3
93.01447164,39.00247195,-76.5,2.486863565e-12,3
93.06468982,39.0024733,-76.5,-2.410062066e-12,3
93.11494659,39.00247466,-76.5,6.623413662e-12,3
93.1651684,39.00247601,-76.5,-6.507353667e-14,3
93.21541659,39.00247736,-76.5,-2.826519866e-12,3
93.26563693,39.00247871,-76.5,3.543121821e-12,3
93.31587199,39.00248006,-76.5,2.938767089e-12,3
93.36609402,39.00248141,-76.5,4.830150913e-12,3
93.41634147,39.00248276,-76.5,1.065895345e-11,3
93.46657472,39.00248411,-76.5,5.683492591e-12,3
93.51682332,39.00248547,-76.5,-1.275919459e-12,3
93.56704975,39.00248682,-76.5,-7.929216888e-13,3
93.61733784,39.00248817,-76.5,3.798685166e-12,3
93.66754436,39.00248952,-76.5,2.686370496e-12,3
93.71777779,39.00249087,-76.5,-1.482078033e-13,3
93.76800949,39.00249222,-76.5,9.246864296e-12,3
93.81822116,39.00249357,-76.5,1.990576588e-12,3
93.86844778,39.00249492,-76.5,1.169565907e-12,3
93.91866984,39.00249627,-76.5,-7.72343367e-12,3
93.96890919,39.00249762,-76.5,3.433867877e-12,3
94.01916646,39.00249898,-76.5,7.309534104e-12,3
94.06938624,39.00250033,-76.5,-1.539785347e-12,3
94.11958237,39.00250168,-76.5,-5.628633685e-12,3
94.16983547,39.00250303,-76.5,1.004498004e-12,3
94.22005658,39.00250438,-76.5,3.491592129e-12,3
94.27034307,39.00250573,-76.5,4.199732141e-12,3
94.32054068,39.00250708,-76.5,-1.209585166e-12,3
94.37077712,39.00250843,-76.5,-7.633210806e-12,3
94.42099827,39.00250978,-76.5,3.262322912e-12,3
94.47123718,39.00251114,-76.5,3.262322912e-12,3
94.52147202,39.00251249,-76.5,5.577367305e-12,3
94.57165708,39.00251384,-76.5,1.321273378e-11,3
94.62192994,39.00251519,-76.5,-2.327591579e-12,3
94.67219244,39.00251654,-76.5,-2.021407816e-13,3
94.72245677,39.00251789,-76.5,-6.79227217e-13,3
94.77267823,39.00251924,-76.5,-6.763601787e-13,3
94.82291971,39.00252059,-76.5,8.277453815e-12,3
94.87319428,39.00252195,-76.5,3.404358777e-12,3
94.92343298,39.0025233,-76.5,5.475441968e-12,3
94.97370559,39.00252465,-76.5,1.127876932e-11,3
95.02396331,39.002526,-76.5,7.273027946e-12,3
95.07418822,39.00252735,-76.5,9.67204329e-12,3
95.12439532,39.0025287,-76.5,9.838335325e-12,3
95.17464337,39.00253005,-76.5,4.972970476e-12,3
95.22491515,39.0025314,-76.5,1.158947711e-11,3
95.27514897,39.00253276,-76.5,2.796930974e-12,3
95.32540483,39.00253411,-76.5,9.851780721e-12,3
95.37564133,39.00253546,-76.5,1.68396116e-11,3
95.42586247,39.00253681,-76.5,-1.237957354e-12,3
95.47606528,39.00253816,-76.5,1.703649378e-11,3
95.52630273,39.00253951,-76.5,7.588922751e-12,3
95.57651189,39.00254086,-76.5,8.67515687e-12,3
95.62676053,39.00254221,-76.5,-9.212219022e-13,3
95.6769837,39.00254357,-76.5,7.338241867e-12,3
95.72722778,39.00254491,-76.5,2.387066386e-12,3
95.77755752,39.00254627,-76.5,7.254239588e-12,3
95.82779092,39.00254762,-76.5,-1.706423776e-12,3
95.87805054,39.00254897,-76.5,-7.600785727e-12,3
95.92834726,39.00255032,-76.5,1.488876025e-11,3
95.97862006,39.00255167,-76.5,1.462542953e-11,3
96.02890543,39.00255302,-76.5,-4.937910654e-12,3
96.07919966,39.00255437,-76.5,1.271245594e-11,3
96.12948942,39.00255572,-76.5,-5.355368055e-12,3
96.17975806,39.00255708,-76.5,1.043267109e-11,3
96.22996146,39.00255843,-76.5,8.827805643e-12,3
96.28020612,39.00255978,-76.5,6.907981023e-12,3
96.33042839,39.00256113,-76.5,1.889608715e-12,3
96.38069524,39.00256248,-76.5,4.124652306e-12,3
96.43094344,39.00256383,-76.5,5.540769355e-12,3
96.48117665,39.00256518,-76.5,1.121846518e-11,3
96.53143613,39.00256653,-76.5,1.139079107e-12,3
96.58165443,39.00256789,-76.5,-9.152451902e-12,3
96.63185579,39.00256924,-76.5,1.271053734e-11,3
96.68205524,39.00257059,-76.5,8.135478572e-12,3
96.73227594,39.00257194,-76.5,3.919496411e-12,3
96.78249999,39.00257329,-76.5,-3.42157616e-13,3
96.83270307,39.00257464,-76.5,1.03266254e-11,3
96.8829168,39.00257599,-76.5,4.824505418e-12,3
96.93321033,39.00257734,-76.5,6.720824108e-12,3
96.98350551,39.00257869,-76.5,1.133287057e-11,3
97.03372947,39.00258004,-76.5,7.41185521e-12,3
97.08396039,39.0025814,-76.5,4.704820865e-12,3
97.13417375,39.00258275,-76.5,3.744118833e-12,3
97.18441821,39.0025841,-76.5,2.222755504e-11,3
97.23468098,39.00258545,-76.5,2.084387978e-11,3
97.28492121,39.0025868,-76.5,-2.317196148e-12,3
97.33521591,39.00258815,-76.5,6.589952884e-12,3
97.38553239,39.0025895,-76.5,-1.620863498e-12,3
97.43579624,39.00259085,-76.5,-5.785522394e-12,3
97.48601495,39.00259221,-76.5,4.505547917e-12,3
97.53625914,39.00259356,-76.5,5.278554836e-12,3
97.58651996,39.00259491,-76.5,1.063229298e-11,3
97.63684422,39.00259626,-76.5,-4.863439214e-12,3
97.68708867,39.00259761,-76.5,8.844070552e-12,3
97.73735921,39.00259896,-76.5,7.832458935e-12,3
97.78763441,39.00260031,-76.5,4.448141237e-12,3
97.83790002,39.00260166,-76.5,1.218598045e-11,3
97.88815388,39.00260301,-76.5,-6.826789454e-12,3
97.93840055,39.00260436,-76.5,-6.818570505e-12,3
97.98866958,39.00260572,-76.5,7.658976285e-12,3
98.03890429,39.00260707,-76.5,2.100103121e-11,3
98.08920216,39.00260842,-76.5,2.48228092e-12,3
98.13945589,39.00260977,-76.5,1.408808732e-11,3
98.1896826,39.00261112,-76.5,9.332272591e-13,3
98.23989608,39.00261247,-76.5,3.438686741e-12,3
98.29019011,39.00261382,-76.5,1.178348859e-11,3
98.34044196,39.00261517,-76.5,2.145410294e-12,3
98.39071328,39.00261653,-76.5,1.048001424e-11,3
98.44097963,39.00261788,-76.5,2.529388329e-12,3
98.49125286,39.00261923,-76.5,4.433568208e-12,3
98.54155067,39.00262058,-76.5,3.459645301e-12,3
98.59178884,39.00262193,-76.5,1.230530007e-11,3
98.64204467,39.00262328,-76.5,1.063288603e-11,3
98.69235102,39.00262463,-76.5,3.758448473e-12,3
98.74267569,39.00262598,-76.5,6.482784141e-12,3
98.79296734,39.00262734,-76.5,3.470678062e-12,3
98.84321777,39.00262869,-76.5,2.513931135e-12,3
98.8935317,39.00263004,-76.5,1.91217065e-11,3
98.94378905,39.00263139,-76.5,-2.447436667e-12,3
98.99408818,39.00263274,-76.5,6.201953986e-13,3
99.04435313,39.00263409,-76.5,1.084997695e-11,3
99.09461121,39.00263544,-76.5,9.213312011e-12,3
99.14488261,39.0026368,-76.5,3.048855028e-12,3
99.19517744,39.00263815,-76.5,-1.14338238e-11,3
99.245522,39.00264085,-76.5,1.044787269e-11,3
99.29575243,39.0026422,-76.5,-9.081601615e-12,3
99.34600562,39.00264355,-76.5,-2.370699679e-12,3
99.39620246,39.0026449,-76.5,3.072101201e-12,3
99.44646427,39.00264625,-76.5,-2.503482578e-12,3
99.49665633,39.0026476,-76.5,1.14165355e-11,3
99.54690373,39.00264895,-76.5,4.608886991e-12,3
99.59708625,39.00265031,-76.5,-3.027497118e-12,3
99.64732735,39.00265166,-76.5,6.006371841e-12,3
99.69751553,39.00265301,-76.5,2.079618655e-11,3
99.74770481,39.00265436,-76.5,-9.575692292e-13,3
99.79791714,39.00265571,-76.5,6.527077111e-12,3
99.84813759,39.00265706,-76.5,-8.152087515e-12,3
99.89836116,39.00265841,-76.5,-5.092113152e-12,3
99.94856951,39.00265976,-76.5,3.766712746e-12,3
99.99877899,39.00266111,-76.50000002,-0.01310644025,3
100.0489846,39.00266246,-76.50000007,-0.02618397464,3
100.0992138,39.00266382,-76.50000014,-0.03928222213,3
100.1494477,39.00266516,-76.50000023,-0.05237482285,3
100.1996263,39.00266651,-76.50000034,-0.06546510926,3
100.249824,39.00266786,-76.50000048,-0.07855208652,3
100.3000743,39.00266921,-76.50000063,-0.09164676672,3
100.3503356,39.00267055,-76.50000082,-0.1047381804,3
100.4005601,39.00267189,-76.50000102,-0.1178252446,3
100.4508048,39.00267323,-76.50000125,-0.1309153221,3
100.501005,39.00267457,-76.50000149,-0.1440044461,3
100.5512206,39.0026759,-76.50000176,-0.1570930526,3
100.6014938,39.00267723,-76.50000206,-0.1701810144,3
100.6517139,39.00267856,-76.50000237,-0.1832744911,3
100.7019555,39.00267989,-76.50000271,-0.1963603126,3
100.75217,39.00268121,-76.50000307,-0.209455835,3
100.8023805,39.00268253,-76.50000345,-0.2225442833,3
100.8525792,39.00268384,-76.50000386,-0.2356332416,3
100.9028444,39.00268515,-76.50000428,-0.2487435798,3
100.953056,39.00268646,-76.50000473,-0.261816346,3
101.003347,39.00268776,-76.5000052,-0.2749047482,3
101.0535518,39.00268905,-76.50000569,-0.2880072628,3
101.1037404,39.00269034,-76.50000621,-0.3010872461,3
101.1539358,39.00269163,-76.50000674,-0.3141850773,3
101.2041261,39.00269291,-76.5000073,-0.3272630266,3
101.2543121,39.00269418,-76.50000788,-0.3403561339,3
101.3045477,39.00269545,-76.50000848,-0.3534442566,3
101.3547813,39.00269671,-76.5000091,-0.3665375272,3
101.4050148,39.00269797,-76.50000974,-0.3796365033,3
101.455226,39.00269921,-76.5000104,-0.392726324,3
101.5054721,39.00270045,-76.50001109,-0.4058071592,3
101.5556551,39.00270169,-76.50001179,-0.4188954315,3
101.6058603,39.00270292,-76.50001251,-0.4319807629,3
101.6560467,39.00270413,-76.50001326,-0.4450620656,3
101.7062591,39.00270535,-76.50001403,-0.4581513878,3
101.7564368,39.00270655,-76.50001481,-0.4712570982,3
101.8066329,39.00270775,-76.50001562,-0.4843587488,3
101.8568552,39.00270893,-76.50001645,-0.4974372084,3
101.9070456,39.00271011,-76.50001729,-0.5105271982,3
101.957318,39.00271128,-76.50001816,-0.5236349262,3
102.0075801,39.00271244,-76.50001904,-0.5367078171,3
102.0578205,39.0027136,-76.50001995,-0.5498154142,3
102.108026,39.00271474,-76.50002087,-0.5628852095,3
102.1582487,39.00271587,-76.50002181,-0.5759712964,3
102.2085181,39.00271699,-76.50002278,-0.5890594782,3
102.2587439,39.00271811,-76.50002376,-0.6021526805,3
102.3089855,39.00271921,-76.50002476,-0.6152409631,3
102.3592038,39.0027203,-76.50002577,-0.6283249145,3
102.4094844,39.0027214,-76.5000268,-0.6314009439,3
102.4597277,39.00272249,-76.50002782,-0.6314009439,3
102.5099306,39.00272358,-76.50002884,-0.6314009439,3
102.5602586,39.00272467,-76.50002986,-0.6314009439,3
102.6105165,39.00272576,-76.50003088,-0.6314009439,3
102.6607781,39.00272686,-76.50003189,-0.6222028896,3
102.7109988,39.00272795,-76.5000329,-0.6222028896,3
102.7612585,39.00272905,-76.50003391,-0.6222028896,3
102.8114992,39.00273015,-76.50003492,-0.6222028896,3
102.8618148,39.00273125,-76.50003593,-0.6222028896,3
102.9120682,39.00273235,-76.50003694,-0.6222028896,3
102.9622964,39.00273345,-76.50003795,-0.6222028896,3
103.012539,39.00273454,-76.50003896,-0.6222028895,3
103.0628861,39.00273564,-76.50003997,-0.6222028895,3
103.1131403,39.00273674,-76.50004098,-0.6222028895,3
103.1633862,39.00273784,-76.50004199,-0.6222028896,3
103.2135911,39.00273894,-76.50004298,-0.609130043,3
103.263857,39.00274006,-76.50004396,-0.6008038398,3
103.3141045,39.00274117,-76.50004493,-0.6008038397,3
103.36436,39.00274229,-76.50004591,-0.6008038397,3
103.4145693,39.0027434,-76.50004689,-0.6008038397,3
103.4648297,39.00274452,-76.50004787,-0.6008038398,3
103.5150419,39.00274563,-76.50004885,-0.6008038397,3
103.5653248,39.00274675,-76.50004983,-0.6008038397,3
103.6155862,39.00274786,-76.50005081,-0.6008038397,3
103.6658116,39.00274898,-76.50005179,-0.6008038397,3
103.7160879,39.00275009,-76.50005277,-0.6008038398,3
103.7664247,39.00275121,-76.50005373,-0.5877189124,3
103.8166624,39.00275235,-76.50005467,-0.5746281783,3
103.8668754,39.00275349,-76.5000556,-0.5688366044,3
103.9171483,39.00275462,-76.50005653,-0.5688366045,3
103.9673694,39.00275576,-76.50005747,-0.5688366044,3
104.0176624,39.0027569,-76.5000584,-0.5688366044,3
104.0678601,39.00275804,-76.50005933,-0.5688366044,3
104.1180755,39.00275918,-76.50006026,-0.5688366044,3
104.1683335,39.00276032,-76.5000612,-0.5688366044,3
104.2185757,39.00276146,-76.50006213,-0.5688366044,3
104.2687927,39.0027626,-76.50006304,-0.5557561135,3
104.3190619,39.00276376,-76.50006394,-0.5426622297,3
104.3693703,39.00276493,-76.50006481,-0.5295732559,3
104.4196123,39.00276609,-76.50006569,-0.5279801335,3
104.469815,39.00276726,-76.50006656,-0.5279801335,3
104.5200308,39.00276843,-76.50006743,-0.5279801335,3
104.5702592,39.00276959,-76.5000683,-0.5279801335,3
104.6205341,39.00277076,-76.50006917,-0.5279801334,3
104.6707887,39.00277193,-76.50007005,-0.5279801335,3
104.721064,39.0027731,-76.50007092,-0.5279801334,3
104.7713994,39.00277427,-76.50007179,-0.5279801334,3
104.821598,39.00277544,-76.50007265,-0.5148991482,3
104.8717719,39.00277663,-76.50007348,-0.5018065808,3
104.9220072,39.00277782,-76.50007429,-0.4887334326,3
104.9722699,39.00277902,-76.50007509,-0.4790797832,3
105.0225419,39.00278022,-76.50007589,-0.4790797832,3
105.0727564,39.00278142,-76.50007669,-0.4790797832,3
105.1229757,39.00278261,-76.50007748,-0.4790797832,3
105.1731927,39.00278381,-76.50007828,-0.4790797832,3
105.2234674,39.00278501,-76.50007908,-0.4790797832,3
105.2738415,39.00278621,-76.50007988,-0.4790797832,3
105.3241362,39.00278741,-76.50008068,-0.4790797832,3
105.3744016,39.00278862,-76.50008145,-0.4660005871,3
105.4247119,39.00278983,-76.50008221,-0.4529167206,3
105.474989,39.00279105,-76.50008295,-0.4398203709,3
105.5252687,39.00279228,-76.50008367,-0.4267322503,3
105.5755325,39.00279352,-76.50008438,-0.4230057303,3
105.6258008,39.00279475,-76.50008509,-0.4230057302,3
105.6760538,39.00279598,-76.5000858,-0.4230057302,3
105.7263848,39.00279721,-76.50008651,-0.4230057302,3
105.7766412,39.00279844,-76.50008722,-0.4230057302,3
105.8268981,39.00279968,-76.50008793,-0.4230057302,3
105.8771987,39.00280091,-76.50008864,-0.4230057302,3
105.9274707,39.00280214,-76.50008935,-0.4230057302,3
105.9777359,39.00280337,-76.50009006,-0.4230057302,3
106.028005,39.0028046,-76.50009077,-0.4230057302,3
106.0782646,39.00280584,-76.50009146,-0.409916796,3
106.1285611,39.00280709,-76.50009213,-0.3968236269,3
106.1788332,39.00280834,-76.50009278,-0.3837303156,3
106.2290886,39.0028096,-76.50009341,-0.3706424797,3
106.2793818,39.00281087,-76.50009402,-0.3590315384,3
106.3296329,39.00281213,-76.50009463,-0.3590315384,3
106.3799046,39.0028134,-76.50009523,-0.3590315384,3
106.430203,39.00281466,-76.50009584,-0.3590315384,3
106.4804939,39.00281593,-76.50009645,-0.3590315384,3
106.5307944,39.00281719,-76.50009706,-0.3590315384,3
106.5810284,39.00281846,-76.50009767,-0.3590315384,3
106.6313523,39.00281972,-76.50009828,-0.3590315384,3
106.6815652,39.00282099,-76.50009889,-0.3590315384,3
106.7318308,39.00282225,-76.50009949,-0.3590315384,3
106.7820631,39.00282352,-76.5001001,-0.3590315384,3
106.8323754,39.00282478,-76.50010071,-0.3590315384,3
106.8826394,39.00282605,-76.50010132,-0.3590315383,3
106.9329278,39.00282732,-76.50010191,-0.3459386381,3
106.9832167,39.0028286,-76.50010247,-0.3328402097,3
107.033484,39.00282988,-76.50010302,-0.3197405187,3
107.0837386,39.00283117,-76.50010354,-0.306664946,3
107.1339847,39.00283246,-76.50010404,-0.2935734689,3
107.1842537,39.00283376,-76.50010453,-0.2857116463,3
107.2344994,39.00283505,-76.50010502,-0.2856495899,3
107.2847494,39.00283635,-76.5001055,-0.2856495899,3
107.3350186,39.00283765,-76.50010599,-0.2856495899,3
107.3852901,39.00283894,-76.50010648,-0.2856495898,3
107.4355924,39.00284024,-76.50010697,-0.2856495899,3
107.4858809,39.00284154,-76.50010746,-0.2856495899,3
107.5361778,39.00284283,-76.50010794,-0.2856495898,3
107.5864027,39.00284413,-76.50010843,-0.2856495899,3
107.6366543,39.00284542,-76.50010892,-0.2856495899,3
107.6869051,39.00284672,-76.50010941,-0.2856495898,3
107.7372243,39.00284802,-76.50010987,-0.2725591916,3
107.7874925,39.00284933,-76.50011032,-0.2594674721,3
107.8377151,39.00285064,-76.50011074,-0.2463644405,3
107.887978,39.00285195,-76.50011114,-0.2332713465,3
107.9381819,39.00285327,-76.50011152,-0.2202033006,3
107.9884348,39.00285459,-76.50011188,-0.2071139794,3
108.0386903,39.00285592,-76.50011222,-0.2030678905,3
108.0889113,39.00285724,-76.50011257,-0.2030678905,3
108.1392064,39.00285856,-76.50011292,-0.2030678905,3
108.1895187,39.00285989,-76.50011327,-0.2030678905,3
108.2397727,39.00286121,-76.50011362,-0.2030678905,3
108.290023,39.00286254,-76.50011397,-0.2030678905,3
108.3402996,39.00286386,-76.50011432,-0.2030678906,3
108.3905978,39.00286518,-76.50011465,-0.1899785605,3
108.4408613,39.00286651,-76.50011495,-0.1768878649,3
108.4911754,39.00286785,-76.50011523,-0.1637915804,3
108.5414616,39.00286918,-76.50011549,-0.1507105714,3
108.5917801,39.00287052,-76.50011573,-0.1376089525,3
108.6420285,39.00287186,-76.50011595,-0.1245299083,3
108.6922629,39.00287321,-76.50011614,-0.1131197558,3
108.742482,39.00287455,-76.50011634,-0.1131197558,3
108.7926725,39.00287589,-76.50011653,-0.1131197558,3
108.842935,39.00287723,-76.50011673,-0.1131197558,3
108.8932136,39.00287858,-76.50011692,-0.1131197558,3
108.9434641,39.00287992,-76.50011712,-0.1131197557,3
108.9937345,39.00288126,-76.50011729,-0.1000040077,3
109.0439923,39.00288261,-76.50011744,-0.08694204676,3
109.0942095,39.00288395,-76.50011757,-0.07385100165,3
109.14445,39.00288531,-76.50011768,-0.06073674379,3
109.1947232,39.00288665,-76.50011776,-0.04765874523,3
109.245004,39.002888,-76.50011782,-0.03456782762,3
109.29528,39.00288935,-76.50011785,-0.02148150486,3
109.3455556,39.00289206,-76.50011791,-0.01641961022,3
109.3957382,39.00289341,-76.50011794,-0.01641961019,3
109.4460013,39.00289476,-76.50011797,-0.0164196102,3
109.4962025,39.00289611,-76.50011797,-0.00331509575,3
109.546448,39.00289746,-76.50011796,0.009766758604,3
109.5966794,39.00289881,-76.50011792,0.02285814614,3
109.6469245,39.00290016,-76.50011786,0.03594065893,3
109.6971372,39.00290151,-76.50011777,0.04902209676,3
109.7473913,39.00290286,-76.50011766,0.06212977454,3
109.7976579,39.00290421,-76.50011753,0.07520650468,3
109.8479099,39.00290555,-76.50011738,0.08630546599,3
109.8981442,39.0029069,-76.50011723,0.08630546594,3
109.9483995,39.00290825,-76.50011709,0.08630546592,3
109.9986576,39.00290959,-76.50011691,0.09939526512,3
110.0489335,39.00291093,-76.50011672,0.1124872318,3
110.0991579,39.00291227,-76.5001165,0.1255622529,3
110.1493929,39.00291361,-76.50011626,0.1386573753,3
110.1995926,39.00291495,-76.500116,0.1517527723,3
110.2498042,39.00291628,-76.50011572,0.1648555795,3
110.3000048,39.00291761,-76.50011541,0.1779489845,3
110.3502443,39.00291894,-76.50011508,0.1910226715,3
110.4004407,39.00292026,-76.50011473,0.2041267838,3
110.4506501,39.00292158,-76.50011436,0.2172010028,3
110.5009036,39.00292289,-76.50011396,0.2302865967,3
110.5511945,39.00292421,-76.50011355,0.2433869422,3
110.6013889,39.00292551,-76.50011311,0.2564784541,3
110.651615,39.00292682,-76.50011264,0.2695681491,3
110.7018312,39.00292811,-76.50011216,0.2826476056,3
110.7520613,39.00292941,-76.50011166,0.2957466328,3
110.8022917,39.00293069,-76.50011113,0.3088292186,3
110.8524962,39.00293197,-76.50011058,0.3219180942,3
110.9026989,39.00293325,-76.50011001,0.3350088078,3
110.9528989,39.00293452,-76.50010942,0.3481150415,3
111.0031092,39.00293578,-76.50010881,0.3611977881,3
111.0533674,39.00293704,-76.50010818,0.3742859463,3
111.1035602,39.00293829,-76.50010752,0.3873758733,3
111.1538026,39.00293954,-76.50010685,0.4004662751,3
111.2040213,39.00294077,-76.50010615,0.4135554672,3
111.2542626,39.002942,-76.50010544,0.4266450151,3
111.3044801,39.00294323,-76.5001047,0.4397368508,3
111.3546889,39.00294444,-76.50010394,0.4528190144,3
111.404915,39.00294565,-76.50010316,0.4659164215,3
111.4551978,39.00294685,-76.50010237,0.4789964113,3
111.5054818,39.00294804,-76.50010155,0.4920989374,3
111.5558641,39.00294922,-76.50010071,0.5051866121,3
111.6060926,39.0029504,-76.50009985,0.5182758581,3
111.6563382,39.00295156,-76.50009897,0.531374376,3
111.7065791,39.00295272,-76.50009808,0.5444518224,3
111.7568419,39.00295386,-76.50009716,0.5575325076,3
111.8070817,39.002955,-76.50009623,0.5706344156,3
111.857388,39.00295613,-76.50009527,0.5837252075,3
111.9075952,39.00295724,-76.5000943,0.5968076012,3
111.9578557,39.00295835,-76.50009331,0.6098958927,3
112.0081047,39.00295945,-76.50009229,0.6230150383,3
112.0583993,39.00296054,-76.50009127,0.6360838551,3
112.1086478,39.00296161,-76.50009022,0.6491679729,3
112.1588883,39.00296268,-76.50008915,0.6622769796,3
112.2091588,39.00296373,-76.50008807,0.6753684292,3
112.2594653,39.00296478,-76.50008697,0.688445934,3
112.3097256,39.00296581,-76.50008585,0.7015454358,3
112.3599836,39.00296683,-76.50008472,0.7146270317,3
112.4102742,39.00296784,-76.50008357,0.7277149931,3
112.4605204,39.00296884,-76.5000824,0.7408042692,3
112.5107345,39.00296982,-76.50008121,0.7539213428,3
112.5609666,39.00297079,-76.50008001,0.7669733024,3
112.6111964,39.00297175,-76.50007879,0.7800753334,3
112.6614801,39.0029727,-76.50007756,0.7931663898,3
112.711666,39.00297364,-76.50007631,0.8062551748,3
112.7619022,39.00297456,-76.50007505,0.819347292,3
112.812206,39.00297547,-76.50007376,0.8324364817,3
112.8624547,39.00297636,-76.50007247,0.845519173,3
112.9126395,39.00297725,-76.50007116,0.8586012732,3
112.9628115,39.00297812,-76.50006983,0.8717046716,3
113.013023,39.00297897,-76.50006849,0.8847919101,3
113.0633225,39.00297982,-76.50006714,0.8978790746,3
113.1135575,39.00298064,-76.50006577,0.9109669828,3
113.1637962,39.00298146,-76.50006439,0.9240683324,3
113.2140451,39.00298226,-76.50006299,0.9371562851,3
113.2642929,39.00298304,-76.50006158,0.9502437849,3
113.3145083,39.00298382,-76.50006016,0.9633473283,3
113.3647478,39.00298457,-76.50005873,0.9764230534,3
113.4149636,39.00298531,-76.50005728,0.9895143708,3
113.465175,39.00298604,-76.50005582,1.002617919,3
113.5153742,39.00298675,-76.50005435,1.01568742,3
113.5655447,39.00298745,-76.50005286,1.028795568,3
113.6157104,39.00298813,-76.50005137,1.04187806,3
113.6658905,39.0029888,-76.50004986,1.054977458,3
113.7160545,39.00298945,-76.50004835,1.068068126,3
113.7662954,39.00299008,-76.50004682,1.081143514,3
113.8165039,39.0029907,-76.50004528,1.094238826,3
113.8666959,39.00299131,-76.50004373,1.107338803,3
113.9169297,39.0029919,-76.50004217,1.12042685,3
113.9671856,39.00299247,-76.5000406,1.133527469,3
114.0174859,39.00299303,-76.50003902,1.146614348,3
114.0677555,39.00299357,-76.50003744,1.159696121,3
114.1180134,39.00299409,-76.50003584,1.172787326,3
114.1682142,39.0029946,-76.50003423,1.185885466,3
114.2184512,39.00299509,-76.50003262,1.198969685,3
114.268722,39.00299556,-76.500031,1.212039407,3
114.3189453,39.00299602,-76.50002937,1.225137263,3
114.3691692,39.00299646,-76.50002774,1.238222117,3
114.4193972,39.00299688,-76.50002609,1.251327891,3
114.4696012,39.00299729,-76.50002444,1.26440645,3
114.5198086,39.00299768,-76.50002278,1.27749184,3
114.5700038,39.00299806,-76.50002112,1.290580807,3
114.6202338,39.00299841,-76.50001945,1.303689603,3
114.6704843,39.00299875,-76.50001777,1.316774786,3
114.720711,39.00299907,-76.50001609,1.329849292,3
114.770939,39.00299938,-76.5000144,1.342955278,3
114.8212042,39.00299967,-76.50001271,1.356038601,3
114.8714506,39.00299994,-76.50001102,1.369135217,3
114.9216771,39.00300019,-76.50000932,1.382217412,3
114.9719016,39.00300043,-76.50000761,1.395297241,3
115.0220929,39.00300065,-76.5000059,1.408396931,3
115.0723466,39.00300085,-76.50000419,1.421488132,3
115.1226195,39.00300103,-76.50000247,1.434585988,3
115.1728795,39.0030012,-76.50000076,1.447655235,3
115.2232336,39.00300135,-76.49999903,1.460773611,3
115.2735138,39.00300148,-76.49999731,1.473858596,3
115.3237871,39.00300159,-76.49999558,1.486947162,3
115.3740388,39.00300168,-76.49999386,1.500024377,3
115.4243379,39.00300176,-76.49999213,1.513115476,3
115.4745994,39.00300182,-76.4999904,1.526195829,3
115.5248159,39.00300187,-76.49998867,1.539298272,3
115.5750708,39.00300189,-76.49998694,1.552378686,3
115.6253896,39.0030019,-76.4999852,1.565496928,3
115.6756089,39.00300189,-76.49998347,1.578578567,3
115.7258665,39.00300186,-76.49998174,1.591654655,3
115.7761318,39.00300181,-76.49998001,1.604761894,3
115.8263485,39.00300175,-76.49997828,1.617834178,3
115.8765945,39.00300167,-76.49997655,1.630926033,3
115.9268346,39.00300157,-76.49997483,1.644018658,3
115.9770729,39.00300145,-76.4999731,1.657096348,3
116.0274579,39.00300132,-76.49997138,1.670198718,3
116.077723,39.00300117,-76.49996966,1.683300343,3
116.1279358,39.003001,-76.49996794,1.69637318,3
116.1782399,39.00300081,-76.49996622,1.709496206,3
116.2284844,39.00300061,-76.49996451,1.722567513,3
116.2787574,39.00300039,-76.49996281,1.735635867,3
116.328967,39.00300015,-76.4999611,1.748734923,3
116.3791987,39.00299989,-76.4999594,1.761816454,3
116.4294405,39.00299962,-76.4999577,1.774910752,3
116.4796815,39.00299932,-76.49995601,1.787999845,3
116.5299252,39.00299902,-76.49995433,1.801111225,3
116.5802413,39.00299869,-76.49995265,1.814176108,3
116.6304705,39.00299835,-76.49995097,1.827273424,3
116.6807219,39.00299799,-76.4999493,1.840354464,3
116.7309852,39.00299761,-76.49994764,1.853448378,3
116.7811976,39.00299722,-76.49994598,1.86653816,3
116.8314113,39.00299681,-76.49994433,1.879629026,3
116.8816733,39.00299638,-76.49994269,1.89271369,3
116.9319538,39.00299593,-76.49994105,1.905825738,3
116.9822218,39.00299547,-76.49993943,1.918896989,3
117.0325041,39.002995,-76.49993781,1.93200763,3
117.0827656,39.0029945,-76.4999362,1.945087226,3
117.1330155,39.00299399,-76.49993459,1.958184544,3
117.1833472,39.00299347,-76.499933,1.971253989,3
117.233566,39.00299292,-76.49993141,1.984354042,3
117.2838518,39.00299236,-76.49992984,1.997438124,3
117.3340683,39.00299179,-76.49992827,2.010537733,3
117.3843454,39.0029912,-76.49992671,2.023637118,3
117.4345598,39.00299059,-76.49992516,2.036715477,3
117.4848222,39.00298997,-76.49992362,2.049836578,3
117.5350379,39.00298933,-76.4999221,2.06289057,3
117.5852924,39.00298867,-76.49992059,2.075972176,3
117.6355497,39.00298801,-76.49991908,2.089065569,3
117.6857646,39.00298732,-76.49991759,2.102157557,3
117.7360613,39.00298662,-76.4999161,2.115322157,3
117.786315,39.0029859,-76.49991464,2.128357519,3
117.8366214,39.00298518,-76.49991318,2.141444851,3
117.8868651,39.00298443,-76.49991174,2.154521413,3
117.937051,39.00298367,-76.49991031,2.167607126,3
117.987216,39.0029829,-76.49990889,2.180702713,3
118.0374055,39.00298211,-76.49990748,2.193798729,3
118.0876342,39.00298131,-76.49990609,2.206879403,3
118.1378742,39.00298049,-76.49990471,2.219975642,3
118.1881474,39.00297966,-76.49990334,2.233060715,3
118.2384112,39.00297881,-76.49990199,2.246150574,3
118.2886778,39.00297796,-76.49990065,2.259242982,3
118.3389356,39.00297708,-76.49989933,2.272337853,3
118.3892272,39.0029762,-76.49989802,2.285427921,3
118.4394939,39.0029753,-76.49989673,2.298518558,3
118.4897502,39.00297439,-76.49989545,2.31160017,3
118.5400147,39.00297346,-76.49989419,2.324696513,3
118.590265,39.00297253,-76.49989294,2.337783312,3
118.6404958,39.00297158,-76.49989171,2.350866563,3
118.6907866,39.00297061,-76.4998905,2.363960876,3
118.7410732,39.00296964,-76.49988929,2.377078792,3
118.7913508,39.00296865,-76.49988811,2.390137665,3
118.8415908,39.00296765,-76.49988695,2.403226136,3
118.8918685,39.00296664,-76.4998858,2.416315292,3
118.9421488,39.00296562,-76.49988467,2.42940841,3
118.9924298,39.00296458,-76.49988355,2.442504424,3
119.0427115,39.00296354,-76.49988246,2.455597388,3
119.0929861,39.00296248,-76.49988138,2.468687178,3
119.1432815,39.00296141,-76.49988032,2.481771449,3
119.1936035,39.00296033,-76.49987927,2.494876848,3
119.2438768,39.00295925,-76.49987825,2.507953247,3
119.2941868,39.00295815,-76.49987724,2.521037553,3
119.3444367,39.00295704,-76.49987625,2.534137795,3
119.3947744,39.00295592,-76.49987528,2.547220524,3
119.4450101,39.00295479,-76.49987433,2.560304973,3
119.4953226,39.00295365,-76.4998734,2.573395799,3
119.5455831,39.00295134,-76.4998716,2.599574061,3
119.5957855,39.00295018,-76.49987072,2.612668818,3
119.6460181,39.002949,-76.49986987,2.625761163,3
119.6963259,39.00294782,-76.49986903,2.63887162,3
119.7465905,39.00294662,-76.49986822,2.65194782,3
119.7968272,39.00294542,-76.49986742,2.665038764,3
119.8470854,39.00294422,-76.49986665,2.678118968,3
119.8973607,39.002943,-76.4998659,2.691207166,3
119.9475565,39.00294178,-76.49986516,2.704294972,3
119.9977629,39.00294054,-76.49986445,2.717393584,3
120.0479478,39.00293931,-76.49986376,2.730481486,3
120.0981478,39.00293806,-76.49986308,2.743604264,3
120.1483207,39.00293681,-76.49986244,2.756667949,3
120.198503,39.00293555,-76.49986181,2.769757199,3
120.2486912,39.00293428,-76.4998612,2.782845735,3
120.2989147,39.00293301,-76.49986061,2.795949925,3
120.349156,39.00293173,-76.49986005,2.809046626,3
120.3994819,39.00293045,-76.4998595,2.822128982,3
120.4497051,39.00292916,-76.49985898,2.835208132,3
120.4999001,39.00292787,-76.49985848,2.848313563,3
120.5500857,39.00292657,-76.499858,2.861383489,3
120.6003075,39.00292527,-76.49985754,2.874470839,3
120.6505147,39.00292396,-76.49985711,2.88756038,3
120.7007219,39.00292265,-76.4998567,2.900646402,3
120.75093,39.00292133,-76.4998563,2.913745068,3
120.8011795,39.00292001,-76.49985594,2.926832098,3
120.8514175,39.00291869,-76.49985559,2.939918942,3
120.9016793,39.00291736,-76.49985526,2.953010549,3
120.9519154,39.00291603,-76.49985496,2.966101356,3
121.0021871,39.0029147,-76.49985468,2.97921115,3
121.0524135,39.00291336,-76.49985442,2.992304496,3
121.1026396,39.00291202,-76.49985419,3.005387973,3
121.1528841,39.00291068,-76.49985398,3.018476892,3
121.2030997,39.00290934,-76.49985379,3.031573898,3
121.2533455,39.00290799,-76.49985362,3.044647678,3
121.3035858,39.00290665,-76.49985347,3.05773839,3
121.3537928,39.0029053,-76.49985335,3.070837309,3
121.404004,39.00290395,-76.49985325,3.083930045,3
121.4542083,39.0029026,-76.49985317,3.097008243,3
121.504394,39.00290125,-76.49985312,3.110097106,3
121.5545822,39.0028999,-76.49985309,3.123188579,3
121.6047801,39.00289855,-76.49985308,3.136289206,3
121.6550342,39.0028972,-76.49985309,-3.133817542,3
121.7052907,39.00289585,-76.49985313,-3.120736671,3
121.7555436,39.0028945,-76.49985319,-3.107628856,3
121.8058072,39.00289315,-76.49985327,-3.094548729,3
121.8560595,39.0028918,-76.49985337,-3.081449796,3
121.9063492,39.00289045,-76.4998535,-3.068351053,3
121.9566932,39.0028891,-76.49985365,-3.055263225,3
122.0069021,39.00288776,-76.49985382,-3.042167507,3
122.057109,39.00288642,-76.49985401,-3.029098753,3
122.107372,39.00288507,-76.49985423,-3.015988682,3
122.1576469,39.00288374,-76.49985447,-3.002901842,3
122.2079132,39.0028824,-76.49985473,-2.98981335,3
122.258201,39.00288107,-76.49985502,-2.977423723,3
122.3084745,39.00287973,-76.4998553,-2.977423723,3
122.3587835,39.0028784,-76.49985558,-2.977423723,3
122.4090523,39.00287707,-76.49985585,-2.983571828,3
122.4593536,39.00287574,-76.49985613,-2.983571828,3
122.509616,39.0028744,-76.4998564,-2.983571828,3
122.5598585,39.00287307,-76.49985667,-2.983571828,3
122.6101033,39.00287173,-76.49985694,-2.983571828,3
122.6603619,39.0028704,-76.49985722,-2.983571828,3
122.7105884,39.00286906,-76.49985749,-2.983571828,3
122.7608523,39.00286773,-76.49985776,-2.983571828,3
122.8111451,39.0028664,-76.49985803,-2.983571828,3
122.8614125,39.00286506,-76.49985831,-2.983571828,3
122.9116329,39.00286373,-76.49985858,-2.983571828,3
122.9618575,39.00286239,-76.49985885,-2.983571828,3
123.0120894,39.00286105,-76.49985911,-2.989976347,3
123.0622956,39.00285972,-76.49985937,-2.989976347,3
123.1125412,39.00285838,-76.49985964,-2.989976347,3
123.1628259,39.00285705,-76.4998599,-2.989976347,3
123.2130882,39.00285571,-76.49986016,-2.989976347,3
123.2633038,39.00285438,-76.49986042,-2.989976347,3
123.3134979,39.00285304,-76.49986068,-2.989976347,3
123.3637263,39.00285171,-76.49986094,-2.989976347,3
123.4139926,39.00285037,-76.49986121,-2.989976347,3
123.4642456,39.00284904,-76.49986147,-2.989976347,3
123.5144801,39.0028477,-76.49986173,-2.989976347,3
123.5647318,39.00284636,-76.49986199,-2.989976347,3
123.6149911,39.00284503,-76.49986224,-2.996671176,3
123.6652666,39.00284369,-76.49986249,-2.996671176,3
123.7154684,39.00284235,-76.49986274,-2.996671176,3
123.7656556,39.00284102,-76.49986299,-2.996671176,3
123.8158914,39.00283968,-76.49986324,-2.996671176,3
123.8661654,39.00283834,-76.49986349,-2.996671176,3
123.9164036,39.002837,-76.49986374,-2.996671176,3
123.9666707,39.00283567,-76.49986399,-2.996671176,3
124.0169405,39.00283433,-76.49986424,-2.996671176,3
124.067167,39.00283299,-76.49986449,-2.996671176,3
124.1174399,39.00283166,-76.49986474,-2.996671176,3
124.1676287,39.00283032,-76.49986499,-2.996671176,3
124.2178306,39.00282898,-76.49986523,-3.005180529,3
124.2680009,39.00282764,-76.49986546,-3.005180529,3
124.3182467,39.00282631,-76.4998657,-3.005180529,3
124.3684403,39.00282497,-76.49986593,-3.005180529,3
124.418644,39.00282363,-76.49986617,-3.005180529,3
124.4688243,39.00282229,-76.4998664,-3.005180529,3
124.5191449,39.00282095,-76.49986664,-3.005180529,3
124.5693543,39.00281961,-76.49986687,-3.005180529,3
124.6196256,39.00281827,-76.49986711,-3.005180529,3
124.669856,39.00281693,-76.49986735,-3.005180529,3
124.7200665,39.0028156,-76.49986758,-3.005180529,3
124.7702756,39.00281426,-76.49986782,-3.005180529,3
124.8204889,39.00281292,-76.49986805,-3.005180529,3
124.8707126,39.00281158,-76.49986827,-3.018266473,3
124.9209238,39.00281024,-76.49986846,-3.027050145,3
124.9711374,39.00280889,-76.49986866,-3.027050145,3
125.02136,39.00280755,-76.49986886,-3.027050145,3
125.0715751,39.00280621,-76.49986906,-3.027050145,3
125.1218426,39.00280487,-76.49986925,-3.027050145,3
125.172077,39.00280352,-76.49986945,-3.027050145,3
125.2223874,39.00280218,-76.49986965,-3.027050145,3
125.2726318,39.00280084,-76.49986985,-3.027050145,3
125.3229278,39.0027995,-76.49987005,-3.027050145,3
125.373197,39.00279815,-76.49987024,-3.027050145,3
125.4234805,39.00279681,-76.49987044,-3.027050145,3
125.4737242,39.00279547,-76.49987064,-3.027050145,3
125.5240071,39.00279413,-76.49987084,-3.027050145,3
125.5743081,39.00279278,-76.49987104,-3.027050145,3
125.6245748,39.00279144,-76.49987121,-3.040135202,3
125.6748465,39.0027901,-76.49987138,-3.045800983,3
125.7250991,39.00278875,-76.49987154,-3.045800983,3
125.7753997,39.00278741,-76.49987171,-3.045800983,3
125.8256881,39.00278606,-76.49987187,-3.045800983,3
125.875913,39.00278472,-76.49987204,-3.045800983,3
125.92619,39.00278337,-76.49987221,-3.045800983,3
125.9764474,39.00278203,-76.49987237,-3.045800983,3
126.0266761,39.00278068,-76.49987254,-3.045800983,3
126.0769419,39.00277934,-76.4998727,-3.045800983,3
126.1272068,39.00277799,-76.49987287,-3.045800983,3
126.1774672,39.00277665,-76.49987303,-3.045800983,3
126.2277203,39.0027753,-76.49987318,-3.058888611,3
126.2780008,39.00277395,-76.49987332,-3.061220361,3
126.3282632,39.00277261,-76.49987345,-3.061220361,3
126.3785193,39.00277126,-76.49987359,-3.061220361,3
126.4287665,39.00276991,-76.49987373,-3.061220361,3
126.4790066,39.00276857,-76.49987387,-3.061220361,3
126.5292358,39.00276722,-76.49987401,-3.061220361,3
126.5794559,39.00276587,-76.49987415,-3.061220361,3
126.6296771,39.00276453,-76.49987429,-3.061220361,3
126.6799131,39.00276318,-76.49987443,-3.061220361,3
126.7301663,39.00276183,-76.49987457,-3.061220361,3
126.7803912,39.00276048,-76.49987471,-3.061220361,3
126.8306411,39.00275914,-76.49987484,-3.061220361,3
126.8808776,39.00275779,-76.49987496,-3.074093697,3
126.9311649,39.00275644,-76.49987508,-3.074093697,3
126.9815183,39.00275509,-76.4998752,-3.074093697,3
127.031729,39.00275375,-76.49987531,-3.074093697,3
127.0819402,39.0027524,-76.49987543,-3.074093697,3
127.1321684,39.00275105,-76.49987555,-3.074093697,3
127.1823712,39.0027497,-76.49987566,-3.074093697,3
127.232573,39.00274835,-76.49987578,-3.074093697,3
127.2827447,39.002747,-76.4998759,-3.074093697,3
127.333027,39.00274566,-76.49987601,-3.074093697,3
127.3832477,39.00274431,-76.49987613,-3.074093698,3
127.4335233,39.00274296,-76.49987622,-3.087182201,3
127.4837245,39.00274161,-76.4998763,-3.100274124,3
127.5339383,39.00274026,-76.49987634,-3.113360672,3
127.5841978,39.00273891,-76.49987639,-3.113914303,3
127.6344206,39.00273756,-76.49987644,-3.113914303,3
127.6846237,39.00273621,-76.49987649,-3.113914303,3
127.7348261,39.00273486,-76.49987654,-3.113914303,3
127.7850491,39.00273351,-76.49987658,-3.113914303,3
127.835363,39.00273216,-76.49987663,-3.113914303,3
127.8856187,39.0027308,-76.49987668,-3.113914303,3
127.93591,39.00272945,-76.49987673,-3.113914303,3
127.9861435,39.0027281,-76.49987678,-3.113914303,3
128.0364113,39.00272675,-76.49987682,-3.113914303,3
128.0866267,39.0027254,-76.49987687,-3.113914303,3
128.1368976,39.00272405,-76.49987692,-3.113914303,3
128.1872143,39.0027227,-76.49987697,-3.113914303,3
128.2375496,39.00272135,-76.49987702,-3.113914303,3
128.2878162,39.00272,-76.49987706,-3.113914303,3
128.338082,39.00271865,-76.49987711,-3.113914303,3
128.3883667,39.0027173,-76.49987716,-3.113914303,3
128.4386229,39.00271595,-76.49987721,-3.113914303,3
128.488896,39.0027146,-76.49987725,-3.113914303,3
128.5391877,39.00271324,-76.4998773,-3.113914303,3
128.5894504,39.0027119,-76.49987735,-3.113914303,3
128.6396647,39.00271055,-76.4998774,-3.113914303,3
128.6898824,39.00270919,-76.49987745,-3.113914303,3
128.7400997,39.00270784,-76.49987749,-3.113914303,3
128.7903437,39.00270649,-76.49987754,-3.113914303,3
128.8406221,39.00270514,-76.49987759,-3.113914303,3
128.8908955,39.00270379,-76.49987764,-3.113914303,3
128.9412042,39.00270244,-76.49987769,-3.113914303,3
128.9914747,39.00270109,-76.49987773,-3.113914303,3
129.0417059,39.00269974,-76.49987778,-3.113914303,3
129.0919052,39.00269839,-76.49987783,-3.113914303,3
129.1421528,39.00269704,-76.49987788,-3.113914303,3
129.1923696,39.00269569,-76.49987793,-3.113914303,3
129.2426136,39.00269434,-76.49987797,-3.113914303,3
129.2928715,39.00269298,-76.49987802,-3.113914303,3
129.343161,39.00269164,-76.49987807,-3.116379112,3
129.3933934,39.00269029,-76.49987811,-3.116379112,3
129.443643,39.00268893,-76.49987815,-3.116379112,3
129.4938982,39.00268758,-76.4998782,-3.116379112,3
129.5441461,39.00268623,-76.49987824,-3.116379112,3
129.5943544,39.00268488,-76.49987828,-3.116379112,3
129.6445822,39.00268353,-76.49987833,-3.116379112,3
129.6948138,39.00268218,-76.49987837,-3.116379112,3
129.7450707,39.00268083,-76.49987841,-3.116379112,3
129.7953672,39.00267948,-76.49987846,-3.116379112,3
129.8456289,39.00267678,-76.49987855,-3.116379112,3
129.8958615,39.00267543,-76.49987859,-3.116379112,3
129.9461047,39.00267407,-76.49987863,-3.116379112,3
129.9963899,39.00267273,-76.49987867,-3.118634567,3
130.0466537,39.00267137,-76.49987871,-3.118634567,3
130.0968773,39.00267002,-76.49987875,-3.118634567,3
130.1471667,39.00266867,-76.49987879,-3.118634567,3
130.1974164,39.00266732,-76.49987883,-3.118634567,3
130.2476339,39.00266597,-76.49987887,-3.118634567,3
130.2978979,39.00266462,-76.49987891,-3.118634567,3
130.3481467,39.00266327,-76.49987895,-3.118634567,3
130.3983602,39.00266192,-76.49987899,-3.118634567,3
130.4485784,39.00266057,-76.49987903,-3.118634567,3
130.4988141,39.00265922,-76.49987907,-3.118634567,3
130.5490201,39.00265787,-76.49987911,-3.118634567,3
130.5992546,39.00265652,-76.49987915,-3.118634567,3
130.6494943,39.00265517,-76.49987919,-3.120683729,3
130.6997267,39.00265381,-76.49987922,-3.120683729,3
130.7499885,39.00265246,-76.49987926,-3.120683729,3
130.8002491,39.00265111,-76.49987929,-3.120683729,3
130.8505262,39.00264976,-76.49987933,-3.120683729,3
130.9007396,39.00264841,-76.49987937,-3.120683729,3
130.9510194,39.00264706,-76.4998794,-3.120683729,3
131.001305,39.00264571,-76.49987944,-3.120683729,3
131.0515365,39.00264436,-76.49987948,-3.120683729,3
131.1017426,39.00264301,-76.49987951,-3.120683729,3
131.1519892,39.00264166,-76.49987955,-3.120683729,3
131.2022251,39.0026403,-76.49987958,-3.120683729,3
131.252442,39.00263895,-76.49987962,-3.120683729,3
131.3026253,39.0026376,-76.49987965,-3.122545915,3
131.35285,39.00263625,-76.49987969,-3.122545915,3
131.4032239,39.0026349,-76.49987972,-3.122545915,3
131.4535042,39.00263355,-76.49987975,-3.122545915,3
131.5037457,39.0026322,-76.49987979,-3.122545915,3
131.5539674,39.00263085,-76.49987982,-3.122545915,3
131.6042432,39.0026295,-76.49987985,-3.122545915,3
131.6544521,39.00262815,-76.49987988,-3.122545915,3
131.7046466,39.0026268,-76.49987992,-3.122545915,3
131.7548444,39.00262544,-76.49987995,-3.122545915,3
131.8050339,39.00262409,-76.49987998,-3.122545915,3
131.8552208,39.00262274,-76.49988002,-3.122545915,3
131.9054496,39.00262139,-76.49988005,-3.122545915,3
131.955661,39.00262004,-76.49988008,-3.122545915,3
132.0058745,39.00261869,-76.49988011,-3.124249868,3
132.056074,39.00261734,-76.49988014,-3.124249868,3
132.1063064,39.00261599,-76.49988017,-3.124249868,3
132.1565014,39.00261464,-76.4998802,-3.124249868,3
132.2066999,39.00261329,-76.49988023,-3.124249868,3
132.2569074,39.00261194,-76.49988026,-3.124249868,3
132.3071771,39.00261058,-76.49988029,-3.124249868,3
132.3574423,39.00260923,-76.49988032,-3.124249868,3
132.4076342,39.00260788,-76.49988035,-3.124249868,3
132.4578292,39.00260653,-76.49988038,-3.124249868,3
132.5080145,39.00260518,-76.49988041,-3.124249868,3
132.5582408,39.00260383,-76.49988044,-3.124249868,3
132.6084582,39.00260248,-76.49988047,-3.124249868,3
132.6586672,39.00260113,-76.4998805,-3.125797952,3
132.7088657,39.00259978,-76.49988053,-3.125797952,3
132.7591083,39.00259843,-76.49988055,-3.125797952,3
132.8093613,39.00259708,-76.49988058,-3.125797952,3
132.8595734,39.00259573,-76.49988061,-3.125797952,3
132.9097735,39.00259437,-76.49988064,-3.125797952,3
132.9600304,39.00259302,-76.49988066,-3.125797952,3
133.0103084,39.00259167,-76.49988069,-3.125797952,3
133.0605477,39.00259032,-76.49988072,-3.125797952,3
133.1107612,39.00258897,-76.49988075,-3.125797952,3
133.1609837,39.00258762,-76.49988077,-3.125797952,3
133.2112624,39.00258627,-76.4998808,-3.125797952,3
133.2615668,39.00258492,-76.49988083,-3.125797952,3
133.3117572,39.00258357,-76.49988085,-3.127204743,3
133.3620122,39.00258221,-76.49988088,-3.127204743,3
133.4123331,39.00258086,-76.4998809,-3.127204743,3
133.4625938,39.00257951,-76.49988093,-3.127204743,3
133.5127949,39.00257816,-76.49988095,-3.127204743,3
133.5630677,39.00257681,-76.49988098,-3.127204743,3
133.6133291,39.00257546,-76.499881,-3.127204743,3
133.6635351,39.00257411,-76.49988103,-3.127204743,3
133.7137986,39.00257276,-76.49988105,-3.127204743,3
133.7639967,39.00257141,-76.49988108,-3.127204743,3
133.8142656,39.00257006,-76.4998811,-3.127204743,3
133.8644626,39.0025687,-76.49988113,-3.127204743,3
133.9147581,39.00256735,-76.49988115,-3.127204743,3
133.9650035,39.002566,-76.49988118,-3.127204743,3
134.0152521,39.00256465,-76.4998812,-3.128491985,3
134.065534,39.0025633,-76.49988122,-3.128491985,3
134.1158073,39.00256195,-76.49988125,-3.128491985,3
134.1660166,39.0025606,-76.49988127,-3.128491985,3
134.2162751,39.00255925,-76.49988129,-3.128491985,3
134.2665379,39.00255789,-76.49988131,-3.128491985,3
134.3168022,39.00255655,-76.49988134,-3.128491985,3
134.3670098,39.00255519,-76.49988136,-3.128491985,3
134.4172709,39.00255384,-76.49988138,-3.128491985,3
134.4675209,39.00255249,-76.4998814,-3.128491985,3
134.5178128,39.00255114,-76.49988143,-3.128491985,3
134.5680226,39.00254979,-76.49988145,-3.128491985,3
134.6183227,39.00254844,-76.49988147,-3.128491985,3
134.6685255,39.00254709,-76.49988149,-3.129661459,3
134.7187295,39.00254574,-76.49988151,-3.129661459,3
134.768942,39.00254439,-76.49988153,-3.129661459,3
134.819165,39.00254304,-76.49988155,-3.129661459,3
134.869398,39.00254168,-76.49988158,-3.129661459,3
134.9196115,39.00254033,-76.4998816,-3.129661459,3
134.9698458,39.00253898,-76.49988162,-3.129661459,3
135.0200818,39.00253763,-76.49988164,-3.129661459,3
135.0703605,39.00253628,-76.49988166,-3.129661459,3
135.1206077,39.00253493,-76.49988168,-3.129661459,3
135.1708463,39.00253358,-76.4998817,-3.129661459,3
135.2211543,39.00253223,-76.49988172,-3.129661459,3
135.271396,39.00253087,-76.49988174,-3.129661459,3
135.3216381,39.00252952,-76.49988176,-3.130724186,3
135.3718584,39.00252817,-76.49988178,-3.130724186,3
135.4220974,39.00252682,-76.4998818,-3.130724186,3
135.4723673,39.00252547,-76.49988182,-3.130724186,3
135.5226304,39.00252412,-76.49988183,-3.130724186,3
135.5728751,39.00252277,-76.49988185,-3.130724186,3
135.6231594,39.00252142,-76.49988187,-3.130724186,3
135.673403,39.00252006,-76.49988189,-3.130724186,3
135.7236389,39.00251872,-76.49988191,-3.130724186,3
135.773874,39.00251736,-76.49988193,-3.130724186,3
135.8241043,39.00251601,-76.49988195,-3.130724186,3
135.8743516,39.00251466,-76.49988197,-3.130724186,3
135.9245592,39.00251331,-76.49988199,-3.130724186,3
135.9747947,39.00251196,-76.499882,-3.130724186,3
136.0250569,39.00251061,-76.49988202,-3.131696585,3
136.0753486,39.00250926,-76.49988204,-3.131696585,3
136.1256102,39.00250791,-76.49988206,-3.131696585,3
136.1758493,39.00250656,-76.49988207,-3.131696585,3
136.2260757,39.0025052,-76.49988209,-3.131696585,3
136.2763045,39.00250385,-76.49988211,-3.131696585,3
136.3265802,39.0025025,-76.49988212,-3.131696585,3
136.3768454,39.00250115,-76.49988214,-3.131696585,3
136.4271054,39.0024998,-76.49988216,-3.131696585,3
136.4774118,39.00249845,-76.49988218,-3.131696585,3
136.5276164,39.0024971,-76.49988219,-3.131696585,3
136.5778528,39.00249575,-76.49988221,-3.131696585,3
136.6280801,39.00249439,-76.49988223,-3.131696585,3
136.678322,39.00249304,-76.49988224,-3.132580018,3
136.728628,39.00249169,-76.49988226,-3.132580018,3
136.7789174,39.00249034,-76.49988227,-3.132580018,3
136.8292191,39.00248899,-76.49988229,-3.132580018,3
136.8794769,39.00248764,-76.4998823,-3.132580018,3
136.9297618,39.00248629,-76.49988232,-3.132580018,3
136.980023,39.00248494,-76.49988234,-3.132580018,3
137.0302959,39.00248359,-76.49988235,-3.132580018,3
137.0805455,39.00248224,-76.49988237,-3.132580018,3
137.1308421,39.00248089,-76.49988238,-3.132580018,3
137.1811871,39.00247953,-76.4998824,-3.132580018,3
137.2314958,39.00247818,-76.49988241,-3.132580018,3
137.2817569,39.00247683,-76.49988243,-3.132580018,3
137.3320222,39.00247548,-76.49988244,-3.133382807,3
137.3822942,39.00247413,-76.49988246,-3.133382807,3
137.4326208,39.00247278,-76.49988247,-3.133382807,3
137.4828478,39.00247143,-76.49988249,-3.133382807,3
137.5330626,39.00247008,-76.4998825,-3.133382807,3
137.5833188,39.00246872,-76.49988252,-3.133382807,3
137.6336002,39.00246737,-76.49988253,-3.133382807,3
137.6838473,39.00246602,-76.49988254,-3.133382807,3
137.7341829,39.00246467,-76.49988256,-3.133382807,3
137.7845205,39.00246332,-76.49988257,-3.133382807,3
137.8348076,39.00246197,-76.49988259,-3.133382807,3
137.8850595,39.00246062,-76.4998826,-3.133382807,3
137.9353681,39.00245927,-76.49988261,-3.133382807,3
137.9856064,39.00245792,-76.49988263,-3.133382807,3
138.0359021,39.00245656,-76.49988264,-3.134117353,3
138.0862154,39.00245521,-76.49988265,-3.134117353,3
138.1364706,39.00245386,-76.49988267,-3.134117353,3
138.1867516,39.00245251,-76.49988268,-3.134117353,3
138.2370138,39.00245116,-76.49988269,-3.134117353,3
138.2872828,39.00244981,-76.49988271,-3.134117353,3
138.3375893,39.00244846,-76.49988272,-3.134117353,3
138.3878448,39.00244711,-76.49988273,-3.134117353,3
138.4381008,39.00244575,-76.49988275,-3.134117353,3
138.4884465,39.0024444,-76.49988276,-3.134117353,3
138.5387015,39.00244305,-76.49988277,-3.134117353,3
138.5889125,39.0024417,-76.49988278,-3.134117353,3
138.6392196,39.00244035,-76.4998828,-3.134117353,3
138.6894909,39.002439,-76.49988281,-3.134784687,3
138.7397439,39.00243765,-76.49988282,-3.134784687,3
138.7899744,39.00243629,-76.49988283,-3.134784687,3
138.8402386,39.00243494,-76.49988284,-3.134784687,3
138.8904723,39.00243359,-76.49988286,-3.134784687,3
138.9407343,39.00243224,-76.49988287,-3.134784687,3
138.9910246,39.00243089,-76.49988288,-3.134784687,3
139.0413276,39.00242954,-76.49988289,-3.134784687,3
139.0915466,39.00242819,-76.4998829,-3.134784687,3
139.141841,39.00242684,-76.49988291,-3.134784687,3
139.1920789,39.00242549,-76.49988293,-3.134784687,3
139.242415,39.00242414,-76.49988294,-3.134784687,3
139.2927135,39.00242278,-76.49988295,-3.134784687,3
139.343012,39.00242143,-76.49988296,-3.135391107,3
139.3932915,39.00242008,-76.49988297,-3.135391108,3
139.4435742,39.00241873,-76.49988298,-3.135391108,3
139.4938194,39.00241738,-76.49988299,-3.135391107,3
139.5440518,39.00241603,-76.499883,-3.135391108,3
139.5942791,39.00241468,-76.49988301,-3.135391108,3
139.6445578,39.00241333,-76.49988303,-3.135391107,3
139.6948253,39.00241198,-76.49988304,-3.135391107,3
139.7451325,39.00241063,-76.49988305,-3.135391107,3
139.7954298,39.00240927,-76.49988306,-3.135391108,3
139.8456937,39.00240657,-76.49988308,-3.135391108,3
139.8959239,39.00240522,-76.49988309,-3.135391108,3
139.9461907,39.00240387,-76.4998831,-3.135391108,3
139.9964649,39.00240252,-76.49988311,-3.13594598,3
140.0467179,39.00240117,-76.49988312,-3.13594598,3
140.096972,39.00239982,-76.49988313,-3.13594598,3
140.1472462,39.00239847,-76.49988314,-3.13594598,3
140.1975452,39.00239711,-76.49988315,-3.13594598,3
140.2478322,39.00239576,-76.49988316,-3.13594598,3
140.2980851,39.00239441,-76.49988317,-3.13594598,3
140.348334,39.00239306,-76.49988318,-3.13594598,3
140.398619,39.00239171,-76.49988319,-3.13594598,3
140.4488655,39.00239036,-76.4998832,-3.13594598,3
140.4991726,39.00238901,-76.49988321,-3.13594598,3
140.5494018,39.00238766,-76.49988322,-3.13594598,3
140.5996659,39.00238631,-76.49988323,-3.13594598,3
140.6499142,39.00238495,-76.49988324,-3.136450076,3
140.7001476,39.0023836,-76.49988325,-3.136450076,3
140.7504202,39.00238225,-76.49988325,-3.136450076,3
140.8006621,39.0023809,-76.49988326,-3.136450076,3
140.8509421,39.00237955,-76.49988327,-3.136450076,3
140.901214,39.0023782,-76.49988328,-3.136450076,3
140.9514766,39.00237685,-76.49988329,-3.136450076,3
141.0017058,39.0023755,-76.4998833,-3.136450076,3
141.0519941,39.00237415,-76.49988331,-3.136450076,3
141.1022304,39.00237279,-76.49988332,-3.136450076,3
141.1524606,39.00237144,-76.49988333,-3.136450076,3
141.2026529,39.00237009,-76.49988333,-3.136450076,3
141.2528253,39.00236874,-76.49988334,-3.136450076,3
141.3030511,39.00236739,-76.49988335,-3.136908148,3
141.3533458,39.00236604,-76.49988336,-3.136908148,3
141.4036536,39.00236468,-76.49988337,-3.136908148,3
141.4539299,39.00236333,-76.49988338,-3.136908148,3
141.5041898,39.00236198,-76.49988338,-3.136908148,3
141.5544843,39.00236063,-76.49988339,-3.136908148,3
141.6047226,39.00235928,-76.4998834,-3.136908148,3
141.6550202,39.00235793,-76.49988341,-3.136908148,3
141.7052833,39.00235658,-76.49988342,-3.136908148,3
141.7555366,39.00235523,-76.49988342,-3.136908148,3
141.8058148,39.00235388,-76.49988343,-3.136908148,3
141.856054,39.00235253,-76.49988344,-3.136908148,3
141.9064005,39.00235117,-76.49988345,-3.136908148,3
141.9566518,39.00234983,-76.49988346,-3.136908148,3
142.0069112,39.00234847,-76.49988346,-3.137327284,3
142.0571787,39.00234712,-76.49988347,-3.137327284,3
142.1074398,39.00234577,-76.49988348,-3.137327284,3
142.1576921,39.00234442,-76.49988349,-3.137327284,3
142.2079526,39.00234307,-76.49988349,-3.137327284,3
142.2582581,39.00234171,-76.4998835,-3.137327284,3
142.3085531,39.00234036,-76.49988351,-3.137327284,3
142.3588477,39.00233901,-76.49988352,-3.137327284,3
142.4091053,39.00233766,-76.49988352,-3.137327284,3
142.4593961,39.00233631,-76.49988353,-3.137327284,3
142.5096035,39.00233496,-76.49988354,-3.137327284,3
142.5597999,39.00233361,-76.49988355,-3.137327284,3
142.6100352,39.00233226,-76.49988355,-3.137327284,3
142.6602672,39.00233091,-76.49988356,-3.137708067,3
142.7104957,39.00232956,-76.49988357,-3.137708067,3
142.7607553,39.00232821,-76.49988357,-3.137708067,3
142.8110071,39.00232685,-76.49988358,-3.137708067,3
142.8612511,39.0023255,-76.49988359,-3.137708067,3
142.9114981,39.00232415,-76.49988359,-3.137708067,3
142.9617561,39.0023228,-76.4998836,-3.137708067,3
143.0120013,39.00232145,-76.49988361,-3.137708067,3
143.0622299,39.0023201,-76.49988361,-3.137708067,3
143.1124719,39.00231875,-76.49988362,-3.137708067,3
143.1627511,39.00231739,-76.49988363,-3.137708067,3
143.2130334,39.00231605,-76.49988363,-3.137708067,3
143.2633408,39.00231469,-76.49988364,-3.137708067,3
143.3135648,39.00231334,-76.49988365,-3.138054085,3
143.3637893,39.00231199,-76.49988365,-3.138054085,3
143.4140183,39.00231064,-76.49988366,-3.138054085,3
143.4642147,39.00230929,-76.49988367,-3.138054085,3
143.5144383,39.00230794,-76.49988367,-3.138054085,3
143.5646648,39.00230659,-76.49988368,-3.138054085,3
143.6148813,39.00230524,-76.49988368,-3.138054085,3
143.6651482,39.00230389,-76.49988369,-3.138054085,3
143.7153642,39.00230253,-76.4998837,-3.138054085,3
143.7655565,39.00230118,-76.4998837,-3.138054085,3
143.8157737,39.00229983,-76.49988371,-3.138054085,3
143.8659988,39.00229848,-76.49988371,-3.138054085,3
143.9162579,39.00229713,-76.49988372,-3.138054085,3
143.9665058,39.00229578,-76.49988373,-3.138054085,3
144.0167402,39.00229442,-76.49988373,-3.138370692,3
144.0669964,39.00229308,-76.49988374,-3.138370692,3
144.1172873,39.00229172,-76.49988374,-3.138370692,3
144.1674977,39.00229037,-76.49988375,-3.138370692,3
144.2177661,39.00228902,-76.49988375,-3.138370692,3
144.2679808,39.00228767,-76.49988376,-3.138370692,3
144.3182561,39.00228632,-76.49988377,-3.138370692,3
144.3685169,39.00228497,-76.49988377,-3.138370692,3
144.4188026,39.00228362,-76.49988378,-3.138370692,3
144.4690363,39.00228227,-76.49988378,-3.138370692,3
144.5193286,39.00228092,-76.49988379,-3.138370692,3
144.5695482,39.00227956,-76.49988379,-3.138370692,3
144.6197942,39.00227821,-76.4998838,-3.138370692,3
144.6700004,39.00227686,-76.4998838,-3.138658327,3
144.7202429,39.00227551,-76.49988381,-3.138658327,3
144.7704956,39.00227416,-76.49988381,-3.138658327,3
144.8207514,39.00227281,-76.49988382,-3.138658327,3
144.8710048,39.00227146,-76.49988382,-3.138658327,3
144.9212713,39.00227011,-76.49988383,-3.138658327,3
144.9715265,39.00226876,-76.49988383,-3.138658327,3
145.0217938,39.0022674,-76.49988384,-3.138658327,3
145.072055,39.00226605,-76.49988384,-3.138658327,3
145.1223518,39.0022647,-76.49988385,-3.138658327,3
145.1726402,39.00226335,-76.49988386,-3.138658327,3
145.2228842,39.002262,-76.49988386,-3.138658327,3
145.2730968,39.00226065,-76.49988387,-3.138658327,3
145.3233666,39.0022593,-76.49988387,-3.138919703,3
145.3735935,39.00225794,-76.49988387,-3.138919703,3
145.4238342,39.00225659,-76.49988388,-3.138919703,3
145.4740715,39.00225524,-76.49988388,-3.138919703,3
145.524367,39.00225389,-76.49988389,-3.138919703,3
145.5745791,39.00225254,-76.49988389,-3.138919703,3
145.6247784,39.00225119,-76.4998839,-3.138919703,3
145.6749737,39.00224984,-76.4998839,-3.138919703,3
145.7251754,39.00224849,-76.49988391,-3.138919703,3
145.7753727,39.00224714,-76.49988391,-3.138919703,3
145.8255717,39.00224579,-76.49988392,-3.138919703,3
145.8758452,39.00224443,-76.49988392,-3.138919703,3
145.9260604,39.00224308,-76.49988393,-3.138919703,3
145.9762903,39.00224173,-76.49988393,-3.138919703,3
146.0264919,39.00224038,-76.49988393,-3.139158861,3
146.0766907,39.00223903,-76.49988394,-3.139158861,3
146.126894,39.00223768,-76.49988394,-3.139158861,3
146.1770873,39.00223632,-76.49988395,-3.139158861,3
146.2273647,39.00223498,-76.49988395,-3.139158861,3
146.2776153,39.00223362,-76.49988396,-3.139158861,3
146.3278287,39.00223227,-76.49988396,-3.139158861,3
146.3780308,39.00223092,-76.49988396,-3.139158861,3
146.4282746,39.00222957,-76.49988397,-3.139158861,3
146.478546,39.00222822,-76.49988397,-3.139158861,3
146.5287972,39.00222687,-76.49988398,-3.139158861,3
146.579003,39.00222552,-76.49988398,-3.139158861,3
146.6292071,39.00222417,-76.49988398,-3.139158861,3
146.6793797,39.00222282,-76.49988399,-3.139376134,3
146.729593,39.00222147,-76.49988399,-3.139376134,3
146.7797943,39.00222011,-76.499884,-3.139376134,3
146.8299974,39.00221876,-76.499884,-3.139376134,3
146.8802513,39.00221741,-76.499884,-3.139376134,3
146.9304665,39.00221606,-76.49988401,-3.139376134,3
146.9807324,39.00221471,-76.49988401,-3.139376134,3
147.030966,39.00221336,-76.49988402,-3.139376134,3
147.081236,39.00221201,-76.49988402,-3.139376134,3
147.1314923,39.00221065,-76.49988402,-3.139376134,3
147.1817712,39.0022093,-76.49988403,-3.139376134,3
147.2319909,39.00220795,-76.49988403,-3.139376134,3
147.2822487,39.0022066,-76.49988403,-3.139376134,3
147.3324616,39.00220525,-76.49988404,-3.139573572,3
147.3826866,39.0022039,-76.49988404,-3.139573572,3
147.4329057,39.00220255,-76.49988405,-3.139573572,3
147.4831061,39.0022012,-76.49988405,-3.139573572,3
147.5333404,39.00219985,-76.49988405,-3.139573572,3
147.5835446,39.0021985,-76.49988406,-3.139573572,3
147.6337366,39.00219714,-76.49988406,-3.139573572,3
147.6839441,39.00219579,-76.49988406,-3.139573572,3
147.7341922,39.00219444,-76.49988407,-3.139573572,3
147.7844012,39.00219309,-76.49988407,-3.139573572,3
147.8346145,39.00219174,-76.49988407,-3.139573572,3
147.8848348,39.00219039,-76.49988408,-3.139573572,3
147.9351029,39.00218904,-76.49988408,-3.139573572,3
147.9853677,39.00218769,-76.49988408,-3.139573572,3
148.0356006,39.00218633,-76.49988409,-3.139754226,3
148.0858204,39.00218498,-76.49988409,-3.139754226,3
148.1360727,39.00218363,-76.49988409,-3.139754226,3
148.1863615,39.00218228,-76.4998841,-3.139754226,3
148.2366238,39.00218093,-76.4998841,-3.139754226,3
148.2868615,39.00217958,-76.4998841,-3.139754226,3
148.3371,39.00217823,-76.49988411,-3.139754226,3
148.3873482,39.00217688,-76.49988411,-3.139754226,3
148.4375584,39.00217553,-76.49988411,-3.139754226,3
148.4877597,39.00217417,-76.49988412,-3.139754226,3
148.537957,39.00217282,-76.49988412,-3.139754226,3
148.5881641,39.00217147,-76.49988412,-3.139754226,3
148.6384242,39.00217012,-76.49988413,-3.139754226,3
148.688623,39.00216877,-76.49988413,-3.13991835,3
148.7388261,39.00216742,-76.49988413,-3.13991835,3
148.7890663,39.00216607,-76.49988413,-3.13991835,3
148.839367,39.00216471,-76.49988414,-3.13991835,3
148.8895782,39.00216336,-76.49988414,-3.13991835,3
148.9397633,39.00216201,-76.49988414,-3.13991835,3
148.9899694,39.00216066,-76.49988415,-3.13991835,3
149.040194,39.00215931,-76.49988415,-3.13991835,3
149.0904318,39.00215796,-76.49988415,-3.13991835,3
149.1406334,39.00215661,-76.49988415,-3.13991835,3
149.1908885,39.00215526,-76.49988416,-3.13991835,3
149.2411327,39.00215391,-76.49988416,-3.13991835,3
149.2913844,39.00215255,-76.49988416,-3.13991835,3
149.3415939,39.0021512,-76.49988417,-3.14006749,3
149.3918433,39.00214985,-76.49988417,-3.14006749,3
149.4420686,39.0021485,-76.49988417,-3.14006749,3
149.4923478,39.00214715,-76.49988417,-3.14006749,3
149.54259,39.0021458,-76.49988418,-3.14006749,3
149.592845,39.00214445,-76.49988418,-3.14006749,3
149.6430949,39.0021431,-76.49988418,-3.14006749,3
149.6933355,39.00214175,-76.49988418,-3.14006749,3
149.7435679,39.0021404,-76.49988419,-3.14006749,3
149.7937925,39.00213904,-76.49988419,-3.14006749,3
149.8440116,39.00213769,-76.49988419,-3.14006749,3
149.8942997,39.00213634,-76.49988419,-3.14006749,3
149.9445748,39.00213499,-76.4998842,-3.14006749,3
149.9948272,39.00213364,-76.4998842,-3.14006749,3
150.0450573,39.00213229,-76.4998842,-3.140203952,3
150.0953365,39.00213094,-76.4998842,-3.140203952,3
150.1455532,39.00212823,-76.49988421,-3.140203952,3
150.1957432,39.00212688,-76.49988421,-3.140203952,3
150.2459405,39.00212553,-76.49988421,-3.140203952,3
150.2961613,39.00212418,-76.49988422,-3.140203952,3
150.3463949,39.00212283,-76.49988422,-3.140203952,3
150.3966268,39.00212148,-76.49988422,-3.140203952,3
150.4468659,39.00212013,-76.49988422,-3.140203952,3
150.4970727,39.00211878,-76.49988423,-3.140203952,3
150.5473242,39.00211743,-76.49988423,-3.140203952,3
150.5975202,39.00211608,-76.49988423,-3.140203952,3
150.6477597,39.00211472,-76.49988423,-3.140327926,3
150.6979837,39.00211337,-76.49988424,-3.140327926,3
150.7482045,39.00211202,-76.49988424,-3.140327926,3
150.7984604,39.00211067,-76.49988424,-3.140327926,3
150.8486712,39.00210932,-76.49988424,-3.140327926,3
150.8988707,39.00210797,-76.49988424,-3.140327926,3
150.9490664,39.00210661,-76.49988425,-3.140327926,3
150.9992772,39.00210526,-76.49988425,-3.140327926,3
151.0495005,39.00210391,-76.49988425,-3.140327926,3
151.0996817,39.00210256,-76.49988425,-3.140327926,3
151.1498601,39.00210121,-76.49988426,-3.140327926,3
151.2000364,39.00209986,-76.49988426,-3.140327926,3
151.2502511,39.00209851,-76.49988426,-3.140327926,3
151.3004307,39.00209716,-76.49988426,-3.140440582,3
151.3506273,39.00209581,-76.49988426,-3.140440582,3
151.4008514,39.00209445,-76.49988427,-3.140440582,3
151.4510836,39.0020931,-76.49988427,-3.140440582,3
151.5013155,39.00209175,-76.49988427,-3.140440582,3
151.5515488,39.0020904,-76.49988427,-3.140440582,3
151.6017471,39.00208905,-76.49988427,-3.140440582,3
151.6519601,39.0020877,-76.49988428,-3.140440582,3
151.7022061,39.00208635,-76.49988428,-3.140440582,3
151.752415,39.002085,-76.49988428,-3.140440582,3
151.8026262,39.00208365,-76.49988428,-3.140440582,3
151.8528339,39.00208229,-76.49988428,-3.140440582,3
151.9030594,39.00208094,-76.49988429,-3.140440582,3
151.953279,39.00207959,-76.49988429,-3.140440582,3
152.003454,39.00207824,-76.49988429,-3.140543662,3
152.053629,39.00207689,-76.49988429,-3.140543662,3
152.1038063,39.00207554,-76.49988429,-3.140543662,3
152.1539889,39.00207419,-76.49988429,-3.140543662,3
152.2041787,39.00207284,-76.4998843,-3.140543662,3
152.2543654,39.00207149,-76.4998843,-3.140543662,3
152.3045593,39.00207013,-76.4998843,-3.140543662,3
152.3547653,39.00206878,-76.4998843,-3.140543662,3
152.4049614,39.00206743,-76.4998843,-3.140543662,3
152.4552732,39.00206608,-76.49988431,-3.140543662,3
152.5055488,39.00206473,-76.49988431,-3.140543662,3
152.555731,39.00206338,-76.49988431,-3.140543662,3
152.6059666,39.00206203,-76.49988431,-3.140543662,3
152.6562048,39.00206068,-76.49988431,-3.14063731,3
152.7064369,39.00205933,-76.49988431,-3.14063731,3
152.7566639,39.00205797,-76.49988432,-3.14063731,3
152.8068831,39.00205662,-76.49988432,-3.14063731,3
152.8570822,39.00205527,-76.49988432,-3.14063731,3
152.9073644,39.00205392,-76.49988432,-3.14063731,3
152.9575874,39.00205257,-76.49988432,-3.14063731,3
153.0077886,39.00205122,-76.49988432,-3.14063731,3
153.0579879,39.00204987,-76.49988433,-3.14063731,3
153.1082379,39.00204852,-76.49988433,-3.14063731,3
153.1584566,39.00204716,-76.49988433,-3.14063731,3
153.2086617,39.00204581,-76.49988433,-3.14063731,3
153.258861,39.00204446,-76.49988433,-3.14063731,3
153.309071,39.00204311,-76.49988433,-3.140722407,3
153.359324,39.00204176,-76.49988434,-3.140722407,3
153.4095348,39.00204041,-76.49988434,-3.140722407,3
153.4597745,39.00203906,-76.49988434,-3.140722407,3
153.5099802,39.00203771,-76.49988434,-3.140722407,3
153.5601877,39.00203636,-76.49988434,-3.140722407,3
153.6104569,39.002035,-76.49988434,-3.140722407,3
153.6607164,39.00203365,-76.49988434,-3.140722407,3
153.7109215,39.0020323,-76.49988435,-3.140722407,3
153.7612044,39.00203095,-76.49988435,-3.140722407,3
153.8114142,39.0020296,-76.49988435,-3.140722407,3
153.861653,39.00202825,-76.49988435,-3.140722407,3
153.9118601,39.0020269,-76.49988435,-3.140722407,3
153.9621008,39.00202555,-76.49988435,-3.140722407,3
154.0123546,39.00202419,-76.49988436,-3.140800271,3
154.0625676,39.00202284,-76.49988436,-3.140800271,3
154.1127611,39.00202149,-76.49988436,-3.140800271,3
154.1629945,39.00202014,-76.49988436,-3.140800271,3
154.2132105,39.00201879,-76.49988436,-3.140800271,3
154.2634726,39.00201744,-76.49988436,-3.140800271,3
154.3137342,39.00201609,-76.49988436,-3.140800271,3
154.3639368,39.00201474,-76.49988436,-3.140800271,3
154.4142162,39.00201338,-76.49988437,-3.140800271,3
154.4644459,39.00201203,-76.49988437,-3.140800271,3
154.5146837,39.00201068,-76.49988437,-3.140800271,3
154.5648992,39.00200933,-76.49988437,-3.140800271,3
154.6151491,39.00200798,-76.49988437,-3.140800271,3
154.6653893,39.00200663,-76.49988437,-3.14087101,3
154.7156016,39.00200528,-76.49988437,-3.14087101,3
154.7658716,39.00200393,-76.49988438,-3.14087101,3
154.8160693,39.00200258,-76.49988438,-3.14087101,3
154.8663043,39.00200122,-76.49988438,-3.14087101,3
154.9165635,39.00199987,-76.49988438,-3.14087101,3
154.9668406,39.00199852,-76.49988438,-3.14087101,3
155.017096,39.00199717,-76.49988438,-3.14087101,3
155.0673747,39.00199582,-76.49988438,-3.14087101,3
155.1176235,39.00199447,-76.49988438,-3.14087101,3
155.1678948,39.00199312,-76.49988439,-3.14087101,3
155.2181697,39.00199177,-76.49988439,-3.14087101,3
155.268435,39.00199041,-76.49988439,-3.14087101,3
155.3186851,39.00198907,-76.49988439,-3.140935291,3
155.3689212,39.00198771,-76.49988439,-3.140935291,3
155.4191867,39.00198636,-76.49988439,-3.140935291,3
155.4696577,39.00198501,-76.49988439,-3.140935291,3
155.5198813,39.00198366,-76.49988439,-3.140935291,3
155.5701452,39.00198231,-76.49988439,-3.140935291,3
155.6203721,39.00198096,-76.4998844,-3.140935291,3
155.6705886,39.00197961,-76.4998844,-3.140935291,3
155.7208285,39.00197826,-76.4998844,-3.140935291,3
155.7711083,39.00197691,-76.4998844,-3.140935291,3
155.8213905,39.00197555,-76.4998844,-3.140935291,3
155.8716833,39.0019742,-76.4998844,-3.140935291,3
155.9220112,39.00197285,-76.4998844,-3.140935291,3
155.972248,39.0019715,-76.4998844,-3.140935291,3
156.0225484,39.00197015,-76.49988441,-3.140994108,3
156.0728258,39.0019688,-76.49988441,-3.140994108,3
156.1231023,39.00196744,-76.49988441,-3.140994108,3
156.1733817,39.00196609,-76.49988441,-3.140994108,3
156.2236253,39.00196474,-76.49988441,-3.140994108,3
156.2738929,39.00196339,-76.49988441,-3.140994108,3
156.324188,39.00196204,-76.49988441,-3.140994108,3
156.3744746,39.00196069,-76.49988441,-3.140994108,3
156.4247421,39.00195934,-76.49988441,-3.140994108,3
156.4750023,39.00195799,-76.49988441,-3.140994108,3
156.525384,39.00195664,-76.49988442,-3.140994108,3
156.5756886,39.00195529,-76.49988442,-3.140994108,3
156.6259778,39.00195394,-76.49988442,-3.140994108,3
156.6761997,39.00195258,-76.49988442,-3.141047542,3
156.726399,39.00195123,-76.49988442,-3.141047542,3
156.776643,39.00194988,-76.49988442,-3.141047542,3
156.8268915,39.00194853,-76.49988442,-3.141047542,3
156.8771605,39.00194718,-76.49988442,-3.141047542,3
156.9273953,39.00194583,-76.49988442,-3.141047542,3
156.977615,39.00194448,-76.49988442,-3.141047542,3
157.0278641,39.00194312,-76.49988443,-3.141047542,3
157.0781374,39.00194177,-76.49988443,-3.141047542,3
157.1284078,39.00194042,-76.49988443,-3.141047542,3
157.1786988,39.00193907,-76.49988443,-3.141047542,3
157.2289546,39.00193772,-76.49988443,-3.141047542,3
157.2791598,39.00193637,-76.49988443,-3.141047542,3
157.3294345,39.00193502,-76.49988443,-3.141096098,3
157.3796999,39.00193367,-76.49988443,-3.141096098,3
157.4299836,39.00193232,-76.49988443,-3.141096098,3
157.4802946,39.00193096,-76.49988443,-3.141096098,3
157.5305476,39.00192961,-76.49988443,-3.141096098,3
157.5807706,39.00192826,-76.49988444,-3.141096098,3
157.6310327,39.00192691,-76.49988444,-3.141096098,3
157.6812914,39.00192556,-76.49988444,-3.141096098,3
157.7315675,39.00192421,-76.49988444,-3.141096098,3
157.7818964,39.00192286,-76.49988444,-3.141096098,3
157.8321736,39.00192151,-76.49988444,-3.141096098,3
157.8824955,39.00192016,-76.49988444,-3.141096098,3
157.9327202,39.00191881,-76.49988444,-3.141096098,3
157.9829586,39.00191745,-76.49988444,-3.141096098,3
158.0331932,39.0019161,-76.49988444,-3.141140527,3
158.0834125,39.00191475,-76.49988444,-3.141140527,3
158.133621,39.0019134,-76.49988444,-3.141140527,3
158.1838296,39.00191205,-76.49988445,-3.141140527,3
158.2341088,39.0019107,-76.49988445,-3.141140527,3
158.2843758,39.00190935,-76.49988445,-3.141140527,3
158.3346024,39.00190799,-76.49988445,-3.141140527,3
158.3848604,39.00190664,-76.49988445,-3.141140527,3
158.435085,39.00190529,-76.49988445,-3.141140527,3
158.4853972,39.00190394,-76.49988445,-3.141140527,3
158.5356421,39.00190259,-76.49988445,-3.141140527,3
158.5858795,39.00190124,-76.49988445,-3.141140527,3
158.6361372,39.00189989,-76.49988445,-3.141140527,3
158.686393,39.00189854,-76.49988445,-3.14118089,3
158.7366921,39.00189718,-76.49988445,-3.14118089,3
158.7869181,39.00189583,-76.49988445,-3.14118089,3
158.8371562,39.00189448,-76.49988446,-3.14118089,3
158.8873642,39.00189313,-76.49988446,-3.14118089,3
158.9375662,39.00189178,-76.49988446,-3.14118089,3
158.987772,39.00189043,-76.49988446,-3.14118089,3
159.0380135,39.00188908,-76.49988446,-3.14118089,3
159.0882529,39.00188773,-76.49988446,-3.14118089,3
159.138469,39.00188638,-76.49988446,-3.14118089,3
159.1887917,39.00188503,-76.49988446,-3.14118089,3
159.2390882,39.00188367,-76.49988446,-3.14118089,3
159.2895536,39.00188232,-76.49988446,-3.14118089,3
159.3397669,39.00188097,-76.49988446,-3.141217568,3
159.3899915,39.00187962,-76.49988446,-3.141217568,3
159.4402066,39.00187827,-76.49988446,-3.141217568,3
159.490456,39.00187692,-76.49988446,-3.141217568,3
159.5406606,39.00187557,-76.49988446,-3.141217568,3
159.5908587,39.00187422,-76.49988447,-3.141217568,3
159.6410871,39.00187287,-76.49988447,-3.141217568,3
159.6913585,39.00187151,-76.49988447,-3.141217568,3
159.7416023,39.00187016,-76.49988447,-3.141217568,3
159.7918506,39.00186881,-76.49988447,-3.141217568,3
159.8420962,39.00186746,-76.49988447,-3.141217568,3
159.8923196,39.00186611,-76.49988447,-3.141217568,3
159.9426233,39.00186476,-76.49988447,-3.141217568,3
159.9928973,39.00186341,-76.49988447,-3.141217568,3
160.0431071,39.00186206,-76.49988447,-3.141251129,3
160.0933383,39.00186071,-76.49988447,-3.141251129,3
160.1435976,39.00185935,-76.49988447,-3.141251129,3
160.1938261,39.001858,-76.49988447,-3.141251129,3
160.2440936,39.00185665,-76.49988447,-3.141251129,3
160.294363,39.0018553,-76.49988447,-3.141251129,3
160.3446169,39.00185395,-76.49988447,-3.141251129,3
160.3948709,39.0018526,-76.49988448,-3.141251129,3
160.4451734,39.00185124,-76.49988448,-3.141251129,3
160.4954469,39.00184854,-76.49988448,-3.141251129,3
160.5456846,39.00184719,-76.49988448,-3.141251129,3
160.5958937,39.00184584,-76.49988448,-3.141251129,3
160.6461007,39.00184449,-76.49988448,-3.141281618,3
160.6963181,39.00184314,-76.49988448,-3.141281618,3
160.7465341,39.00184179,-76.49988448,-3.141281618,3
160.7967356,39.00184044,-76.49988448,-3.141281618,3
160.8469419,39.00183909,-76.49988448,-3.141281618,3
160.8971578,39.00183773,-76.49988448,-3.141281618,3
160.9473678,39.00183638,-76.49988448,-3.141281618,3
160.9976197,39.00183503,-76.49988448,-3.141281618,3
161.047882,39.00183368,-76.49988448,-3.141281618,3
161.098157,39.00183233,-76.49988448,-3.141281618,3
161.1483582,39.00183098,-76.49988448,-3.141281618,3
161.1985903,39.00182963,-76.49988448,-3.141281618,3
161.2488278,39.00182828,-76.49988449,-3.141281618,3
161.2990619,39.00182692,-76.49988449,-3.141309324,3
161.3493438,39.00182557,-76.49988449,-3.141309324,3
161.3995477,39.00182422,-76.49988449,-3.141309324,3
161.4498012,39.00182287,-76.49988449,-3.141309324,3
161.5000706,39.00182152,-76.49988449,-3.141309324,3
161.5504805,39.00182017,-76.49988449,-3.141309324,3
161.6007477,39.00181882,-76.49988449,-3.141309324,3
161.6509547,39.00181747,-76.49988449,-3.141309324,3
161.701249,39.00181612,-76.49988449,-3.141309324,3
161.7514453,39.00181476,-76.49988449,-3.141309324,3
161.8016286,39.00181341,-76.49988449,-3.141309324,3
161.8517934,39.00181206,-76.49988449,-3.141309324,3
161.901977,39.00181071,-76.49988449,-3.141309324,3
161.9521663,39.00180936,-76.49988449,-3.141309324,3
162.0023528,39.00180801,-76.49988449,-3.141334674,3
162.0525214,39.00180666,-76.49988449,-3.141334674,3
162.1026781,39.00180531,-76.49988449,-3.141334674,3
162.1528791,39.00180395,-76.49988449,-3.141334674,3
162.2030631,39.00180261,-76.49988449,-3.141334674,3
162.2532584,39.00180125,-76.49988449,-3.141334674,3
162.3034421,39.0017999,-76.4998845,-3.141334674,3
162.3536139,39.00179855,-76.4998845,-3.141334674,3
162.4037902,39.0017972,-76.4998845,-3.141334674,3
162.4539797,39.00179585,-76.4998845,-3.141334674,3
162.5041995,39.0017945,-76.4998845,-3.141334674,3
162.5544468,39.00179315,-76.4998845,-3.141334674,3
162.6046473,39.0017918,-76.4998845,-3.141334674,3
162.6548919,39.00179045,-76.4998845,-3.141357705,3
162.7051315,39.00178909,-76.4998845,-3.141357705,3
162.7553463,39.00178774,-76.4998845,-3.141357705,3
162.8055851,39.00178639,-76.4998845,-3.141357705,3
162.8558301,39.00178504,-76.4998845,-3.141357705,3
162.9060346,39.00178369,-76.4998845,-3.141357705,3
162.9562494,39.00178234,-76.4998845,-3.141357705,3
163.0064519,39.00178099,-76.4998845,-3.141357705,3
163.0566535,39.00177963,-76.4998845,-3.141357705,3
163.1068474,39.00177828,-76.4998845,-3.141357705,3
163.1570359,39.00177693,-76.4998845,-3.141357705,3
163.2073508,39.00177558,-76.4998845,-3.141357705,3
163.257611,39.00177423,-76.4998845,-3.141357705,3
163.3078301,39.00177288,-76.4998845,-3.141378633,3
163.3580389,39.00177153,-76.4998845,-3.141378633,3
163.4082472,39.00177018,-76.4998845,-3.141378633,3
163.4584348,39.00176883,-76.4998845,-3.141378633,3
163.5086134,39.00176747,-76.49988451,-3.141378633,3
163.5587972,39.00176612,-76.49988451,-3.141378633,3
163.6089952,39.00176477,-76.49988451,-3.141378633,3
163.6592364,39.00176342,-76.49988451,-3.141378633,3
163.7094682,39.00176207,-76.49988451,-3.141378633,3
163.7596558,39.00176072,-76.49988451,-3.141378633,3
163.8099518,39.00175937,-76.49988451,-3.141378633,3
163.8602639,39.00175801,-76.49988451,-3.141378633,3
163.9105654,39.00175667,-76.49988451,-3.141378633,3
163.9608955,39.00175531,-76.49988451,-3.141378633,3
164.0112366,39.00175396,-76.49988451,-3.141397783,3
164.0616329,39.00175261,-76.49988451,-3.141397783,3
164.1119316,39.00175126,-76.49988451,-3.141397783,3
164.1622098,39.00174991,-76.49988451,-3.141397783,3
164.2124444,39.00174856,-76.49988451,-3.141397783,3
164.26272,39.0017472,-76.49988451,-3.141397783,3
164.3129898,39.00174585,-76.49988451,-3.141397783,3
164.3632682,39.0017445,-76.49988451,-3.141397783,3
164.4135895,39.00174315,-76.49988451,-3.141397783,3
164.463838,39.0017418,-76.49988451,-3.141397783,3
164.5140841,39.00174045,-76.49988451,-3.141397783,3
164.564334,39.0017391,-76.49988451,-3.141397783,3
164.6145799,39.00173775,-76.49988451,-3.141397783,3
164.6647672,39.0017364,-76.49988451,-3.14141518,3
164.7149548,39.00173505,-76.49988451,-3.141415179,3
164.7652148,39.00173369,-76.49988451,-3.14141518,3
164.8154337,39.00173234,-76.49988451,-3.14141518,3
164.8656504,39.00173099,-76.49988451,-3.141415179,3
164.915826,39.00172964,-76.49988451,-3.14141518,3
164.9660153,39.00172829,-76.49988452,-3.141415179,3
165.0162132,39.00172694,-76.49988452,-3.14141518,3
165.0664719,39.00172559,-76.49988452,-3.141415179,3
165.116694,39.00172424,-76.49988452,-3.141415179,3
165.1669774,39.00172288,-76.49988452,-3.14141518,3
165.2172542,39.00172153,-76.49988452,-3.14141518,3
165.2674629,39.00172018,-76.49988452,-3.141415179,3
165.3177284,39.00171883,-76.49988452,-3.141430988,3
165.3679767,39.00171748,-76.49988452,-3.141430988,3
165.418259,39.00171613,-76.49988452,-3.141430988,3
165.4685132,39.00171478,-76.49988452,-3.141430988,3
165.5187808,39.00171343,-76.49988452,-3.141430988,3
165.5690566,39.00171208,-76.49988452,-3.141430988,3
165.6193567,39.00171073,-76.49988452,-3.141430988,3
165.669607,39.00170937,-76.49988452,-3.141430988,3
165.719864,39.00170802,-76.49988452,-3.141430988,3
165.7701006,39.00170667,-76.49988452,-3.141430988,3
165.8203292,39.00170532,-76.49988452,-3.141430988,3
165.8706118,39.00170397,-76.49988452,-3.141430988,3
165.9208057,39.00170262,-76.49988452,-3.141430988,3
165.971055,39.00170127,-76.49988452,-3.141430988,3
166.0212837,39.00169992,-76.49988452,-3.141445453,3
166.0715433,39.00169856,-76.49988452,-3.141445453,3
166.1218066,39.00169721,-76.49988452,-3.141445453,3
166.1720539,39.00169586,-76.49988452,-3.141445453,3
166.2222864,39.00169451,-76.49988452,-3.141445453,3
166.2725328,39.00169316,-76.49988452,-3.141445453,3
166.3227667,39.00169181,-76.49988452,-3.141445453,3
166.3730508,39.00169046,-76.49988452,-3.141445453,3
166.4233389,39.00168911,-76.49988452,-3.141445453,3
166.4736141,39.00168776,-76.49988452,-3.141445453,3
166.523853,39.00168641,-76.49988452,-3.141445453,3
166.5741588,39.00168505,-76.49988452,-3.141445453,3
166.6243766,39.0016837,-76.49988452,-3.141445453,3
166.6746394,39.00168235,-76.49988452,-3.141458594,3
166.7248455,39.001681,-76.49988452,-3.141458594,3
166.7750788,39.00167965,-76.49988453,-3.141458594,3
166.8253529,39.0016783,-76.49988453,-3.141458594,3
166.8756458,39.00167695,-76.49988453,-3.141458594,3
166.9259242,39.0016756,-76.49988453,-3.141458594,3
166.9762091,39.00167424,-76.49988453,-3.141458594,3
167.0264389,39.00167289,-76.49988453,-3.141458594,3
167.0767117,39.00167154,-76.49988453,-3.141458594,3
167.1269526,39.00167019,-76.49988453,-3.141458594,3
167.1772345,39.00166884,-76.49988453,-3.141458594,3
167.2274823,39.00166749,-76.49988453,-3.141458594,3
167.2777413,39.00166614,-76.49988453,-3.141458594,3
167.3279702,39.00166479,-76.49988453,-3.141470536,3
167.3782143,39.00166343,-76.49988453,-3.141470536,3
167.4284766,39.00166208,-76.49988453,-3.141470536,3
167.478732,39.00166073,-76.49988453,-3.141470536,3
167.5290188,39.00165938,-76.49988453,-3.141470536,3
167.5792535,39.00165803,-76.49988453,-3.141470536,3
167.6294974,39.00165668,-76.49988453,-3.141470536,3
167.679714,39.00165533,-76.49988453,-3.141470536,3
167.7299808,39.00165398,-76.49988453,-3.141470536,3
167.7802739,39.00165263,-76.49988453,-3.141470536,3
167.8305062,39.00165127,-76.49988453,-3.141470536,3
167.8807504,39.00164992,-76.49988453,-3.141470536,3
167.9309628,39.00164857,-76.49988453,-3.141470536,3
167.9811811,39.00164722,-76.49988453,-3.141470536,3
168.0314235,39.00164587,-76.49988453,-3.141481462,3
168.0816506,39.00164452,-76.49988453,-3.141481462,3
168.1319034,39.00164317,-76.49988453,-3.141481462,3
168.1821981,39.00164182,-76.49988453,-3.141481462,3
168.2324868,39.00164047,-76.49988453,-3.141481462,3
168.2827384,39.00163911,-76.49988453,-3.141481462,3
168.3330074,39.00163776,-76.49988453,-3.141481462,3
168.3833417,39.00163641,-76.49988453,-3.141481462,3
168.4336105,39.00163506,-76.49988453,-3.141481462,3
168.4838767,39.00163371,-76.49988453,-3.141481462,3
168.5341725,39.00163236,-76.49988453,-3.141481462,3
168.5844478,39.00163101,-76.49988453,-3.141481462,3
168.6346782,39.00162966,-76.49988453,-3.141481462,3
168.684918,39.0016283,-76.49988453,-3.141491388,3
168.7352228,39.00162695,-76.49988453,-3.141491388,3
168.785533,39.0016256,-76.49988453,-3.141491388,3
168.8358186,39.00162425,-76.49988453,-3.141491388,3
168.8861477,39.0016229,-76.49988453,-3.141491388,3
168.9364113,39.00162155,-76.49988453,-3.141491388,3
168.9866749,39.0016202,-76.49988453,-3.141491388,3
169.0369349,39.00161885,-76.49988453,-3.141491388,3
169.0871752,39.0016175,-76.49988453,-3.141491388,3
169.1374827,39.00161614,-76.49988453,-3.141491388,3
169.1877611,39.00161479,-76.49988453,-3.141491388,3
169.2380335,39.00161344,-76.49988454,-3.141491388,3
169.2882877,39.00161209,-76.49988454,-3.141491388,3
169.3385057,39.00161074,-76.49988454,-3.141500409,3
169.3887718,39.00160939,-76.49988454,-3.141500409,3
169.4390495,39.00160804,-76.49988454,-3.141500409,3
169.4893258,39.00160669,-76.49988454,-3.141500409,3
169.5396013,39.00160534,-76.49988454,-3.141500409,3
169.5898821,39.00160398,-76.49988454,-3.141500409,3
169.6401893,39.00160263,-76.49988454,-3.141500409,3
169.6904526,39.00160128,-76.49988454,-3.141500409,3
169.7407526,39.00159993,-76.49988454,-3.141500409,3
169.790976,39.00159858,-76.49988454,-3.141500409,3
169.8412116,39.00159723,-76.49988454,-3.141500409,3
169.891444,39.00159588,-76.49988454,-3.141500409,3
169.941676,39.00159453,-76.49988454,-3.141500409,3
169.9919438,39.00159317,-76.49988454,-3.141500409,3
170.0422198,39.00159182,-76.49988454,-3.141508662,3
170.0924393,39.00159047,-76.49988454,-3.141508662,3
170.1427014,39.00158912,-76.49988454,-3.141508662,3
170.1929439,39.00158777,-76.49988454,-3.141508662,3
170.2432077,39.00158642,-76.49988454,-3.141508662,3
170.2935487,39.00158507,-76.49988454,-3.141508662,3
170.3438342,39.00158372,-76.49988454,-3.141508662,3
170.3941267,39.00158237,-76.49988454,-3.141508662,3
170.444408,39.00158101,-76.49988454,-3.141508662,3
170.4947019,39.00157966,-76.49988454,-3.141508662,3
170.5449183,39.00157831,-76.49988454,-3.141508662,3
170.5952019,39.00157696,-76.49988454,-3.141508662,3
170.6454841,39.00157426,-76.49988454,-3.141516161,3
170.6956889,39.00157291,-76.49988454,-3.141516161,3
170.7459408,39.00157156,-76.49988454,-3.141516161,3
170.7961556,39.0015702,-76.49988454,-3.141516161,3
170.8463702,39.00156885,-76.49988454,-3.141516161,3
170.8965734,39.0015675,-76.49988454,-3.141516161,3
170.9468639,39.00156615,-76.49988454,-3.141516161,3
170.9970545,39.0015648,-76.49988454,-3.141516161,3
171.0473114,39.00156345,-76.49988454,-3.141516161,3
171.0975157,39.0015621,-76.49988454,-3.141516161,3
171.1477669,39.00156075,-76.49988454,-3.141516161,3
171.1980253,39.00155939,-76.49988454,-3.141516161,3
171.2482977,39.00155804,-76.49988454,-3.141516161,3
171.2984838,39.00155669,-76.49988454,-3.141522974,3
171.3486826,39.00155534,-76.49988454,-3.141522974,3
171.3989324,39.00155399,-76.49988454,-3.141522974,3
171.4491899,39.00155264,-76.49988454,-3.141522974,3
171.4994548,39.00155128,-76.49988454,-3.141522974,3
171.5497355,39.00154994,-76.49988454,-3.141522974,3
171.5999776,39.00154859,-76.49988454,-3.141522974,3
171.6502252,39.00154724,-76.49988454,-3.141522974,3
171.7004583,39.00154588,-76.49988454,-3.141522974,3
171.7507276,39.00154453,-76.49988454,-3.141522974,3
171.8009581,39.00154318,-76.49988454,-3.141522974,3
171.8511643,39.00154183,-76.49988454,-3.141522974,3
171.901367,39.00154048,-76.49988454,-3.141522974,3
171.9515939,39.00153913,-76.49988454,-3.141522974,3
172.0018522,39.00153778,-76.49988454,-3.141529209,3
172.0520869,39.00153643,-76.49988454,-3.141529209,3
172.1023366,39.00153508,-76.49988454,-3.141529209,3
172.1525566,39.00153372,-76.49988454,-3.141529209,3
172.202771,39.00153237,-76.49988454,-3.141529209,3
172.2530097,39.00153102,-76.49988454,-3.141529209,3
172.3032528,39.00152967,-76.49988454,-3.141529209,3
172.3535197,39.00152832,-76.49988454,-3.141529209,3
172.4037257,39.00152697,-76.49988454,-3.141529209,3
172.4539385,39.00152561,-76.49988454,-3.141529209,3
172.5041799,39.00152426,-76.49988454,-3.141529209,3
172.5543965,39.00152291,-76.49988454,-3.141529209,3
172.6046126,39.00152156,-76.49988454,-3.141529209,3
172.6548544,39.00152021,-76.49988454,-3.141534873,3
172.7050853,39.00151886,-76.49988454,-3.141534873,3
172.7553224,39.00151751,-76.49988454,-3.141534873,3
172.805523,39.00151616,-76.49988454,-3.141534873,3
172.8557468,39.00151481,-76.49988454,-3.141534873,3
172.9059483,39.00151346,-76.49988454,-3.141534873,3
172.956156,39.0015121,-76.49988455,-3.141534873,3
173.0063426,39.00151075,-76.49988455,-3.141534873,3
173.0565711,39.0015094,-76.49988455,-3.141534873,3
173.1067976,39.00150805,-76.49988455,-3.141534873,3
173.1570466,39.0015067,-76.49988455,-3.141534873,3
173.207319,39.00150535,-76.49988455,-3.141534873,3
173.2575757,39.001504,-76.49988455,-3.141534873,3
173.3078474,39.00150265,-76.49988455,-3.14154002,3
173.358137,39.00150129,-76.49988455,-3.14154002,3
173.4083992,39.00149994,-76.49988455,-3.14154002,3
173.4586976,39.00149859,-76.49988455,-3.14154002,3
173.5089497,39.00149724,-76.49988455,-3.14154002,3
173.5592338,39.00149589,-76.49988455,-3.14154002,3
173.6095473,39.00149454,-76.49988455,-3.14154002,3
173.6598054,39.00149319,-76.49988455,-3.14154002,3
173.7100561,39.00149184,-76.49988455,-3.141540019,3
173.7603347,39.00149048,-76.49988455,-3.14154002,3
173.8105717,39.00148913,-76.49988455,-3.14154002,3
173.8608671,39.00148778,-76.49988455,-3.14154002,3
173.9110945,39.00148643,-76.49988455,-3.141540019,3
173.9613559,39.00148508,-76.49988455,-3.14154002,3
174.0115859,39.00148373,-76.49988455,-3.141544729,3
174.0618228,39.00148238,-76.49988455,-3.141544729,3
174.1120647,39.00148103,-76.49988455,-3.141544729,3
174.162318,39.00147968,-76.49988455,-3.141544729,3
174.2125305,39.00147832,-76.49988455,-3.141544729,3
174.2627255,39.00147697,-76.49988455,-3.141544729,3
174.3129563,39.00147562,-76.49988455,-3.141544729,3
174.3632236,39.00147427,-76.49988455,-3.141544729,3
174.4135649,39.00147292,-76.49988455,-3.141544729,3
174.4638296,39.00147157,-76.49988455,-3.141544729,3
174.514092,39.00147022,-76.49988455,-3.141544729,3
174.5643724,39.00146887,-76.49988455,-3.141544729,3
174.6145763,39.00146752,-76.49988455,-3.141544729,3
174.6647745,39.00146617,-76.49988455,-3.141549007,3
174.7149662,39.00146481,-76.49988455,-3.141549007,3
174.765183,39.00146346,-76.49988455,-3.141549007,3
174.8154311,39.00146211,-76.49988455,-3.141549007,3
174.8656586,39.00146076,-76.49988455,-3.141549007,3
174.9158493,39.00145941,-76.49988455,-3.141549007,3
174.9660519,39.00145806,-76.49988455,-3.141549007,3
175.0162608,39.00145671,-76.49988455,-3.141549007,3
175.0664605,39.00145536,-76.49988455,-3.141549007,3
175.1166554,39.00145401,-76.49988455,-3.141549007,3
175.1668554,39.00145265,-76.49988455,-3.141549007,3
175.2170778,39.0014513,-76.49988455,-3.141549007,3
175.2673455,39.00144995,-76.49988455,-3.141549007,3
175.3176225,39.0014486,-76.49988455,-3.141552895,3
175.367818,39.00144725,-76.49988455,-3.141552895,3
175.4180601,39.0014459,-76.49988455,-3.141552895,3
175.468331,39.00144455,-76.49988455,-3.141552895,3
175.5185715,39.00144319,-76.49988455,-3.141552895,3
175.5687747,39.00144185,-76.49988455,-3.141552895,3
175.6189901,39.00144049,-76.49988455,-3.141552895,3
175.6691733,39.00143914,-76.49988455,-3.141552895,3
175.719396,39.00143779,-76.49988455,-3.141552895,3
175.7695977,39.00143644,-76.49988455,-3.141552895,3
175.8197884,39.00143509,-76.49988455,-3.141552895,3
175.8699607,39.00143374,-76.49988455,-3.141552895,3
175.9201603,39.00143239,-76.49988455,-3.141552895,3
175.9703294,39.00143104,-76.49988455,-3.141552895,3
176.0205243,39.00142968,-76.49988455,-3.141556452,3
176.0706955,39.00142833,-76.49988455,-3.141556452,3
176.1208773,39.00142698,-76.49988455,-3.141556452,3
176.1710513,39.00142563,-76.49988455,-3.141556452,3
176.221293,39.00142428,-76.49988455,-3.141556452,3
176.2715204,39.00142293,-76.49988455,-3.141556452,3
176.3217451,39.00142157,-76.49988455,-3.141556452,3
176.3720335,39.00142023,-76.49988455,-3.141556452,3
176.422295,39.00141887,-76.49988455,-3.141556452,3
176.4725633,39.00141752,-76.49988455,-3.141556452,3
176.5228262,39.00141617,-76.49988455,-3.141556452,3
176.5731285,39.00141482,-76.49988455,-3.141556452,3
176.6233922,39.00141347,-76.49988455,-3.141556452,3
176.6736557,39.00141212,-76.49988455,-3.141559684,3
176.7239192,39.00141077,-76.49988455,-3.141559684,3
176.7741896,39.00140942,-76.49988455,-3.141559684,3
176.8244229,39.00140806,-76.49988455,-3.141559684,3
176.8746821,39.00140671,-76.49988455,-3.141559684,3
176.9249263,39.00140536,-76.49988455,-3.141559684,3
176.9751936,39.00140401,-76.49988455,-3.141559684,3
177.0254614,39.00140266,-76.49988455,-3.141559684,3
177.0757299,39.00140131,-76.49988455,-3.141559684,3
177.1259952,39.00139996,-76.49988455,-3.141559684,3
177.1762541,39.00139861,-76.49988455,-3.141559684,3
177.2265222,39.00139726,-76.49988455,-3.141559684,3
177.2767894,39.0013959,-76.49988455,-3.141559684,3
177.3270349,39.00139455,-76.49988455,-3.141562621,3
177.3773312,39.0013932,-76.49988455,-3.141562621,3
177.4276107,39.00139185,-76.49988455,-3.141562621,3
177.4778725,39.0013905,-76.49988455,-3.141562621,3
177.5281514,39.00138915,-76.49988455,-3.141562621,3
177.5784111,39.0013878,-76.49988455,-3.141562621,3
177.6286025,39.00138644,-76.49988455,-3.141562621,3
177.6787949,39.00138509,-76.49988455,-3.141562621,3
177.7290467,39.00138374,-76.49988455,-3.141562621,3
177.7793291,39.00138239,-76.49988455,-3.141562621,3
177.8295485,39.00138104,-76.49988455,-3.141562621,3
177.8797489,39.00137969,-76.49988455,-3.141562621,3
177.9300036,39.00137834,-76.49988455,-3.141562621,3
177.9802819,39.00137699,-76.49988455,-3.141562621,3
178.0304983,39.00137564,-76.49988455,-3.141565308,3
178.0806959,39.00137428,-76.49988455,-3.141565308,3
178.1308968,39.00137293,-76.49988455,-3.141565308,3
178.181074,39.00137158,-76.49988455,-3.141565308,3
178.231268,39.00137023,-76.49988455,-3.141565308,3
178.2815142,39.00136888,-76.49988455,-3.141565308,3
178.3317673,39.00136753,-76.49988455,-3.141565308,3
178.3820319,39.00136618,-76.49988455,-3.141565308,3
178.4322995,39.00136483,-76.49988455,-3.141565308,3
178.4825552,39.00136348,-76.49988455,-3.141565308,3
178.5327977,39.00136212,-76.49988455,-3.141565308,3
178.5830589,39.00136077,-76.49988455,-3.141565308,3
178.6332873,39.00135942,-76.49988455,-3.141565308,3
178.6834815,39.00135807,-76.49988455,-3.141567749,3
178.7336841,39.00135672,-76.49988455,-3.141567749,3
178.7838633,39.00135537,-76.49988455,-3.141567749,3
178.8340373,39.00135402,-76.49988455,-3.141567749,3
178.8842881,39.00135266,-76.49988455,-3.14156775,3
178.934536,39.00135131,-76.49988455,-3.14156775,3
178.9847661,39.00134996,-76.49988455,-3.141567749,3
179.0350082,39.00134861,-76.49988455,-3.141567749,3
179.0852839,39.00134726,-76.49988455,-3.141567749,3
179.1354885,39.00134591,-76.49988455,-3.14156775,3
179.18569,39.00134456,-76.49988455,-3.141567749,3
179.2359008,39.00134321,-76.49988455,-3.141567749,3
179.286204,39.00134186,-76.49988455,-3.14156775,3
179.3364188,39.00134051,-76.49988455,-3.141569968,3
179.3866236,39.00133916,-76.49988455,-3.141569968,3
179.4368188,39.0013378,-76.49988455,-3.141569968,3
179.487003,39.00133645,-76.49988455,-3.141569968,3
179.5371904,39.0013351,-76.49988455,-3.141569968,3
179.5873721,39.00133375,-76.49988455,-3.141569968,3
179.6376139,39.0013324,-76.49988455,-3.141569968,3
179.68785,39.00133105,-76.49988455,-3.141569968,3
179.7380884,39.0013297,-76.49988455,-3.141569968,3
179.788325,39.00132834,-76.49988455,-3.141569968,3
179.8385416,39.00132699,-76.49988455,-3.141569968,3
179.8887603,39.00132564,-76.49988455,-3.141569968,3
179.9389595,39.00132429,-76.49988455,-3.141569968,3
179.9891665,39.00132294,-76.49988455,-3.141569968,3
180.0393736,39.00132159,-76.49988455,-3.141571998,3
180.0895889,39.00132024,-76.49988455,-3.141571998,3
180.1398639,39.00131889,-76.49988455,-3.141571998,3
180.1900751,39.00131754,-76.49988455,-3.141571998,3
180.240354,39.00131619,-76.49988455,-3.141571998,3
180.2905921,39.00131483,-76.49988455,-3.141571998,3
180.3408288,39.00131348,-76.49988455,-3.141571998,3
180.3911056,39.00131213,-76.49988455,-3.141571998,3
180.441412,39.00131078,-76.49988455,-3.141571998,3
180.4916918,39.00130943,-76.49988455,-3.141571998,3
180.5419721,39.00130808,-76.49988455,-3.141571998,3
180.5922475,39.00130673,-76.49988455,-3.141571998,3
180.6424851,39.00130538,-76.49988455,-3.141571998,3
180.6927186,39.00130402,-76.49988455,-3.141573842,3
180.7429799,39.00130267,-76.49988455,-3.141573842,3
180.7932415,39.00130132,-76.49988455,-3.141573842,3
180.843509,39.00129997,-76.49988455,-3.141573842,3
180.8937316,39.00129862,-76.49988455,-3.141573842,3
180.9439581,39.00129727,-76.49988455,-3.141573842,3
180.9941956,39.00129592,-76.49988456,-3.141573842,3
181.0443999,39.00129457,-76.49988456,-3.141573842,3
181.0946175,39.00129322,-76.49988456,-3.141573842,3
181.1449367,39.00129186,-76.49988456,-3.141573842,3
181.19518,39.00129051,-76.49988456,-3.141573842,3
181.2453894,39.00128916,-76.49988456,-3.141573842,3
181.2955774,39.00128646,-76.49988456,-3.141575517,3
181.3457945,39.00128511,-76.49988456,-3.141575517,3
181.3959888,39.00128375,-76.49988456,-3.141575517,3
181.4462357,39.00128241,-76.49988456,-3.141575517,3
181.4964688,39.00128106,-76.49988456,-3.141575517,3
181.5466615,39.0012797,-76.49988456,-3.141575517,3
181.5968567,39.00127835,-76.49988456,-3.141575517,3
181.6471886,39.001277,-76.49988456,-3.141575517,3
181.6974237,39.00127565,-76.49988456,-3.141575517,3
181.7476739,39.0012743,-76.49988456,-3.141575517,3
181.7979708,39.00127295,-76.49988456,-3.141575517,3
181.8482063,39.0012716,-76.49988456,-3.141575517,3
181.8984621,39.00127025,-76.49988456,-3.141575517,3
181.9487121,39.00126889,-76.49988456,-3.141575517,3
181.9989332,39.00126754,-76.49988456,-3.141577051,3
182.0492019,39.00126619,-76.49988456,-3.141577051,3
182.0994389,39.00126484,-76.49988456,-3.141577051,3
182.1496723,39.00126349,-76.49988456,-3.141577051,3
182.1998994,39.00126214,-76.49988456,-3.141577051,3
182.2501488,39.00126079,-76.49988456,-3.141577051,3
182.3003844,39.00125944,-76.49988456,-3.141577051,3
182.3505794,39.00125809,-76.49988456,-3.141577051,3
182.4007665,39.00125673,-76.49988456,-3.141577051,3
182.4509426,39.00125538,-76.49988456,-3.141577051,3
182.5010891,39.00125403,-76.49988456,-3.141577051,3
182.5512693,39.00125268,-76.49988456,-3.141577051,3
182.6014562,39.00125133,-76.49988456,-3.141577051,3
182.651653,39.00124998,-76.49988456,-3.141578444,3
182.7018506,39.00124863,-76.49988456,-3.141578444,3
182.7520649,39.00124727,-76.49988456,-3.141578444,3
182.8022643,39.00124592,-76.49988456,-3.141578444,3
182.8524431,39.00124457,-76.49988456,-3.141578444,3
182.9027068,39.00124322,-76.49988456,-3.141578444,3
182.9529578,39.00124187,-76.49988456,-3.141578444,3
183.0031666,39.00124052,-76.49988456,-3.141578444,3
183.053383,39.00123917,-76.49988456,-3.141578444,3
183.103568,39.00123782,-76.49988456,-3.141578444,3
183.1537816,39.00123647,-76.49988456,-3.141578444,3
183.2039791,39.00123512,-76.49988456,-3.141578444,3
183.2541799,39.00123377,-76.49988456,-3.141578444,3
183.3043917,39.00123241,-76.49988456,-3.141579709,3
183.3545851,39.00123106,-76.49988456,-3.141579709,3
183.4047696,39.00122971,-76.49988456,-3.141579709,3
183.4550436,39.00122836,-76.49988456,-3.141579709,3
183.505315,39.00122701,-76.49988456,-3.141579709,3
183.55552,39.00122566,-76.49988456,-3.141579709,3
183.6057567,39.0012243,-76.49988456,-3.141579709,3
183.6559634,39.00122296,-76.49988456,-3.141579709,3
183.706336,39.00122161,-76.49988456,-3.141579709,3
183.7565421,39.00122025,-76.49988456,-3.141579709,3
183.806777,39.0012189,-76.49988456,-3.141579709,3
183.8570954,39.00121755,-76.49988456,-3.141579709,3
183.9073807,39.0012162,-76.49988456,-3.141579709,3
183.9576435,39.00121485,-76.49988456,-3.141579709,3
184.0078551,39.0012135,-76.49988456,-3.141580868,3
184.0580522,39.00121215,-76.49988456,-3.141580867,3
184.1082522,39.0012108,-76.49988456,-3.141580867,3
184.1584472,39.00120944,-76.49988456,-3.141580868,3
184.2086501,39.00120809,-76.49988456,-3.141580868,3
184.2588977,39.00120674,-76.49988456,-3.141580868,3
184.3092007,39.00120539,-76.49988456,-3.141580868,3
184.3594217,39.00120404,-76.49988456,-3.141580868,3
184.4096288,39.00120269,-76.49988456,-3.141580867,3
184.4598425,39.00120134,-76.49988456,-3.141580868,3
184.5100541,39.00119999,-76.49988456,-3.141580867,3
184.5602729,39.00119863,-76.49988456,-3.141580867,3
184.6104739,39.00119728,-76.49988456,-3.141580868,3
184.66065,39.00119593,-76.49988456,-3.14158192,3
184.7108182,39.00119458,-76.49988456,-3.14158192,3
184.7610117,39.00119323,-76.49988456,-3.14158192,3
184.8111934,39.00119188,-76.49988456,-3.14158192,3
184.8614361,39.00119053,-76.49988456,-3.14158192,3
184.9116153,39.00118918,-76.49988456,-3.14158192,3
184.9618625,39.00118782,-76.49988456,-3.14158192,3
185.0120898,39.00118647,-76.49988456,-3.14158192,3
185.0623181,39.00118512,-76.49988456,-3.14158192,3
185.1125006,39.00118377,-76.49988456,-3.14158192,3
185.1627072,39.00118242,-76.49988456,-3.14158192,3
185.2128967,39.00118107,-76.49988456,-3.14158192,3
185.2631058,39.00117972,-76.49988456,-3.14158192,3
185.3133204,39.00117837,-76.49988456,-3.141582876,3
185.363497,39.00117701,-76.49988456,-3.141582876,3
185.4136959,39.00117567,-76.49988456,-3.141582876,3
185.4639056,39.00117431,-76.49988456,-3.141582876,3
185.5140871,39.00117296,-76.49988456,-3.141582876,3
185.5643035,39.00117161,-76.49988456,-3.141582876,3
185.6145391,39.00117026,-76.49988456,-3.141582876,3
185.6647265,39.00116891,-76.49988456,-3.141582876,3
185.714896,39.00116756,-76.49988456,-3.141582876,3
185.7651476,39.00116621,-76.49988456,-3.141582876,3
185.815447,39.00116486,-76.49988456,-3.141582876,3
185.8657753,39.0011635,-76.49988456,-3.141582876,3
185.9160034,39.00116215,-76.49988456,-3.141582876,3
185.9662146,39.0011608,-76.49988456,-3.141582876,3
186.0164163,39.00115945,-76.49988456,-3.141583751,3
186.0666016,39.0011581,-76.49988456,-3.141583751,3
186.116829,39.00115675,-76.49988456,-3.141583751,3
186.167089,39.0011554,-76.49988456,-3.141583751,3
186.217315,39.00115405,-76.49988456,-3.141583751,3
186.2675277,39.0011527,-76.49988456,-3.141583751,3
186.31774,39.00115134,-76.49988456,-3.141583751,3
186.3680004,39.00114999,-76.49988456,-3.141583751,3
186.418256,39.00114864,-76.49988456,-3.141583751,3
186.4684905,39.00114729,-76.49988456,-3.141583751,3
186.5187754,39.00114594,-76.49988456,-3.141583751,3
186.5690144,39.00114459,-76.49988456,-3.141583751,3
186.6193437,39.00114324,-76.49988456,-3.141583751,3
186.6695653,39.00114188,-76.49988456,-3.141584052,3
186.7197721,39.00114054,-76.49988456,-3.141584052,3
186.7700269,39.00113918,-76.49988456,-3.141584052,3
186.820371,39.00113783,-76.49988456,-3.141584052,3
186.8706373,39.00113648,-76.49988456,-3.141584052,3
186.9209265,39.00113513,-76.49988456,-3.141584052,3
186.9712034,39.00113378,-76.49988456,-3.141584052,3
187.0215069,39.00113243,-76.49988456,-3.141584052,3
187.0717332,39.00113108,-76.49988456,-3.141584052,3
187.1220099,39.00112972,-76.49988456,-3.141584052,3
187.1722639,39.00112838,-76.49988456,-3.141584052,3
187.2224964,39.00112702,-76.49988456,-3.141584052,3
187.2727231,39.00112567,-76.49988456,-3.141584052,3
187.3229901,39.00112432,-76.49988456,-3.141584313,3
187.3732622,39.00112297,-76.49988456,-3.141584313,3
187.4235211,39.00112162,-76.49988456,-3.141584313,3
187.4737948,39.00112027,-76.49988456,-3.141584313,3
187.5240403,39.00111891,-76.49988456,-3.141584313,3
187.5742904,39.00111756,-76.49988456,-3.141584313,3
187.624497,39.00111603,-76.49988456,-3.141584313,3
187.6747481,39.00111486,-76.49988456,-3.141584313,3
187.7249719,39.00111351,-76.49988456,-3.141584313,3
187.7752334,39.00111216,-76.49988456,-3.141584313,3
187.8254989,39.00111081,-76.49988456,-3.141584313,3
187.8757182,39.00110946,-76.49988456,-3.141584313,3
187.9258964,39.00110811,-76.49988456,-3.141584313,3
187.9761612,39.00110676,-76.49988456,-3.141584313,3
188.0263538,39.0011054,-76.49988456,-3.141584587,3
188.0765593,39.00110405,-76.49988456,-3.141584587,3
188.1267258,39.0011027,-76.49988456,-3.141584587,3
188.1769045,39.00110135,-76.49988456,-3.141584587,3
188.2270812,39.0011,-76.49988456,-3.141584587,3
188.2773011,39.00109865,-76.49988456,-3.141584587,3
188.327556,39.0010973,-76.49988456,-3.141584587,3
188.3778009,39.00109594,-76.49988456,-3.141584587,3
188.4280882,39.00109459,-76.49988456,-3.141584587,3
188.4783622,39.00109324,-76.49988456,-3.141584587,3
188.5285713,39.00109189,-76.49988456,-3.141584587,3
188.5787635,39.00109054,-76.49988456,-3.141584587,3
188.6289334,39.00108919,-76.49988456,-3.141584587,3
188.6792045,39.00108784,-76.49988456,-3.141584873,3
188.7295028,39.00108649,-76.49988456,-3.141584873,3
188.7797508,39.00108514,-76.49988456,-3.141584873,3
188.8300672,39.00108378,-76.49988456,-3.141584873,3
188.8803242,39.00108243,-76.49988456,-3.141584873,3
188.9306271,39.00108108,-76.49988456,-3.141584873,3
188.9808662,39.00107973,-76.49988456,-3.141584873,3
189.0311784,39.00107838,-76.49988456,-3.141584873,3
189.0814452,39.00107703,-76.49988456,-3.141584873,3
189.1317109,39.00107568,-76.49988456,-3.141584873,3
189.1819513,39.00107433,-76.49988456,-3.141584873,3
189.2323251,39.00107297,-76.49988456,-3.141584873,3
189.2825731,39.00107162,-76.49988456,-3.141584873,3
189.3328328,39.00107027,-76.49988456,-3.141585173,3
189.3831664,39.00106892,-76.49988456,-3.141585173,3
189.4333859,39.00106757,-76.49988456,-3.141585173,3
189.4835963,39.00106622,-76.49988456,-3.141585173,3
189.5337742,39.00106487,-76.49988456,-3.141585173,3
189.5839538,39.00106352,-76.49988456,-3.141585173,3
189.6341551,39.00106217,-76.49988456,-3.141585173,3
189.6843754,39.00106082,-76.49988456,-3.141585173,3
189.7345799,39.00105947,-76.49988456,-3.141585173,3
189.784823,39.00105811,-76.49988456,-3.141585173,3
189.8351419,39.00105676,-76.49988456,-3.141585173,3
189.8854046,39.00105541,-76.49988456,-3.141585173,3
189.9356351,39.00105406,-76.49988456,-3.141585173,3
189.9858966,39.00105271,-76.49988456,-3.141585173,3
190.0361992,39.00105136,-76.49988456,-3.141585492,3
190.0864787,39.00105001,-76.49988456,-3.141585492,3
190.1366931,39.00104866,-76.49988456,-3.141585492,3
190.1869628,39.0010473,-76.49988456,-3.141585492,3
190.2372638,39.00104595,-76.49988456,-3.141585492,3
190.2874764,39.0010446,-76.49988456,-3.141585492,3
190.3376852,39.00104325,-76.49988456,-3.141585492,3
190.3878608,39.0010419,-76.49988456,-3.141585492,3
190.4380405,39.00104055,-76.49988456,-3.141585492,3
190.4882532,39.0010392,-76.49988456,-3.141585492,3
190.538488,39.00103784,-76.49988456,-3.141585492,3
190.5886852,39.00103649,-76.49988456,-3.141585492,3
190.6388842,39.00103514,-76.49988456,-3.141585492,3
190.6890835,39.00103379,-76.49988456,-3.14158583,3
190.7393377,39.00103244,-76.49988456,-3.14158583,3
190.7895736,39.00103109,-76.49988456,-3.14158583,3
190.8398221,39.00102974,-76.49988456,-3.14158583,3
190.8900855,39.00102839,-76.49988456,-3.14158583,3
190.9403159,39.00102704,-76.49988456,-3.14158583,3
190.9906185,39.00102569,-76.49988456,-3.14158583,3
191.0409074,39.00102433,-76.49988456,-3.14158583,3
191.0911944,39.00102298,-76.49988456,-3.14158583,3
191.1414009,39.00102163,-76.49988456,-3.14158583,3
191.1916501,39.00102028,-76.49988456,-3.14158583,3
191.2418859,39.00101893,-76.49988456,-3.14158583,3
191.2921998,39.00101758,-76.49988456,-3.14158583,3
191.3424482,39.00101623,-76.49988456,-3.141586741,3
191.3927541,39.00101488,-76.49988456,-3.141586741,3
191.4430042,39.00101352,-76.49988456,-3.141586741,3
191.4933065,39.00101217,-76.49988456,-3.141586741,3
191.5435197,39.00101082,-76.49988456,-3.141586741,3
191.5937304,39.00100947,-76.49988456,-3.141586741,3
191.6439441,39.00100812,-76.49988456,-3.141586741,3
191.6942014,39.00100677,-76.49988456,-3.141586741,3
191.7443886,39.00100542,-76.49988456,-3.141586741,3
191.7945746,39.00100407,-76.49988456,-3.141586741,3
191.8447762,39.00100272,-76.49988456,-3.141586741,3
191.8950581,39.00100136,-76.49988456,-3.141586741,3
191.945301,39.00100001,-76.49988456,-3.141586741,3
191.9954986,39.00099731,-76.49988456,-3.1415877,3
192.0457413,39.00099596,-76.49988456,-3.1415877,3
192.0959325,39.00099461,-76.49988456,-3.1415877,3
192.146148,39.00099326,-76.49988456,-3.1415877,3
192.196341,39.0009919,-76.49988456,-3.1415877,3
192.2465387,39.00099056,-76.49988456,-3.1415877,3
192.2967247,39.0009892,-76.49988456,-3.1415877,3
192.3469596,39.00098785,-76.49988456,-3.1415877,3
192.3972197,39.0009865,-76.49988456,-3.1415877,3
192.4474609,39.00098515,-76.49988456,-3.1415877,3
192.497653,39.0009838,-76.49988456,-3.1415877,3
192.5478383,39.00098245,-76.49988456,-3.1415877,3
192.5980136,39.0009811,-76.49988456,-3.1415877,3
192.648205,39.00097975,-76.49988456,-3.141588501,3
192.6984001,39.0009784,-76.49988456,-3.141588501,3
192.7485915,39.00097704,-76.49988456,-3.141588501,3
192.8131259,39.00097569,-76.49988456,-3.141588501,3
192.8633409,39.00097434,-76.49988456,-3.141588501,3
192.9135407,39.00097299,-76.49988456,-3.141588501,3
192.9637364,39.00097164,-76.49988456,-3.141588501,3
193.0139686,39.00097029,-76.49988456,-3.141588501,3
193.0642498,39.00096894,-76.49988456,-3.141588501,3
193.1145069,39.00096758,-76.49988456,-3.141588501,3
193.1647339,39.00096623,-76.49988456,-3.141588501,3
193.214991,39.00096488,-76.49988456,-3.141588501,3
193.2652144,39.00096353,-76.49988456,-3.141588501,3
193.3154718,39.00096218,-76.49988456,-3.141589169,3
193.3656925,39.00096083,-76.49988456,-3.141589169,3
193.4159491,39.00095948,-76.49988456,-3.141589169,3
193.466278,39.00095813,-76.49988456,-3.141589169,3
193.5165203,39.00095677,-76.49988456,-3.141589169,3
193.5667661,39.00095542,-76.49988456,-3.141589169,3
193.6169888,39.00095407,-76.49988456,-3.141589169,3
193.6672211,39.00095272,-76.49988456,-3.141589169,3
193.717475,39.00095137,-76.49988456,-3.141589169,3
193.7677495,39.00095002,-76.49988456,-3.141589169,3
193.8179483,39.00094867,-76.49988456,-3.141589169,3
193.86815,39.00094732,-76.49988456,-3.141589169,3
193.918319,39.00094597,-76.49988456,-3.141589169,3
193.9684874,39.00094462,-76.49988456,-3.141589169,3
194.018657,39.00094327,-76.49988456,-3.141589735,3
194.0688213,39.00094192,-76.49988458,-3.128508481,3
194.1190522,39.00094056,-76.49988463,-3.115410605,3
194.1692844,39.00093921,-76.4998847,-3.102322597,3
194.2195279,39.00093786,-76.49988479,-3.089212026,3
194.2698312,39.00093652,-76.4998849,-3.076137169,3
194.3200339,39.00093517,-76.49988504,-3.063057028,3
194.3702351,39.00093382,-76.49988519,-3.049959433,3
194.420401,39.00093248,-76.49988538,-3.036870649,3
194.4705679,39.00093114,-76.49988558,-3.023785092,3
194.5207337,39.0009298,-76.4998858,-3.010671334,3
194.5709797,39.00092846,-76.49988605,-2.997589932,3
194.6212331,39.00092712,-76.49988632,-2.984487727,3
194.6714582,39.0009258,-76.49988662,-2.971426657,3
194.7217318,39.00092447,-76.49988693,-2.958331055,3
194.7719541,39.00092314,-76.49988727,-2.945219902,3
194.8221632,39.00092182,-76.49988763,-2.932132595,3
194.8723997,39.0009205,-76.49988801,-2.919037298,3
194.9226598,39.00091919,-76.49988842,-2.905971039,3
194.9728606,39.00091788,-76.49988884,-2.892868392,3
195.0230693,39.00091657,-76.49988929,-2.879774907,3
195.073269,39.00091527,-76.49988976,-2.866683432,3
195.1234502,39.00091398,-76.49989025,-2.853607174,3
195.1736377,39.00091269,-76.49989077,-2.840509177,3
195.2238173,39.0009114,-76.4998913,-2.827428481,3
195.2739899,39.00091012,-76.49989186,-2.81434207,3
195.3242639,39.00090885,-76.49989244,-2.801229331,3
195.3745154,39.00090758,-76.49989304,-2.788131337,3
195.4247633,39.00090632,-76.49989366,-2.775041775,3
195.4750405,39.00090506,-76.4998943,-2.761984255,3
195.5253135,39.00090382,-76.49989496,-2.748897235,3
195.5755751,39.00090257,-76.49989565,-2.735776889,3
195.6257859,39.00090134,-76.49989635,-2.722691142,3
195.6760538,39.00090011,-76.49989707,-2.709602504,3
195.7263503,39.00089889,-76.49989782,-2.696532032,3
195.7765921,39.00089768,-76.49989859,-2.68341531,3
195.8267953,39.00089648,-76.49989937,-2.670333126,3
195.8770066,39.00089528,-76.49990018,-2.657256417,3
195.927204,39.00089409,-76.499901,-2.644152108,3
195.9774868,39.00089292,-76.49990185,-2.631068574,3
196.0277036,39.00089174,-76.49990272,-2.617976344,3
196.0778929,39.00089058,-76.4999036,-2.604884064,3
196.1281004,39.00088943,-76.49990451,-2.591792787,3
196.1782974,39.00088829,-76.49990543,-2.57870928,3
196.2285285,39.00088715,-76.49990637,-2.565600931,3
196.2787247,39.00088603,-76.49990734,-2.552526318,3
196.3289518,39.00088492,-76.49990832,-2.539445285,3
196.3791537,39.00088382,-76.49990931,-2.526365145,3
196.429348,39.00088272,-76.49991033,-2.513256959,3
196.4795331,39.00088163,-76.49991136,-2.509945165,3
196.5297838,39.00088054,-76.49991238,-2.509945165,3
196.580047,39.00087945,-76.4999134,-2.509945165,3
196.6303055,39.00087836,-76.49991442,-2.509945165,3
196.6805344,39.00087727,-76.49991545,-2.509945165,3
196.7307523,39.00087617,-76.49991645,-2.519169939,3
196.7809672,39.00087507,-76.49991747,-2.519169939,3
196.8311568,39.00087398,-76.49991847,-2.519169939,3
196.8813336,39.00087288,-76.49991948,-2.519169939,3
196.9315511,39.00087178,-76.49992049,-2.519169939,3
196.9817507,39.00087068,-76.4999215,-2.519169939,3
197.0319644,39.00086958,-76.49992251,-2.519169939,3
197.0821579,39.00086849,-76.49992352,-2.519169939,3
197.1323707,39.00086739,-76.49992453,-2.519169939,3
197.182579,39.00086629,-76.49992554,-2.519169939,3
197.2327783,39.00086519,-76.49992655,-2.519169939,3
197.282979,39.00086409,-76.49992754,-2.53223093,3
197.3331857,39.00086297,-76.49992852,-2.540596424,3
197.3833655,39.00086186,-76.4999295,-2.540596424,3
197.4335506,39.00086074,-76.49993048,-2.540596424,3
197.4837374,39.00085963,-76.49993146,-2.540596424,3
197.5339064,39.00085851,-76.49993244,-2.540596424,3
197.5840982,39.0008574,-76.49993342,-2.540596424,3
197.6343105,39.00085629,-76.4999344,-2.540596424,3
197.6845023,39.00085517,-76.49993538,-2.540596424,3
197.7347658,39.00085406,-76.49993635,-2.540596424,3
197.7850738,39.00085294,-76.49993733,-2.540596424,3
197.8353427,39.00085182,-76.49993829,-2.553693626,3
197.8855813,39.00085069,-76.49993923,-2.566774347,3
197.9358121,39.00084955,-76.49994017,-2.572591152,3
197.9860231,39.00084841,-76.4999411,-2.572591152,3
198.0362029,39.00084727,-76.49994203,-2.572591152,3
198.0863686,39.00084613,-76.49994297,-2.572591152,3
198.1365407,39.00084499,-76.4999439,-2.572591152,3
198.1866933,39.00084385,-76.49994483,-2.572591152,3
198.2368554,39.00084272,-76.49994577,-2.572591152,3
198.2870076,39.00084158,-76.4999467,-2.572591152,3
198.3371635,39.00084043,-76.49994761,-2.585659305,3
198.3873373,39.00083927,-76.49994851,-2.598761089,3
198.4375055,39.00083811,-76.49994938,-2.611832803,3
198.4876633,39.00083694,-76.49995025,-2.613475428,3
198.5378423,39.00083577,-76.49995113,-2.613475428,3
198.5880388,39.00083461,-76.499952,-2.613475428,3
198.6382618,39.00083344,-76.49995287,-2.613475428,3
198.6884544,39.00083227,-76.49995375,-2.613475428,3
198.7386523,39.00083111,-76.49995462,-2.613475428,3
198.7888297,39.00082994,-76.49995549,-2.613475428,3
198.8390186,39.00082877,-76.49995636,-2.613475428,3
198.8892228,39.0008276,-76.49995722,-2.626569465,3
198.9394466,39.00082641,-76.49995805,-2.639659541,3
198.9897204,39.00082522,-76.49995886,-2.652746663,3
199.0400208,39.00082402,-76.49995966,-2.662402112,3
199.0902944,39.00082282,-76.49996046,-2.662402112,3
199.1405532,39.00082162,-76.49996126,-2.662402112,3
199.1907858,39.00082042,-76.49996206,-2.662402112,3
199.2410633,39.00081922,-76.49996285,-2.662402112,3
199.2913155,39.00081802,-76.49996365,-2.662402112,3
199.34155,39.00081683,-76.49996445,-2.662402112,3
199.3917581,39.00081563,-76.49996525,-2.662402112,3
199.4420034,39.00081442,-76.49996603,-2.675471963,3
199.4922721,39.0008132,-76.49996679,-2.688582606,3
199.542511,39.00081198,-76.49996752,-2.70165914,3
199.592762,39.00081075,-76.49996824,-2.714768519,3
199.6429906,39.00080952,-76.49996895,-2.718503137,3
199.6932156,39.00080829,-76.49996966,-2.718503137,3
199.7434827,39.00080706,-76.49997037,-2.718503137,3
199.7937349,39.00080582,-76.49997108,-2.718503137,3
199.8439981,39.00080459,-76.49997179,-2.718503137,3
199.8942621,39.00080336,-76.49997251,-2.718503137,3
199.9445532,39.00080213,-76.49997322,-2.718503137,3
199.9948926,39.00080089,-76.49997393,-2.718503137,3
200.0452037,39.00079966,-76.49997464,-2.718503137,3
200.095528,39.00079719,-76.49997604,-2.731597509,3
200.145809,39.00079594,-76.49997671,-2.744685929,3
200.1960476,39.00079469,-76.49997736,-2.757774294,3
200.2462944,39.00079343,-76.49997798,-2.770843387,3
200.2965579,39.00079217,-76.49997859,-2.782506352,3
200.346819,39.0007909,-76.4999792,-2.782506352,3
200.3970967,39.00078964,-76.49997981,-2.782506352,3
200.4474084,39.00078837,-76.49998042,-2.782506352,3
200.4976087,39.00078711,-76.49998103,-2.782506352,3
200.5478668,39.00078585,-76.49998163,-2.782506352,3
200.5981454,39.00078458,-76.49998224,-2.782506352,3
200.6483619,39.00078332,-76.49998285,-2.782506352,3
200.6985922,39.00078205,-76.49998346,-2.782506352,3
200.7488262,39.00078078,-76.49998407,-2.782506352,3
200.7990972,39.00077952,-76.49998468,-2.782506352,3
200.8495405,39.00077825,-76.49998529,-2.782506352,3
200.8997885,39.00077699,-76.49998589,-2.782506352,3
200.9500207,39.00077572,-76.49998648,-2.795591276,3
201.0002543,39.00077444,-76.49998705,-2.80868758,3
201.0504822,39.00077316,-76.49998759,-2.821771798,3
201.1007258,39.00077187,-76.49998811,-2.834865925,3
201.1509703,39.00077058,-76.49998862,-2.847971503,3
201.2012093,39.00076928,-76.4999891,-2.855919522,3
201.25144,39.00076798,-76.49998959,-2.855919521,3
201.3016923,39.00076669,-76.49999008,-2.855919521,3
201.3519824,39.00076539,-76.49999057,-2.855919521,3
201.4022555,39.0007641,-76.49999106,-2.855919521,3
201.4525007,39.0007628,-76.49999154,-2.855919521,3
201.5028406,39.0007615,-76.49999203,-2.855919521,3
201.5531487,39.0007602,-76.49999252,-2.855919521,3
201.6034006,39.00075891,-76.49999301,-2.855919521,3
201.6536797,39.00075761,-76.4999935,-2.855919522,3
201.7039028,39.00075632,-76.49999398,-2.855919521,3
201.7541002,39.00075502,-76.49999445,-2.869006284,3
201.804294,39.00075371,-76.49999489,-2.882111238,3
201.8544715,39.0007524,-76.49999532,-2.895186676,3
201.9046805,39.00075108,-76.49999572,-2.908292158,3
201.95493,39.00074976,-76.4999961,-2.921388122,3
202.0051698,39.00074844,-76.49999645,-2.934455306,3
202.0554965,39.00074712,-76.4999968,-2.938535752,3
202.105776,39.0007458,-76.49999715,-2.938535752,3
202.1560555,39.00074447,-76.4999975,-2.938535752,3
202.2063,39.00074315,-76.49999785,-2.938535752,3
202.2565607,39.00074183,-76.4999982,-2.938535752,3
202.3067963,39.0007405,-76.49999855,-2.938535752,3
202.357049,39.00073918,-76.4999989,-2.938535752,3
202.4073359,39.00073785,-76.49999922,-2.951642082,3
202.457597,39.00073652,-76.49999953,-2.964733169,3
202.5078563,39.00073519,-76.49999981,-2.977818756,3
202.5580726,39.00073385,-76.50000007,-2.99090938,3
202.6083254,39.00073252,-76.50000031,-3.003989302,3
202.6585287,39.00073117,-76.50000052,-3.017087832,3
202.708735,39.00072983,-76.50000072,-3.028520417,3
202.7589711,39.00072849,-76.50000091,-3.028520417,3
202.8092384,39.00072715,-76.50000111,-3.028520417,3
202.859436,39.0007258,-76.5000013,-3.028520417,3
202.9096793,39.00072446,-76.5000015,-3.028520417,3
202.9599197,39.00072312,-76.50000169,-3.028520417,3
203.010179,39.00072177,-76.50000187,-3.041619513,3
203.0604192,39.00072043,-76.50000202,-3.054716801,3
203.1106214,39.00071908,-76.50000215,-3.067787122,3
203.1608252,39.00071773,-76.50000225,-3.080893768,3
203.2110235,39.00071638,-76.50000233,-3.093961635,3
203.2612635,39.00071503,-76.50000239,-3.107074864,3
203.3115142,39.00071368,-76.50000243,-3.120157493,3
203.3617711,39.00071233,-76.50000246,-3.125259054,3
203.4120446,39.00071098,-76.50000249,-3.125259054,3
203.46235,39.00070963,-76.50000251,-3.125259054,3
203.5126223,39.00070828,-76.50000254,-3.125259054,3
203.5628869,39.00070693,-76.50000255,-3.138330013,3
203.6131447,39.00070558,-76.50000253,3.131757983,3
203.6633543,39.00070422,-76.50000249,3.118656236,3
203.7135459,39.00070287,-76.50000243,3.105566541,3
203.763781,39.00070153,-76.50000234,3.092492945,3
203.8140457,39.00070018,-76.50000224,3.07938624,3
203.8643318,39.00069883,-76.50000211,3.0663134,3
203.9145599,39.00069748,-76.50000196,3.055162579,3
203.9648062,39.00069614,-76.50000181,3.055162579,3
204.0150191,39.00069479,-76.50000164,3.04205973,3
204.0652201,39.00069345,-76.50000144,3.028967341,3
204.1155307,39.00069211,-76.50000122,3.015874843,3
204.1657613,39.00069077,-76.50000098,3.002779227,3
204.2160462,39.00068944,-76.50000072,2.989696821,3
204.2663272,39.0006881,-76.50000044,2.976618725,3
204.3165956,39.00068677,-76.50000013,2.96351731,3
204.3668739,39.00068545,-76.4999998,2.950446361,3
204.4172016,39.00068412,-76.49999947,2.948215722,3
204.467475,39.0006828,-76.49999911,2.935120783,3
204.5177368,39.00068148,-76.49999874,2.922032543,3
204.5679812,39.00068017,-76.49999834,2.908957133,3
204.6182596,39.00067885,-76.49999792,2.895867024,3
204.6685213,39.00067755,-76.49999747,2.882783119,3
204.7187984,39.00067625,-76.49999701,2.869680653,3
204.7690568,39.00067495,-76.49999652,2.856587398,3
204.8193301,39.00067366,-76.49999601,2.843491302,3
204.8695957,39.00067237,-76.49999548,2.830420343,3
204.9198708,39.00067109,-76.49999493,2.817333614,3
204.9701636,39.00066981,-76.49999436,2.804214643,3
205.0204201,39.00066855,-76.49999376,2.791137191,3
205.0706908,39.00066728,-76.49999315,2.778049613,3
205.120964,39.00066603,-76.49999251,2.764960697,3
205.1712213,39.00066478,-76.49999185,2.751877209,3
205.2215331,39.00066354,-76.49999117,2.738788397,3
205.2717931,39.0006623,-76.49999047,2.725696448,3
205.3220543,39.00066107,-76.49998975,2.712591557,3
205.3723206,39.00065985,-76.49998901,2.69949551,3
205.4225901,39.00065863,-76.49998825,2.686411525,3
205.4728906,39.00065743,-76.49998747,2.673321047,3
205.5231794,39.00065623,-76.49998667,2.660220896,3
205.5735205,39.00065504,-76.49998585,2.647160072,3
205.6237529,39.00065386,-76.49998501,2.634058971,3
205.6740162,39.00065269,-76.49998414,2.620966085,3
205.7243068,39.00065153,-76.49998326,2.607879079,3
205.7745942,39.00065037,-76.49998236,2.594783348,3
205.8248869,39.00064923,-76.49998144,2.581706244,3
205.8751678,39.00064809,-76.4999805,2.568605285,3
205.9254098,39.00064697,-76.49997955,2.555517214,3
205.9756616,39.00064585,-76.49997857,2.542441179,3
206.0259193,39.00064474,-76.49997758,2.529339092,3
206.076218,39.00064365,-76.49997656,2.516256734,3
206.1264737,39.00064256,-76.49997553,2.50315567,3
206.1767143,39.00064149,-76.49997448,2.490078185,3
206.2269884,39.00064043,-76.49997341,2.476979389,3
206.27727,39.00063937,-76.49997233,2.463896546,3
206.3275376,39.00063833,-76.49997122,2.450811616,3
206.3778271,39.0006373,-76.4999701,2.437702916,3
206.4281488,39.00063628,-76.49996896,2.424626397,3
206.4784306,39.00063528,-76.49996781,2.411522407,3
206.5287171,39.00063428,-76.49996664,2.398430137,3
206.5789669,39.0006333,-76.49996545,2.385333811,3
206.629227,39.00063233,-76.49996425,2.372266391,3
206.6794143,39.00063137,-76.49996303,2.359184331,3
206.7296726,39.00063042,-76.49996179,2.346080866,3
206.7799171,39.00062949,-76.49996054,2.332997956,3
206.8301419,39.00062857,-76.49995927,2.319900692,3
206.8804111,39.00062766,-76.49995798,2.306800995,3
206.9306615,39.00062677,-76.49995668,2.293713939,3
206.9809683,39.00062589,-76.49995537,2.280626906,3
207.031263,39.00062502,-76.49995404,2.267536091,3
207.0815494,39.00062417,-76.4999527,2.254458057,3
207.1318614,39.00062333,-76.49995134,2.241351303,3
207.1821275,39.0006225,-76.49994998,2.228281392,3
207.2323989,39.00062169,-76.49994859,2.215180208,3
207.2826721,39.00062089,-76.49994719,2.202050995,3
207.3329759,39.00062011,-76.49994578,2.188984576,3
207.3832335,39.00061934,-76.49994436,2.175902619,3
207.4337291,39.00061859,-76.49994292,2.16282787,3
207.4840128,39.00061785,-76.49994147,2.149748242,3
207.5343127,39.00061713,-76.49994001,2.136649859,3
207.5845626,39.00061642,-76.49993854,2.123566713,3
207.6348184,39.00061572,-76.49993705,2.110450773,3
207.6850843,39.00061504,-76.49993555,2.097359662,3
207.7353645,39.00061438,-76.49993405,2.084287591,3
207.7856074,39.00061373,-76.49993252,2.071188399,3
207.8358776,39.0006131,-76.499931,2.058107533,3
207.8861507,39.00061248,-76.49992946,2.045018773,3
207.9363934,39.00061188,-76.4999279,2.031928955,3
207.986714,39.00061129,-76.49992634,2.018837639,3
208.036966,39.00061072,-76.49992477,2.005722622,3
208.087231,39.00061017,-76.49992319,1.992656818,3
208.1375274,39.00060963,-76.4999216,1.979553055,3
208.1877616,39.00060911,-76.49992001,1.966476196,3
208.237978,39.00060861,-76.4999184,1.953391904,3
208.2881864,39.00060812,-76.49991679,1.940302297,3
208.3383907,39.00060765,-76.49991516,1.927213602,3
208.3886017,39.0006072,-76.49991353,1.914116844,3
208.4388207,39.00060676,-76.49991189,1.901009738,3
208.4891706,39.00060634,-76.49991025,1.887930743,3
208.5394454,39.00060593,-76.4999086,1.874832442,3
208.5897396,39.00060554,-76.49990694,1.861766825,3
208.6399876,39.00060517,-76.49990527,1.848672644,3
208.6902512,39.00060482,-76.4999036,1.835576175,3
208.740466,39.00060448,-76.49990192,1.822487871,3
208.7907042,39.00060416,-76.49990024,1.809405874,3
208.8409677,39.00060386,-76.49989855,1.796295692,3
208.8912438,39.00060358,-76.49989686,1.783228006,3
208.9415599,39.00060331,-76.49989517,1.770132384,3
208.9918407,39.00060306,-76.49989346,1.757047711,3
209.0421683,39.00060283,-76.49989176,1.74394734,3
209.0924939,39.00060261,-76.49989005,1.730844403,3
209.1427203,39.00060241,-76.49988834,1.717768983,3
209.1929679,39.00060223,-76.49988662,1.704667251,3
209.2431967,39.00060207,-76.4998849,1.691576049,3
209.2934775,39.00060193,-76.49988318,1.678500913,3
209.3437087,39.0006018,-76.49988145,1.665391425,3
209.3939934,39.00060169,-76.49987973,1.652311124,3
209.4442939,39.00060159,-76.499878,1.639229611,3
209.4945651,39.00060152,-76.49987627,1.626131054,3
209.5448134,39.00060146,-76.49987454,1.613038433,3
209.5950436,39.00060142,-76.49987281,1.599966377,3
209.6452999,39.0006014,-76.49986935,1.573788879,3
209.6954855,39.00060141,-76.49986762,1.560674626,3
209.7457255,39.00060144,-76.49986589,1.547611066,3
209.7959206,39.00060149,-76.49986416,1.534511388,3
209.8461937,39.00060156,-76.49986243,1.521429174,3
209.8963975,39.00060164,-76.4998607,1.508338048,3
209.9466396,39.00060174,-76.49985897,1.495249199,3
209.9968282,39.00060186,-76.49985724,1.482133404,3
210.0470339,39.000602,-76.49985552,1.469067029,3
210.0972259,39.00060216,-76.4998538,1.455958629,3
210.147458,39.00060233,-76.49985208,1.442850081,3
210.1976292,39.00060252,-76.49985037,1.429778409,3
210.2478016,39.00060273,-76.49984866,1.41669668,3
210.2980364,39.00060295,-76.49984695,1.403597655,3
210.3482483,39.00060319,-76.49984525,1.390508173,3
210.3984969,39.00060345,-76.49984355,1.377428484,3
210.4487159,39.00060373,-76.49984185,1.364325468,3
210.4989064,39.00060402,-76.49984016,1.351234174,3
210.5491319,39.00060434,-76.49983848,1.338165647,3
210.5993294,39.00060466,-76.4998368,1.325077521,3
210.6495105,39.00060501,-76.49983513,1.31198043,3
210.6996825,39.00060537,-76.49983346,1.298886242,3
210.7498497,39.00060575,-76.4998318,1.2857867,3
210.800035,39.00060615,-76.49983014,1.272706562,3
210.8502471,39.00060656,-76.49982849,1.259610243,3
210.9004286,39.00060699,-76.49982685,1.246526437,3
210.9506008,39.00060744,-76.49982522,1.233440857,3
211.0007511,39.00060791,-76.49982359,1.220337481,3
211.0508895,39.00060839,-76.49982197,1.207247022,3
211.1010389,39.00060888,-76.49982036,1.194167727,3
211.1513468,39.0006094,-76.49981876,1.181076762,3
211.2015378,39.00060993,-76.49981717,1.167988371,3
211.2517107,39.00061047,-76.49981558,1.15490039,3
211.301874,39.00061103,-76.49981401,1.141808363,3
211.3520429,39.00061161,-76.49981244,1.128708993,3
211.4022801,39.00061221,-76.49981089,1.115610565,3
211.4524901,39.00061282,-76.49980934,1.102515641,3
211.5026744,39.00061344,-76.49980781,1.089428459,3
211.5529094,39.00061408,-76.49980629,1.076365707,3
211.6031852,39.00061474,-76.49980477,1.063269241,3
211.6533934,39.00061541,-76.49980327,1.050162256,3
211.7036261,39.0006161,-76.49980178,1.037093543,3
211.7538231,39.0006168,-76.4998003,1.024010469,3
211.804021,39.00061752,-76.49979883,1.010921298,3
211.8542921,39.00061825,-76.49979738,0.9978178002,3
211.9044952,39.000619,-76.49979594,0.9847332433,3
211.9547663,39.00061976,-76.49979451,0.9716427894,3
212.0049928,39.00062054,-76.49979309,0.9585288148,3
212.0552439,39.00062133,-76.49979168,0.9454632192,3
212.1055391,39.00062213,-76.49979029,0.9323561211,3
212.1557737,39.00062295,-76.49978892,0.919278815,3
212.2059668,39.00062379,-76.49978755,0.9061722797,3
212.2561646,39.00062463,-76.4997862,0.8930902601,3
212.3063199,39.00062549,-76.49978487,0.8799945291,3
212.3564636,39.00062637,-76.49978355,0.8669226778,3
212.4066436,39.00062726,-76.49978224,0.8538121294,3
212.4568264,39.00062816,-76.49978096,0.8407473172,3
212.5070223,39.00062907,-76.49977968,0.8276332855,3
212.5571752,39.00063,-76.49977842,0.8145420755,3
212.6073236,39.00063094,-76.49977717,0.8014547016,3
212.657529,39.00063189,-76.49977595,0.7883636717,3
212.707717,39.00063286,-76.49977474,0.7752977816,3
212.7579884,39.00063383,-76.49977354,0.7622104258,3
212.8081873,39.00063482,-76.49977236,0.7490955106,3
212.8584341,39.00063583,-76.4997712,0.7360015974,3
212.9086732,39.00063684,-76.49977005,0.7229378643,3
212.9589067,39.00063786,-76.49976892,0.7098436645,3
213.0090954,39.0006389,-76.49976781,0.6967319145,3
213.0593092,39.00063994,-76.49976672,0.683667818,3
213.1094978,39.00064101,-76.49976564,0.6705580141,3
213.1597577,39.00064207,-76.49976458,0.6574696289,3
213.2099395,39.00064315,-76.49976355,0.6443955346,3
213.2601761,39.00064424,-76.49976252,0.6312978536,3
213.3103612,39.00064535,-76.49976152,0.6181913212,3
213.3606552,39.00064646,-76.49976053,0.6051043445,3
213.4108441,39.00064758,-76.49975957,0.5920126781,3
213.4610494,39.00064871,-76.49975862,0.5789269434,3
213.5112289,39.00064985,-76.49975769,0.565837966,3
213.5613889,39.000651,-76.49975678,0.5527609363,3
213.6116431,39.00065216,-76.49975589,0.5396667481,3
213.6618907,39.00065333,-76.49975502,0.5265767858,3
213.7121746,39.0006545,-76.49975417,0.5134928878,3
213.7623906,39.00065569,-76.49975334,0.5004021856,3
213.8125763,39.00065688,-76.49975253,0.4873080565,3
213.8628401,39.00065808,-76.49975174,0.4742274455,3
213.9131248,39.0006593,-76.49975097,0.4611146372,3
213.963371,39.00066051,-76.49975022,0.4480199112,3
214.0136242,39.00066174,-76.49974949,0.434926318,3
214.0638674,39.00066297,-76.49974878,0.4218622684,3
214.1140823,39.00066421,-76.49974809,0.4087455577,3
214.164325,39.00066546,-76.49974742,0.3956671321,3
214.2145319,39.00066671,-76.49974678,0.3825664421,3
214.2647872,39.00066797,-76.49974615,0.3694867968,3
214.31501,39.00066924,-76.49974555,0.3563797766,3
214.3652078,39.00067051,-76.49974497,0.343318139,3
214.4154566,39.00067179,-76.4997444,0.3302125347,3
214.4656377,39.00067307,-76.49974386,0.3171260661,3
214.5159125,39.00067436,-76.49974335,0.3040190216,3
214.5660937,39.00067566,-76.49974285,0.2909462465,3
214.6162848,39.00067695,-76.49974237,0.2778766716,3
214.6664769,39.00067826,-76.49974192,0.2647826723,3
214.71666,39.00067957,-76.49974149,0.2516721543,3
214.7668697,39.00068088,-76.49974108,0.2385807882,3
214.8171246,39.0006822,-76.49974069,0.2254984181,3
214.8673303,39.00068352,-76.49974033,0.2124163119,3
214.9175746,39.00068484,-76.49973999,0.1993291435,3
214.967779,39.00068617,-76.49973966,0.1862270376,3
215.0179647,39.0006875,-76.49973937,0.1731349765,3
215.0682366,39.00068883,-76.49973909,0.1600615864,3
215.1184191,39.00069017,-76.49973884,0.1469556797,3
215.1685922,39.00069151,-76.49973861,0.1338637023,3
215.218773,39.00069285,-76.4997384,0.1207621355,3
215.2689714,39.0006942,-76.49973821,0.107681149,3
215.3191541,39.00069554,-76.49973805,0.09458077566,3
215.3693317,39.00069689,-76.49973791,0.08150979517,3
215.4195093,39.00069824,-76.49973779,0.06841414867,3
215.4696972,39.00069959,-76.49973769,0.05532935351,3
215.5198763,39.00070094,-76.49973762,0.04222096233,3
215.5700692,39.00070229,-76.49973757,0.02914288234,3
215.6202858,39.00070364,-76.49973754,0.0160543424,3
215.6704832,39.00070499,-76.49973754,0.002982249781,3
215.7206874,39.00070634,-76.49973755,-0.01012263538,3
215.7709405,39.00070769,-76.49973759,-0.02320173639,3
215.8211618,39.00070904,-76.49973766,-0.03628915949,3
215.8713311,39.00071039,-76.49973774,-0.0493986594,3
215.9215463,39.00071174,-76.49973785,-0.06246327475,3
215.9717382,39.00071308,-76.49973798,-0.07555345382,3
216.021935,39.00071443,-76.49973813,-0.08864879271,3
216.0721752,39.00071577,-76.49973831,-0.1017341442,3
216.1224253,39.00071712,-76.49973851,-0.1148222621,3
216.1726435,39.00071846,-76.49973873,-0.127913857,3
216.2228531,39.00071979,-76.49973897,-0.1410050526,3
216.2730582,39.00072113,-76.49973924,-0.1540941743,3
216.3233217,39.00072246,-76.49973952,-0.164988457,3
216.3735989,39.0007238,-76.49973981,-0.1649884569,3
216.4238582,39.00072513,-76.49974009,-0.164988457,3
216.4740886,39.00072646,-76.49974037,-0.1587918288,3
216.5243738,39.0007278,-76.49974064,-0.1587918288,3
216.5745728,39.00072913,-76.49974091,-0.1587918288,3
216.6247803,39.00073047,-76.49974119,-0.1587918288,3
216.6749771,39.0007318,-76.49974146,-0.1587918288,3
216.7251885,39.00073313,-76.49974173,-0.1587918288,3
216.77544,39.00073447,-76.49974201,-0.1587918288,3
216.8256841,39.0007358,-76.49974228,-0.1587918288,3
216.8759208,39.00073714,-76.49974256,-0.1587918288,3
216.9262055,39.00073847,-76.49974283,-0.1587918288,3
216.9764328,39.00073981,-76.4997431,-0.1587918288,3
217.026688,39.00074114,-76.49974338,-0.1587918288,3
217.0769239,39.00074247,-76.49974364,-0.15233584,3
217.1272001,39.00074381,-76.4997439,-0.1523358401,3
217.177474,39.00074515,-76.49974417,-0.15233584,3
217.2276856,39.00074648,-76.49974443,-0.1523358401,3
217.2778988,39.00074782,-76.49974469,-0.15233584,3
217.3280957,39.00074915,-76.49974495,-0.15233584,3
217.3783855,39.00075049,-76.49974522,-0.15233584,3
217.4286733,39.00075182,-76.49974548,-0.15233584,3
217.4789917,39.00075316,-76.49974574,-0.15233584,3
217.5292693,39.0007545,-76.49974601,-0.15233584,3
217.5795264,39.00075583,-76.49974627,-0.15233584,3
217.6298116,39.00075717,-76.49974653,-0.15233584,3
217.6800265,39.0007585,-76.49974678,-0.1455860763,3
217.7302999,39.00075984,-76.49974703,-0.1455860763,3
217.7806015,39.00076117,-76.49974728,-0.1455860763,3
217.8308241,39.00076251,-76.49974754,-0.1455860763,3
217.8810673,39.00076385,-76.49974779,-0.1455860763,3
217.9313268,39.00076518,-76.49974804,-0.1455860763,3
217.9815433,39.00076652,-76.49974829,-0.1455860762,3
218.0317359,39.00076786,-76.49974854,-0.1455860762,3
218.081949,39.0007692,-76.49974879,-0.1455860763,3
218.1321696,39.00077053,-76.49974904,-0.1455860763,3
218.1823569,39.00077187,-76.49974929,-0.1455860762,3
218.2325357,39.00077321,-76.49974955,-0.1455860763,3
218.2827934,39.00077454,-76.49974978,-0.1370056185,3
218.3330654,39.00077589,-76.49975002,-0.1370056185,3
218.3833186,39.00077722,-76.49975025,-0.1370056185,3
218.4335717,39.00077856,-76.49975049,-0.1370056185,3
218.4837676,39.0007799,-76.49975073,-0.1370056185,3
218.5339906,39.00078124,-76.49975096,-0.1370056185,3
218.5842305,39.00078258,-76.4997512,-0.1370056185,3
218.634524,39.00078392,-76.49975144,-0.1370056185,3
218.6847536,39.00078525,-76.49975167,-0.1370056185,3
218.7349505,39.00078659,-76.49975191,-0.1370056185,3
218.7851488,39.00078793,-76.49975215,-0.1370056185,3
218.8353239,39.00078927,-76.49975238,-0.1370056185,3
218.8855274,39.00079061,-76.49975262,-0.1370056185,3
218.9357328,39.00079195,-76.49975283,-0.1239154371,3
218.9859164,39.00079329,-76.49975303,-0.1149567866,3
219.0361448,39.00079464,-76.49975323,-0.1149567867,3
219.0864189,39.00079598,-76.49975343,-0.1149567867,3
219.1366706,39.00079732,-76.49975363,-0.1149567866,3
219.1868908,39.00079866,-76.49975383,-0.1149567867,3
219.2372111,39.0008,-76.49975403,-0.1149567866,3
219.2874922,39.00080135,-76.49975422,-0.1149567866,3
219.3377368,39.00080269,-76.49975442,-0.1149567867,3
219.3880014,39.00080403,-76.49975462,-0.1149567867,3
219.4383021,39.00080537,-76.49975482,-0.1149567867,3
219.4885537,39.00080671,-76.49975502,-0.1149567867,3
219.5388391,39.00080806,-76.49975522,-0.1149567866,3
219.5891357,39.0008094,-76.49975539,-0.1018733947,3
219.6393756,39.00081075,-76.49975556,-0.09652333189,3
219.6896258,39.00081209,-76.49975573,-0.09652333176,3
219.7398542,39.00081343,-76.49975589,-0.09652333184,3
219.7900692,39.00081478,-76.49975606,-0.09652333177,3
219.8403152,39.00081612,-76.49975623,-0.09652333179,3
219.8905083,39.00081747,-76.49975639,-0.09652333179,3
219.9407333,39.00081881,-76.49975656,-0.09652333186,3
219.9909659,39.00082016,-76.49975673,-0.09652333178,3
220.0411975,39.0008215,-76.49975689,-0.09652333177,3
220.091414,39.00082285,-76.49975706,-0.09652333175,3
220.1945587,39.00082554,-76.4997574,-0.0965233318,3
220.2448223,39.00082688,-76.49975756,-0.09652333187,3
220.2951455,39.00082823,-76.49975771,-0.08343037615,3
220.3454172,39.00083092,-76.49975799,-0.08092555106,3
220.395662,39.00083227,-76.49975813,-0.08092555105,3
220.4459373,39.00083362,-76.49975827,-0.08092555107,3
220.4962128,39.00083497,-76.49975841,-0.08092555109,3
220.5464893,39.00083631,-76.49975855,-0.08092555111,3
220.596734,39.00083766,-76.49975869,-0.0809255511,3
220.6470006,39.00083901,-76.49975883,-0.08092555111,3
220.6972367,39.00084035,-76.49975897,-0.08092555109,3
220.7475571,39.0008417,-76.49975911,-0.08092555108,3
220.7977471,39.00084305,-76.49975925,-0.08092555107,3
220.8479369,39.00084439,-76.49975939,-0.08092555108,3
220.8981039,39.00084574,-76.4997595,-0.0679143714,3
220.9483062,39.00084709,-76.49975962,-0.06791437146,3
220.9985161,39.00084844,-76.49975974,-0.06791437143,3
221.0487389,39.00084978,-76.49975986,-0.06791437145,3
221.0989509,39.00085113,-76.49975997,-0.0679143715,3
221.1491933,39.00085248,-76.49976009,-0.06791437144,3
221.199397,39.00085383,-76.49976021,-0.06791437141,3
221.2496249,39.00085518,-76.49976033,-0.06791437153,3
221.2998894,39.00085652,-76.49976044,-0.06791437144,3
221.3501644,39.00085787,-76.49976056,-0.0679143715,3
221.4003892,39.00085922,-76.49976066,-0.0548113404,3
221.4506246,39.00086057,-76.49976073,-0.04172034111,3
221.5008428,39.00086192,-76.49976078,-0.02863457206,3
221.5510732,39.00086327,-76.49976083,-0.02800533862,3
221.6013261,39.00086462,-76.49976087,-0.02800533861,3
221.6515822,39.00086597,-76.49976092,-0.02800533859,3
221.7017905,39.00086732,-76.49976097,-0.02800533862,3
221.7519707,39.00086867,-76.49976102,-0.02800533859,3
221.8022189,39.00087002,-76.49976107,-0.0280053386,3
221.8524586,39.00087138,-76.49976112,-0.02800533863,3
221.9027077,39.00087272,-76.49976117,-0.02800533864,3
221.9529772,39.00087408,-76.49976121,-0.02800533859,3
222.0031977,39.00087543,-76.49976126,-0.02800533859,3
222.0534356,39.00087678,-76.49976131,-0.02800533863,3
222.1036329,39.00087813,-76.49976136,-0.0280053386,3
222.1539097,39.00087948,-76.49976141,-0.02800533859,3
222.2041998,39.00088083,-76.49976146,-0.02800533864,3
222.2544061,39.00088218,-76.49976151,-0.02800533862,3
222.304614,39.00088353,-76.49976155,-0.0280053386,3
222.3548167,39.00088488,-76.4997616,-0.0280053386,3
222.4050249,39.00088623,-76.49976165,-0.02800533861,3
222.455341,39.00088758,-76.4997617,-0.02800533863,3
222.5056167,39.00088893,-76.49976175,-0.02800533863,3
222.5558229,39.00089028,-76.4997618,-0.02800533864,3
222.606074,39.00089163,-76.49976184,-0.02800533858,3
222.656346,39.00089299,-76.49976189,-0.0280053386,3
222.7065902,39.00089434,-76.49976194,-0.0280053386,3
222.7568541,39.00089569,-76.49976199,-0.02800533863,3
222.807077,39.00089704,-76.49976204,-0.02800533858,3
222.8572984,39.00089839,-76.49976209,-0.02800533861,3
222.9074779,39.00089974,-76.49976214,-0.0280053386,3
222.9577073,39.00090109,-76.49976218,-0.02800533861,3
223.007908,39.00090244,-76.49976223,-0.02800533857,3
223.0580896,39.00090379,-76.49976228,-0.02800533857,3
223.1083434,39.00090514,-76.49976233,-0.0280053386,3
223.1586044,39.00090649,-76.49976238,-0.02800533862,3
223.2088514,39.00090784,-76.49976243,-0.02800533862,3
223.2590814,39.00090919,-76.49976247,-0.02800533858,3
223.3093247,39.00091054,-76.49976252,-0.02800533856,3
223.3595191,39.00091189,-76.49976257,-0.02550616458,3
223.4098146,39.00091325,-76.49976261,-0.02550616458,3
223.4600531,39.00091459,-76.49976266,-0.02550616461,3
223.5103374,39.00091595,-76.4997627,-0.02550616462,3
223.5605883,39.0009173,-76.49976274,-0.02550616457,3
223.6108114,39.00091865,-76.49976279,-0.02550616459,3
223.6611018,39.00092,-76.49976283,-0.02550616462,3
223.7113869,39.00092135,-76.49976288,-0.02550616458,3
223.7616162,39.0009227,-76.49976292,-0.02550616458,3
223.8118385,39.00092405,-76.49976296,-0.02550616457,3
223.8620434,39.0009254,-76.49976301,-0.02550616461,3
223.9123169,39.00092675,-76.49976305,-0.02550616456,3
223.9625433,39.0009281,-76.4997631,-0.02550616457,3
224.012808,39.00092945,-76.49976314,-0.02323494835,3
224.0630618,39.0009308,-76.49976318,-0.0232349484,3
224.1133453,39.00093216,-76.49976322,-0.02323494839,3
224.1635874,39.0009335,-76.49976326,-0.02323494836,3
224.2138391,39.00093486,-76.4997633,-0.02323494838,3
224.2641261,39.00093621,-76.49976334,-0.0232349484,3
224.3143471,39.00093756,-76.49976338,-0.02323494838,3
224.3645741,39.00093891,-76.49976342,-0.02323494837,3
224.4147983,39.00094026,-76.49976346,-0.02323494837,3
224.4650253,39.00094161,-76.4997635,-0.02323494837,3
224.5153232,39.00094296,-76.49976354,-0.02323494837,3
224.5655414,39.00094431,-76.49976358,-0.02323494838,3
224.6157793,39.00094566,-76.49976362,-0.02323494837,3
224.6659968,39.00094701,-76.49976366,-0.02323494834,3
224.7161746,39.00094837,-76.4997637,-0.02115666545,3
224.7663788,39.00094971,-76.49976373,-0.02115666545,3
224.8166255,39.00095107,-76.49976377,-0.02115666544,3
224.8668968,39.00095242,-76.49976381,-0.02115666544,3
224.9171553,39.00095377,-76.49976384,-0.02115666544,3
224.9674384,39.00095512,-76.49976388,-0.02115666542,3
225.0176291,39.00095647,-76.49976392,-0.02115666545,3
225.0678759,39.00095782,-76.49976395,-0.02115666545,3
225.1180649,39.00095917,-76.49976399,-0.02115666543,3
225.1682757,39.00096052,-76.49976403,-0.02115666544,3
225.2184631,39.00096188,-76.49976406,-0.02115666544,3
225.2686652,39.00096322,-76.4997641,-0.02115666541,3
225.3188523,39.00096458,-76.49976414,-0.0211566654,3
225.3690471,39.00096593,-76.49976417,-0.01926841421,3
225.4192493,39.00096728,-76.4997642,-0.01926841418,3
225.4695115,39.00096863,-76.49976424,-0.01926841423,3
225.5196955,39.00096998,-76.49976427,-0.01926841424,3
225.569898,39.00097133,-76.4997643,-0.01926841423,3
225.6200799,39.00097268,-76.49976434,-0.01926841421,3
225.6703154,39.00097403,-76.49976437,-0.01926841421,3
225.7205042,39.00097538,-76.4997644,-0.0192684142,3
225.7707181,39.00097673,-76.49976444,-0.0192684142,3
225.8209115,39.00097809,-76.49976447,-0.01926841426,3
225.8710912,39.00097943,-76.4997645,-0.0192684142,3
225.9212787,39.00098079,-76.49976454,-0.01926841419,3
225.9714807,39.00098214,-76.49976457,-0.01926841425,3
226.0216478,39.00098349,-76.4997646,-0.01755247784,3
226.0718159,39.00098484,-76.49976463,-0.01755247784,3
226.122008,39.00098619,-76.49976466,-0.01755247786,3
226.1722036,39.00098754,-76.49976469,-0.01755247786,3
226.2224037,39.00098889,-76.49976472,-0.01755247782,3
226.2726229,39.00099024,-76.49976475,-0.01755247786,3
226.3228016,39.00099159,-76.49976478,-0.01755247784,3
226.3729895,39.00099295,-76.49976481,-0.01755247787,3
226.4231701,39.0009943,-76.49976484,-0.01755247788,3
226.4734379,39.00099565,-76.49976487,-0.01755247787,3
226.5236415,39.000997,-76.4997649,-0.01755247782,3
226.5738342,39.00099835,-76.49976493,-0.01755247786,3
226.6240335,39.0009997,-76.49976497,-0.01755247786,3
226.6742737,39.00100105,-76.499765,-0.01755247788,3
226.7244768,39.0010024,-76.49976502,-0.01598234078,3
226.7747541,39.00100375,-76.49976505,-0.01598234079,3
226.8249848,39.0010051,-76.49976508,-0.01598234075,3
226.8752106,39.00100646,-76.49976511,-0.01598234082,3
226.925463,39.00100781,-76.49976513,-0.01598234081,3
226.9757225,39.00100916,-76.49976516,-0.01598234081,3
227.0259214,39.00101051,-76.49976519,-0.01598234077,3
227.0761484,39.00101186,-76.49976522,-0.01598234078,3
227.1263418,39.00101321,-76.49976524,-0.0159823408,3
227.1765524,39.00101456,-76.49976527,-0.01598234078,3
227.2268132,39.00101591,-76.4997653,-0.0159823408,3
227.2770132,39.00101726,-76.49976533,-0.01598234078,3
227.3271991,39.00101861,-76.49976536,-0.01598234078,3
227.3773693,39.00101996,-76.49976538,-0.01455580403,3
227.4275492,39.00102132,-76.49976541,-0.01455580403,3
227.4777428,39.00102266,-76.49976543,-0.01455580404,3
227.5279438,39.00102402,-76.49976546,-0.01455580402,3
227.5781447,39.00102537,-76.49976548,-0.01455580403,3
227.628362,39.00102672,-76.49976551,-0.01455580404,3
227.6786297,39.00102807,-76.49976553,-0.01455580404,3
227.7288715,39.00102942,-76.49976556,-0.01455580401,3
227.7790946,39.00103077,-76.49976558,-0.01455580406,3
227.8293125,39.00103212,-76.49976561,-0.01455580399,3
227.8795788,39.00103347,-76.49976563,-0.01455580404,3
227.9297792,39.00103482,-76.49976566,-0.01455580406,3
227.979975,39.00103618,-76.49976568,-0.01455580403,3
228.0301763,39.00103753,-76.49976571,-0.01325948392,3
228.0803814,39.00103888,-76.49976573,-0.01325948393,3
228.1305698,39.00104023,-76.49976575,-0.01325948392,3
228.1807936,39.00104158,-76.49976577,-0.01325948394,3
228.230991,39.00104293,-76.4997658,-0.01325948395,3
228.2812082,39.00104428,-76.49976582,-0.01325948395,3
228.3313996,39.00104564,-76.49976584,-0.01325948391,3
228.3816161,39.00104698,-76.49976587,-0.01325948397,3
228.4318197,39.00104834,-76.49976589,-0.01325948394,3
228.4819856,39.00104969,-76.49976591,-0.01325948393,3
228.532187,39.00105104,-76.49976594,-0.01325948391,3
228.5823783,39.00105239,-76.49976596,-0.01325948394,3
228.6326082,39.00105374,-76.49976598,-0.01325948395,3
228.6828224,39.00105509,-76.499766,-0.01325948395,3
228.7330171,39.00105644,-76.49976603,-0.0120733081,3
228.7831757,39.00105779,-76.49976605,-0.01207330811,3
228.8333762,39.00105914,-76.49976607,-0.0120733081,3
228.8835919,39.0010605,-76.49976609,-0.01207330814,3
228.9337979,39.00106185,-76.49976611,-0.01207330811,3
228.9840466,39.0010632,-76.49976613,-0.01207330808,3
229.0343283,39.00106455,-76.49976615,-0.01207330812,3
229.0846223,39.0010659,-76.49976617,-0.0120733081,3
229.1348995,39.00106725,-76.49976619,-0.01207330808,3
229.1852067,39.0010686,-76.49976621,-0.01207330812,3
229.2354714,39.00106995,-76.49976623,-0.0120733081,3
229.2857539,39.0010713,-76.49976626,-0.01207330808,3
229.3360411,39.00107266,-76.49976628,-0.01207330813,3
229.386364,39.00107401,-76.4997663,-0.0109956407,3
229.4366447,39.00107536,-76.49976631,-0.01099564072,3
229.4869741,39.00107671,-76.49976633,-0.01099564074,3
229.5372822,39.00107806,-76.49976635,-0.01099564073,3
229.5875091,39.00107941,-76.49976637,-0.01099564071,3
229.6377636,39.00108076,-76.49976639,-0.01099564076,3
229.688003,39.00108211,-76.49976641,-0.01099564074,3
229.7383038,39.00108346,-76.49976643,-0.01099564074,3
229.7886058,39.00108481,-76.49976645,-0.01099564075,3
229.8388539,39.00108616,-76.49976647,-0.01099564072,3
229.8891721,39.00108752,-76.49976649,-0.01099564074,3
229.9394647,39.00108887,-76.4997665,-0.01099564073,3
229.98975,39.00109022,-76.49976652,-0.01099564072,3
230.0400034,39.00109157,-76.49976654,-0.01099564072,3
230.0903024,39.00109292,-76.49976656,-0.01001634059,3
230.1405741,39.00109427,-76.49976658,-0.01000971043,3
230.1908353,39.00109562,-76.49976659,-0.01000971041,3
230.2411378,39.00109698,-76.49976661,-0.01000971044,3
230.2914264,39.00109833,-76.49976663,-0.0100097104,3
230.3416936,39.00109968,-76.49976665,-0.0100097104,3
230.3919164,39.00110103,-76.49976666,-0.01000971043,3
230.4421942,39.00110238,-76.49976668,-0.01000971038,3
230.4924423,39.00110373,-76.4997667,-0.01000971043,3
230.5427059,39.00110508,-76.49976672,-0.0100097104,3
230.5929379,39.00110643,-76.49976673,-0.01000971042,3
230.6431678,39.00110778,-76.49976675,-0.01000971037,3
230.6934003,39.00110913,-76.49976677,-0.0100097104,3
230.7436198,39.00111049,-76.49976678,-0.009114230436,3
230.7938549,39.00111184,-76.4997668,-0.009114230436,3
230.8440923,39.00111319,-76.49976682,-0.009114230473,3
230.894359,39.00111454,-76.49976683,-0.009114230457,3
230.9445953,39.00111589,-76.49976685,-0.009114230425,3
230.9948657,39.00111726,-76.49976686,-0.009114230445,3
231.0450957,39.00111859,-76.49976688,-0.009114230452,3
231.0953264,39.00111994,-76.49976689,-0.009114230414,3
231.145533,39.00112265,-76.49976693,-0.009114230427,3
231.1957973,39.001124,-76.49976694,-0.009114230405,3
231.246012,39.00112535,-76.49976696,-0.009114230431,3
231.2962085,39.0011267,-76.49976697,-0.009114230413,3
231.346433,39.00112805,-76.49976699,-0.008300677355,3
231.3966745,39.0011294,-76.499767,-0.008300677345,3
231.4469653,39.00113075,-76.49976702,-0.008300677356,3
231.4972377,39.00113211,-76.49976703,-0.008300677361,3
231.5474624,39.00113345,-76.49976704,-0.008300677368,3
231.5977093,39.00113481,-76.49976706,-0.008300677352,3
231.6479226,39.00113616,-76.49976707,-0.008300677332,3
231.6981803,39.00113751,-76.49976709,-0.008300677341,3
231.7483714,39.00113886,-76.4997671,-0.008300677345,3
231.7985648,39.00114021,-76.49976712,-0.008300677351,3
231.8487729,39.00114156,-76.49976713,-0.00830067738,3
231.8990037,39.00114291,-76.49976715,-0.008300677377,3
231.9492503,39.00114426,-76.49976716,-0.008300677335,3
231.9994831,39.00114561,-76.49976717,-0.00756139214,3
232.0497313,39.00114696,-76.49976719,-0.007561392142,3
232.0999198,39.00114832,-76.4997672,-0.007561392105,3
232.1501025,39.00114967,-76.49976721,-0.007561392118,3
232.2002756,39.00115102,-76.49976723,-0.00756139214,3
232.2504552,39.00115237,-76.49976724,-0.007561392155,3
232.3006557,39.00115372,-76.49976725,-0.00756139215,3
232.3509252,39.00115507,-76.49976726,-0.007561392151,3
232.4011773,39.00115642,-76.49976728,-0.007561392164,3
232.4514068,39.00115777,-76.49976729,-0.007561392142,3
232.5016555,39.00115912,-76.4997673,-0.007561392155,3
232.5518687,39.00116048,-76.49976732,-0.007561392128,3
232.6020764,39.00116183,-76.49976733,-0.007561392154,3
232.6522999,39.00116318,-76.49976734,-0.007561392111,3
232.7025392,39.00116453,-76.49976735,-0.006884934724,3
232.7527882,39.00116588,-76.49976737,-0.006884934706,3
232.8030241,39.00116723,-76.49976738,-0.006884934711,3
232.8532724,39.00116858,-76.49976739,-0.006884934729,3
232.9034675,39.00116993,-76.4997674,-0.006884934691,3
232.9536507,39.00117128,-76.49976741,-0.006884934721,3
233.0039615,39.00117264,-76.49976743,-0.006884934744,3
233.0542367,39.00117399,-76.49976744,-0.006884934738,3
233.1045119,39.00117534,-76.49976745,-0.006884934719,3
233.1547898,39.00117669,-76.49976746,-0.0068849347,3
233.2050742,39.00117804,-76.49976747,-0.006884934726,3
233.2553384,39.00117939,-76.49976749,-0.006884934701,3
233.3055778,39.00118074,-76.4997675,-0.006884934695,3
233.3558231,39.0011821,-76.49976751,-0.006270360383,3
233.4060797,39.00118345,-76.49976752,-0.006270360381,3
233.4563534,39.0011848,-76.49976753,-0.006270360382,3
233.5066359,39.00118615,-76.49976754,-0.006270360394,3
233.5569052,39.0011875,-76.49976755,-0.006270360381,3
233.6071957,39.00118885,-76.49976756,-0.006270360372,3
233.6574411,39.0011902,-76.49976757,-0.006270360369,3
233.707736,39.00119155,-76.49976758,-0.006270360364,3
233.7580008,39.0011929,-76.4997676,-0.006270360395,3
233.8082522,39.00119426,-76.49976761,-0.006270360375,3
233.8584854,39.00119561,-76.49976762,-0.006270360366,3
233.9087215,39.00119696,-76.49976763,-0.00627036034,3
233.9589884,39.00119831,-76.49976764,-0.006270360408,3
234.0092325,39.00119966,-76.49976765,-0.005711890086,3
234.0595521,39.00120101,-76.49976766,-0.005711890099,3
234.1098023,39.00120236,-76.49976767,-0.005711890078,3
234.1600499,39.00120371,-76.49976768,-0.00571189006,3
234.2103148,39.00120506,-76.49976769,-0.005711890089,3
234.2605498,39.00120641,-76.4997677,-0.005711890084,3
234.3108125,39.00120777,-76.49976771,-0.005711890106,3
234.3611687,39.00120912,-76.49976772,-0.005711890126,3
234.4114346,39.00121047,-76.49976773,-0.005711890075,3
234.4617076,39.00121182,-76.49976774,-0.005711890071,3
234.5119599,39.00121317,-76.49976775,-0.005711890068,3
234.5622282,39.00121452,-76.49976776,-0.005711890064,3
234.612465,39.00121587,-76.49976777,-0.005711890067,3
234.6626673,39.00121723,-76.49976778,-0.005711890061,3
234.712893,39.00121858,-76.49976779,-0.005200883105,3
234.7631241,39.00121993,-76.4997678,-0.005200883087,3
234.813418,39.00122128,-76.4997678,-0.005200883074,3
234.8636908,39.00122263,-76.49976781,-0.005200883054,3
234.9139185,39.00122398,-76.49976782,-0.005200883062,3
234.9641331,39.00122533,-76.49976783,-0.005200883035,3
235.0143335,39.00122668,-76.49976784,-0.005200883045,3
235.0645712,39.00122803,-76.49976785,-0.005200883057,3
235.1148084,39.00122939,-76.49976786,-0.005200883076,3
235.1650502,39.00123074,-76.49976787,-0.005200883066,3
235.2153627,39.00123209,-76.49976788,-0.005200883087,3
235.2656088,39.00123344,-76.49976789,-0.005200883051,3
235.3158606,39.00123479,-76.49976789,-0.005200883073,3
235.3660716,39.00123614,-76.4997679,-0.004736628105,3
235.4163052,39.00123749,-76.49976791,-0.004736628117,3
235.4665713,39.00123884,-76.49976792,-0.004736628145,3
235.5168138,39.00124019,-76.49976793,-0.004736628132,3
235.5670642,39.00124155,-76.49976794,-0.004736628157,3
235.6173843,39.0012429,-76.49976794,-0.004736628171,3
235.6675933,39.00124425,-76.49976795,-0.004736628136,3
235.7178458,39.0012456,-76.49976796,-0.004736628133,3
235.7680339,39.00124695,-76.49976797,-0.004736628133,3
235.8182406,39.0012483,-76.49976798,-0.00473662815,3
235.8684391,39.00124965,-76.49976798,-0.004736628146,3
235.91868,39.001251,-76.49976799,-0.004736628116,3
235.9689214,39.00125235,-76.499768,-0.004736628121,3
236.0191802,39.0012537,-76.49976801,-0.004314761675,3
236.0693958,39.00125506,-76.49976802,-0.004314761625,3
236.1195932,39.00125641,-76.49976802,-0.004314761618,3
236.1697972,39.00125776,-76.49976803,-0.00431476164,3
236.2200088,39.00125911,-76.49976804,-0.00431476164,3
236.2702566,39.00126046,-76.49976805,-0.004314761625,3
236.3205358,39.00126181,-76.49976805,-0.004314761623,3
236.370805,39.00126316,-76.49976806,-0.00431476166,3
236.4210706,39.00126452,-76.49976807,-0.004314761652,3
236.4713513,39.00126586,-76.49976808,-0.00431476163,3
236.5216229,39.00126722,-76.49976808,-0.004314761628,3
236.5719317,39.00126857,-76.49976809,-0.00431476164,3
236.6222045,39.00126992,-76.4997681,-0.004314761664,3
236.6724899,39.00127127,-76.49976811,-0.004314761653,3
236.7227531,39.00127262,-76.49976811,-0.003928744849,3
236.7730115,39.00127397,-76.49976812,-0.003928744884,3
236.8233568,39.00127532,-76.49976813,-0.003928744883,3
236.8736376,39.00127668,-76.49976813,-0.003928744848,3
236.9239045,39.00127802,-76.49976814,-0.003928744845,3
236.9741852,39.00127938,-76.49976815,-0.003928744854,3
237.0244764,39.00128073,-76.49976815,-0.003928744864,3
237.0747808,39.00128208,-76.49976816,-0.003928744839,3
237.1250639,39.00128343,-76.49976817,-0.003928744857,3
237.1753488,39.00128478,-76.49976817,-0.003928744853,3
237.2256398,39.00128613,-76.49976818,-0.003928744884,3
237.2758853,39.00128749,-76.49976819,-0.003928744846,3
237.3261221,39.00128883,-76.49976819,-0.003928744889,3
237.3762866,39.00129019,-76.4997682,-0.003578049983,3
237.4264377,39.00129154,-76.49976821,-0.003578049923,3
237.4766,39.00129289,-76.49976821,-0.003578049956,3
237.5268447,39.00129424,-76.49976822,-0.003578049948,3
237.5770509,39.00129559,-76.49976822,-0.003578049925,3
237.6273324,39.00129694,-76.49976823,-0.003578049958,3
237.677663,39.00129829,-76.49976824,-0.003578049914,3
237.7278724,39.00129964,-76.49976824,-0.003578049931,3
237.7781443,39.00130099,-76.49976825,-0.003578049966,3
237.8284226,39.00130235,-76.49976826,-0.003578049915,3
237.8786292,39.0013037,-76.49976826,-0.003578049958,3
237.9288406,39.00130505,-76.49976827,-0.003578049931,3
237.9791351,39.0013064,-76.49976827,-0.003578049929,3
238.0293423,39.00130775,-76.49976828,-0.003259370643,3
238.0795768,39.0013091,-76.49976829,-0.00325937067,3
238.1297843,39.00131045,-76.49976829,-0.003259370657,3
238.1800168,39.0013118,-76.4997683,-0.003259370633,3
238.2302486,39.00131315,-76.4997683,-0.003259370668,3
238.2804248,39.00131451,-76.49976831,-0.003259370604,3
238.3306591,39.00131586,-76.49976831,-0.003259370613,3
238.3808877,39.00131721,-76.49976832,-0.003259370635,3
238.4311414,39.00131856,-76.49976833,-0.003259370627,3
238.4813521,39.00131991,-76.49976833,-0.003259370615,3
238.5316164,39.00132126,-76.49976834,-0.003259370629,3
238.5818637,39.00132261,-76.49976834,-0.003259370636,3
238.6320848,39.00132397,-76.49976835,-0.003259370669,3
238.6823208,39.00132532,-76.49976835,-0.003259370642,3
238.7325174,39.00132667,-76.49976836,-0.002967775742,3
238.7827327,39.00132802,-76.49976836,-0.002967775756,3
238.8329588,39.00132937,-76.49976837,-0.002967775767,3
238.8831686,39.00133072,-76.49976837,-0.002967775774,3
238.9333664,39.00133207,-76.49976838,-0.002967775781,3
238.9836338,39.00133342,-76.49976838,-0.002967775764,3
239.0338658,39.00133477,-76.49976839,-0.002967775776,3
239.0840982,39.00133612,-76.49976839,-0.002967775734,3
239.1343556,39.00133748,-76.4997684,-0.002967775727,3
239.1846024,39.00133883,-76.4997684,-0.002967775765,3
239.2348419,39.00134018,-76.49976841,-0.002967775758,3
239.2850438,39.00134153,-76.49976841,-0.002967775776,3
239.33532,39.00134288,-76.49976842,-0.002967775744,3
239.3855663,39.00134423,-76.49976842,-0.00270286008,3
239.435834,39.00134558,-76.49976843,-0.002702860109,3
239.4860895,39.00134693,-76.49976843,-0.002702860127,3
239.5364043,39.00134829,-76.49976844,-0.002702860111,3
239.5867001,39.00134964,-76.49976844,-0.00270286008,3
239.637019,39.00135099,-76.49976845,-0.002702860093,3
239.6873269,39.00135234,-76.49976845,-0.00270286008,3
239.7375363,39.00135369,-76.49976846,-0.002702860103,3
239.7877531,39.00135504,-76.49976846,-0.002702860104,3
239.8379535,39.00135639,-76.49976847,-0.002702860105,3
239.8881669,39.00135774,-76.49976847,-0.002702860112,3
239.9383467,39.00135909,-76.49976848,-0.002702860076,3
239.9885942,39.00136045,-76.49976848,-0.002702860051,3
240.0388521,39.0013618,-76.49976849,-0.002462129017,3
240.0891592,39.00136315,-76.49976849,-0.002462129013,3
240.1394247,39.0013645,-76.49976849,-0.002462129017,3
240.1896979,39.00136585,-76.4997685,-0.002462128989,3
240.2399509,39.0013672,-76.4997685,-0.002462128984,3
240.2901724,39.00136855,-76.49976851,-0.002462128992,3
240.3404605,39.0013699,-76.49976851,-0.002462128988,3
240.3907377,39.00137126,-76.49976851,-0.002462128986,3
240.440974,39.00137261,-76.49976852,-0.00246212898,3
240.4912452,39.00137396,-76.49976852,-0.002462128979,3
240.541526,39.00137531,-76.49976853,-0.002462129017,3
240.5917511,39.00137666,-76.49976853,-0.002462129014,3
240.6420223,39.00137801,-76.49976854,-0.002462128991,3
240.6923193,39.00137936,-76.49976854,-0.002462128998,3
240.7425631,39.00138071,-76.49976854,-0.002241857829,3
240.7928343,39.00138206,-76.49976855,-0.002241857868,3
240.8431374,39.00138342,-76.49976855,-0.002241857836,3
240.8934023,39.00138477,-76.49976856,-0.002241857837,3
240.9436192,39.00138612,-76.49976856,-0.00224185786,3
240.9938908,39.00138747,-76.49976856,-0.002241857811,3
241.0441699,39.00138882,-76.49976857,-0.002241857845,3
241.0944452,39.00139017,-76.49976857,-0.002241857844,3
241.1447041,39.00139152,-76.49976858,-0.002241857828,3
241.1949506,39.00139287,-76.49976858,-0.002241857847,3
241.24522,39.00139422,-76.49976858,-0.002241857815,3
241.2954663,39.00139558,-76.49976859,-0.00224185783,3
241.345703,39.00139828,-76.49976859,-0.002041735152,3
241.3958917,39.00139963,-76.4997686,-0.002041735188,3
241.4461533,39.00140098,-76.4997686,-0.002041735183,3
241.4963516,39.00140233,-76.49976861,-0.002041735164,3
241.5466075,39.00140368,-76.49976861,-0.002041735193,3
241.5967862,39.00140504,-76.49976861,-0.002041735181,3
241.6470094,39.00140638,-76.49976862,-0.002041735202,3
241.6972087,39.00140774,-76.49976862,-0.002041735182,3
241.7474764,39.00140909,-76.49976862,-0.002041735155,3
241.7976729,39.00141044,-76.49976863,-0.002041735189,3
241.8478714,39.00141179,-76.49976863,-0.002041735179,3
241.8980608,39.00141314,-76.49976863,-0.002041735173,3
241.9483028,39.00141449,-76.49976864,-0.00204173519,3
241.9984993,39.00141584,-76.49976864,-0.001859887433,3
242.0487332,39.00141719,-76.49976864,-0.001859887412,3
242.0989884,39.00141855,-76.49976865,-0.001859887432,3
242.1492549,39.0014199,-76.49976865,-0.001859887408,3
242.1995016,39.00142125,-76.49976865,-0.001859887415,3
242.2497995,39.0014226,-76.49976866,-0.001859887406,3
242.3000438,39.00142395,-76.49976866,-0.001859887462,3
242.3503355,39.0014253,-76.49976866,-0.001859887415,3
242.4005329,39.00142665,-76.49976867,-0.001859887415,3
242.4507446,39.001428,-76.49976867,-0.00185988744,3
242.5009636,39.00142935,-76.49976867,-0.001859887422,3
242.5511928,39.00143071,-76.49976868,-0.001859887442,3
242.6015026,39.00143206,-76.49976868,-0.001859887427,3
242.6517485,39.00143341,-76.49976868,-0.001859887417,3
242.7019848,39.00143476,-76.49976868,-0.001693494649,3
242.7522449,39.00143611,-76.49976869,-0.001693494637,3
242.8024695,39.00143746,-76.49976869,-0.001693494674,3
242.8527298,39.00143881,-76.49976869,-0.001693494651,3
242.9029338,39.00144016,-76.4997687,-0.001693494671,3
242.953158,39.00144151,-76.4997687,-0.001693494656,3
243.0034555,39.00144287,-76.4997687,-0.001693494683,3
243.0536586,39.00144422,-76.49976871,-0.001693494691,3
243.1038478,39.00144557,-76.49976871,-0.001693494659,3
243.1540648,39.00144692,-76.49976871,-0.001693494665,3
243.2042902,39.00144827,-76.49976871,-0.00169349469,3
243.254504,39.00144962,-76.49976872,-0.001693494682,3
243.3047526,39.00145097,-76.49976872,-0.001693494659,3
243.3549532,39.00145233,-76.49976872,-0.001542326378,3
243.4051643,39.00145368,-76.49976873,-0.001542326428,3
243.455402,39.00145503,-76.49976873,-0.001542326411,3
243.5056258,39.00145638,-76.49976873,-0.001542326438,3
243.5558325,39.00145773,-76.49976873,-0.001542326414,3
243.6060275,39.00145908,-76.49976874,-0.001542326425,3
243.6562454,39.00146043,-76.49976874,-0.001542326395,3
243.7064362,39.00146178,-76.49976874,-0.001542326427,3
243.7566181,39.00146313,-76.49976874,-0.0015423264,3
243.8068199,39.00146449,-76.49976875,-0.001542326396,3
243.8570096,39.00146584,-76.49976875,-0.001542326438,3
243.907167,39.00146719,-76.49976875,-0.001542326383,3
243.9573378,39.00146854,-76.49976875,-0.001542326429,3
244.0075354,39.00146989,-76.49976876,-0.001404958633,3
244.0577368,39.00147124,-76.49976876,-0.001404958645,3
244.1079499,39.00147259,-76.49976876,-0.001404958622,3
244.1581871,39.00147394,-76.49976876,-0.001404958623,3
244.2084036,39.0014753,-76.49976877,-0.00140495864,3
244.2586141,39.00147665,-76.49976877,-0.001404958625,3
244.3088076,39.001478,-76.49976877,-0.001404958652,3
244.359074,39.00147935,-76.49976877,-0.001404958602,3
244.4094003,39.0014807,-76.49976878,-0.001404958638,3
244.4596449,39.00148205,-76.49976878,-0.001404958627,3
244.5098692,39.0014834,-76.49976878,-0.001404958619,3
244.5601277,39.00148475,-76.49976878,-0.001404958633,3
244.6104277,39.0014861,-76.49976879,-0.001404958623,3
244.6606934,39.00148745,-76.49976879,-0.001404958614,3
244.7109226,39.00148881,-76.49976879,-0.001279265282,3
244.7612308,39.00149016,-76.49976879,-0.001279265286,3
244.8114503,39.00149151,-76.4997688,-0.001279265293,3
244.861689,39.00149286,-76.4997688,-0.001279265278,3
244.9119046,39.00149421,-76.4997688,-0.00127926527,3
244.9622371,39.00149556,-76.4997688,-0.001279265294,3
245.0124596,39.00149691,-76.4997688,-0.001279265288,3
245.0627128,39.00149826,-76.49976881,-0.001279265275,3
245.1129499,39.00149961,-76.49976881,-0.001279265253,3
245.1632262,39.00150097,-76.49976881,-0.001279265283,3
245.213524,39.00150232,-76.49976881,-0.001279265276,3
245.2637497,39.00150367,-76.49976882,-0.001279265279,3
245.3139706,39.00150502,-76.49976882,-0.001279265264,3
245.3642194,39.00150637,-76.49976882,-0.001165072499,3
245.4144949,39.00150772,-76.49976882,-0.001165072476,3
245.4647483,39.00150907,-76.49976882,-0.001165072491,3
245.5149878,39.00151042,-76.49976883,-0.001165072498,3
245.5652889,39.00151178,-76.49976883,-0.00116507251,3
245.6155241,39.00151313,-76.49976883,-0.001165072504,3
245.66575,39.00151448,-76.49976883,-0.00116507249,3
245.7159589,39.00151583,-76.49976883,-0.001165072497,3
245.7662252,39.00151718,-76.49976884,-0.001165072464,3
245.8165054,39.00151853,-76.49976884,-0.001165072488,3
245.8667884,39.00151988,-76.49976884,-0.001165072494,3
245.9170547,39.00152123,-76.49976884,-0.001165072482,3
245.9673896,39.00152258,-76.49976884,-0.001165072472,3
246.0176633,39.00152394,-76.49976885,-0.001061304612,3
246.0678901,39.00152529,-76.49976885,-0.00106130457,3
246.118186,39.00152664,-76.49976885,-0.0010613046,3
246.1684681,39.00152799,-76.49976885,-0.001061304606,3
246.2187296,39.00152934,-76.49976885,-0.001061304572,3
246.2690138,39.00153069,-76.49976885,-0.001061304611,3
246.3193437,39.00153204,-76.49976886,-0.001061304572,3
246.3696109,39.00153339,-76.49976886,-0.001061304566,3
246.4198569,39.00153475,-76.49976886,-0.001061304589,3
246.4702084,39.0015361,-76.49976886,-0.001061304587,3
246.5204256,39.00153745,-76.49976886,-0.001061304562,3
246.57069,39.0015388,-76.49976887,-0.001061304559,3
246.6209212,39.00154015,-76.49976887,-0.001061304536,3
246.6711978,39.0015415,-76.49976887,-0.001061304589,3
246.7215204,39.00154285,-76.49976887,-0.0009663547894,3
246.7717986,39.00154421,-76.49976887,-0.0009663548114,3
246.8220177,39.00154556,-76.49976887,-0.000966354773,3
246.8722418,39.00154691,-76.49976888,-0.0009663547793,3
246.9224105,39.00154826,-76.49976888,-0.0009663547923,3
246.9726012,39.00154961,-76.49976888,-0.0009663547715,3
247.0228056,39.00155096,-76.49976888,-0.0009663547772,3
247.0730473,39.00155231,-76.49976888,-0.0009663547759,3
247.1232597,39.00155366,-76.49976888,-0.0009663547798,3
247.173475,39.00155502,-76.49976889,-0.0009663547645,3
247.223651,39.00155637,-76.49976889,-0.0009663547576,3
247.2738323,39.00155771,-76.49976889,-0.0009663548045,3
247.3240086,39.00155907,-76.49976889,-0.0009663547977,3
247.3742352,39.00156042,-76.49976889,-0.0008800938026,3
247.4244774,39.00156177,-76.49976889,-0.0008800937895,3
247.4747397,39.00156312,-76.4997689,-0.0008800938104,3
247.5250076,39.00156447,-76.4997689,-0.0008800937932,3
247.5753228,39.00156582,-76.4997689,-0.0008800937712,3
247.6255915,39.00156717,-76.4997689,-0.0008800937617,3
247.6758364,39.00156852,-76.4997689,-0.0008800937855,3
247.7260816,39.00156988,-76.4997689,-0.000880093798,3
247.7763456,39.00157123,-76.4997689,-0.0008800937886,3
247.8265742,39.00157258,-76.49976891,-0.0008800937919,3
247.8767954,39.00157393,-76.49976891,-0.000880093768,3
247.926996,39.00157528,-76.49976891,-0.0008800937878,3
247.9772635,39.00157663,-76.49976891,-0.0008800937976,3
248.0275191,39.00157798,-76.49976891,-0.0008017079839,3
248.0777826,39.00157933,-76.49976891,-0.0008017079466,3
248.1280308,39.00158068,-76.49976891,-0.000801707976,3
248.1783261,39.00158204,-76.49976892,-0.0008017079821,3
248.2285231,39.00158339,-76.49976892,-0.0008017079834,3
248.2787571,39.00158474,-76.49976892,-0.0008017079573,3
248.3289817,39.00158609,-76.49976892,-0.0008017079522,3
248.3792615,39.00158744,-76.49976892,-0.0008017079575,3
248.4295773,39.00158879,-76.49976892,-0.000801707966,3
248.4798486,39.00159014,-76.49976892,-0.0008017079799,3
248.530099,39.00159149,-76.49976893,-0.0008017080003,3
248.580381,39.00159285,-76.49976893,-0.0008017080033,3
248.6306017,39.0015942,-76.49976893,-0.0008017079696,3
248.6808152,39.00159555,-76.49976893,-0.000801707957,3
248.7311258,39.0015969,-76.49976893,-0.0007299840615,3
248.7814684,39.00159825,-76.49976893,-0.0007299840554,3
248.8317288,39.0015996,-76.49976893,-0.0007299840554,3
248.8820271,39.00160095,-76.49976893,-0.0007299840776,3
248.932347,39.0016023,-76.49976894,-0.0007299840585,3
248.9826791,39.00160366,-76.49976894,-0.0007299840652,3
249.0330458,39.00160501,-76.49976894,-0.0007299840161,3
249.083373,39.00160636,-76.49976894,-0.0007299840632,3
249.1336411,39.00160771,-76.49976894,-0.0007299840598,3
249.1839046,39.00160906,-76.49976894,-0.0007299840227,3
249.2342007,39.00161041,-76.49976894,-0.0007299840165,3
249.2844647,39.00161176,-76.49976895,-0.0007299840694,3
249.3347397,39.00161312,-76.49976895,-0.0007299840481,3
249.3850105,39.00161446,-76.49976895,-0.000664821682,3
249.4353219,39.00161582,-76.49976895,-0.000664821631,3
249.4856236,39.00161717,-76.49976895,-0.0006648216494,3
249.5359047,39.00161852,-76.49976895,-0.0006648216363,3
249.5862302,39.00161987,-76.49976895,-0.0006648216819,3
249.6364869,39.00162122,-76.49976895,-0.0006648216365,3
249.6867531,39.00162257,-76.49976895,-0.0006648216612,3
249.7370158,39.00162392,-76.49976896,-0.0006648216478,3
249.7873417,39.00162527,-76.49976896,-0.0006648216529,3
249.8375994,39.00162662,-76.49976896,-0.0006648216792,3
249.8878801,39.00162798,-76.49976896,-0.0006648216894,3
249.9382211,39.00162933,-76.49976896,-0.000664821645,3
249.9884929,39.00163068,-76.49976896,-0.0006648216824,3
250.0387732,39.00163203,-76.49976896,-0.0006056089201,3
250.0890064,39.00163338,-76.49976896,-0.0006056089198,3
250.1393357,39.00163473,-76.49976896,-0.000605608909,3
250.1895856,39.00163608,-76.49976897,-0.0006056089364,3
250.2398335,39.00163744,-76.49976897,-0.0006056089443,3
250.2900998,39.00163878,-76.49976897,-0.0006056089447,3
250.3404211,39.00164014,-76.49976897,-0.0006056088958,3
250.3906983,39.00164149,-76.49976897,-0.0006056089224,3
250.4409665,39.00164284,-76.49976897,-0.0006056089114,3
250.4912643,39.00164419,-76.49976897,-0.0006056089286,3
250.5415811,39.00164554,-76.49976897,-0.0006056089053,3
250.5918649,39.00164689,-76.49976897,-0.0006056088827,3
250.6421347,39.00164824,-76.49976897,-0.0006056089399,3
250.6924256,39.00164959,-76.49976898,-0.0006056088957,3
250.7426675,39.00165095,-76.49976898,-0.0005514287853,3
250.7929093,39.0016523,-76.49976898,-0.0005514287959,3
250.8431926,39.00165365,-76.49976898,-0.0005514288426,3
250.8935711,39.001655,-76.49976898,-0.000551428816,3
250.9438172,39.00165635,-76.49976898,-0.0005514288139,3
250.9940257,39.0016577,-76.49976898,-0.0005514288224,3
251.0443131,39.00165905,-76.49976898,-0.0005514288211,3
251.0945696,39.0016604,-76.49976898,-0.000551428807,3
251.1448352,39.00166176,-76.49976898,-0.0005514288487,3
251.1950456,39.00166311,-76.49976899,-0.0005514287991,3
251.2453579,39.00166446,-76.49976899,-0.0005514288267,3
251.2955915,39.00166716,-76.49976899,-0.000551428826,3
251.3458595,39.00166851,-76.49976899,-0.0005022059202,3
251.3960624,39.00166986,-76.49976899,-0.0005022059589,3
251.4463157,39.00167121,-76.49976899,-0.0005022059152,3
251.4965609,39.00167257,-76.49976899,-0.0005022059533,3
251.5468187,39.00167392,-76.49976899,-0.0005022059467,3
251.5970321,39.00167527,-76.49976899,-0.0005022059208,3
251.647326,39.00167662,-76.49976899,-0.0005022059416,3
251.6975371,39.00167797,-76.499769,-0.0005022059275,3
251.7477579,39.00167932,-76.499769,-0.0005022059614,3
251.7979419,39.00168067,-76.499769,-0.0005022059565,3
251.8481926,39.00168202,-76.499769,-0.0005022059121,3
251.8983937,39.00168337,-76.499769,-0.0005022059508,3
251.9485853,39.00168472,-76.499769,-0.0005022059056,3
251.9987855,39.00168608,-76.499769,-0.0004574767404,3
252.048987,39.00168743,-76.499769,-0.0004574767175,3
252.0992619,39.00168878,-76.499769,-0.0004574766954,3
252.1495099,39.00169013,-76.499769,-0.0004574767279,3
252.1997033,39.00169148,-76.499769,-0.0004574767143,3
252.2499123,39.00169283,-76.499769,-0.0004574767064,3
252.3001305,39.00169418,-76.499769,-0.0004574766903,3
252.3503609,39.00169554,-76.49976901,-0.0004574767094,3
252.4005886,39.00169689,-76.49976901,-0.0004574766926,3
252.4508667,39.00169824,-76.49976901,-0.0004574766769,3
252.5010558,39.00169959,-76.49976901,-0.0004574767182,3
252.5513379,39.00170094,-76.49976901,-0.0004574767231,3
252.6015387,39.00170229,-76.49976901,-0.0004574767294,3
252.6518305,39.00170364,-76.49976901,-0.0004574767039,3
252.7020214,39.00170499,-76.49976901,-0.0004165486648,3
252.7522998,39.00170634,-76.49976901,-0.0004165486849,3
252.8025079,39.00170769,-76.49976901,-0.0004165486738,3
252.8527394,39.00170905,-76.49976901,-0.0004165486862,3
252.9030285,39.0017104,-76.49976901,-0.0004165487132,3
252.9533093,39.00171175,-76.49976901,-0.0004165486943,3
253.0035611,39.0017131,-76.49976902,-0.0004165486836,3
253.0538063,39.00171445,-76.49976902,-0.0004165487121,3
253.1040434,39.0017158,-76.49976902,-0.0004165486735,3
253.1543298,39.00171715,-76.49976902,-0.000416548687,3
253.2045471,39.0017185,-76.49976902,-0.0004165486557,3
253.2547796,39.00171985,-76.49976902,-0.0004165486983,3
253.3049991,39.00172121,-76.49976902,-0.0004165486641,3
253.3552263,39.00172256,-76.49976902,-0.0003793657765,3
253.4054697,39.00172391,-76.49976902,-0.0003793657616,3
253.4556893,39.00172526,-76.49976902,-0.0003793657668,3
253.5059544,39.00172661,-76.49976902,-0.0003793658106,3
253.5562222,39.00172796,-76.49976902,-0.0003793658021,3
253.6064662,39.00172931,-76.49976902,-0.0003793657606,3
253.6567478,39.00173067,-76.49976902,-0.0003793657693,3
253.7069972,39.00173201,-76.49976903,-0.0003793657777,3
253.7572333,39.00173337,-76.49976903,-0.0003793657869,3
253.8074512,39.00173472,-76.49976903,-0.0003793657354,3
253.8577065,39.00173607,-76.49976903,-0.0003793657593,3
253.9079328,39.00173742,-76.49976903,-0.0003793657889,3
253.9582425,39.00173877,-76.49976903,-0.0003793657797,3
254.0084581,39.00174012,-76.49976903,-0.0003455773412,3
254.0586828,39.00174147,-76.49976903,-0.0003455773513,3
254.1089118,39.00174282,-76.49976903,-0.0003455773598,3
254.159202,39.00174418,-76.49976903,-0.0003455773634,3
254.2095042,39.00174553,-76.49976903,-0.0003455774058,3
254.2597688,39.00174688,-76.49976903,-0.0003455773575,3
254.3100072,39.00174823,-76.49976903,-0.0003455773768,3
254.3602858,39.00174958,-76.49976903,-0.0003455774006,3
254.4105398,39.00175093,-76.49976903,-0.0003455773401,3
254.4608444,39.00175228,-76.49976903,-0.0003455773601,3
254.5111291,39.00175364,-76.49976903,-0.0003455773612,3
254.5614288,39.00175499,-76.49976904,-0.0003455773531,3
254.6116515,39.00175634,-76.49976904,-0.0003455773805,3
254.6618801,39.00175769,-76.49976904,-0.000345577378,3
254.7121229,39.00175904,-76.49976904,-0.0003146604323,3
254.7623923,39.00176039,-76.49976904,-0.0003146603932,3
254.8125977,39.00176174,-76.49976904,-0.0003146604491,3
254.8628271,39.00176309,-76.49976904,-0.0003146604303,3
254.9130628,39.00176444,-76.49976904,-0.0003146603933,3
254.96333,39.00176579,-76.49976904,-0.0003146603933,3
255.0136126,39.00176715,-76.49976904,-0.0003146604372,3
255.0638334,39.0017685,-76.49976904,-0.0003146604336,3
255.114068,39.00176985,-76.49976904,-0.0003146603836,3
255.1643251,39.0017712,-76.49976904,-0.0003146603849,3
255.2145685,39.00177255,-76.49976904,-0.0003146603876,3
255.2647937,39.0017739,-76.49976904,-0.0003146604061,3
255.3150338,39.00177525,-76.49976904,-0.0003146603925,3
255.3653437,39.00177661,-76.49976904,-0.0002865720634,3
255.4155753,39.00177796,-76.49976904,-0.0002865720759,3
255.4658016,39.00177931,-76.49976905,-0.0002865721152,3
255.5160324,39.00178066,-76.49976905,-0.000286572064,3
255.5663033,39.00178201,-76.49976905,-0.0002865720887,3
255.6165485,39.00178336,-76.49976905,-0.0002865720615,3
255.6668074,39.00178471,-76.49976905,-0.0002865720656,3
255.7170681,39.00178606,-76.49976905,-0.0002865720518,3
255.7673689,39.00178741,-76.49976905,-0.0002865720582,3
255.8175994,39.00178877,-76.49976905,-0.0002865721048,3
255.8678272,39.00179012,-76.49976905,-0.0002865720435,3
255.9180686,39.00179147,-76.49976905,-0.0002865720745,3
255.9683264,39.00179282,-76.49976905,-0.000286572052,3
256.0185898,39.00179417,-76.49976905,-0.0002610483404,3
256.0688039,39.00179552,-76.49976905,-0.0002610483643,3
256.1190507,39.00179687,-76.49976905,-0.0002610483396,3
256.1693369,39.00179822,-76.49976905,-0.0002610483124,3
256.2196123,39.00179958,-76.49976905,-0.0002610483007,3
256.269829,39.00180093,-76.49976905,-0.0002610483146,3
256.3200731,39.00180228,-76.49976905,-0.0002610483315,3
256.3703814,39.00180363,-76.49976905,-0.0002610482874,3
256.4206222,39.00180498,-76.49976905,-0.0002610483029,3
256.4708535,39.00180633,-76.49976905,-0.0002610483574,3
256.521126,39.00180768,-76.49976905,-0.000261048307,3
256.5713499,39.00180903,-76.49976906,-0.0002610483523,3
256.6216368,39.00181038,-76.49976906,-0.0002610483384,3
256.6719076,39.00181174,-76.49976906,-0.0002610483333,3
256.7221861,39.00181309,-76.49976906,-0.0002376936975,3
256.772424,39.00181444,-76.49976906,-0.0002376937099,3
256.8226333,39.00181579,-76.49976906,-0.0002376936873,3
256.8728631,39.00181714,-76.49976906,-0.0002376936862,3
256.9231253,39.00181849,-76.49976906,-0.0002376936979,3
256.9733706,39.00181984,-76.49976906,-0.0002376936857,3
257.0236232,39.00182119,-76.49976906,-0.0002376937101,3
257.0738567,39.00182254,-76.49976906,-0.0002376936661,3
257.1241249,39.0018239,-76.49976906,-0.0002376937056,3
257.1922605,39.00182525,-76.49976906,-0.0002376937122,3
257.242593,39.0018266,-76.49976906,-0.000237693718,3
257.2929072,39.00182795,-76.49976906,-0.0002376937264,3
257.3432019,39.0018293,-76.49976906,-0.0002376936997,3
257.3935153,39.00183065,-76.49976906,-0.0002164759093,3
257.4437832,39.001832,-76.49976906,-0.0002164758641,3
257.4940695,39.00183335,-76.49976906,-0.0002164758677,3
257.54432,39.0018347,-76.49976906,-0.0002164758348,3
257.5945947,39.00183606,-76.49976906,-0.0002164758348,3
257.644861,39.00183741,-76.49976906,-0.0002164758678,3
257.6951392,39.00183876,-76.49976906,-0.0002164758996,3
257.7453757,39.00184011,-76.49976906,-0.0002164759078,3
257.7955413,39.00184281,-76.49976907,-0.0002164758642,3
257.8457201,39.00184416,-76.49976907,-0.0002164758616,3
257.8959335,39.00184551,-76.49976907,-0.0002164758581,3
257.9461299,39.00184686,-76.49976907,-0.0002164759024,3
257.9963475,39.00184822,-76.49976907,-0.0001971952608,3
258.0465513,39.00184957,-76.49976907,-0.0001971952702,3
258.0967318,39.00185092,-76.49976907,-0.0001971952466,3
258.1469099,39.00185227,-76.49976907,-0.0001971952967,3
258.1970994,39.00185362,-76.49976907,-0.0001971952309,3
258.2473308,39.00185497,-76.49976907,-0.0001971952873,3
258.297562,39.00185632,-76.49976907,-0.0001971952426,3
258.3477482,39.00185767,-76.49976907,-0.0001971952517,3
258.3979238,39.00185902,-76.49976907,-0.0001971952446,3
258.4481689,39.00186038,-76.49976907,-0.0001971952719,3
258.498419,39.00186173,-76.49976907,-0.0001971952507,3
258.5486957,39.00186308,-76.49976907,-0.0001971952411,3
258.5989527,39.00186443,-76.49976907,-0.0001971952649,3
258.6492239,39.00186578,-76.49976907,-0.0001971952495,3
258.6994293,39.00186713,-76.49976907,-0.0001795533448,3
258.7496194,39.00186848,-76.49976907,-0.0001795533678,3
258.799856,39.00186984,-76.49976907,-0.0001795533514,3
258.8500593,39.00187118,-76.49976907,-0.0001795533889,3
258.9002548,39.00187254,-76.49976907,-0.0001795533591,3
258.9504453,39.00187389,-76.49976907,-0.0001795533426,3
259.0006639,39.00187524,-76.49976907,-0.0001795533344,3
259.0509023,39.00187659,-76.49976907,-0.0001795533553,3
259.1011758,39.00187794,-76.49976907,-0.0001795533598,3
259.1514189,39.00187929,-76.49976907,-0.0001795533248,3
259.2017159,39.00188065,-76.49976907,-0.0001795533354,3
259.2519882,39.001882,-76.49976907,-0.0001795533455,3
259.3021892,39.00188335,-76.49976908,-0.0001795533199,3
259.3524027,39.0018847,-76.49976908,-0.0001635254051,3
259.4026603,39.00188605,-76.49976908,-0.0001635254171,3
259.452938,39.0018874,-76.49976908,-0.0001635254101,3
259.5032753,39.00188876,-76.49976908,-0.0001635254108,3
259.5535667,39.0018901,-76.49976908,-0.0001635254103,3
259.6038319,39.00189145,-76.49976908,-0.0001635253945,3
259.6541365,39.00189281,-76.49976908,-0.0001635254,3
259.7043838,39.00189416,-76.49976908,-0.0001635254064,3
259.7546493,39.00189551,-76.49976908,-0.0001635254332,3
259.8049016,39.00189686,-76.49976908,-0.0001635254142,3
259.8551955,39.00189821,-76.49976908,-0.0001635254075,3
259.9054893,39.00189956,-76.49976908,-0.0001635254372,3
259.9557261,39.00190091,-76.49976908,-0.0001635254029,3
260.0059932,39.00190226,-76.49976908,-0.0001489608844,3
260.0562733,39.00190361,-76.49976908,-0.0001489609017,3
260.1065499,39.00190497,-76.49976908,-0.0001489608804,3
260.1567999,39.00190632,-76.49976908,-0.0001489608669,3
260.2070586,39.00190767,-76.49976908,-0.0001489608871,3
260.257334,39.00190902,-76.49976908,-0.0001489609008,3
260.3075527,39.00191037,-76.49976908,-0.0001489608829,3
260.3578325,39.00191172,-76.49976908,-0.000148960908,3
260.4081266,39.00191307,-76.49976908,-0.0001489609069,3
260.4583546,39.00191442,-76.49976908,-0.0001489608825,3
260.5086636,39.00191577,-76.49976908,-0.0001489608615,3
260.5589353,39.00191712,-76.49976908,-0.0001489608981,3
260.6091891,39.00191848,-76.49976908,-0.0001489608545,3
260.6594265,39.00191983,-76.49976908,-0.0001489608797,3
260.7097012,39.00192118,-76.49976908,-0.0001356342802,3
260.7599154,39.00192253,-76.49976908,-0.0001356342804,3
260.8101837,39.00192388,-76.49976908,-0.0001356342893,3
260.8604165,39.00192523,-76.49976908,-0.0001356342946,3
260.9106781,39.00192658,-76.49976908,-0.0001356342607,3
260.9609147,39.00192794,-76.49976908,-0.0001356342619,3
261.0111703,39.00192929,-76.49976908,-0.0001356342758,3
261.061387,39.00193064,-76.49976908,-0.0001356342915,3
261.111624,39.00193199,-76.49976908,-0.00013563425,3
261.1618711,39.00193334,-76.49976908,-0.0001356342349,3
261.2121182,39.00193469,-76.49976908,-0.0001356342817,3
261.262334,39.00193604,-76.49976909,-0.0001356343017,3
261.3125745,39.00193739,-76.49976909,-0.0001356342723,3
261.3628028,39.00193874,-76.49976909,-0.0001235269282,3
261.4130639,39.0019401,-76.49976909,-0.0001235269523,3
261.4634291,39.00194144,-76.49976909,-0.0001235269531,3
261.5136325,39.0019428,-76.49976909,-0.0001235269522,3
261.5638315,39.00194415,-76.49976909,-0.0001235269435,3
261.6140347,39.0019455,-76.49976909,-0.0001235269412,3
261.6643041,39.00194685,-76.49976909,-0.0001235269617,3
261.7145311,39.0019482,-76.49976909,-0.0001235269313,3
261.764783,39.00194955,-76.49976909,-0.0001235269713,3
261.8150078,39.0019509,-76.49976909,-0.0001235269577,3
261.8652402,39.00195225,-76.49976909,-0.0001235269165,3
261.9154559,39.00195361,-76.49976909,-0.000123526937,3
261.965654,39.00195496,-76.49976909,-0.0001235269258,3
262.0158392,39.00195631,-76.49976909,-0.0001125249776,3
262.0660413,39.00195766,-76.49976909,-0.0001125249288,3
262.1163137,39.00195901,-76.49976909,-0.0001125249354,3
262.1665184,39.00196036,-76.49976909,-0.0001125249458,3
262.2167181,39.00196171,-76.49976909,-0.0001125249614,3
262.2669003,39.00196307,-76.49976909,-0.0001125249645,3
262.3171208,39.00196441,-76.49976909,-0.0001125249432,3
262.3674123,39.00196577,-76.49976909,-0.0001125249401,3
262.4176615,39.00196712,-76.49976909,-0.0001125249181,3
262.4678903,39.00196847,-76.49976909,-0.0001125249177,3
262.5181243,39.00196982,-76.49976909,-0.0001125249419,3
262.5684483,39.00197117,-76.49976909,-0.00011252493,3
262.6186611,39.00197252,-76.49976909,-0.0001125249216,3
262.6688556,39.00197387,-76.49976909,-0.0001125249669,3
262.7190211,39.00197523,-76.49976909,-0.0001024579752,3
262.7692773,39.00197658,-76.49976909,-0.0001024579841,3
262.8195161,39.00197793,-76.49976909,-0.0001024579799,3
262.8697338,39.00197928,-76.49976909,-0.0001024580163,3
262.9199282,39.00198063,-76.49976909,-0.0001024580239,3
262.9701011,39.00198198,-76.49976909,-0.0001024580178,3
263.0203172,39.00198333,-76.49976909,-0.0001024579686,3
263.0704937,39.00198468,-76.49976909,-0.0001024579797,3
263.1207801,39.00198603,-76.49976909,-0.0001024580159,3
263.1709697,39.00198739,-76.49976909,-0.0001024580012,3
263.2212599,39.00198874,-76.49976909,-0.0001024579586,3
263.2714746,39.00199009,-76.49976909,-0.0001024580035,3
263.3217411,39.00199144,-76.49976909,-0.0001024579879,3
263.3719955,39.00199279,-76.49976909,-9.331216235e-05,3
263.4222808,39.00199414,-76.49976909,-9.331217647e-05,3
263.4724934,39.00199549,-76.49976909,-9.331217759e-05,3
263.5227495,39.00199684,-76.49976909,-9.331215164e-05,3
263.5729548,39.00199819,-76.49976909,-9.331215595e-05,3
263.623148,39.00199954,-76.49976909,-9.331214737e-05,3
263.673336,39.0020009,-76.49976909,-9.331215302e-05,3
263.7235425,39.00200225,-76.49976909,-9.331213846e-05,3
263.7737607,39.0020036,-76.49976909,-9.331217603e-05,3
263.8240511,39.00200495,-76.49976909,-9.33121557e-05,3
263.874294,39.0020063,-76.49976909,-9.331215524e-05,3
263.9245793,39.00200765,-76.49976909,-9.331214927e-05,3
263.9748404,39.002009,-76.49976909,-9.331219041e-05,3
264.0250687,39.00201035,-76.4997691,-8.500128725e-05,3
264.0753699,39.00201171,-76.4997691,-8.500129911e-05,3
264.1256269,39.00201306,-76.4997691,-8.500129911e-05,3
264.1758379,39.00201441,-76.4997691,-8.500128005e-05,3
264.2260748,39.00201576,-76.4997691,-8.500126996e-05,3
264.2763318,39.00201711,-76.4997691,-8.500127327e-05,3
264.3266272,39.00201846,-76.4997691,-8.500128175e-05,3
264.3768311,39.00201981,-76.4997691,-8.500128704e-05,3
264.4270452,39.00202116,-76.4997691,-8.500127654e-05,3
264.4772654,39.00202251,-76.4997691,-8.500128716e-05,3
264.5274934,39.00202387,-76.4997691,-8.500128044e-05,3
264.5776746,39.00202522,-76.4997691,-8.500129139e-05,3
264.6279294,39.00202657,-76.4997691,-8.500131574e-05,3
264.678148,39.00202792,-76.4997691,-8.500130929e-05,3
264.7284141,39.00202927,-76.4997691,-7.739667204e-05,3
264.778619,39.00203062,-76.4997691,-7.739663572e-05,3
264.8288882,39.00203198,-76.4997691,-7.739663189e-05,3
264.8791772,39.00203333,-76.4997691,-7.7396651e-05,3
264.9294869,39.00203468,-76.4997691,-7.73966405e-05,3
264.9797371,39.00203603,-76.4997691,-7.739664913e-05,3
265.0299627,39.00203738,-76.4997691,-7.739663663e-05,3
265.0802429,39.00203873,-76.4997691,-7.739663998e-05,3
265.130469,39.00204008,-76.4997691,-7.739661228e-05,3
265.1806765,39.00204143,-76.4997691,-7.739662169e-05,3
265.2309555,39.00204278,-76.4997691,-7.739661584e-05,3
265.2812541,39.00204413,-76.4997691,-7.739662776e-05,3
265.331497,39.00204549,-76.4997691,-7.739661368e-05,3
265.3817656,39.00204684,-76.4997691,-7.048778257e-05,3
265.4319902,39.00204819,-76.4997691,-7.048779479e-05,3
265.4822465,39.00204954,-76.4997691,-7.048776862e-05,3
265.5325194,39.00205089,-76.4997691,-7.048781066e-05,3
265.5827615,39.00205224,-76.4997691,-7.048782087e-05,3
265.6329643,39.00205359,-76.4997691,-7.048780036e-05,3
265.6831892,39.00205494,-76.4997691,-7.04877958e-05,3
265.73348,39.00205629,-76.4997691,-7.048779944e-05,3
265.7837416,39.00205764,-76.4997691,-7.048782286e-05,3
265.8340041,39.002059,-76.4997691,-7.048775935e-05,3
265.8842674,39.00206035,-76.4997691,-7.048779765e-05,3
265.934507,39.0020617,-76.4997691,-7.04877579e-05,3
265.9847439,39.00206305,-76.4997691,-7.048778759e-05,3
266.03497,39.0020644,-76.4997691,-6.420976804e-05,3
266.0851796,39.00206575,-76.4997691,-6.420977428e-05,3
266.1354116,39.0020671,-76.4997691,-6.420976352e-05,3
266.1856785,39.00206845,-76.4997691,-6.420977146e-05,3
266.2359566,39.00206981,-76.4997691,-6.420970246e-05,3
266.2862017,39.00207116,-76.4997691,-6.420973398e-05,3
266.336456,39.00207251,-76.4997691,-6.420972346e-05,3
266.3867253,39.00207386,-76.4997691,-6.420973539e-05,3
266.4369901,39.00207521,-76.4997691,-6.420971488e-05,3
266.4872482,39.00207656,-76.4997691,-6.420971299e-05,3
266.5375547,39.00207791,-76.4997691,-6.420974466e-05,3
266.5877486,39.00207927,-76.4997691,-6.420970339e-05,3
266.6379925,39.00208062,-76.4997691,-6.420972793e-05,3
266.6882425,39.00208197,-76.4997691,-6.420975846e-05,3
266.7385093,39.00208332,-76.4997691,-5.846526751e-05,3
266.7887438,39.00208467,-76.4997691,-5.846522406e-05,3
266.8389945,39.00208602,-76.4997691,-5.846524705e-05,3
266.8892636,39.00208737,-76.4997691,-5.846521768e-05,3
266.9395596,39.00208872,-76.4997691,-5.846524227e-05,3
266.9898384,39.00209007,-76.4997691,-5.8465261e-05,3
267.0400947,39.00209142,-76.4997691,-5.846522814e-05,3
267.0903971,39.00209278,-76.4997691,-5.846525248e-05,3
267.140668,39.00209413,-76.4997691,-5.846524775e-05,3
267.1908988,39.00209548,-76.4997691,-5.846523856e-05,3
267.2411978,39.00209683,-76.4997691,-5.846525177e-05,3
267.2914753,39.00209818,-76.4997691,-5.846524748e-05,3
267.3417419,39.00209953,-76.4997691,-5.846522333e-05,3
267.3919963,39.00210088,-76.4997691,-5.324635868e-05,3
267.4422926,39.00210223,-76.4997691,-5.324635215e-05,3
267.4925674,39.00210358,-76.4997691,-5.324635653e-05,3
267.5428434,39.00210494,-76.4997691,-5.324630356e-05,3
267.5930734,39.00210629,-76.4997691,-5.324631932e-05,3
267.6433591,39.00210764,-76.4997691,-5.324633331e-05,3
267.6936024,39.00210899,-76.4997691,-5.324632399e-05,3
267.7438644,39.00211034,-76.4997691,-5.324632984e-05,3
267.7941236,39.00211169,-76.4997691,-5.324628911e-05,3
267.8443719,39.00211304,-76.4997691,-5.324634775e-05,3
267.89462,39.00211439,-76.4997691,-5.324631276e-05,3
267.9448871,39.00211575,-76.4997691,-5.324630273e-05,3
267.9951938,39.0021171,-76.4997691,-5.324631719e-05,3
268.0454822,39.0021198,-76.4997691,-4.850392754e-05,3
268.0957409,39.00212115,-76.4997691,-4.850394643e-05,3
268.1459621,39.0021225,-76.4997691,-4.850393241e-05,3
268.1962203,39.00212385,-76.4997691,-4.850393459e-05,3
268.2464436,39.0021252,-76.4997691,-4.850390387e-05,3
268.2967032,39.00212656,-76.4997691,-4.850396328e-05,3
268.3469354,39.00212791,-76.4997691,-4.850394139e-05,3
268.3971962,39.00212926,-76.4997691,-4.850394028e-05,3
268.4474348,39.00213061,-76.4997691,-4.850390011e-05,3
268.4976895,39.00213196,-76.4997691,-4.850388455e-05,3
268.5479311,39.00213331,-76.49976911,-4.850395002e-05,3
268.5981441,39.00213466,-76.49976911,-4.850391794e-05,3
268.6483683,39.00213601,-76.49976911,-4.8503915e-05,3
268.6985816,39.00213737,-76.49976911,-4.416458508e-05,3
268.7488462,39.00213872,-76.49976911,-4.416457481e-05,3
268.7990888,39.00214007,-76.49976911,-4.416455715e-05,3
268.8493859,39.00214142,-76.49976911,-4.416457341e-05,3
268.8996617,39.00214277,-76.49976911,-4.41645864e-05,3
268.9499302,39.00214412,-76.49976911,-4.416452609e-05,3
269.0001802,39.00214547,-76.49976911,-4.416456996e-05,3
269.050419,39.00214682,-76.49976911,-4.416454278e-05,3
269.1006637,39.00214818,-76.49976911,-4.416459585e-05,3
269.1509162,39.00214952,-76.49976911,-4.416456331e-05,3
269.2012074,39.00215088,-76.49976911,-4.416456108e-05,3
269.2514896,39.00215223,-76.49976911,-4.416458031e-05,3
269.3017253,39.00215358,-76.49976911,-4.416453291e-05,3
269.3519861,39.00215493,-76.49976911,-4.022219002e-05,3
269.4022532,39.00215628,-76.49976911,-4.022220085e-05,3
269.4524948,39.00215763,-76.49976911,-4.022222105e-05,3
269.5027653,39.00215898,-76.49976911,-4.022218618e-05,3
269.5530298,39.00216033,-76.49976911,-4.022216426e-05,3
269.6033311,39.00216168,-76.49976911,-4.022221819e-05,3
269.6535858,39.00216304,-76.49976911,-4.022224275e-05,3
269.7038383,39.00216439,-76.49976911,-4.022217415e-05,3
269.7541292,39.00216574,-76.49976911,-4.022221692e-05,3
269.8043981,39.00216709,-76.49976911,-4.022223183e-05,3
269.8546625,39.00216844,-76.49976911,-4.022217453e-05,3
269.9049115,39.00216979,-76.49976911,-4.022219411e-05,3
269.9551893,39.00217114,-76.49976911,-4.022219024e-05,3
270.0054811,39.0021725,-76.49976911,-3.663979142e-05,3
270.055721,39.00217385,-76.49976911,-3.663977415e-05,3
270.1059785,39.0021752,-76.49976911,-3.663976186e-05,3
270.1562458,39.00217655,-76.49976911,-3.663978747e-05,3
270.2064976,39.0021779,-76.49976911,-3.663975013e-05,3
270.2567474,39.00217925,-76.49976911,-3.663979414e-05,3
270.3069915,39.0021806,-76.49976911,-3.663978972e-05,3
270.3572549,39.00218195,-76.49976911,-3.663978002e-05,3
270.4075055,39.0021833,-76.49976911,-3.66397433e-05,3
270.4577327,39.00218466,-76.49976911,-3.663979139e-05,3
270.5079579,39.00218601,-76.49976911,-3.663979814e-05,3
270.5582069,39.00218736,-76.49976911,-3.663975619e-05,3
270.6084264,39.00218871,-76.49976911,-3.663978058e-05,3
270.6586842,39.00219006,-76.49976911,-3.663979209e-05,3
270.7089512,39.00219141,-76.49976911,-3.33617955e-05,3
270.759207,39.00219276,-76.49976911,-3.336181484e-05,3
270.8094962,39.00219412,-76.49976911,-3.336181228e-05,3
270.8597538,39.00219547,-76.49976911,-3.336182384e-05,3
270.9100007,39.00219681,-76.49976911,-3.33618166e-05,3
270.9602611,39.00219817,-76.49976911,-3.336178077e-05,3
271.0105116,39.00219952,-76.49976911,-3.336178077e-05,3
271.060759,39.00220087,-76.49976911,-3.336179222e-05,3
271.1110567,39.00220222,-76.49976911,-3.336183683e-05,3
271.1613598,39.00220357,-76.49976911,-3.336183395e-05,3
271.2116229,39.00220492,-76.49976911,-3.336184173e-05,3
271.2618653,39.00220627,-76.49976911,-3.336176944e-05,3
271.3121622,39.00220763,-76.49976911,-3.336179077e-05,3
271.3624357,39.00220898,-76.49976911,-3.038372636e-05,3
271.4126762,39.00221033,-76.49976911,-3.038373764e-05,3
271.4629202,39.00221168,-76.49976911,-3.038374323e-05,3
271.513198,39.00221303,-76.49976911,-3.038373195e-05,3
271.5633924,39.00221438,-76.49976911,-3.038374664e-05,3
271.6135505,39.00221573,-76.49976911,-3.038375517e-05,3
271.6637076,39.00221708,-76.49976911,-3.038376061e-05,3
271.7138791,39.00221844,-76.49976911,-3.038376893e-05,3
271.764093,39.00221979,-76.49976911,-3.038374654e-05,3
271.8143533,39.00222114,-76.49976911,-3.038376023e-05,3
271.8645765,39.00222249,-76.49976911,-3.038372065e-05,3
271.9148258,39.00222384,-76.49976911,-3.03837606e-05,3
271.9650569,39.00222519,-76.49976911,-3.03837346e-05,3
272.0153332,39.00222654,-76.49976911,-2.767758502e-05,3
272.0655753,39.00222789,-76.49976911,-2.767761544e-05,3
272.1157921,39.00222924,-76.49976911,-2.767760985e-05,3
272.1660668,39.0022306,-76.49976911,-2.767760261e-05,3
272.2163286,39.00223195,-76.49976911,-2.767758926e-05,3
272.266588,39.0022333,-76.49976911,-2.767757286e-05,3
272.3168416,39.00223465,-76.49976911,-2.76776145e-05,3
272.3670767,39.002236,-76.49976911,-2.767757855e-05,3
272.4173528,39.00223735,-76.49976911,-2.767757449e-05,3
272.4675549,39.0022387,-76.49976911,-2.767760438e-05,3
272.5178042,39.00224005,-76.49976911,-2.767759161e-05,3
272.5680114,39.0022414,-76.49976911,-2.767758647e-05,3
272.6182237,39.00224275,-76.49976911,-2.767754706e-05,3
272.6684216,39.00224411,-76.49976911,-2.767758271e-05,3
272.7186502,39.00224546,-76.49976911,-2.520140633e-05,3
272.7688464,39.00224681,-76.49976911,-2.5201425e-05,3
272.8190876,39.00224816,-76.49976911,-2.520143531e-05,3
272.8693146,39.00224951,-76.49976911,-2.520143365e-05,3
272.9195034,39.00225086,-76.49976911,-2.520142366e-05,3
272.9696933,39.00225221,-76.49976911,-2.520143973e-05,3
273.0198695,39.00225357,-76.49976911,-2.520140556e-05,3
273.0700244,39.00225492,-76.49976911,-2.520140278e-05,3
273.1201691,39.00225627,-76.49976911,-2.520139821e-05,3
273.1703445,39.00225762,-76.49976911,-2.520140283e-05,3
273.2205405,39.00225897,-76.49976911,-2.520139989e-05,3
273.2707975,39.00226032,-76.49976911,-2.520142484e-05,3
273.3210619,39.00226167,-76.49976911,-2.520137496e-05,3
273.3713106,39.00226302,-76.49976911,-2.295184086e-05,3
273.4215427,39.00226437,-76.49976911,-2.295183949e-05,3
273.4717543,39.00226573,-76.49976911,-2.295183408e-05,3
273.5220137,39.00226708,-76.49976911,-2.295178799e-05,3
273.5722511,39.00226843,-76.49976911,-2.295181329e-05,3
273.6224589,39.00226978,-76.49976911,-2.295180417e-05,3
273.6726936,39.00227113,-76.49976911,-2.295179777e-05,3
273.72297,39.00227248,-76.49976911,-2.295180994e-05,3
273.7732347,39.00227383,-76.49976911,-2.295179341e-05,3
273.8234729,39.00227518,-76.49976911,-2.29518421e-05,3
273.8737143,39.00227653,-76.49976911,-2.295182976e-05,3
273.9239474,39.00227789,-76.49976911,-2.295182571e-05,3
273.974205,39.00227924,-76.49976911,-2.295178813e-05,3
274.0244435,39.00228059,-76.49976911,-2.090757315e-05,3
274.0746619,39.00228194,-76.49976911,-2.090756154e-05,3
274.1248688,39.00228329,-76.49976911,-2.09075686e-05,3
274.1750579,39.00228464,-76.49976911,-2.090755517e-05,3
274.2252538,39.00228599,-76.49976911,-2.090754223e-05,3
274.2754624,39.00228734,-76.49976911,-2.090758997e-05,3
274.3256986,39.00228869,-76.49976911,-2.090757812e-05,3
274.3759898,39.00229005,-76.49976911,-2.090755221e-05,3
274.4262141,39.0022914,-76.49976911,-2.09075476e-05,3
274.4764358,39.00229275,-76.49976911,-2.090753405e-05,3
274.5266676,39.0022941,-76.49976911,-2.090756759e-05,3
274.5768736,39.00229545,-76.49976911,-2.090752327e-05,3
274.6271231,39.0022968,-76.49976911,-2.09075796e-05,3
274.6773594,39.00229815,-76.49976911,-2.09075656e-05,3
274.7275756,39.0022995,-76.49976911,-1.903704146e-05,3
274.7778045,39.00230085,-76.49976911,-1.903704839e-05,3
274.8280282,39.00230221,-76.49976911,-1.903703849e-05,3
274.8782608,39.00230356,-76.49976911,-1.903708853e-05,3
274.928453,39.00230491,-76.49976911,-1.903704087e-05,3
274.9786773,39.00230626,-76.49976911,-1.903707037e-05,3
275.0288746,39.00230761,-76.49976911,-1.903707961e-05,3
275.0790721,39.00230896,-76.49976911,-1.903708953e-05,3
275.1293341,39.00231031,-76.49976911,-1.903708425e-05,3
275.1795663,39.00231167,-76.49976911,-1.903708329e-05,3
275.2297673,39.00231302,-76.49976911,-1.903707415e-05,3
275.2800174,39.00231437,-76.49976911,-1.903706243e-05,3
275.3303037,39.00231572,-76.49976911,-1.9037051e-05,3
275.3805475,39.00231707,-76.49976911,-1.733774156e-05,3
275.4307675,39.00231842,-76.49976911,-1.733773864e-05,3
275.4809821,39.00231977,-76.49976911,-1.733771476e-05,3
275.5311904,39.00232112,-76.49976911,-1.733770434e-05,3
275.5813823,39.00232247,-76.49976911,-1.733774625e-05,3
275.631626,39.00232382,-76.49976911,-1.733770478e-05,3
275.6818713,39.00232518,-76.49976911,-1.73377271e-05,3
275.7321748,39.00232653,-76.49976911,-1.733772607e-05,3
275.7823955,39.00232788,-76.49976911,-1.733770033e-05,3
275.8326707,39.00232923,-76.49976911,-1.733773643e-05,3
275.8829348,39.00233058,-76.49976911,-1.733772518e-05,3
275.9331628,39.00233193,-76.49976911,-1.733775315e-05,3
275.9834535,39.00233328,-76.49976911,-1.733769529e-05,3
276.0337112,39.00233464,-76.49976911,-1.579355436e-05,3
276.0839788,39.00233599,-76.49976911,-1.579350292e-05,3
276.1342327,39.00233734,-76.49976911,-1.579354039e-05,3
276.1844598,39.00233869,-76.49976911,-1.579352225e-05,3
276.2347401,39.00234004,-76.49976911,-1.579351075e-05,3
276.2849375,39.00234139,-76.49976911,-1.579350517e-05,3
276.3351952,39.00234274,-76.49976911,-1.579354648e-05,3
276.3854997,39.00234409,-76.49976911,-1.579351752e-05,3
276.4357659,39.00234544,-76.49976911,-1.579351365e-05,3
276.4860466,39.0023468,-76.49976911,-1.579355493e-05,3
276.5363535,39.00234815,-76.49976911,-1.579353881e-05,3
276.5866358,39.0023495,-76.49976911,-1.579351174e-05,3
276.6369124,39.00235085,-76.49976911,-1.579352847e-05,3
276.6871394,39.0023522,-76.49976911,-1.579349196e-05,3
276.7373684,39.00235355,-76.49976911,-1.438055849e-05,3
276.7875696,39.0023549,-76.49976911,-1.438058912e-05,3
276.8378424,39.00235625,-76.49976911,-1.438054052e-05,3
276.8880899,39.00235761,-76.49976911,-1.438054475e-05,3
276.938409,39.00235895,-76.49976911,-1.438054754e-05,3
276.9887093,39.00236031,-76.49976911,-1.438057489e-05,3
277.0389864,39.00236166,-76.49976911,-1.438053785e-05,3
277.0892438,39.00236301,-76.49976911,-1.43805598e-05,3
277.1395308,39.00236436,-76.49976911,-1.438053564e-05,3
277.1898137,39.00236571,-76.49976911,-1.438059292e-05,3
277.2400563,39.00236706,-76.49976911,-1.438056147e-05,3
277.2903544,39.00236841,-76.49976911,-1.438056217e-05,3
277.3406537,39.00236976,-76.49976911,-1.438056085e-05,3
277.3909165,39.00237112,-76.49976911,-1.309686422e-05,3
277.4411516,39.00237247,-76.49976911,-1.309688326e-05,3
277.4913619,39.00237382,-76.49976911,-1.309687748e-05,3
277.5416877,39.00237517,-76.49976911,-1.309687074e-05,3
277.5918948,39.00237652,-76.49976911,-1.309690318e-05,3
277.6421171,39.00237787,-76.49976911,-1.309687123e-05,3
277.6923349,39.00237922,-76.49976911,-1.309687123e-05,3
277.7425592,39.00238057,-76.49976911,-1.309690213e-05,3
277.7927861,39.00238192,-76.49976911,-1.309688972e-05,3
277.8430816,39.00238327,-76.49976911,-1.309686747e-05,3
277.8933868,39.00238463,-76.49976911,-1.309686429e-05,3
277.9437381,39.00238598,-76.49976911,-1.309688175e-05,3
277.9940147,39.00238733,-76.49976911,-1.309684808e-05,3
278.0442923,39.00238868,-76.49976911,-1.193037224e-05,3
278.0945543,39.00239003,-76.49976911,-1.193036091e-05,3
278.1448137,39.00239138,-76.49976911,-1.193037725e-05,3
278.1950771,39.00239273,-76.49976911,-1.193038501e-05,3
278.2453738,39.00239409,-76.49976911,-1.193037518e-05,3
278.2955853,39.00239679,-76.49976911,-1.193036446e-05,3
278.3458426,39.00239814,-76.49976911,-1.193037959e-05,3
278.3960491,39.00239949,-76.49976911,-1.193033763e-05,3
278.4463274,39.00240084,-76.49976911,-1.193038538e-05,3
278.4965915,39.00240219,-76.49976911,-1.19303715e-05,3
278.5468709,39.00240355,-76.49976911,-1.193034348e-05,3
278.597119,39.00240489,-76.49976911,-1.19304084e-05,3
278.6473399,39.00240624,-76.49976911,-1.193035314e-05,3
278.6975549,39.0024076,-76.49976911,-1.086303396e-05,3
278.747803,39.00240895,-76.49976911,-1.086302864e-05,3
278.7980227,39.0024103,-76.49976911,-1.086303121e-05,3
278.8482811,39.00241165,-76.49976911,-1.086300499e-05,3
278.8985014,39.002413,-76.49976911,-1.086304087e-05,3
278.9487319,39.00241435,-76.49976911,-1.086305003e-05,3
278.9989512,39.0024157,-76.49976911,-1.086299978e-05,3
279.0491507,39.00241706,-76.49976911,-1.086303759e-05,3
279.0993478,39.00241841,-76.49976911,-1.086304037e-05,3
279.1495508,39.00241976,-76.49976911,-1.086306272e-05,3
279.1997386,39.00242111,-76.49976911,-1.086303408e-05,3
279.2499721,39.00242246,-76.49976911,-1.08629958e-05,3
279.3002184,39.00242381,-76.49976911,-1.086299711e-05,3
279.3504326,39.00242516,-76.49976911,-9.893341156e-06,3
279.4006563,39.00242651,-76.49976911,-9.89332353e-06,3
279.4508858,39.00242786,-76.49976911,-9.893360737e-06,3
279.5011869,39.00242921,-76.49976911,-9.893305768e-06,3
279.5514294,39.00243057,-76.49976911,-9.893321485e-06,3
279.6016767,39.00243192,-76.49976911,-9.893320942e-06,3
279.6518842,39.00243327,-76.49976911,-9.89331596e-06,3
279.7021519,39.00243462,-76.49976911,-9.893310703e-06,3
279.7524621,39.00243597,-76.49976911,-9.893353187e-06,3
279.8027022,39.00243732,-76.49976911,-9.89337704e-06,3
279.8529463,39.00243867,-76.49976911,-9.893329497e-06,3
279.903191,39.00244002,-76.49976911,-9.893340728e-06,3
279.9534338,39.00244138,-76.49976911,-9.893333319e-06,3
280.0036724,39.00244273,-76.49976911,-9.012139587e-06,3
280.053892,39.00244408,-76.49976911,-9.012168202e-06,3
280.1041574,39.00244543,-76.49976911,-9.012125873e-06,3
280.1544249,39.00244678,-76.49976911,-9.012157211e-06,3
280.2046721,39.00244813,-76.49976911,-9.01213618e-06,3
280.2549445,39.00244948,-76.49976911,-9.012169437e-06,3
280.3051785,39.00245083,-76.49976911,-9.012160882e-06,3
280.3554186,39.00245219,-76.49976911,-9.012131516e-06,3
280.4056328,39.00245354,-76.49976911,-9.012141771e-06,3
280.4558692,39.00245489,-76.49976911,-9.012141704e-06,3
280.5061481,39.00245624,-76.49976911,-9.012139868e-06,3
280.5564017,39.00245759,-76.49976911,-9.01215538e-06,3
280.6066405,39.00245894,-76.49976911,-9.012138368e-06,3
280.6568551,39.00246029,-76.49976911,-9.012128508e-06,3
280.7071374,39.00246164,-76.49976911,-8.706688352e-06,3
280.7573802,39.002463,-76.49976911,-8.706665799e-06,3
280.8075948,39.00246434,-76.49976911,-8.706665079e-06,3
280.8578372,39.0024657,-76.49976911,-8.706699253e-06,3
280.9080968,39.00246705,-76.49976911,-8.706658306e-06,3
280.9583831,39.0024684,-76.49976911,-8.706694638e-06,3
281.0086014,39.00246975,-76.49976911,-8.706641177e-06,3
281.0588661,39.0024711,-76.49976911,-8.706671302e-06,3
281.1091628,39.00247245,-76.49976911,-8.70670166e-06,3
281.1594088,39.0024738,-76.49976911,-8.706651903e-06,3
281.2096266,39.00247515,-76.49976911,-8.706665981e-06,3
281.2598426,39.00247651,-76.49976911,-8.706682523e-06,3
281.3101232,39.00247786,-76.49976911,-8.706694361e-06,3
281.3604259,39.00247921,-76.49976911,-8.441735246e-06,3
281.4106773,39.00248056,-76.49976911,-8.441744306e-06,3
281.4608787,39.00248191,-76.49976911,-8.441749067e-06,3
281.5111262,39.00248326,-76.49976911,-8.441737688e-06,3
281.5614406,39.00248462,-76.49976911,-8.441724861e-06,3
281.6116482,39.00248596,-76.49976911,-8.441715978e-06,3
281.6618619,39.00248732,-76.49976911,-8.441730937e-06,3
281.7120727,39.00248867,-76.49976911,-8.441717477e-06,3
281.7623528,39.00249002,-76.49976911,-8.44175198e-06,3
281.8125544,39.00249137,-76.49976911,-8.441713235e-06,3
281.8627655,39.00249272,-76.49976911,-8.441739474e-06,3
281.9129682,39.00249407,-76.49976911,-8.441718353e-06,3
281.9631703,39.00249542,-76.49976911,-8.441766752e-06,3
282.0133859,39.00249677,-76.49976911,-8.16600953e-06,3
282.0635937,39.00249813,-76.49976911,-8.166008567e-06,3
282.113814,39.00249948,-76.49976911,-8.166017205e-06,3
282.1640172,39.00250083,-76.49976911,-8.165999587e-06,3
282.2142032,39.00250218,-76.49976911,-8.166027315e-06,3
282.2643905,39.00250353,-76.49976911,-8.166020382e-06,3
282.3146382,39.00250488,-76.49976911,-8.166025169e-06,3
282.3648425,39.00250623,-76.49976911,-8.165989435e-06,3
282.4150779,39.00250758,-76.49976911,-8.166011121e-06,3
282.4653,39.00250894,-76.49976911,-8.166007264e-06,3
282.515506,39.00251029,-76.49976911,-8.166018292e-06,3
282.5657081,39.00251164,-76.49976911,-8.165969182e-06,3
282.6159827,39.00251299,-76.49976911,-8.16596088e-06,3
282.6662208,39.00251434,-76.49976911,-8.165987634e-06,3
282.7164881,39.00251569,-76.49976911,-7.875539033e-06,3
282.7667502,39.00251704,-76.49976911,-7.875549057e-06,3
282.8170644,39.00251839,-76.49976911,-7.875508897e-06,3
282.8673532,39.00251974,-76.49976911,-7.875570991e-06,3
282.9176086,39.00252109,-76.49976911,-7.875512849e-06,3
282.9678672,39.00252244,-76.49976911,-7.875568497e-06,3
283.0182234,39.0025238,-76.49976911,-7.875481331e-06,3
283.0684834,39.00252515,-76.49976911,-7.875550693e-06,3
283.1187309,39.0025265,-76.49976911,-7.875591533e-06,3
283.1690138,39.00252785,-76.49976911,-7.875538767e-06,3
283.2193325,39.0025292,-76.49976911,-7.875548971e-06,3
283.2695959,39.00253055,-76.49976911,-7.8755621e-06,3
283.3198537,39.0025319,-76.49976911,-7.875526659e-06,3
283.3701558,39.00253326,-76.49976911,-7.571064996e-06,3
283.4204212,39.00253461,-76.49976911,-7.571015667e-06,3
283.4707024,39.00253596,-76.49976911,-7.571052566e-06,3
283.5209699,39.00253731,-76.49976911,-7.571057199e-06,3
283.5713859,39.00253866,-76.49976911,-7.571051139e-06,3
283.621678,39.00254001,-76.49976911,-7.571022383e-06,3
283.672008,39.00254136,-76.49976911,-7.571029935e-06,3
283.7223045,39.00254271,-76.49976911,-7.571070769e-06,3
283.7725842,39.00254406,-76.49976911,-7.571050934e-06,3
283.8228431,39.00254541,-76.49976911,-7.571049664e-06,3
283.8731455,39.00254677,-76.49976911,-7.571022703e-06,3
283.9234227,39.00254812,-76.49976911,-7.570994313e-06,3
283.9737038,39.00254947,-76.49976911,-7.570994313e-06,3
284.0239635,39.00255082,-76.49976911,-7.57102633e-06,3
284.0742336,39.00255217,-76.49976911,-7.246990608e-06,3
284.1244931,39.00255352,-76.49976911,-7.246970671e-06,3
284.1747595,39.00255488,-76.49976911,-7.246973914e-06,3
284.2250195,39.00255623,-76.49976911,-7.246991937e-06,3
284.2752601,39.00255758,-76.49976911,-7.247005917e-06,3
284.3256163,39.00255893,-76.49976911,-7.246985702e-06,3
284.3759275,39.00256028,-76.49976911,-7.247041503e-06,3
284.4261614,39.00256163,-76.49976911,-7.246993761e-06,3
284.4764094,39.00256298,-76.49976911,-7.24701291e-06,3
284.5266495,39.00256433,-76.49976911,-7.246958193e-06,3
284.5769209,39.00256568,-76.49976911,-7.247029016e-06,3
284.6271906,39.00256703,-76.49976911,-7.246940109e-06,3
284.6774678,39.00256839,-76.49976911,-7.24702546e-06,3
284.7277154,39.00256974,-76.49976911,-6.903773027e-06,3
284.7779868,39.00257109,-76.49976911,-6.903764746e-06,3
284.8282762,39.00257244,-76.49976911,-6.9038146e-06,3
284.8785258,39.00257379,-76.49976911,-6.9037628e-06,3
284.9288085,39.00257514,-76.49976911,-6.903800692e-06,3
284.9790778,39.00257649,-76.49976911,-6.903746104e-06,3
285.0294017,39.00257784,-76.49976911,-6.903714769e-06,3
285.0796595,39.00257919,-76.49976911,-6.903733297e-06,3
285.1299171,39.00258055,-76.49976911,-6.903774154e-06,3
285.1802002,39.0025819,-76.49976911,-6.903808762e-06,3
285.2304633,39.00258325,-76.49976911,-6.903728229e-06,3
285.2807821,39.0025846,-76.49976911,-6.903690949e-06,3
285.3310187,39.00258595,-76.49976911,-6.903731683e-06,3
285.3812894,39.0025873,-76.49976911,-5.978411748e-06,3
285.4315529,39.00258865,-76.49976911,-5.978457647e-06,3
285.4818639,39.00259,-76.49976911,-5.978394044e-06,3
285.5321443,39.00259136,-76.49976911,-5.978381655e-06,3
285.5824211,39.00259271,-76.49976911,-5.978388726e-06,3
285.6326931,39.00259406,-76.49976911,-5.978404579e-06,3
285.682947,39.00259541,-76.49976911,-5.978414474e-06,3
285.7332129,39.00259676,-76.49976911,-5.978406118e-06,3
285.7834335,39.00259811,-76.49976911,-5.978376459e-06,3
285.8336791,39.00259946,-76.49976911,-5.978404041e-06,3
285.8839131,39.00260081,-76.49976911,-5.978344584e-06,3
285.9341965,39.00260217,-76.49976911,-5.978370561e-06,3
285.9844325,39.00260352,-76.49976911,-5.978362969e-06,3
286.0346507,39.00260487,-76.49976911,-5.016366043e-06,3
286.0849186,39.00260622,-76.49976911,-5.016254139e-06,3
286.1351899,39.00260757,-76.49976911,-5.016346882e-06,3
286.1855147,39.00260892,-76.49976911,-5.016294079e-06,3
286.2357624,39.00261027,-76.49976911,-5.016324891e-06,3
286.2859689,39.00261162,-76.49976911,-5.01636482e-06,3
286.3362349,39.00261297,-76.49976911,-5.016331596e-06,3
286.3864716,39.00261433,-76.49976911,-5.016299744e-06,3
286.4368154,39.00261568,-76.49976911,-5.016324357e-06,3
286.4870254,39.00261703,-76.49976911,-5.016216604e-06,3
286.5373046,39.00261838,-76.49976911,-5.016353244e-06,3
286.5875283,39.00261973,-76.49976911,-5.016277002e-06,3
286.6378475,39.00262108,-76.49976911,-5.016257448e-06,3
286.688122,39.00262244,-76.49976911,-5.016268713e-06,3
286.7383957,39.00262378,-76.49976911,-4.202496455e-06,3
286.7886533,39.00262513,-76.49976911,-4.20245936e-06,3
286.8389601,39.00262649,-76.49976911,-4.202563422e-06,3
286.8892681,39.00262784,-76.49976911,-4.202499183e-06,3
286.9395532,39.00262919,-76.49976911,-4.202467978e-06,3
286.9898478,39.00263054,-76.49976911,-4.20248946e-06,3
287.0401732,39.00263189,-76.49976911,-4.202463659e-06,3
287.0904356,39.00263324,-76.49976911,-4.202468347e-06,3
287.1407255,39.00263459,-76.49976911,-4.202467706e-06,3
287.1910075,39.00263594,-76.49976911,-4.202513541e-06,3
287.2413151,39.0026373,-76.49976911,-4.20249552e-06,3
287.2916039,39.00263865,-76.49976911,-4.202560781e-06,3
287.3418671,39.00264,-76.49976911,-4.202381515e-06,3
287.3922069,39.00264135,-76.49976911,-3.523514099e-06,3
287.4424764,39.0026427,-76.49976911,-3.523432624e-06,3
287.4927593,39.00264405,-76.49976911,-3.523486452e-06,3
287.5429846,39.0026454,-76.49976911,-3.52340572e-06,3
287.5932415,39.00264675,-76.49976911,-3.523413979e-06,3
287.6434721,39.0026481,-76.49976911,-3.523458365e-06,3
287.6937397,39.00264945,-76.49976911,-3.523495084e-06,3
287.743957,39.00265081,-76.49976911,-3.523416133e-06,3
287.7942205,39.00265216,-76.49976911,-3.523479887e-06,3
287.8445009,39.00265351,-76.49976911,-3.523496776e-06,3
287.8947045,39.00265486,-76.49976911,-3.523393395e-06,3
287.9449963,39.00265621,-76.49976911,-3.523433845e-06,3
287.9952603,39.00265756,-76.49976911,-3.523393213e-06,3
288.0455333,39.00266026,-76.49976914,-0.01307596404,3
288.0957194,39.00266161,-76.49976918,-0.02616768354,3
288.1459422,39.00266296,-76.49976925,-0.03925956457,3
288.1961489,39.00266432,-76.49976934,-0.0523626475,3
288.2463385,39.00266566,-76.49976945,-0.06543723455,3
288.2965511,39.00266701,-76.49976959,-0.07854341144,3
288.3467425,39.00266835,-76.49976975,-0.09161790816,3
288.3969364,39.0026697,-76.49976993,-0.1047239238,3
288.4471391,39.00267104,-76.49977013,-0.1177910419,3
288.4973653,39.00267238,-76.49977036,-0.1309030711,3
288.5475623,39.00267372,-76.49977061,-0.1439873453,3
288.597772,39.00267505,-76.49977088,-0.1570921228,3
288.6479729,39.00267638,-76.49977117,-0.1701709518,3
288.6982203,39.00267771,-76.49977149,-0.1832668394,3
288.7484165,39.00267904,-76.49977182,-0.1963343788,3
288.7986908,39.00268036,-76.49977219,-0.2094421229,3
288.8489009,39.00268168,-76.49977257,-0.2225185543,3
288.8991879,39.00268299,-76.49977297,-0.2356292265,3
288.9494222,39.0026843,-76.4997734,-0.248695796,3
288.9996488,39.00268561,-76.49977385,-0.2617906071,3
289.0498522,39.00268691,-76.49977432,-0.2748795394,3
289.1000519,39.0026882,-76.49977481,-0.2879798546,3
289.1502625,39.00268949,-76.49977532,-0.3010678843,3
289.2005011,39.00269078,-76.49977586,-0.3141478532,3
289.2506867,39.00269206,-76.49977641,-0.3272490936,3
289.3008547,39.00269333,-76.49977699,-0.3403401036,3
289.3510104,39.0026946,-76.49977759,-0.3534125059,3
289.401162,39.00269586,-76.49977821,-0.366534263,3
289.4513186,39.00269711,-76.49977885,-0.3795968785,3
289.5014843,39.00269836,-76.49977952,-0.3927017233,3
289.5516587,39.00269961,-76.4997802,-0.4058091933,3
289.6018396,39.00270084,-76.4997809,-0.4188675464,3
289.6520752,39.00270206,-76.49978163,-0.4319530251,3
289.7022911,39.00270329,-76.49978237,-0.4450663651,3
289.7524955,39.0027045,-76.49978314,-0.458165572,3
289.8026947,39.0027057,-76.49978392,-0.4712212493,3
289.8528644,39.00270689,-76.49978473,-0.4843086287,3
289.9030669,39.00270808,-76.49978556,-0.4974051326,3
289.9533097,39.00270926,-76.49978641,-0.5105222613,3
290.0035004,39.00271043,-76.49978727,-0.5236018954,3
290.0537406,39.00271159,-76.49978815,-0.5366676582,3
290.1039639,39.00271275,-76.49978906,-0.5497652221,3
290.1542704,39.00271389,-76.49978998,-0.56286801,3
290.2044884,39.00271502,-76.49979093,-0.5759585862,3
290.2546818,39.00271614,-76.49979189,-0.5890295704,3
290.3048535,39.00271726,-76.49979287,-0.6021381883,3
290.3550644,39.00271836,-76.49979387,-0.615225847,3
290.4053004,39.00271946,-76.49979489,-0.6283247576,3
290.4555007,39.00272055,-76.49979591,-0.6285500786,3
290.50569,39.00272164,-76.49979692,-0.6285500786,3
290.5558779,39.00272273,-76.49979794,-0.6285500786,3
290.606063,39.00272383,-76.49979896,-0.6285500785,3
290.6562722,39.00272492,-76.49979998,-0.6285500785,3
290.7064894,39.00272602,-76.49980098,-0.6196598716,3
290.7567218,39.00272712,-76.49980199,-0.6196598716,3
290.8069481,39.00272822,-76.499803,-0.6196598716,3
290.857198,39.00272932,-76.499804,-0.6196598716,3
290.9074105,39.00273042,-76.49980501,-0.6196598716,3
290.957614,39.00273152,-76.49980601,-0.6196598716,3
291.0077916,39.00273262,-76.49980702,-0.6196598716,3
291.0579796,39.00273372,-76.49980802,-0.6196598716,3
291.1082586,39.00273482,-76.49980903,-0.6196598715,3
291.1585245,39.00273592,-76.49981004,-0.6196598716,3
291.2087824,39.00273702,-76.49981104,-0.6196598715,3
291.2590403,39.00273812,-76.49981205,-0.6196598715,3
291.3093362,39.00273923,-76.49981303,-0.6065817895,3
291.3596017,39.00274035,-76.49981401,-0.5984255227,3
291.40982,39.00274146,-76.49981498,-0.5984255228,3
291.4600724,39.00274258,-76.49981596,-0.5984255227,3
291.5103673,39.0027437,-76.49981694,-0.5984255227,3
291.5605769,39.00274481,-76.49981791,-0.5984255227,3
291.610762,39.00274593,-76.49981889,-0.5984255227,3
291.6609509,39.00274704,-76.49981986,-0.5984255227,3
291.7112081,39.00274816,-76.49982084,-0.5984255227,3
291.7614624,39.00274928,-76.49982181,-0.5984255227,3
291.8116679,39.0027504,-76.49982277,-0.585330243,3
291.8618958,39.00275154,-76.49982371,-0.5722494515,3
291.9121234,39.00275268,-76.49982464,-0.5667929625,3
291.9623534,39.00275382,-76.49982557,-0.5667929624,3
292.0125898,39.00275496,-76.4998265,-0.5667929625,3
292.0628264,39.0027561,-76.49982742,-0.5667929625,3
292.1130428,39.00275724,-76.49982836,-0.5667929625,3
292.1632771,39.00275838,-76.49982928,-0.5667929624,3
292.2135231,39.00275952,-76.49983021,-0.5667929624,3
292.2637828,39.00276066,-76.49983114,-0.5667929624,3
292.314035,39.0027618,-76.49983208,-0.5667929624,3
292.3643215,39.00276295,-76.49983298,-0.5537221827,3
292.4145324,39.00276411,-76.49983388,-0.5406127046,3
292.4647201,39.00276527,-76.49983475,-0.5275213552,3
292.5149119,39.00276644,-76.49983562,-0.5259771953,3
292.5650952,39.00276761,-76.49983649,-0.5259771954,3
292.6152828,39.00276878,-76.49983736,-0.5259771953,3
292.6654907,39.00276995,-76.49983823,-0.5259771953,3
292.7156777,39.00277112,-76.4998391,-0.5259771953,3
292.7659355,39.00277228,-76.49983996,-0.5259771953,3
292.816181,39.00277345,-76.49984083,-0.5259771953,3
292.8664207,39.00277463,-76.49984168,-0.5129127428,3
292.9166589,39.00277582,-76.49984251,-0.4997973655,3
292.9668623,39.00277701,-76.49984332,-0.4867291553,3
293.0171304,39.00277821,-76.49984412,-0.4774291378,3
293.0673417,39.00277941,-76.49984491,-0.4774291378,3
293.1175962,39.00278061,-76.49984571,-0.4774291378,3
293.1677832,39.00278181,-76.49984651,-0.4774291378,3
293.2180252,39.00278301,-76.4998473,-0.4774291378,3
293.2682611,39.00278421,-76.4998481,-0.4774291377,3
293.3185344,39.00278541,-76.49984889,-0.4774291377,3
293.3687789,39.00278661,-76.49984969,-0.4774291377,3
293.4189913,39.00278781,-76.49985049,-0.4774291377,3
293.4692012,39.00278902,-76.49985126,-0.4643648004,3
293.5194249,39.00279024,-76.49985202,-0.4512476433,3
293.5696342,39.00279146,-76.49985275,-0.4381876773,3
293.6198427,39.00279269,-76.49985346,-0.4250902223,3
293.6700925,39.00279392,-76.49985417,-0.421306425,3
293.7203036,39.00279515,-76.49985488,-0.421306425,3
293.7705014,39.00279639,-76.49985559,-0.4213064249,3
293.8207026,39.00279762,-76.4998563,-0.421306425,3
293.8709309,39.00279885,-76.499857,-0.421306425,3
293.9211637,39.00280009,-76.49985771,-0.4213064249,3
293.9713841,39.00280132,-76.49985842,-0.4213064249,3
294.0216009,39.00280255,-76.49985913,-0.421306425,3
294.0718196,39.00280379,-76.49985984,-0.4213064249,3
294.1220561,39.00280503,-76.49986053,-0.4081957833,3
294.1722891,39.00280628,-76.49986119,-0.3950962716,3
294.2225558,39.00280753,-76.49986184,-0.3820378695,3
294.2728065,39.00280879,-76.49986246,-0.3689475771,3
294.3230829,39.00281005,-76.49986307,-0.3577275426,3
294.3733525,39.00281132,-76.49986367,-0.3577275426,3
294.4235794,39.00281258,-76.49986428,-0.3577275426,3
294.4738073,39.00281385,-76.49986489,-0.3577275426,3
294.5240268,39.00281511,-76.49986549,-0.3577275425,3
294.5742529,39.00281638,-76.4998661,-0.3577275425,3
294.6244406,39.00281765,-76.49986671,-0.3577275426,3
294.6746371,39.00281891,-76.49986731,-0.3577275425,3
294.7248465,39.00282018,-76.49986792,-0.3577275425,3
294.7750536,39.00282144,-76.49986852,-0.3577275426,3
294.8252665,39.00282271,-76.49986913,-0.3577275425,3
294.8755125,39.00282397,-76.49986974,-0.3577275425,3
294.925757,39.00282524,-76.49987034,-0.3577275424,3
294.9760534,39.00282651,-76.49987093,-0.3446476139,3
295.0263266,39.00282779,-76.49987149,-0.3315698546,3
295.0766504,39.00282907,-76.49987203,-0.3184697258,3
295.1269183,39.00283036,-76.49987256,-0.3053763892,3
295.1771693,39.00283165,-76.49987305,-0.2923087309,3
295.2275346,39.00283295,-76.49987354,-0.2847760406,3
295.2777891,39.00283425,-76.49987403,-0.2847760405,3
295.3280644,39.00283554,-76.49987451,-0.2847760405,3
295.3783785,39.00283684,-76.499875,-0.2847760405,3
295.4286535,39.00283814,-76.49987549,-0.2847760405,3
295.4789601,39.00283943,-76.49987597,-0.2847760405,3
295.5292427,39.00284074,-76.49987646,-0.2847760406,3
295.5795139,39.00284203,-76.49987695,-0.2847760405,3
295.6297403,39.00284333,-76.49987743,-0.2847760405,3
295.6799676,39.00284462,-76.49987792,-0.2847760405,3
295.7302585,39.00284592,-76.49987841,-0.2847760404,3
295.7804667,39.00284722,-76.49987887,-0.2716978806,3
295.8307153,39.00284853,-76.49987931,-0.2586158592,3
295.8809745,39.00284984,-76.49987973,-0.2455016689,3
295.9312635,39.00285116,-76.49988013,-0.2323804477,3
295.9816186,39.00285247,-76.49988051,-0.219318276,3
296.0319519,39.0028538,-76.49988086,-0.2062339806,3
296.0822551,39.00285512,-76.49988121,-0.2026651259,3
296.1325072,39.00285644,-76.49988156,-0.2026651259,3
296.1827815,39.00285776,-76.49988191,-0.2026651259,3
296.233039,39.00285909,-76.49988226,-0.2026651259,3
296.2833509,39.00286041,-76.49988261,-0.2026651259,3
296.3336323,39.00286174,-76.49988296,-0.2026651259,3
296.3838547,39.00286306,-76.4998833,-0.2026651258,3
296.4340902,39.00286438,-76.49988365,-0.2026651258,3
296.4844,39.00286571,-76.499884,-0.2026651258,3
296.5346756,39.00286703,-76.49988433,-0.1895718641,3
296.5849107,39.00286836,-76.49988463,-0.1764863024,3
296.6351899,39.0028697,-76.49988491,-0.1633645036,3
296.6854371,39.00287103,-76.49988517,-0.1503079946,3
296.7357297,39.00287237,-76.49988541,-0.1372159563,3
296.7860081,39.00287371,-76.49988562,-0.1241270448,3
296.8363575,39.00287505,-76.49988582,-0.1116392302,3
296.8866662,39.0028764,-76.49988601,-0.1116392303,3
296.9369436,39.00287774,-76.4998862,-0.1116392302,3
296.9872333,39.00287908,-76.4998864,-0.1116392302,3
297.0376009,39.00288042,-76.49988659,-0.1116392303,3
297.0878622,39.00288177,-76.49988676,-0.09853049794,3
297.1380765,39.00288312,-76.49988691,-0.08545510088,3
297.1883205,39.00288446,-76.49988703,-0.07235059088,3
297.2385227,39.00288581,-76.49988713,-0.05926296671,3
297.288716,39.00288716,-76.49988721,-0.04618678216,3
297.3388701,39.00288851,-76.49988727,-0.03309234543,3
297.3891341,39.00288986,-76.49988731,-0.02001053663,3
297.4393899,39.00289121,-76.49988733,-0.01470563693,3
297.4896861,39.00289257,-76.49988736,-0.01470563696,3
297.5399772,39.00289392,-76.49988738,-0.01470563695,3
297.5902568,39.00289527,-76.49988739,-0.001636072269,3
297.6405245,39.00289662,-76.49988737,0.01145799218,3
297.6908255,39.00289797,-76.49988732,0.02453850166,3
297.7410961,39.00289932,-76.49988726,0.03764685987,3
297.791406,39.00290067,-76.49988717,0.05072464611,3
297.841677,39.00290202,-76.49988706,0.06382680358,3
297.8919192,39.00290336,-76.49988693,0.07689624469,3
297.942183,39.00290471,-76.49988678,0.08729848883,3
297.9924305,39.00290606,-76.49988662,0.08729848881,3
298.0427143,39.0029074,-76.49988647,0.0872984888,3
298.0929711,39.00290875,-76.4998863,0.1003828355,3
298.1432581,39.00291009,-76.4998861,0.1134720043,3
298.1935938,39.00291143,-76.49988589,0.1265599866,3
298.2438822,39.00291277,-76.49988564,0.1396485854,3
298.2941909,39.0029141,-76.49988538,0.1527418872,3
298.3444665,39.00291544,-76.4998851,0.1658147467,3
298.3947515,39.00291677,-76.49988479,0.1789230889,3
298.4450186,39.00291809,-76.49988446,0.1920106707,3
298.4953288,39.00291942,-76.49988412,0.1945100516,3
298.5456016,39.00292206,-76.49988339,0.2206745518,3
298.5958041,39.00292337,-76.49988298,0.2337681827,3
298.6460664,39.00292468,-76.49988256,0.2468544942,3
298.6962789,39.00292599,-76.49988212,0.2599425451,3
298.8023799,39.00292858,-76.49988114,0.2861163412,3
298.85261,39.00292987,-76.49988063,0.2992187736,3
298.9028146,39.00293116,-76.4998801,0.3123095472,3
298.9530054,39.00293244,-76.49987955,0.3253937512,3
299.0031876,39.00293371,-76.49987897,0.3384807546,3
299.0533977,39.00293498,-76.49987837,0.3515796943,3
299.103574,39.00293624,-76.49987776,0.3646666252,3
299.153775,39.0029375,-76.49987712,0.377756732,3
299.2039743,39.00293875,-76.49987646,0.3908485416,3
299.2542226,39.00293999,-76.49987578,0.4039389838,3
299.3044145,39.00294123,-76.49987508,0.417016448,3
299.3546582,39.00294246,-76.49987435,0.4301272787,3
299.4048606,39.00294368,-76.49987361,0.4432007617,3
299.4550867,39.00294489,-76.49987285,0.4563100346,3
299.5053079,39.00294609,-76.49987207,0.4693971472,3
299.5554932,39.00294729,-76.49987126,0.4824913766,3
299.6057286,39.00294848,-76.49987044,0.4955627056,3
299.6559275,39.00294966,-76.49986959,0.5086703333,3
299.7061563,39.00295083,-76.49986873,0.5217472169,3
299.7563611,39.00295199,-76.49986785,0.5348351068,3
299.8065883,39.00295315,-76.49986695,0.547920962,3
299.8568387,39.00295429,-76.49986603,0.5610268936,3
299.9070372,39.00295542,-76.49986509,0.5740988474,3
299.957288,39.00295655,-76.49986413,0.5871953283,3
300.007488,39.00295766,-76.49986315,0.6002859412,3
300.0577267,39.00295877,-76.49986215,0.6134013224,3
300.1079014,39.00295987,-76.49986114,0.6264777318,3
300.1581349,39.00296095,-76.4998601,0.6395709295,3
300.2083453,39.00296202,-76.49985905,0.6526665299,3
300.2585717,39.00296309,-76.49985798,0.6657645551,3
300.3088291,39.00296414,-76.4998569,0.6788201305,3
300.3590484,39.00296518,-76.49985579,0.691931546,3
300.4092588,39.0029662,-76.49985467,0.7049973654,3
300.4594389,39.00296722,-76.49985353,0.7181088013,3
300.5096308,39.00296823,-76.49985237,0.7311773216,3
300.5598219,39.00296922,-76.4998512,0.7442779541,3
300.6100077,39.0029702,-76.49985001,0.7573585079,3
300.6601874,39.00297118,-76.4998488,0.7704749185,3
300.7103769,39.00297213,-76.49984758,0.7835642164,3
300.7605625,39.00297308,-76.49984634,0.796658151,3
300.8107582,39.00297401,-76.49984509,0.8097185676,3
300.8609475,39.00297493,-76.49984382,0.8228256364,3
300.9111569,39.00297583,-76.49984254,0.8358999713,3
300.961351,39.00297673,-76.49984124,0.848998882,3
301.0115453,39.0029776,-76.49983992,0.8620778958,3
301.0617809,39.00297847,-76.49983859,0.8751782036,3
301.1120059,39.00297932,-76.49983725,0.888259426,3
301.1622387,39.00298016,-76.49983589,0.9013870482,3
301.2124243,39.00298099,-76.49983452,0.9144484916,3
301.2626173,39.0029818,-76.49983313,0.9275451562,3
301.3128036,39.00298259,-76.49983173,0.9406138046,3
301.3630222,39.00298337,-76.49983032,0.9537175609,3
301.4132554,39.00298414,-76.49982889,0.9668201865,3
301.4634013,39.0029849,-76.49982746,0.9799193154,3
301.5136201,39.00298563,-76.49982601,0.9930014222,3
301.5638143,39.00298636,-76.49982454,1.00608818,3
301.6140397,39.00298707,-76.49982307,1.019191077,3
301.6642574,39.00298776,-76.49982158,1.032272184,3
301.7144878,39.00298844,-76.49982008,1.045366016,3
301.7646984,39.0029891,-76.49981857,1.058452942,3
301.8149074,39.00298974,-76.49981705,1.071544535,3
301.8653583,39.00299038,-76.49981552,1.084615088,3
301.9155682,39.00299099,-76.49981398,1.097725633,3
301.9657894,39.00299159,-76.49981243,1.11081211,3
302.0160317,39.00299218,-76.49981087,1.123915184,3
302.0663006,39.00299274,-76.4998093,1.136993011,3
302.1165377,39.0029933,-76.49980772,1.150081227,3
302.1667953,39.00299383,-76.49980613,1.163159536,3
302.2170044,39.00299435,-76.49980453,1.17627425,3
302.2672286,39.00299485,-76.49980292,1.189358904,3
302.3174695,39.00299534,-76.4998013,1.202457562,3
302.3676765,39.00299581,-76.49979968,1.215532116,3
302.4178888,39.00299626,-76.49979805,1.228621445,3
302.4680785,39.0029967,-76.49979641,1.24169301,3
302.518296,39.00299712,-76.49979477,1.254799149,3
302.5684944,39.00299752,-76.49979311,1.267878466,3
302.6187252,39.00299791,-76.49979145,1.280978417,3
302.6689237,39.00299828,-76.49978979,1.294068086,3
302.7191606,39.00299863,-76.49978812,1.307161842,3
302.7694044,39.00299896,-76.49978644,1.320253022,3
302.8196115,39.00299928,-76.49978476,1.333340951,3
302.8698192,39.00299958,-76.49978307,1.346414709,3
302.9200557,39.00299987,-76.49978138,1.359505557,3
302.9703657,39.00300013,-76.49977968,1.372591717,3
303.0206058,39.00300038,-76.49977798,1.385688493,3
303.0708282,39.00300061,-76.49977627,1.398787479,3
303.1210238,39.00300083,-76.49977456,1.411880868,3
303.1712312,39.00300102,-76.49977284,1.424972293,3
303.2214865,39.0030012,-76.49977113,1.438069643,3
303.2717031,39.00300136,-76.49976941,1.451150598,3
303.3219237,39.00300151,-76.49976769,1.464248894,3
303.3721916,39.00300163,-76.49976596,1.477317343,3
303.422419,39.00300174,-76.49976424,1.490418128,3
303.4727244,39.00300183,-76.49976251,1.503490954,3
303.5229355,39.00300191,-76.49976078,1.516608772,3
303.573156,39.00300196,-76.49975905,1.529679458,3
303.623382,39.003002,-76.49975732,1.542786458,3
303.6735797,39.00300202,-76.49975559,1.555866388,3
303.7237907,39.00300202,-76.49975386,1.568948378,3
303.7740069,39.00300201,-76.49975213,1.582036605,3
303.8242207,39.00300197,-76.49975039,1.5951298,3
303.8744416,39.00300192,-76.49974866,1.608218237,3
303.9246633,39.00300185,-76.49974694,1.621304755,3
303.9748822,39.00300177,-76.49974521,1.634387537,3
304.0251679,39.00300166,-76.49974348,1.647499733,3
304.0754232,39.00300154,-76.49974175,1.660586937,3
304.1256771,39.0030014,-76.49974003,1.673680848,3
304.1759707,39.00300125,-76.49973831,1.686767725,3
304.2262194,39.00300107,-76.4997366,1.699842869,3
304.2764295,39.00300088,-76.49973488,1.712945498,3
304.3266436,39.00300067,-76.49973317,1.726026285,3
304.3768529,39.00300045,-76.49973146,1.739132473,3
304.4270799,39.0030002,-76.49972976,1.752237181,3
304.4773549,39.00299994,-76.49972806,1.765304583,3
304.5276459,39.00299966,-76.49972637,1.778380488,3
304.5778965,39.00299937,-76.49972468,1.791478817,3
304.6281843,39.00299906,-76.49972299,1.804587247,3
304.6783681,39.00299873,-76.49972131,1.817657344,3
304.7285866,39.00299838,-76.49971964,1.830760629,3
304.7787857,39.00299801,-76.49971797,1.843849933,3
304.8290594,39.00299763,-76.49971631,1.856920319,3
304.8793331,39.00299723,-76.49971466,1.870008604,3
304.9295666,39.00299682,-76.49971301,1.883098846,3
304.9797659,39.00299639,-76.49971137,1.896194009,3
305.0299807,39.00299594,-76.49970973,1.909297352,3
305.0802733,39.00299547,-76.49970811,1.922375693,3
305.1304498,39.00299499,-76.49970649,1.935483102,3
305.1806473,39.00299449,-76.49970488,1.948565386,3
305.2309318,39.00299398,-76.49970328,1.961639075,3
305.2812142,39.00299345,-76.49970169,1.974739327,3
305.3314265,39.0029929,-76.49970011,1.987824246,3
305.3816647,39.00299234,-76.49969853,2.000907886,3
305.4319572,39.00299176,-76.49969696,2.014027441,3
305.4822556,39.00299116,-76.49969541,2.027118939,3
305.5325039,39.00299055,-76.49969387,2.040197066,3
305.5827433,39.00298992,-76.49969233,2.053276111,3
305.6329854,39.00298928,-76.49969081,2.066367318,3
305.6832572,39.00298862,-76.4996893,2.07946873,3
305.7335691,39.00298795,-76.4996878,2.092564337,3
305.7837984,39.00298726,-76.49968631,2.105656443,3
305.8340299,39.00298656,-76.49968483,2.118738063,3
305.8842955,39.00298584,-76.49968336,2.131809185,3
305.9345746,39.0029851,-76.49968191,2.144925576,3
305.9848292,39.00298436,-76.49968047,2.157992696,3
306.035046,39.00298359,-76.49967904,2.171106419,3
306.0853521,39.00298281,-76.49967762,2.184179437,3
306.1356386,39.00298202,-76.49967622,2.197298215,3
306.1859204,39.00298122,-76.49967483,2.21037322,3
306.2361767,39.00298039,-76.49967345,2.22348089,3
306.2864507,39.00297956,-76.49967209,2.236533608,3
306.3366916,39.00297871,-76.49967075,2.24962434,3
306.3869394,39.00297785,-76.49966941,2.262712181,3
306.4371484,39.00297698,-76.49966809,2.275802099,3
306.4873723,39.00297609,-76.49966679,2.288891263,3
306.5376009,39.00297518,-76.4996655,2.301982857,3
306.5878445,39.00297427,-76.49966423,2.315070765,3
306.6380757,39.00297334,-76.49966297,2.328161859,3
306.6883371,39.0029724,-76.49966173,2.34125647,3
306.738585,39.00297145,-76.4996605,2.354347061,3
306.7888465,39.00297048,-76.49965929,2.367452633,3
306.8390905,39.0029695,-76.49965809,2.380542162,3
306.8893152,39.00296851,-76.49965692,2.393609379,3
306.9395344,39.00296751,-76.49965576,2.406701075,3
306.9897566,39.00296649,-76.49965461,2.419790226,3
307.0400178,39.00296547,-76.49965348,2.432881829,3
307.0902566,39.00296443,-76.49965237,2.445972758,3
307.1405686,39.00296338,-76.49965128,2.459062617,3
307.190846,39.00296232,-76.49965021,2.472164128,3
307.2411374,39.00296125,-76.49964915,2.485257451,3
307.2914196,39.00296017,-76.49964811,2.498344605,3
307.3416851,39.00295908,-76.49964709,2.511445439,3
307.3919249,39.00295798,-76.49964609,2.524536041,3
307.4421616,39.00295686,-76.4996451,2.53761919,3
307.492376,39.00295574,-76.49964414,2.550708984,3
307.5425757,39.00295461,-76.49964319,2.563799726,3
307.592773,39.00295347,-76.49964227,2.576878007,3
307.6429859,39.00295232,-76.49964136,2.589986683,3
307.693177,39.00295116,-76.49964047,2.60306561,3
307.7434301,39.00294999,-76.4996396,2.616159276,3
307.7936683,39.00294881,-76.49963875,2.629250839,3
307.8438848,39.00294763,-76.49963793,2.642338595,3
307.89413,39.00294643,-76.49963712,2.655425598,3
307.9443371,39.00294523,-76.49963633,2.668500046,3
307.9945473,39.00294402,-76.49963556,2.681599332,3
308.0447401,39.0029428,-76.49963481,2.694684068,3
308.0949349,39.00294157,-76.49963408,2.70778622,3
308.1451813,39.00294034,-76.49963338,2.720857677,3
308.1954227,39.00293785,-76.49963202,2.747059359,3
308.2456134,39.0029366,-76.49963138,2.76013373,3
308.2957718,39.00293534,-76.49963076,2.773240251,3
308.3459596,39.00293407,-76.49963015,2.786328648,3
308.3961691,39.0029328,-76.49962957,2.79942721,3
308.4464168,39.00293152,-76.49962901,2.812505669,3
308.4966115,39.00293023,-76.49962847,2.825600418,3
308.5468309,39.00292895,-76.49962796,2.83868754,3
308.5970299,39.00292765,-76.49962746,2.851780032,3
308.6472418,39.00292635,-76.49962699,2.864871492,3
308.6974909,39.00292505,-76.49962654,2.877968773,3
308.7477307,39.00292374,-76.49962611,2.891053965,3
308.7979155,39.00292243,-76.4996257,2.904126793,3
308.8481629,39.00292111,-76.49962532,2.917216995,3
308.8983555,39.00291979,-76.49962495,2.930307061,3
308.9485717,39.00291846,-76.49962461,2.943396433,3
308.9988167,39.00291713,-76.49962429,2.956511851,3
309.0490404,39.0029158,-76.499624,2.969578583,3
309.0992548,39.00291447,-76.49962372,2.982660864,3
309.1495144,39.00291313,-76.49962347,2.995757002,3
309.1997674,39.00291179,-76.49962324,3.008876775,3
309.250029,39.00291045,-76.49962304,3.021956207,3
309.3002971,39.00290911,-76.49962285,3.035020771,3
309.3505346,39.00290776,-76.49962269,3.048116564,3
309.4007847,39.00290642,-76.49962255,3.061205371,3
309.4510197,39.00290507,-76.49962243,3.074309318,3
309.5012602,39.00290372,-76.49962234,3.087410616,3
309.5515421,39.00290236,-76.49962227,3.100506155,3
309.6017902,39.00290102,-76.49962222,3.113588006,3
309.652002,39.00289967,-76.4996222,3.126657258,3
309.7022741,39.00289831,-76.49962219,3.139761241,3
309.7525436,39.00289696,-76.49962221,-3.130331235,3
309.8027469,39.00289561,-76.49962225,-3.11723452,3
309.8530001,39.00289426,-76.49962232,-3.104155491,3
309.9031666,39.00289291,-76.49962241,-3.091085439,3
309.9534059,39.00289157,-76.49962252,-3.077987323,3
310.0035872,39.00289022,-76.49962265,-3.064904886,3
310.0538047,39.00288887,-76.4996228,-3.051796905,3
310.1039773,39.00288753,-76.49962298,-3.038701973,3
310.1542239,39.00288619,-76.49962318,-3.025618951,3
310.2044407,39.00288485,-76.49962341,-3.012546746,3
310.2546709,39.00288351,-76.49962365,-2.999432307,3
310.3048977,39.00288217,-76.49962392,-2.986360459,3
310.3551585,39.00288084,-76.4996242,-2.977548493,3
310.4053678,39.00287951,-76.49962448,-2.977548493,3
310.4556188,39.00287817,-76.49962477,-2.977548493,3
310.5058255,39.00287684,-76.49962504,-2.983701925,3
310.5560396,39.00287551,-76.49962531,-2.983701925,3
310.6062373,39.00287417,-76.49962558,-2.983701925,3
310.6564616,39.00287284,-76.49962586,-2.983701925,3
310.7066885,39.0028715,-76.49962613,-2.983701925,3
310.7569302,39.00287017,-76.4996264,-2.983701925,3
310.8072065,39.00286883,-76.49962667,-2.983701925,3
310.8575428,39.0028675,-76.49962694,-2.983701925,3
310.9077982,39.00286616,-76.49962722,-2.983701925,3
310.9580704,39.00286483,-76.49962749,-2.983701925,3
311.0083141,39.0028635,-76.49962776,-2.983701925,3
311.0585485,39.00286216,-76.49962803,-2.983701925,3
311.1087661,39.00286083,-76.4996283,-2.99011252,3
311.1590358,39.00285949,-76.49962856,-2.99011252,3
311.2093027,39.00285815,-76.49962882,-2.99011252,3
311.2595826,39.00285682,-76.49962908,-2.99011252,3
311.3098058,39.00285548,-76.49962934,-2.99011252,3
311.3600196,39.00285415,-76.4996296,-2.99011252,3
311.4103045,39.00285281,-76.49962986,-2.99011252,3
311.4605832,39.00285148,-76.49963012,-2.99011252,3
311.5109929,39.00285014,-76.49963039,-2.99011252,3
311.5612919,39.0028488,-76.49963065,-2.99011252,3
311.6115615,39.00284747,-76.49963091,-2.99011252,3
311.6618184,39.00284613,-76.49963117,-2.99011252,3
311.7120667,39.0028448,-76.49963142,-2.996814258,3
311.7623518,39.00284346,-76.49963167,-2.996814258,3
311.8126169,39.00284212,-76.49963192,-2.996814258,3
311.8628772,39.00284079,-76.49963217,-2.996814258,3
311.9131245,39.00283945,-76.49963242,-2.996814258,3
311.9633339,39.00283811,-76.49963267,-2.996814258,3
312.0135463,39.00283677,-76.49963292,-2.996814258,3
312.0637398,39.00283544,-76.49963317,-2.996814258,3
312.1139941,39.0028341,-76.49963342,-2.996814258,3
312.1642168,39.00283276,-76.49963367,-2.996814258,3
312.2144798,39.00283143,-76.49963392,-2.996814258,3
312.2647723,39.00283009,-76.49963417,-2.996814258,3
312.3150311,39.00282875,-76.4996344,-3.005333123,3
312.3653172,39.00282741,-76.49963464,-3.005333123,3
312.4155878,39.00282607,-76.49963487,-3.005333123,3
312.4658451,39.00282473,-76.49963511,-3.005333123,3
312.5161386,39.0028234,-76.49963534,-3.005333123,3
312.566368,39.00282206,-76.49963558,-3.005333123,3
312.6165844,39.00282072,-76.49963581,-3.005333123,3
312.6667847,39.00281938,-76.49963605,-3.005333123,3
312.7169973,39.00281804,-76.49963629,-3.005333123,3
312.7672329,39.0028167,-76.49963652,-3.005333123,3
312.8175545,39.00281536,-76.49963676,-3.005333123,3
312.8677543,39.00281403,-76.49963699,-3.005333123,3
312.917965,39.00281269,-76.49963723,-3.005333123,3
312.9681994,39.00281135,-76.49963744,-3.018432416,3
313.0183948,39.00281,-76.49963764,-3.027223958,3
313.068576,39.00280866,-76.49963783,-3.027223958,3
313.1188246,39.00280732,-76.49963803,-3.027223958,3
313.1690802,39.00280598,-76.49963823,-3.027223958,3
313.2193616,39.00280463,-76.49963843,-3.027223958,3
313.2695477,39.00280329,-76.49963862,-3.027223958,3
313.3197462,39.00280195,-76.49963882,-3.027223958,3
313.3699226,39.00280061,-76.49963902,-3.027223958,3
313.4200943,39.00279926,-76.49963922,-3.027223958,3
313.4703059,39.00279792,-76.49963941,-3.027223958,3
313.5205089,39.00279658,-76.49963961,-3.027223958,3
313.5707568,39.00279524,-76.49963981,-3.027223958,3
313.6209672,39.00279389,-76.49963999,-3.040325678,3
313.671209,39.00279255,-76.49964015,-3.045531104,3
313.7214558,39.0027912,-76.49964032,-3.045531104,3
313.7716471,39.00278986,-76.49964048,-3.045531104,3
313.82185,39.00278851,-76.49964065,-3.045531104,3
313.8720444,39.00278717,-76.49964082,-3.045531104,3
313.9222674,39.00278582,-76.49964098,-3.045531104,3
313.9724596,39.00278448,-76.49964115,-3.045531104,3
314.022671,39.00278313,-76.49964131,-3.045531104,3
314.0728793,39.00278179,-76.49964148,-3.045531104,3
314.1230789,39.00278044,-76.49964165,-3.045531104,3
314.173309,39.0027791,-76.49964181,-3.045531104,3
314.2235063,39.00277776,-76.49964198,-3.045531104,3
314.2737312,39.00277641,-76.49964214,-3.045531104,3
314.3239558,39.00277506,-76.49964229,-3.058631727,3
314.3741916,39.00277372,-76.49964243,-3.061026998,3
314.4244324,39.00277237,-76.49964257,-3.061026998,3
314.4746423,39.00277102,-76.49964271,-3.061026998,3
314.5248383,39.00276968,-76.49964285,-3.061026998,3
314.5750256,39.00276833,-76.49964298,-3.061026998,3
314.6252447,39.00276698,-76.49964312,-3.061026998,3
314.6754679,39.00276564,-76.49964326,-3.061026998,3
314.7257312,39.00276429,-76.4996434,-3.061026998,3
314.7759256,39.00276294,-76.49964354,-3.061026998,3
314.8261376,39.0027616,-76.49964368,-3.061026998,3
314.8763486,39.00276025,-76.49964382,-3.061026998,3
314.9265825,39.0027589,-76.49964396,-3.061026998,3
314.9767844,39.00275755,-76.49964408,-3.073958343,3
315.0270466,39.00275621,-76.49964419,-3.073958343,3
315.0773296,39.00275486,-76.49964431,-3.073958343,3
315.1275242,39.00275351,-76.49964443,-3.073958343,3
315.177722,39.00275216,-76.49964455,-3.073958343,3
315.2279236,39.00275081,-76.49964466,-3.073958343,3
315.2782019,39.00274946,-76.49964478,-3.073958343,3
315.3284643,39.00274812,-76.4996449,-3.073958343,3
315.3786628,39.00274677,-76.49964501,-3.073958343,3
315.4288737,39.00274542,-76.49964513,-3.073958343,3
315.4790875,39.00274407,-76.49964523,-3.087036112,3
315.5292993,39.00274272,-76.4996453,-3.100148956,3
315.579516,39.00274137,-76.49964535,-3.113221288,3
315.6297215,39.00274002,-76.49964539,-3.113668569,3
315.6798955,39.00273867,-76.49964544,-3.113668569,3
315.7301414,39.00273732,-76.49964549,-3.113668569,3
315.7803385,39.00273597,-76.49964554,-3.113668569,3
315.8305311,39.00273462,-76.49964559,-3.113668569,3
315.8807363,39.00273327,-76.49964564,-3.113668569,3
315.9309725,39.00273192,-76.49964568,-3.113668569,3
315.9811867,39.00273057,-76.49964573,-3.113668569,3
316.0314483,39.00272921,-76.49964578,-3.113668569,3
316.0816945,39.00272787,-76.49964583,-3.113668569,3
316.131902,39.00272651,-76.49964588,-3.113668569,3
316.1821279,39.00272516,-76.49964593,-3.113668569,3
316.2323221,39.00272381,-76.49964597,-3.113668569,3
316.2825167,39.00272246,-76.49964602,-3.113668569,3
316.3327126,39.00272111,-76.49964607,-3.113668569,3
316.382908,39.00271976,-76.49964612,-3.113668569,3
316.4331348,39.00271841,-76.49964617,-3.113668569,3
316.4833413,39.00271706,-76.49964622,-3.113668569,3
316.5335385,39.00271571,-76.49964626,-3.113668569,3
316.5838352,39.00271436,-76.49964631,-3.113668569,3
316.6340737,39.00271301,-76.49964636,-3.113668569,3
316.6842917,39.00271166,-76.49964641,-3.113668569,3
316.7344865,39.00271031,-76.49964646,-3.113668569,3
316.7846831,39.00270896,-76.49964651,-3.113668569,3
316.8349213,39.0027076,-76.49964656,-3.113668569,3
316.8851368,39.00270626,-76.4996466,-3.113668569,3
316.9353498,39.00270491,-76.49964665,-3.113668569,3
316.9855519,39.00270355,-76.4996467,-3.113668569,3
317.0357708,39.0027022,-76.49964675,-3.113668569,3
317.085997,39.00270085,-76.4996468,-3.113668569,3
317.1362142,39.0026995,-76.49964685,-3.113668569,3
317.1864474,39.00269815,-76.49964689,-3.113668569,3
317.2366499,39.0026968,-76.49964694,-3.113668569,3
317.2868712,39.00269545,-76.49964699,-3.113668569,3
317.3370935,39.0026941,-76.49964704,-3.113668569,3
317.3873742,39.00269275,-76.49964709,-3.113668569,3
317.4376183,39.0026914,-76.49964713,-3.116158117,3
317.4878331,39.00269005,-76.49964717,-3.116158117,3
317.5380604,39.0026887,-76.49964722,-3.116158117,3
317.5883311,39.00268735,-76.49964726,-3.116158117,3
317.6385618,39.00268599,-76.49964731,-3.116158117,3
317.6887651,39.00268465,-76.49964735,-3.116158117,3
317.7390017,39.00268329,-76.4996474,-3.116158117,3
317.7892407,39.00268194,-76.49964744,-3.116158117,3
317.839419,39.00268059,-76.49964748,-3.116158117,3
317.889619,39.00267924,-76.49964753,-3.116158117,3
317.9398433,39.00267789,-76.49964757,-3.116158117,3
317.9900546,39.00267654,-76.49964762,-3.116158117,3
318.0403099,39.00267519,-76.49964766,-3.116158117,3
318.0905517,39.00267384,-76.4996477,-3.118420796,3
318.140818,39.00267249,-76.49964774,-3.118420796,3
318.1910714,39.00267114,-76.49964778,-3.118420796,3
318.2413295,39.00266979,-76.49964782,-3.118420796,3
318.2915354,39.00266844,-76.49964786,-3.118420796,3
318.3417587,39.00266709,-76.4996479,-3.118420796,3
318.3919638,39.00266573,-76.49964794,-3.118420796,3
318.4421713,39.00266438,-76.49964798,-3.118420796,3
318.4923812,39.00266303,-76.49964802,-3.118420796,3
318.5426257,39.00266168,-76.49964806,-3.118420796,3
318.5928936,39.00266033,-76.4996481,-3.118420796,3
318.6431334,39.00265898,-76.49964814,-3.118420796,3
318.6933373,39.00265763,-76.49964818,-3.118420796,3
318.7435884,39.00265628,-76.49964822,-3.118420796,3
318.7938117,39.00265493,-76.49964826,-3.120491458,3
318.8440245,39.00265358,-76.49964829,-3.120491458,3
318.8942742,39.00265223,-76.49964833,-3.120491458,3
318.9445198,39.00265088,-76.49964837,-3.120491458,3
318.9948285,39.00264953,-76.4996484,-3.120491458,3
319.0451403,39.00264817,-76.49964844,-3.120491458,3
319.095354,39.00264682,-76.49964848,-3.120491458,3
319.1456017,39.00264412,-76.49964855,-3.120491458,3
319.1958441,39.00264277,-76.49964859,-3.120491458,3
319.2460319,39.00264142,-76.49964862,-3.120491458,3
319.2962788,39.00264007,-76.49964866,-3.120491458,3
319.3464661,39.00263872,-76.4996487,-3.120491458,3
319.3966522,39.00263737,-76.49964873,-3.122372951,3
319.4469221,39.00263602,-76.49964876,-3.122372951,3
319.4971539,39.00263466,-76.4996488,-3.122372951,3
319.547523,39.00263331,-76.49964883,-3.122372951,3
319.597719,39.00263196,-76.49964886,-3.122372951,3
319.6479446,39.00263061,-76.4996489,-3.122372951,3
319.6981499,39.00262926,-76.49964893,-3.122372951,3
319.7484054,39.00262791,-76.49964896,-3.122372951,3
319.7986641,39.00262656,-76.499649,-3.122372951,3
319.8489224,39.00262521,-76.49964903,-3.122372951,3
319.8991977,39.00262386,-76.49964906,-3.122372951,3
319.9494759,39.00262251,-76.4996491,-3.122372951,3
319.9996906,39.00262115,-76.49964913,-3.122372951,3
320.0498928,39.0026198,-76.49964916,-3.124082927,3
320.1001489,39.00261845,-76.49964919,-3.124082927,3
320.1503529,39.0026171,-76.49964922,-3.124082927,3
320.2005403,39.00261575,-76.49964925,-3.124082927,3
320.2507143,39.0026144,-76.49964928,-3.124082927,3
320.3009247,39.00261305,-76.49964931,-3.124082927,3
320.3511376,39.0026117,-76.49964934,-3.124082927,3
320.4013268,39.00261035,-76.49964937,-3.124082927,3
320.4514936,39.002609,-76.4996494,-3.124082927,3
320.5016993,39.00260765,-76.49964943,-3.124082927,3
320.551946,39.0026063,-76.49964946,-3.124082927,3
320.6022131,39.00260494,-76.49964949,-3.124082927,3
320.6524599,39.00260359,-76.49964952,-3.124082927,3
320.702689,39.00260224,-76.49964955,-3.124082927,3
320.7529384,39.00260089,-76.49964958,-3.125647749,3
320.8031609,39.00259954,-76.49964961,-3.125647749,3
320.853388,39.00259819,-76.49964964,-3.125647749,3
320.903653,39.00259684,-76.49964966,-3.125647749,3
320.9539052,39.00259549,-76.49964969,-3.125647749,3
321.0041862,39.00259414,-76.49964972,-3.125647749,3
321.0544085,39.00259278,-76.49964975,-3.125647749,3
321.1046333,39.00259143,-76.49964977,-3.125647749,3
321.1549234,39.00259008,-76.4996498,-3.125647749,3
321.2051622,39.00258873,-76.49964983,-3.125647749,3
321.2553911,39.00258738,-76.49964986,-3.125647749,3
321.305618,39.00258603,-76.49964989,-3.125647749,3
321.3558578,39.00258468,-76.49964991,-3.125647749,3
321.4060717,39.00258333,-76.49964994,-3.127069591,3
321.4563625,39.00258198,-76.49964996,-3.127069591,3
321.506643,39.00258062,-76.49964999,-3.127069591,3
321.556933,39.00257928,-76.49965001,-3.127069591,3
321.607176,39.00257792,-76.49965004,-3.127069591,3
321.6573905,39.00257657,-76.49965006,-3.127069591,3
321.7076087,39.00257522,-76.49965009,-3.127069591,3
321.7578019,39.00257387,-76.49965011,-3.127069591,3
321.8079947,39.00257252,-76.49965014,-3.127069591,3
321.8582077,39.00257117,-76.49965016,-3.127069591,3
321.908455,39.00256982,-76.49965019,-3.127069591,3
321.9586786,39.00256847,-76.49965021,-3.127069591,3
322.0089209,39.00256711,-76.49965024,-3.127069591,3
322.0591927,39.00256576,-76.49965026,-3.128361783,3
322.1094822,39.00256441,-76.49965029,-3.128361783,3
322.1596909,39.00256306,-76.49965031,-3.128361783,3
322.2099318,39.00256171,-76.49965033,-3.128361783,3
322.2601414,39.00256036,-76.49965035,-3.128361783,3
322.3104169,39.00255901,-76.49965038,-3.128361783,3
322.3606961,39.00255766,-76.4996504,-3.128361783,3
322.4109365,39.00255631,-76.49965042,-3.128361783,3
322.4611649,39.00255496,-76.49965045,-3.128361783,3
322.5113835,39.0025536,-76.49965047,-3.128361783,3
322.5615988,39.00255225,-76.49965049,-3.128361783,3
322.6118556,39.0025509,-76.49965051,-3.128361783,3
322.6620846,39.00254955,-76.49965054,-3.128361783,3
322.7123637,39.0025482,-76.49965056,-3.128361783,3
322.7626058,39.00254685,-76.49965058,-3.12954427,3
322.8129125,39.0025455,-76.4996506,-3.12954427,3
322.8631383,39.00254415,-76.49965062,-3.12954427,3
322.9133751,39.0025428,-76.49965064,-3.12954427,3
322.9637146,39.00254144,-76.49965066,-3.12954427,3
323.0139877,39.00254009,-76.49965069,-3.12954427,3
323.0643386,39.00253874,-76.49965071,-3.12954427,3
323.1145714,39.00253739,-76.49965073,-3.12954427,3
323.1648797,39.00253604,-76.49965075,-3.12954427,3
323.2152108,39.00253469,-76.49965077,-3.12954427,3
323.2655453,39.00253334,-76.49965079,-3.12954427,3
323.3158494,39.00253199,-76.49965081,-3.12954427,3
323.3661664,39.00253064,-76.49965083,-3.12954427,3
323.4164455,39.00252928,-76.49965085,-3.130618694,3
323.4667206,39.00252793,-76.49965087,-3.130618694,3
323.5170186,39.00252658,-76.49965089,-3.130618694,3
323.5673342,39.00252523,-76.49965091,-3.130618694,3
323.6176039,39.00252388,-76.49965093,-3.130618694,3
323.667905,39.00252253,-76.49965095,-3.130618694,3
323.7181879,39.00252118,-76.49965096,-3.130618694,3
323.7684047,39.00251983,-76.49965098,-3.130618694,3
323.8186511,39.00251848,-76.499651,-3.130618694,3
323.8689197,39.00251713,-76.49965102,-3.130618694,3
323.9191681,39.00251577,-76.49965104,-3.130618694,3
323.9693748,39.00251442,-76.49965106,-3.130618694,3
324.0195858,39.00251307,-76.49965108,-3.130618694,3
324.0697908,39.00251172,-76.4996511,-3.131595145,3
324.1200233,39.00251037,-76.49965111,-3.131595145,3
324.1702545,39.00250902,-76.49965113,-3.131595145,3
324.2204811,39.00250767,-76.49965115,-3.131595145,3
324.2707219,39.00250632,-76.49965117,-3.131595145,3
324.3209764,39.00250496,-76.49965118,-3.131595145,3
324.371431,39.00250362,-76.4996512,-3.131595145,3
324.4217429,39.00250226,-76.49965122,-3.131595145,3
324.4719748,39.00250091,-76.49965123,-3.131595145,3
324.5222542,39.00249956,-76.49965125,-3.131595145,3
324.572496,39.00249821,-76.49965127,-3.131595145,3
324.622705,39.00249686,-76.49965129,-3.131595145,3
324.6729948,39.00249551,-76.4996513,-3.131595145,3
324.7233187,39.00249416,-76.49965132,-3.131595145,3
324.7735827,39.00249281,-76.49965134,-3.132488686,3
324.8238351,39.00249145,-76.49965135,-3.132488686,3
324.8740407,39.0024901,-76.49965137,-3.132488686,3
324.9243007,39.00248875,-76.49965138,-3.132488686,3
324.974556,39.0024874,-76.4996514,-3.132488686,3
325.0248452,39.00248605,-76.49965142,-3.132488686,3
325.0751268,39.0024847,-76.49965143,-3.132488686,3
325.1254204,39.00248335,-76.49965145,-3.132488686,3
325.1756946,39.002482,-76.49965146,-3.132488686,3
325.2259622,39.00248065,-76.49965148,-3.132488686,3
325.2762329,39.00247929,-76.49965149,-3.132488686,3
325.3265341,39.00247794,-76.49965151,-3.132488686,3
325.3768143,39.00247659,-76.49965153,-3.132488686,3
325.4270499,39.00247524,-76.49965154,-3.133300556,3
325.4773592,39.00247389,-76.49965156,-3.133300556,3
325.5276112,39.00247254,-76.49965157,-3.133300556,3
325.5778778,39.00247119,-76.49965158,-3.133300556,3
325.6282021,39.00246984,-76.4996516,-3.133300556,3
325.6784171,39.00246849,-76.49965161,-3.133300556,3
325.7287224,39.00246713,-76.49965163,-3.133300556,3
325.7789737,39.00246578,-76.49965164,-3.133300556,3
325.829272,39.00246443,-76.49965166,-3.133300556,3
325.879553,39.00246308,-76.49965167,-3.133300556,3
325.929797,39.00246173,-76.49965168,-3.133300556,3
325.9800157,39.00246038,-76.4996517,-3.133300556,3
326.0302795,39.00245903,-76.49965171,-3.133300556,3
326.0804975,39.00245768,-76.49965173,-3.13403838,3
326.1308238,39.00245633,-76.49965174,-3.13403838,3
326.1810677,39.00245498,-76.49965175,-3.13403838,3
326.2313626,39.00245362,-76.49965177,-3.13403838,3
326.2816874,39.00245227,-76.49965178,-3.13403838,3
326.3319895,39.00245092,-76.49965179,-3.13403838,3
326.3822907,39.00244957,-76.4996518,-3.13403838,3
326.4325275,39.00244822,-76.49965182,-3.13403838,3
326.4827446,39.00244687,-76.49965183,-3.13403838,3
326.5331511,39.00244552,-76.49965184,-3.13403838,3
326.5836036,39.00244417,-76.49965186,-3.13403838,3
326.6338546,39.00244281,-76.49965187,-3.13403838,3
326.6840733,39.00244146,-76.49965188,-3.13403838,3
326.7343865,39.00244011,-76.4996519,-3.13403838,3
326.7845989,39.00243876,-76.49965191,-3.134713564,3
326.8348088,39.00243741,-76.49965192,-3.134713564,3
326.8849926,39.00243606,-76.49965193,-3.134713564,3
326.935192,39.00243471,-76.49965194,-3.134713564,3
326.9853945,39.00243336,-76.49965196,-3.134713564,3
327.0356148,39.00243201,-76.49965197,-3.134713564,3
327.0858333,39.00243066,-76.49965198,-3.134713564,3
327.1360667,39.0024293,-76.49965199,-3.134713564,3
327.1863729,39.00242795,-76.499652,-3.134713564,3
327.2366609,39.0024266,-76.49965202,-3.134713564,3
327.2869265,39.00242525,-76.49965203,-3.134713564,3
327.3372237,39.0024239,-76.49965204,-3.134713564,3
327.3875274,39.00242255,-76.49965205,-3.134713564,3
327.4378374,39.00242119,-76.49965206,-3.135327036,3
327.4881682,39.00241985,-76.49965207,-3.135327036,3
327.5384504,39.0024185,-76.49965208,-3.135327036,3
327.5886966,39.00241714,-76.49965209,-3.135327036,3
327.6388967,39.00241579,-76.49965211,-3.135327036,3
327.6891672,39.00241444,-76.49965212,-3.135327036,3
327.7394154,39.00241309,-76.49965213,-3.135327036,3
327.789737,39.00241174,-76.49965214,-3.135327036,3
327.8400336,39.00241039,-76.49965215,-3.135327036,3
327.8903482,39.00240904,-76.49965216,-3.135327036,3
327.9405868,39.00240769,-76.49965217,-3.135327036,3
327.9908979,39.00240634,-76.49965218,-3.135327036,3
328.0411461,39.00240498,-76.49965219,-3.135327036,3
328.0914269,39.00240363,-76.4996522,-3.13588455,3
328.1417749,39.00240228,-76.49965221,-3.13588455,3
328.1920419,39.00240093,-76.49965222,-3.13588455,3
328.2422967,39.00239958,-76.49965223,-3.13588455,3
328.2926083,39.00239823,-76.49965224,-3.13588455,3
328.3428584,39.00239688,-76.49965225,-3.13588455,3
328.3931671,39.00239552,-76.49965226,-3.13588455,3
328.4434356,39.00239417,-76.49965227,-3.13588455,3
328.493692,39.00239282,-76.49965228,-3.13588455,3
328.5438953,39.00239147,-76.49965229,-3.13588455,3
328.5941524,39.00239012,-76.4996523,-3.13588455,3
328.6443437,39.00238877,-76.49965231,-3.13588455,3
328.6945419,39.00238742,-76.49965232,-3.13588455,3
328.74475,39.00238607,-76.49965233,-3.13588455,3
328.7949613,39.00238472,-76.49965234,-3.136394728,3
328.845172,39.00238337,-76.49965235,-3.136394728,3
328.8953791,39.00238201,-76.49965236,-3.136394728,3
328.9455726,39.00237931,-76.49965238,-3.136394728,3
328.9957512,39.00237796,-76.49965238,-3.136394728,3
329.045954,39.00237661,-76.49965239,-3.136394728,3
329.0961549,39.00237526,-76.4996524,-3.136394728,3
329.1463803,39.00237391,-76.49965241,-3.136394728,3
329.1965336,39.00237256,-76.49965242,-3.136394728,3
329.2466981,39.00237121,-76.49965243,-3.136394728,3
329.2968715,39.00236985,-76.49965244,-3.136394728,3
329.3470332,39.0023685,-76.49965245,-3.136394728,3
329.3971974,39.00236715,-76.49965246,-3.136858277,3
329.4473576,39.0023658,-76.49965246,-3.136858277,3
329.4975099,39.00236445,-76.49965247,-3.136858276,3
329.5476645,39.0023631,-76.49965248,-3.136858277,3
329.5978135,39.00236175,-76.49965249,-3.136858277,3
329.6479686,39.0023604,-76.4996525,-3.136858277,3
329.6981338,39.00235904,-76.49965251,-3.136858276,3
329.748287,39.00235769,-76.49965251,-3.136858277,3
329.7984309,39.00235634,-76.49965252,-3.136858277,3
329.8486367,39.00235499,-76.49965253,-3.136858277,3
329.8988174,39.00235364,-76.49965254,-3.136858277,3
329.9489887,39.00235229,-76.49965255,-3.136858276,3
329.999161,39.00235094,-76.49965255,-3.136858277,3
330.0493415,39.00234959,-76.49965256,-3.137279547,3
330.099521,39.00234823,-76.49965257,-3.137279547,3
330.1496915,39.00234689,-76.49965258,-3.137279547,3
330.1998736,39.00234553,-76.49965258,-3.137279547,3
330.250055,39.00234418,-76.49965259,-3.137279547,3
330.300306,39.00234283,-76.4996526,-3.137279547,3
330.3505453,39.00234148,-76.49965261,-3.137279547,3
330.4007513,39.00234013,-76.49965261,-3.137279547,3
330.4509256,39.00233878,-76.49965262,-3.137279547,3
330.5010733,39.00233742,-76.49965263,-3.137279547,3
330.5512663,39.00233607,-76.49965264,-3.137279547,3
330.6014762,39.00233472,-76.49965264,-3.137279547,3
330.6516354,39.00233337,-76.49965265,-3.137279547,3
330.7018,39.00233202,-76.49965266,-3.137279547,3
330.7519718,39.00233067,-76.49965267,-3.137665048,3
330.8021179,39.00232932,-76.49965267,-3.137665048,3
330.8522854,39.00232797,-76.49965268,-3.137665048,3
330.9024804,39.00232662,-76.49965269,-3.137665048,3
330.9526652,39.00232526,-76.49965269,-3.137665048,3
331.0028237,39.00232391,-76.4996527,-3.137665048,3
331.0529944,39.00232256,-76.49965271,-3.137665048,3
331.1032094,39.00232121,-76.49965271,-3.137665048,3
331.1534972,39.00231986,-76.49965272,-3.137665048,3
331.2037482,39.00231851,-76.49965273,-3.137665048,3
331.2539616,39.00231716,-76.49965273,-3.137665048,3
331.304146,39.00231581,-76.49965274,-3.137665048,3
331.3543217,39.00231446,-76.49965275,-3.137665048,3
331.4045551,39.00231311,-76.49965275,-3.13801531,3
331.4548161,39.00231175,-76.49965276,-3.13801531,3
331.5050235,39.0023104,-76.49965277,-3.13801531,3
331.5552413,39.00230905,-76.49965277,-3.13801531,3
331.6054974,39.0023077,-76.49965278,-3.13801531,3
331.6556922,39.00230635,-76.49965279,-3.13801531,3
331.7058735,39.002305,-76.49965279,-3.13801531,3
331.7560546,39.00230365,-76.4996528,-3.13801531,3
331.8062842,39.0023023,-76.4996528,-3.13801531,3
331.8565116,39.00230095,-76.49965281,-3.13801531,3
331.9067291,39.00229959,-76.49965282,-3.13801531,3
331.9569274,39.00229824,-76.49965282,-3.13801531,3
332.0071379,39.00229689,-76.49965283,-3.13801531,3
332.0573182,39.00229554,-76.49965283,-3.138333627,3
332.1074758,39.00229419,-76.49965284,-3.138333627,3
332.1576376,39.00229284,-76.49965285,-3.138333627,3
332.2078298,39.00229149,-76.49965285,-3.138333627,3
332.2580104,39.00229014,-76.49965286,-3.138333627,3
332.3081973,39.00228879,-76.49965286,-3.138333627,3
332.3584656,39.00228743,-76.49965287,-3.138333627,3
332.4087119,39.00228608,-76.49965287,-3.138333627,3
332.458966,39.00228473,-76.49965288,-3.138333627,3
332.5091695,39.00228338,-76.49965288,-3.138333627,3
332.5594169,39.00228203,-76.49965289,-3.138333627,3
332.6096771,39.00228068,-76.4996529,-3.138333627,3
332.6599003,39.00227933,-76.4996529,-3.138333627,3
332.7101899,39.00227797,-76.49965291,-3.138333627,3
332.7604641,39.00227662,-76.49965291,-3.138624916,3
332.8107608,39.00227512,-76.49965292,-3.138624916,3
332.8610185,39.00227392,-76.49965292,-3.138624916,3
332.9112542,39.00227257,-76.49965293,-3.138624916,3
332.9615021,39.00227122,-76.49965293,-3.138624916,3
333.0117059,39.00226987,-76.49965294,-3.138624916,3
333.0618998,39.00226852,-76.49965294,-3.138624916,3
333.1120769,39.00226717,-76.49965295,-3.138624916,3
333.1622849,39.00226582,-76.49965295,-3.138624916,3
333.2124835,39.00226446,-76.49965296,-3.138624916,3
333.2626965,39.00226311,-76.49965296,-3.138624916,3
333.3129459,39.00226176,-76.49965297,-3.138624916,3
333.3631433,39.00226041,-76.49965297,-3.138624916,3
333.4133125,39.00225906,-76.49965298,-3.138889577,3
333.4635487,39.00225771,-76.49965298,-3.138889577,3
333.51374,39.00225636,-76.49965299,-3.138889577,3
333.5639336,39.00225501,-76.49965299,-3.138889577,3
333.6141492,39.00225366,-76.499653,-3.138889577,3
333.6643557,39.0022523,-76.499653,-3.138889577,3
333.7145532,39.00225095,-76.49965301,-3.138889577,3
333.7647401,39.0022496,-76.49965301,-3.138889577,3
333.8149843,39.00224825,-76.49965302,-3.138889577,3
333.8652378,39.0022469,-76.49965302,-3.138889577,3
333.915468,39.00224555,-76.49965303,-3.138889577,3
333.9656694,39.0022442,-76.49965303,-3.138889577,3
334.0158958,39.00224285,-76.49965304,-3.138889577,3
334.0661189,39.00224149,-76.49965304,-3.1391301,3
334.1162967,39.00224014,-76.49965304,-3.1391301,3
334.1665331,39.00223879,-76.49965305,-3.1391301,3
334.2168237,39.00223744,-76.49965305,-3.1391301,3
334.2670746,39.00223609,-76.49965306,-3.1391301,3
334.3173027,39.00223474,-76.49965306,-3.1391301,3
334.3675037,39.00223339,-76.49965307,-3.1391301,3
334.4176927,39.00223204,-76.49965307,-3.1391301,3
334.4679244,39.00223068,-76.49965307,-3.1391301,3
334.5181568,39.00222933,-76.49965308,-3.1391301,3
334.5683466,39.00222798,-76.49965308,-3.1391301,3
334.6185363,39.00222663,-76.49965309,-3.1391301,3
334.6687309,39.00222528,-76.49965309,-3.1391301,3
334.718937,39.00222393,-76.4996531,-3.1391301,3
334.7691727,39.00222258,-76.4996531,-3.139350199,3
334.8193977,39.00222123,-76.4996531,-3.139350199,3
334.8696371,39.00221988,-76.49965311,-3.139350199,3
334.9198334,39.00221852,-76.49965311,-3.139350199,3
334.9700066,39.00221717,-76.49965311,-3.139350199,3
335.0202895,39.00221582,-76.49965312,-3.139350199,3
335.0704951,39.00221447,-76.49965312,-3.139350199,3
335.1207731,39.00221312,-76.49965313,-3.139350199,3
335.1710168,39.00221177,-76.49965313,-3.139350199,3
335.2212896,39.00221042,-76.49965313,-3.139350199,3
335.2715176,39.00220907,-76.49965314,-3.139350199,3
335.3217878,39.00220771,-76.49965314,-3.139350199,3
335.372024,39.00220636,-76.49965315,-3.139350199,3
335.4222777,39.00220501,-76.49965315,-3.13955018,3
335.4725352,39.00220366,-76.49965315,-3.13955018,3
335.5228204,39.00220231,-76.49965316,-3.13955018,3
335.5730273,39.00220096,-76.49965316,-3.13955018,3
335.623271,39.00219961,-76.49965316,-3.13955018,3
335.6735221,39.00219826,-76.49965317,-3.13955018,3
335.7237381,39.0021969,-76.49965317,-3.13955018,3
335.7739393,39.00219556,-76.49965317,-3.13955018,3
335.8241433,39.0021942,-76.49965318,-3.13955018,3
335.874325,39.00219285,-76.49965318,-3.13955018,3
335.9245098,39.0021915,-76.49965318,-3.13955018,3
335.9746819,39.00219015,-76.49965319,-3.13955018,3
336.0248743,39.0021888,-76.49965319,-3.13955018,3
336.0750547,39.00218745,-76.4996532,-3.139731921,3
336.125244,39.0021861,-76.4996532,-3.139731921,3
336.1754479,39.00218475,-76.4996532,-3.139731921,3
336.2257059,39.00218339,-76.4996532,-3.139731921,3
336.2759595,39.00218204,-76.49965321,-3.139731921,3
336.3262093,39.00218069,-76.49965321,-3.139731921,3
336.3764873,39.00217934,-76.49965321,-3.139731921,3
336.4267511,39.00217799,-76.49965322,-3.139731921,3
336.4770005,39.00217664,-76.49965322,-3.139731921,3
336.5273441,39.00217529,-76.49965322,-3.139731921,3
336.5776077,39.00217394,-76.49965323,-3.139731921,3
336.6278202,39.00217258,-76.49965323,-3.139731921,3
336.6780113,39.00217124,-76.49965323,-3.139731921,3
336.7283271,39.00216988,-76.49965324,-3.139731921,3
336.778554,39.00216853,-76.49965324,-3.139898235,3
336.8287618,39.00216718,-76.49965324,-3.139898235,3
336.8790129,39.00216583,-76.49965325,-3.139898235,3
336.9292683,39.00216448,-76.49965325,-3.139898235,3
336.9795384,39.00216313,-76.49965325,-3.139898235,3
337.0297965,39.00216178,-76.49965325,-3.139898235,3
337.0800457,39.00216043,-76.49965326,-3.139898235,3
337.1303271,39.00215907,-76.49965326,-3.139898235,3
337.1806203,39.00215772,-76.49965326,-3.139898235,3
337.2308871,39.00215637,-76.49965327,-3.139898235,3
337.2811427,39.00215502,-76.49965327,-3.139898235,3
337.3313654,39.00215367,-76.49965327,-3.139898235,3
337.3816327,39.00215232,-76.49965328,-3.139898235,3
337.4318631,39.00215097,-76.49965328,-3.140049342,3
337.4821601,39.00214961,-76.49965328,-3.140049342,3
337.5323849,39.00214826,-76.49965328,-3.140049342,3
337.5826555,39.00214691,-76.49965329,-3.140049342,3
337.6328805,39.00214556,-76.49965329,-3.140049342,3
337.6831887,39.00214421,-76.49965329,-3.140049342,3
337.7334881,39.00214286,-76.49965329,-3.140049342,3
337.7837586,39.00214151,-76.4996533,-3.140049342,3
337.8339989,39.00214016,-76.4996533,-3.140049342,3
337.8842203,39.00213881,-76.4996533,-3.140049342,3
337.9344285,39.00213746,-76.4996533,-3.140049342,3
337.9847081,39.00213611,-76.49965331,-3.140049342,3
338.0349312,39.00213475,-76.49965331,-3.140049342,3
338.0852114,39.0021334,-76.49965331,-3.140186669,3
338.1354543,39.00213205,-76.49965331,-3.140186669,3
338.1857312,39.0021307,-76.49965332,-3.140186669,3
338.2359588,39.00212935,-76.49965332,-3.140186669,3
338.2862129,39.002128,-76.49965332,-3.140186669,3
338.3364341,39.00212665,-76.49965332,-3.140186669,3
338.3867088,39.00212529,-76.49965333,-3.140186669,3
338.4369317,39.00212394,-76.49965333,-3.140186669,3
338.4871935,39.00212259,-76.49965333,-3.140186669,3
338.5374438,39.00212124,-76.49965333,-3.140186669,3
338.5876987,39.00211989,-76.49965334,-3.140186669,3
338.6379125,39.00211854,-76.49965334,-3.140186669,3
338.6881869,39.00211719,-76.49965334,-3.140186669,3
338.7383884,39.00211583,-76.49965334,-3.140186669,3
338.7886269,39.00211449,-76.49965335,-3.140312337,3
338.8388319,39.00211314,-76.49965335,-3.140312337,3
338.8891461,39.00211178,-76.49965335,-3.140312337,3
338.9393785,39.00211043,-76.49965335,-3.140312337,3
338.9896669,39.00210908,-76.49965336,-3.140312337,3
339.0400419,39.00210773,-76.49965336,-3.140312337,3
339.0903167,39.00210638,-76.49965336,-3.140312337,3
339.1405919,39.00210503,-76.49965336,-3.140312337,3
339.190875,39.00210368,-76.49965336,-3.140312337,3
339.2411911,39.00210232,-76.49965337,-3.140312337,3
339.2914298,39.00210097,-76.49965337,-3.140312337,3
339.3417088,39.00209962,-76.49965337,-3.140312337,3
339.3919744,39.00209827,-76.49965337,-3.140312337,3
339.4422242,39.00209692,-76.49965338,-3.140426514,3
339.4924862,39.00209557,-76.49965338,-3.140426514,3
339.5427393,39.00209422,-76.49965338,-3.140426515,3
339.5930152,39.00209287,-76.49965338,-3.140426515,3
339.6433116,39.00209152,-76.49965338,-3.140426515,3
339.6935755,39.00209017,-76.49965339,-3.140426515,3
339.7438367,39.00208881,-76.49965339,-3.140426515,3
339.7941255,39.00208746,-76.49965339,-3.140426515,3
339.844377,39.00208611,-76.49965339,-3.140426515,3
339.8946744,39.00208476,-76.49965339,-3.140426514,3
339.9448925,39.00208341,-76.4996534,-3.140426515,3
339.9951715,39.00208206,-76.4996534,-3.140426514,3
340.0454664,39.00207935,-76.4996534,-3.14053028,3
340.0957151,39.002078,-76.4996534,-3.14053028,3
340.1459588,39.00207665,-76.49965341,-3.14053028,3
340.196166,39.0020753,-76.49965341,-3.14053028,3
340.2463847,39.00207395,-76.49965341,-3.14053028,3
340.2966405,39.0020726,-76.49965341,-3.14053028,3
340.3468679,39.00207125,-76.49965341,-3.14053028,3
340.3970699,39.0020699,-76.49965341,-3.14053028,3
340.4473451,39.00206854,-76.49965342,-3.14053028,3
340.4976071,39.00206719,-76.49965342,-3.14053028,3
340.5478017,39.00206584,-76.49965342,-3.14053028,3
340.5980143,39.00206449,-76.49965342,-3.14053028,3
340.6482096,39.00206314,-76.49965342,-3.14053028,3
340.6984125,39.00206179,-76.49965343,-3.14053028,3
340.7486013,39.00206044,-76.49965343,-3.140625235,3
340.7987856,39.00205909,-76.49965343,-3.140625235,3
340.8489552,39.00205774,-76.49965343,-3.140625235,3
340.8991371,39.00205638,-76.49965343,-3.140625235,3
340.949289,39.00205504,-76.49965343,-3.140625235,3
340.9994985,39.00205368,-76.49965344,-3.140625235,3
341.0496732,39.00205233,-76.49965344,-3.140625235,3
341.0999015,39.00205098,-76.49965344,-3.140625235,3
341.1500754,39.00204963,-76.49965344,-3.140625235,3
341.2002709,39.00204828,-76.49965344,-3.140625235,3
341.2504598,39.00204693,-76.49965344,-3.140625235,3
341.3007231,39.00204558,-76.49965345,-3.140625235,3
341.3509685,39.00204422,-76.49965345,-3.140625235,3
341.4012363,39.00204287,-76.49965345,-3.140711509,3
341.4514819,39.00204152,-76.49965345,-3.140711509,3
341.5017269,39.00204017,-76.49965345,-3.140711509,3
341.5519344,39.00203882,-76.49965345,-3.140711509,3
341.6022078,39.00203747,-76.49965345,-3.140711509,3
341.6524016,39.00203612,-76.49965346,-3.140711509,3
341.7026361,39.00203477,-76.49965346,-3.140711509,3
341.7528349,39.00203341,-76.49965346,-3.140711509,3
341.8030867,39.00203206,-76.49965346,-3.140711509,3
341.8533232,39.00203071,-76.49965346,-3.140711509,3
341.9036013,39.00202936,-76.49965346,-3.140711509,3
341.9538533,39.00202801,-76.49965347,-3.140711509,3
342.004131,39.00202666,-76.49965347,-3.140711509,3
342.0543936,39.00202531,-76.49965347,-3.140789915,3
342.1046118,39.00202396,-76.49965347,-3.140789915,3
342.154885,39.00202261,-76.49965347,-3.140789915,3
342.2051748,39.00202126,-76.49965347,-3.140789915,3
342.2554265,39.0020199,-76.49965347,-3.140789915,3
342.3056741,39.00201855,-76.49965348,-3.140789915,3
342.355867,39.0020172,-76.49965348,-3.140789915,3
342.4061404,39.00201585,-76.49965348,-3.140789915,3
342.4563373,39.0020145,-76.49965348,-3.140789915,3
342.5065455,39.00201315,-76.49965348,-3.140789915,3
342.5567689,39.0020118,-76.49965348,-3.140789915,3
342.6069858,39.00201045,-76.49965348,-3.140789915,3
342.6571868,39.0020091,-76.49965349,-3.140789915,3
342.7073841,39.00200774,-76.49965349,-3.140789915,3
342.7576608,39.00200639,-76.49965349,-3.140861662,3
342.8078875,39.00200504,-76.49965349,-3.140861662,3
342.8580819,39.00200369,-76.49965349,-3.140861662,3
342.9083563,39.00200234,-76.49965349,-3.140861662,3
342.9585966,39.00200099,-76.49965349,-3.140861662,3
343.0088332,39.00199964,-76.49965349,-3.140861662,3
343.0591311,39.00199828,-76.4996535,-3.140861662,3
343.1093809,39.00199693,-76.4996535,-3.140861662,3
343.159621,39.00199558,-76.4996535,-3.140861662,3
343.2098016,39.00199423,-76.4996535,-3.140861662,3
343.2600129,39.00199288,-76.4996535,-3.140861662,3
343.3102529,39.00199153,-76.4996535,-3.140861662,3
343.3605157,39.00199018,-76.4996535,-3.140861662,3
343.4107249,39.00198882,-76.4996535,-3.140926853,3
343.4609014,39.00198747,-76.49965351,-3.140926853,3
343.5110745,39.00198612,-76.49965351,-3.140926853,3
343.5612495,39.00198477,-76.49965351,-3.140926853,3
343.6114149,39.00198342,-76.49965351,-3.140926853,3
343.6616474,39.00198207,-76.49965351,-3.140926853,3
343.7119226,39.00198072,-76.49965351,-3.140926853,3
343.7621918,39.00197937,-76.49965351,-3.140926853,3
343.8124095,39.00197802,-76.49965351,-3.140926853,3
343.8625866,39.00197667,-76.49965351,-3.140926853,3
343.912772,39.00197532,-76.49965352,-3.140926853,3
343.9630036,39.00197396,-76.49965352,-3.140926853,3
344.0132589,39.00197261,-76.49965352,-3.140926853,3
344.0634972,39.00197126,-76.49965352,-3.140986097,3
344.113714,39.00196991,-76.49965352,-3.140986097,3
344.1639155,39.00196856,-76.49965352,-3.140986097,3
344.214157,39.00196721,-76.49965352,-3.140986097,3
344.264384,39.00196586,-76.49965352,-3.140986097,3
344.314563,39.00196451,-76.49965352,-3.140986097,3
344.3647536,39.00196315,-76.49965353,-3.140986097,3
344.4149851,39.0019618,-76.49965353,-3.140986097,3
344.4652057,39.00196045,-76.49965353,-3.140986097,3
344.5154635,39.0019591,-76.49965353,-3.140986097,3
344.565714,39.00195775,-76.49965353,-3.140986097,3
344.615964,39.0019564,-76.49965353,-3.140986097,3
344.6661653,39.00195505,-76.49965353,-3.140986097,3
344.7163732,39.00195369,-76.49965353,-3.140986097,3
344.7666003,39.00195235,-76.49965353,-3.141040311,3
344.8167922,39.001951,-76.49965353,-3.141040311,3
344.8670219,39.00194964,-76.49965354,-3.141040311,3
344.9173244,39.00194829,-76.49965354,-3.141040311,3
344.967551,39.00194694,-76.49965354,-3.141040311,3
345.017793,39.00194559,-76.49965354,-3.141040311,3
345.0680299,39.00194424,-76.49965354,-3.141040311,3
345.1183151,39.00194289,-76.49965354,-3.141040311,3
345.1685701,39.00194154,-76.49965354,-3.141040311,3
345.2187694,39.00194019,-76.49965354,-3.141040311,3
345.2689566,39.00193883,-76.49965354,-3.141040311,3
345.3192148,39.00193748,-76.49965354,-3.141040311,3
345.3694901,39.00193613,-76.49965355,-3.141040311,3
345.4197464,39.00193478,-76.49965355,-3.141089569,3
345.4699703,39.00193343,-76.49965355,-3.141089569,3
345.5201485,39.00193208,-76.49965355,-3.141089569,3
345.5703416,39.00193073,-76.49965355,-3.141089569,3
345.6205252,39.00192937,-76.49965355,-3.141089569,3
345.6707262,39.00192803,-76.49965355,-3.141089569,3
345.7209398,39.00192667,-76.49965355,-3.141089569,3
345.7712263,39.00192532,-76.49965355,-3.141089569,3
345.821529,39.00192397,-76.49965355,-3.141089569,3
345.871748,39.00192262,-76.49965355,-3.141089569,3
345.9219375,39.00192127,-76.49965356,-3.141089569,3
345.9721446,39.00191992,-76.49965356,-3.141089569,3
346.0223611,39.00191857,-76.49965356,-3.141089569,3
346.0725584,39.00191721,-76.49965356,-3.141134335,3
346.1227495,39.00191587,-76.49965356,-3.141134335,3
346.1729701,39.00191451,-76.49965356,-3.141134335,3
346.2231527,39.00191316,-76.49965356,-3.141134335,3
346.2733537,39.00191181,-76.49965356,-3.141134335,3
346.323545,39.00191046,-76.49965356,-3.141134335,3
346.3737857,39.00190911,-76.49965356,-3.141134335,3
346.4239733,39.00190776,-76.49965356,-3.141134335,3
346.474178,39.00190641,-76.49965356,-3.141134335,3
346.5243905,39.00190506,-76.49965356,-3.141134335,3
346.5745921,39.0019037,-76.49965357,-3.141134335,3
346.6248544,39.00190235,-76.49965357,-3.141134335,3
346.675088,39.001901,-76.49965357,-3.141134335,3
346.7253089,39.00189965,-76.49965357,-3.141134335,3
346.7754983,39.0018983,-76.49965357,-3.141175299,3
346.8257011,39.00189695,-76.49965357,-3.141175299,3
346.8758814,39.0018956,-76.49965357,-3.141175299,3
346.9260588,39.00189425,-76.49965357,-3.141175299,3
346.9762912,39.0018929,-76.49965357,-3.141175299,3
347.0265006,39.00189154,-76.49965357,-3.141175299,3
347.0767251,39.00189019,-76.49965357,-3.141175299,3
347.1270046,39.00188884,-76.49965357,-3.141175299,3
347.1772487,39.00188749,-76.49965357,-3.141175299,3
347.2274718,39.00188614,-76.49965358,-3.141175299,3
347.2776766,39.00188479,-76.49965358,-3.141175299,3
347.3278288,39.00188344,-76.49965358,-3.141175299,3
347.3780605,39.00188208,-76.49965358,-3.141175299,3
347.4283527,39.00188073,-76.49965358,-3.141212519,3
347.4786022,39.00187938,-76.49965358,-3.141212519,3
347.5288848,39.00187803,-76.49965358,-3.141212519,3
347.579185,39.00187668,-76.49965358,-3.141212519,3
347.6294843,39.00187533,-76.49965358,-3.141212519,3
347.6796715,39.00187398,-76.49965358,-3.141212519,3
347.729941,39.00187263,-76.49965358,-3.141212519,3
347.7801877,39.00187128,-76.49965358,-3.141212519,3
347.83045,39.00186993,-76.49965358,-3.141212519,3
347.8807651,39.00186857,-76.49965358,-3.141212519,3
347.9310052,39.00186722,-76.49965358,-3.141212519,3
347.9813063,39.00186587,-76.49965359,-3.141212519,3
348.0316048,39.00186452,-76.49965359,-3.141212519,3
348.0818627,39.00186317,-76.49965359,-3.141246343,3
348.1322,39.00186182,-76.49965359,-3.141246343,3
348.1824745,39.00186047,-76.49965359,-3.141246343,3
348.2327014,39.00185911,-76.49965359,-3.141246343,3
348.2829295,39.00185776,-76.49965359,-3.141246343,3
348.333158,39.00185641,-76.49965359,-3.141246343,3
348.3834079,39.00185506,-76.49965359,-3.141246343,3
348.4336792,39.00185371,-76.49965359,-3.141246343,3
348.4839548,39.00185236,-76.49965359,-3.141246343,3
348.5342023,39.00185101,-76.49965359,-3.141246343,3
348.5844328,39.00184966,-76.49965359,-3.141246343,3
348.6346678,39.00184831,-76.49965359,-3.141246343,3
348.6848859,39.00184695,-76.49965359,-3.141246343,3
348.7351179,39.0018456,-76.49965359,-3.141246343,3
348.7853036,39.00184425,-76.4996536,-3.141277296,3
348.8355267,39.0018429,-76.4996536,-3.141277296,3
348.8856981,39.00184155,-76.4996536,-3.141277296,3
348.9358778,39.0018402,-76.4996536,-3.141277296,3
348.9860515,39.00183885,-76.4996536,-3.141277296,3
349.0362927,39.0018375,-76.4996536,-3.141277296,3
349.0865096,39.00183615,-76.4996536,-3.141277296,3
349.1367028,39.00183479,-76.4996536,-3.141277296,3
349.1868936,39.00183344,-76.4996536,-3.141277296,3
349.2371217,39.00183209,-76.4996536,-3.141277296,3
349.2874002,39.00183074,-76.4996536,-3.141277296,3
349.3376896,39.00182939,-76.4996536,-3.141277296,3
349.3879739,39.00182804,-76.4996536,-3.141277296,3
349.4382512,39.00182669,-76.4996536,-3.14130542,3
349.4885283,39.00182534,-76.4996536,-3.14130542,3
349.538781,39.00182398,-76.4996536,-3.14130542,3
349.5890475,39.00182263,-76.4996536,-3.14130542,3
349.6393267,39.00182128,-76.4996536,-3.14130542,3
349.6895693,39.00181993,-76.49965361,-3.14130542,3
349.7398265,39.00181858,-76.49965361,-3.14130542,3
349.7900772,39.00181723,-76.49965361,-3.14130542,3
349.8404255,39.00181588,-76.49965361,-3.14130542,3
349.8906491,39.00181453,-76.49965361,-3.14130542,3
349.9409164,39.00181318,-76.49965361,-3.14130542,3
349.9911851,39.00181182,-76.49965361,-3.14130542,3
350.0414798,39.00181047,-76.49965361,-3.14130542,3
350.0917693,39.00180912,-76.49965361,-3.141330979,3
350.1420326,39.00180777,-76.49965361,-3.141330979,3
350.192341,39.00180642,-76.49965361,-3.141330979,3
350.2425906,39.00180507,-76.49965361,-3.141330979,3
350.2928466,39.00180372,-76.49965361,-3.141330979,3
350.3431472,39.00180237,-76.49965361,-3.141330979,3
350.3934223,39.00180102,-76.49965361,-3.141330979,3
350.4437166,39.00179966,-76.49965361,-3.141330979,3
350.4940604,39.00179831,-76.49965361,-3.141330979,3
350.5444037,39.00179696,-76.49965361,-3.141330979,3
350.5946572,39.00179561,-76.49965361,-3.141330979,3
350.6448824,39.00179426,-76.49965361,-3.141330979,3
350.6951638,39.00179291,-76.49965361,-3.141330979,3
350.7455265,39.0017902,-76.49965362,-3.141354367,3
350.7957279,39.00178886,-76.49965362,-3.141354367,3
350.8459345,39.0017875,-76.49965362,-3.141354367,3
350.8961937,39.00178615,-76.49965362,-3.141354367,3
350.9464235,39.0017848,-76.49965362,-3.141354367,3
350.9966264,39.00178345,-76.49965362,-3.141354367,3
351.0468682,39.0017821,-76.49965362,-3.141354367,3
351.0970678,39.00178075,-76.49965362,-3.141354367,3
351.1473331,39.0017794,-76.49965362,-3.141354367,3
351.1975945,39.00177805,-76.49965362,-3.141354367,3
351.2478125,39.00177669,-76.49965362,-3.141354367,3
351.2981361,39.00177534,-76.49965362,-3.141354367,3
351.3483158,39.00177399,-76.49965362,-3.141354367,3
351.398543,39.00177264,-76.49965362,-3.141375617,3
351.4487453,39.00177129,-76.49965362,-3.141375617,3
351.4990003,39.00176993,-76.49965362,-3.141375617,3
351.5491952,39.00176859,-76.49965362,-3.141375617,3
351.5994652,39.00176724,-76.49965362,-3.141375617,3
351.6496453,39.00176588,-76.49965362,-3.141375617,3
351.6998219,39.00176453,-76.49965362,-3.141375617,3
351.7499942,39.00176318,-76.49965362,-3.141375617,3
351.8001523,39.00176183,-76.49965362,-3.141375617,3
351.8503041,39.00176048,-76.49965362,-3.141375617,3
351.9005015,39.00175913,-76.49965362,-3.141375617,3
351.9507688,39.00175778,-76.49965363,-3.141375617,3
352.0010044,39.00175643,-76.49965363,-3.141375617,3
352.051281,39.00175507,-76.49965363,-3.14139493,3
352.1015536,39.00175372,-76.49965363,-3.14139493,3
352.1518039,39.00175237,-76.49965363,-3.14139493,3
352.2020726,39.00175102,-76.49965363,-3.14139493,3
352.2523627,39.00174967,-76.49965363,-3.14139493,3
352.302617,39.00174832,-76.49965363,-3.14139493,3
352.3528383,39.00174697,-76.49965363,-3.14139493,3
352.4031433,39.00174562,-76.49965363,-3.14139493,3
352.4533937,39.00174427,-76.49965363,-3.14139493,3
352.5036349,39.00174291,-76.49965363,-3.14139493,3
352.5539232,39.00174156,-76.49965363,-3.14139493,3
352.6041489,39.00174021,-76.49965363,-3.14139493,3
352.6544004,39.00173886,-76.49965363,-3.14139493,3
352.7046635,39.00173751,-76.49965363,-3.14139493,3
352.7549774,39.00173616,-76.49965363,-3.141412602,3
352.8052043,39.00173481,-76.49965363,-3.141412602,3
352.855394,39.00173346,-76.49965363,-3.141412602,3
352.9056205,39.0017321,-76.49965363,-3.141412602,3
352.9558676,39.00173075,-76.49965363,-3.141412602,3
353.0061474,39.0017294,-76.49965363,-3.141412602,3
353.0564045,39.00172805,-76.49965363,-3.141412602,3
353.1066644,39.0017267,-76.49965363,-3.141412602,3
353.156933,39.00172535,-76.49965363,-3.141412602,3
353.2071401,39.001724,-76.49965363,-3.141412602,3
353.2573458,39.00172265,-76.49965363,-3.141412602,3
353.3075919,39.0017213,-76.49965363,-3.141412602,3
353.357794,39.00171995,-76.49965363,-3.141412602,3
353.4079738,39.00171859,-76.49965363,-3.141428659,3
353.4582579,39.00171724,-76.49965364,-3.141428659,3
353.5085153,39.00171589,-76.49965364,-3.141428659,3
353.5587525,39.00171454,-76.49965364,-3.141428659,3
353.6089958,39.00171319,-76.49965364,-3.141428659,3
353.6592006,39.00171184,-76.49965364,-3.141428659,3
353.709508,39.00171049,-76.49965364,-3.141428659,3
353.7597707,39.00170914,-76.49965364,-3.141428659,3
353.8101884,39.00170778,-76.49965364,-3.141428659,3
353.8604419,39.00170643,-76.49965364,-3.141428659,3
353.9106439,39.00170508,-76.49965364,-3.141428659,3
353.9608814,39.00170373,-76.49965364,-3.141428659,3
354.0111684,39.00170238,-76.49965364,-3.141428659,3
354.0614281,39.00170103,-76.49965364,-3.141443252,3
354.1116539,39.00169968,-76.49965364,-3.141443252,3
354.1619053,39.00169833,-76.49965364,-3.141443252,3
354.2120915,39.00169698,-76.49965364,-3.141443251,3
354.2623498,39.00169563,-76.49965364,-3.141443252,3
354.3125828,39.00169427,-76.49965364,-3.141443252,3
354.3628538,39.00169292,-76.49965364,-3.141443251,3
354.4131755,39.00169157,-76.49965364,-3.141443252,3
354.4634367,39.00169022,-76.49965364,-3.141443252,3
354.5137002,39.00168887,-76.49965364,-3.141443252,3
354.5639552,39.00168752,-76.49965364,-3.141443252,3
354.6142413,39.00168617,-76.49965364,-3.141443252,3
354.6644408,39.00168482,-76.49965364,-3.141443251,3
354.7146656,39.00168347,-76.49965364,-3.141443252,3
354.7648783,39.00168211,-76.49965364,-3.141456605,3
354.8151747,39.00168076,-76.49965364,-3.141456605,3
354.8653743,39.00167941,-76.49965364,-3.141456605,3
354.915618,39.00167806,-76.49965364,-3.141456605,3
354.9658649,39.00167671,-76.49965364,-3.141456605,3
355.0160914,39.00167536,-76.49965364,-3.141456605,3
355.0663679,39.00167401,-76.49965364,-3.141456605,3
355.116641,39.00167265,-76.49965364,-3.141456605,3
355.1669066,39.0016713,-76.49965364,-3.141456605,3
355.2171717,39.00166995,-76.49965364,-3.141456605,3
355.2674363,39.0016686,-76.49965364,-3.141456605,3
355.3176722,39.00166725,-76.49965364,-3.141456605,3
355.3678787,39.0016659,-76.49965365,-3.141456605,3
355.4181274,39.00166455,-76.49965365,-3.141468738,3
355.4683773,39.0016632,-76.49965365,-3.141468738,3
355.5186327,39.00166184,-76.49965365,-3.141468738,3
355.5689092,39.00166049,-76.49965365,-3.141468738,3
355.6191699,39.00165914,-76.49965365,-3.141468738,3
355.6694544,39.00165779,-76.49965365,-3.141468738,3
355.7196611,39.00165644,-76.49965365,-3.141468738,3
355.7698663,39.00165509,-76.49965365,-3.141468738,3
355.8200663,39.00165374,-76.49965365,-3.141468738,3
355.8703527,39.00165239,-76.49965365,-3.141468738,3
355.9206165,39.00165104,-76.49965365,-3.141468738,3
355.9708905,39.00164969,-76.49965365,-3.141468738,3
356.0211793,39.00164833,-76.49965365,-3.141468738,3
356.0713917,39.00164698,-76.49965365,-3.141479764,3
356.1216083,39.00164563,-76.49965365,-3.141479764,3
356.1718298,39.00164428,-76.49965365,-3.141479764,3
356.2220399,39.00164293,-76.49965365,-3.141479764,3
356.2722664,39.00164158,-76.49965365,-3.141479764,3
356.3225791,39.00164023,-76.49965365,-3.141479764,3
356.3728091,39.00163888,-76.49965365,-3.141479764,3
356.423074,39.00163752,-76.49965365,-3.141479764,3
356.4733673,39.00163617,-76.49965365,-3.141479764,3
356.5236332,39.00163482,-76.49965365,-3.141479764,3
356.5739039,39.00163347,-76.49965365,-3.141479764,3
356.6241152,39.00163212,-76.49965365,-3.141479764,3
356.6743806,39.00163077,-76.49965365,-3.141479764,3
356.7246314,39.00162942,-76.49965365,-3.141479764,3
356.7748553,39.00162807,-76.49965365,-3.141489854,3
356.8250508,39.00162671,-76.49965365,-3.141489854,3
356.8753175,39.00162537,-76.49965365,-3.141489854,3
356.9255504,39.00162401,-76.49965365,-3.141489854,3
356.9757894,39.00162266,-76.49965365,-3.141489854,3
357.0260327,39.00162131,-76.49965365,-3.141489854,3
357.0762672,39.00161996,-76.49965365,-3.141489854,3
357.1265114,39.00161861,-76.49965365,-3.141489854,3
357.1767236,39.00161726,-76.49965365,-3.141489854,3
357.2270272,39.00161591,-76.49965365,-3.141489854,3
357.277279,39.00161456,-76.49965365,-3.141489854,3
357.3275652,39.0016132,-76.49965365,-3.141489854,3
357.3778132,39.00161185,-76.49965365,-3.141489854,3
357.4281295,39.0016105,-76.49965365,-3.141499022,3
357.4784011,39.00160915,-76.49965365,-3.141499022,3
357.5286669,39.0016078,-76.49965365,-3.141499022,3
357.5789182,39.00160645,-76.49965365,-3.141499022,3
357.6291584,39.0016051,-76.49965365,-3.141499022,3
357.6794576,39.00160375,-76.49965365,-3.141499022,3
357.7297827,39.00160239,-76.49965365,-3.141499022,3
357.7800267,39.00160104,-76.49965365,-3.141499022,3
357.8303019,39.00159969,-76.49965365,-3.141499022,3
357.8805175,39.00159834,-76.49965365,-3.141499022,3
357.9307285,39.00159699,-76.49965366,-3.141499022,3
357.9809679,39.00159564,-76.49965366,-3.141499022,3
358.0312451,39.00159429,-76.49965366,-3.141499022,3
358.081592,39.00159294,-76.49965366,-3.141507353,3
358.1318283,39.00159159,-76.49965366,-3.141507353,3
358.1820517,39.00159023,-76.49965366,-3.141507353,3
358.2323498,39.00158888,-76.49965366,-3.141507353,3
358.2826501,39.00158753,-76.49965366,-3.141507353,3
358.3329315,39.00158618,-76.49965366,-3.141507353,3
358.3832087,39.00158483,-76.49965366,-3.141507353,3
358.4335677,39.00158348,-76.49965366,-3.141507353,3
358.4838142,39.00158213,-76.49965366,-3.141507353,3
358.5341302,39.00158078,-76.49965366,-3.141507353,3
358.5844293,39.00157942,-76.49965366,-3.141507353,3
358.634653,39.00157807,-76.49965366,-3.141507353,3
358.6849356,39.00157672,-76.49965366,-3.141507353,3
358.7352303,39.00157537,-76.49965366,-3.141507353,3
358.7855643,39.00157402,-76.49965366,-3.141514977,3
358.8358481,39.00157267,-76.49965366,-3.141514977,3
358.8861323,39.00157132,-76.49965366,-3.141514977,3
358.9363979,39.00156997,-76.49965366,-3.141514977,3
358.9866856,39.00156862,-76.49965366,-3.141514977,3
359.036978,39.00156727,-76.49965366,-3.141514977,3
359.0872469,39.00156591,-76.49965366,-3.141514977,3
359.1376049,39.00156456,-76.49965366,-3.141514977,3
359.187887,39.00156321,-76.49965366,-3.141514977,3
359.2381388,39.00156186,-76.49965366,-3.141514977,3
359.2884004,39.00156051,-76.49965366,-3.141514977,3
359.338639,39.00155916,-76.49965366,-3.141514977,3
359.3888788,39.00155781,-76.49965366,-3.141514977,3
359.4391657,39.00155646,-76.49965366,-3.141521904,3
359.4894097,39.0015551,-76.49965366,-3.141521904,3
359.5396631,39.00155375,-76.49965366,-3.141521904,3
359.589915,39.0015524,-76.49965366,-3.141521904,3
359.6401945,39.00155105,-76.49965366,-3.141521904,3
359.69047,39.0015497,-76.49965366,-3.141521904,3
359.7407255,39.00154835,-76.49965366,-3.141521904,3
359.7909543,39.001547,-76.49965366,-3.141521904,3
359.8412627,39.00154565,-76.49965366,-3.141521904,3
359.8915511,39.0015443,-76.49965366,-3.141521904,3
359.9418357,39.00154294,-76.49965366,-3.141521904,3
359.9921795,39.00154159,-76.49965366,-3.141521904,3
360.0424665,39.00154024,-76.49965366,-3.141521904,3
360.0927396,39.00153889,-76.49965366,-3.1415282,3
360.1429837,39.00153754,-76.49965366,-3.1415282,3
360.193253,39.00153619,-76.49965366,-3.1415282,3
360.2435245,39.00153484,-76.49965366,-3.1415282,3
360.2937497,39.00153348,-76.49965366,-3.1415282,3
360.3440243,39.00153213,-76.49965366,-3.1415282,3
360.3943369,39.00153078,-76.49965366,-3.1415282,3
360.444618,39.00152943,-76.49965366,-3.1415282,3
360.4948656,39.00152808,-76.49965366,-3.1415282,3
360.545161,39.00152673,-76.49965366,-3.1415282,3
360.5954632,39.00152403,-76.49965366,-3.1415282,3
360.6457009,39.00152268,-76.49965366,-3.1415282,3
360.6958994,39.00152133,-76.49965366,-3.1415282,3
360.7461998,39.00151997,-76.49965366,-3.141533961,3
360.7963989,39.00151862,-76.49965366,-3.141533961,3
360.8466433,39.00151727,-76.49965366,-3.141533961,3
360.8968272,39.00151592,-76.49965366,-3.141533961,3
360.9470601,39.00151457,-76.49965366,-3.141533961,3
360.997273,39.00151322,-76.49965366,-3.141533961,3
361.0474935,39.00151187,-76.49965366,-3.141533961,3
361.0977076,39.00151052,-76.49965366,-3.141533961,3
361.1480264,39.00150917,-76.49965366,-3.141533961,3
361.1982541,39.00150781,-76.49965366,-3.141533961,3
361.2484391,39.00150646,-76.49965366,-3.141533961,3
361.2986382,39.00150511,-76.49965366,-3.141533961,3
361.3488362,39.00150376,-76.49965366,-3.141533961,3
361.3990354,39.00150241,-76.49965366,-3.141539195,3
361.4493094,39.00150106,-76.49965366,-3.141539195,3
361.4995361,39.00149971,-76.49965366,-3.141539195,3
361.5497884,39.00149835,-76.49965366,-3.141539195,3
361.5999838,39.001497,-76.49965366,-3.141539195,3
361.6501748,39.00149565,-76.49965366,-3.141539195,3
361.7004319,39.0014943,-76.49965366,-3.141539195,3
361.7506966,39.00149295,-76.49965366,-3.141539195,3
361.8009378,39.0014916,-76.49965366,-3.141539195,3
361.8511627,39.00149025,-76.49965367,-3.141539195,3
361.9013865,39.0014889,-76.49965367,-3.141539195,3
361.951602,39.00148755,-76.49965367,-3.141539195,3
362.0018371,39.00148619,-76.49965367,-3.141539195,3
362.0520676,39.00148484,-76.49965367,-3.141543952,3
362.1023369,39.00148349,-76.49965367,-3.141543952,3
362.1526021,39.00148214,-76.49965367,-3.141543952,3
362.2028353,39.00148079,-76.49965367,-3.141543952,3
362.2531226,39.00147944,-76.49965367,-3.141543952,3
362.3033507,39.00147809,-76.49965367,-3.141543952,3
362.3536387,39.00147674,-76.49965367,-3.141543952,3
362.4038364,39.00147538,-76.49965367,-3.141543952,3
362.454028,39.00147403,-76.49965367,-3.141543952,3
362.5042398,39.00147268,-76.49965367,-3.141543952,3
362.5544401,39.00147133,-76.49965367,-3.141543952,3
362.6046407,39.00146998,-76.49965367,-3.141543952,3
362.6548435,39.00146863,-76.49965367,-3.141543952,3
362.7050247,39.00146728,-76.49965367,-3.141543952,3
362.7552722,39.00146593,-76.49965367,-3.141548305,3
362.8055693,39.00146458,-76.49965367,-3.141548305,3
362.8557585,39.00146323,-76.49965367,-3.141548305,3
362.9059482,39.00146187,-76.49965367,-3.141548305,3
362.9561563,39.00146052,-76.49965367,-3.141548305,3
363.0063568,39.00145917,-76.49965367,-3.141548305,3
363.0565878,39.00145782,-76.49965367,-3.141548305,3
363.1067885,39.00145647,-76.49965367,-3.141548305,3
363.1569945,39.00145512,-76.49965367,-3.141548305,3
363.2072513,39.00145377,-76.49965367,-3.141548305,3
363.2575175,39.00145241,-76.49965367,-3.141548305,3
363.3077117,39.00145106,-76.49965367,-3.141548305,3
363.3579208,39.00144971,-76.49965367,-3.141548305,3
363.4081333,39.00144836,-76.49965367,-3.14155226,3
363.4583447,39.00144701,-76.49965367,-3.14155226,3
363.5085481,39.00144566,-76.49965367,-3.14155226,3
363.5588037,39.00144431,-76.49965367,-3.14155226,3
363.6090394,39.00144296,-76.49965367,-3.14155226,3
363.6593448,39.00144161,-76.49965367,-3.14155226,3
363.7095373,39.00144025,-76.49965367,-3.14155226,3
363.7597273,39.0014389,-76.49965367,-3.14155226,3
363.8099719,39.00143755,-76.49965367,-3.14155226,3
363.8601769,39.0014362,-76.49965367,-3.14155226,3
363.9103839,39.00143485,-76.49965367,-3.14155226,3
363.960577,39.0014335,-76.49965367,-3.14155226,3
364.0107589,39.00143215,-76.49965367,-3.14155226,3
364.060976,39.0014308,-76.49965367,-3.141555854,3
364.1112233,39.00142945,-76.49965367,-3.141555854,3
364.1614541,39.00142809,-76.49965367,-3.141555854,3
364.2116436,39.00142674,-76.49965367,-3.141555854,3
364.2618514,39.00142539,-76.49965367,-3.141555854,3
364.3120618,39.00142404,-76.49965367,-3.141555854,3
364.3623544,39.00142269,-76.49965367,-3.141555854,3
364.4125557,39.00142134,-76.49965367,-3.141555854,3
364.4627663,39.00141999,-76.49965367,-3.141555854,3
364.5129701,39.00141864,-76.49965367,-3.141555854,3
364.5632198,39.00141729,-76.49965367,-3.141555854,3
364.6135024,39.00141593,-76.49965367,-3.141555854,3
364.6637062,39.00141458,-76.49965367,-3.141555854,3
364.7139449,39.00141323,-76.49965367,-3.141555854,3
364.7641748,39.00141188,-76.49965367,-3.141559143,3
364.8143956,39.00141053,-76.49965367,-3.141559143,3
364.8646064,39.00140918,-76.49965367,-3.141559143,3
364.9148154,39.00140783,-76.49965367,-3.141559143,3
364.9650402,39.00140648,-76.49965367,-3.141559143,3
365.0152641,39.00140513,-76.49965367,-3.141559143,3
365.0655035,39.00140378,-76.49965367,-3.141559143,3
365.1156985,39.00140242,-76.49965367,-3.141559143,3
365.1659132,39.00140107,-76.49965367,-3.141559143,3
365.2161293,39.00139972,-76.49965367,-3.141559143,3
365.2663719,39.00139837,-76.49965367,-3.141559143,3
365.3165711,39.00139702,-76.49965367,-3.141559143,3
365.3667865,39.00139567,-76.49965367,-3.141559143,3
365.4169913,39.00139431,-76.49965367,-3.141562132,3
365.4671952,39.00139297,-76.49965367,-3.141562132,3
365.5174497,39.00139161,-76.49965367,-3.141562132,3
365.5676518,39.00139026,-76.49965367,-3.141562132,3
365.6178522,39.00138891,-76.49965367,-3.141562132,3
365.6680522,39.00138756,-76.49965367,-3.141562132,3
365.7183041,39.00138621,-76.49965367,-3.141562132,3
365.7685053,39.00138486,-76.49965367,-3.141562132,3
365.8187086,39.00138351,-76.49965367,-3.141562132,3
365.86891,39.00138215,-76.49965367,-3.141562132,3
365.9191651,39.0013808,-76.49965367,-3.141562132,3
365.9693955,39.00137945,-76.49965367,-3.141562132,3
366.019593,39.0013781,-76.49965367,-3.141562132,3
366.0698256,39.00137675,-76.49965367,-3.141564848,3
366.1200404,39.0013754,-76.49965367,-3.141564848,3
366.1702862,39.00137405,-76.49965367,-3.141564848,3
366.2204836,39.0013727,-76.49965367,-3.141564848,3
366.2707119,39.00137135,-76.49965367,-3.141564848,3
366.3209491,39.00136999,-76.49965367,-3.141564848,3
366.3711694,39.00136864,-76.49965367,-3.141564848,3
366.4214313,39.00136729,-76.49965367,-3.141564848,3
366.471664,39.00136594,-76.49965367,-3.141564848,3
366.5219664,39.00136459,-76.49965367,-3.141564848,3
366.5722175,39.00136324,-76.49965367,-3.141564848,3
366.6224186,39.00136189,-76.49965367,-3.141564848,3
366.6727271,39.00136054,-76.49965367,-3.141564848,3
366.7229498,39.00135919,-76.49965367,-3.141564848,3
366.7732349,39.00135783,-76.49965367,-3.141567333,3
366.8234669,39.00135648,-76.49965367,-3.141567333,3
366.8737149,39.00135513,-76.49965367,-3.141567333,3
366.9239461,39.00135378,-76.49965367,-3.141567333,3
366.9742368,39.00135243,-76.49965367,-3.141567333,3
367.0244354,39.00135108,-76.49965367,-3.141567333,3
367.0746737,39.00134973,-76.49965367,-3.141567333,3
367.1248872,39.00134838,-76.49965367,-3.141567333,3
367.1751852,39.00134702,-76.49965367,-3.141567333,3
367.2254308,39.00134567,-76.49965367,-3.141567333,3
367.2756852,39.00134432,-76.49965367,-3.141567333,3
367.3259099,39.00134297,-76.49965367,-3.141567333,3
367.3761866,39.00134162,-76.49965367,-3.141567333,3
367.4263887,39.00134027,-76.49965367,-3.141569591,3
367.4766398,39.00133892,-76.49965367,-3.141569591,3
367.5268663,39.00133757,-76.49965367,-3.141569591,3
367.577087,39.00133622,-76.49965367,-3.141569591,3
367.6273959,39.00133486,-76.49965367,-3.141569591,3
367.6776313,39.00133351,-76.49965367,-3.141569591,3
367.7278367,39.00133216,-76.49965367,-3.141569591,3
367.7780386,39.00133081,-76.49965367,-3.141569591,3
367.8282685,39.00132946,-76.49965367,-3.141569591,3
367.8784989,39.00132811,-76.49965367,-3.141569591,3
367.9287332,39.00132676,-76.49965367,-3.141569591,3
367.9789334,39.00132541,-76.49965367,-3.141569591,3
368.0291962,39.00132406,-76.49965367,-3.141569591,3
368.079471,39.0013227,-76.49965367,-3.141571643,3
368.1297135,39.00132135,-76.49965367,-3.141571643,3
368.1799825,39.00132,-76.49965367,-3.141571643,3
368.2302472,39.00131865,-76.49965367,-3.141571643,3
368.280462,39.0013173,-76.49965367,-3.141571643,3
368.3306862,39.00131595,-76.49965367,-3.141571643,3
368.3809085,39.0013146,-76.49965367,-3.141571643,3
368.4311611,39.00131324,-76.49965367,-3.141571643,3
368.48142,39.00131189,-76.49965367,-3.141571643,3
368.5316408,39.00131054,-76.49965367,-3.141571643,3
368.5819012,39.00130919,-76.49965367,-3.141571643,3
368.6321978,39.00130784,-76.49965367,-3.141571643,3
368.6824256,39.00130649,-76.49965367,-3.141571643,3
368.7326971,39.00130514,-76.49965367,-3.141571643,3
368.7829311,39.00130379,-76.49965367,-3.141573521,3
368.8331753,39.00130243,-76.49965367,-3.141573521,3
368.8833897,39.00130108,-76.49965367,-3.141573521,3
368.9336227,39.00129973,-76.49965367,-3.141573521,3
368.9838743,39.00129838,-76.49965367,-3.141573521,3
369.0341851,39.00129703,-76.49965367,-3.141573521,3
369.0844083,39.00129568,-76.49965367,-3.141573521,3
369.1347336,39.00129433,-76.49965367,-3.141573521,3
369.1849819,39.00129298,-76.49965367,-3.141573521,3
369.2353311,39.00129163,-76.49965367,-3.141573521,3
369.2855451,39.00129027,-76.49965367,-3.141573521,3
369.335759,39.00128893,-76.49965367,-3.141573521,3
369.3859691,39.00128757,-76.49965367,-3.141573521,3
369.4361742,39.00128622,-76.49965367,-3.141575227,3
369.486415,39.00128487,-76.49965367,-3.141575227,3
369.5366963,39.00128352,-76.49965367,-3.141575227,3
369.5869162,39.00128217,-76.49965367,-3.141575227,3
369.6371572,39.00128082,-76.49965367,-3.141575227,3
369.6873809,39.00127947,-76.49965367,-3.141575227,3
369.7375996,39.00127812,-76.49965367,-3.141575227,3
369.7878461,39.00127676,-76.49965367,-3.141575227,3
369.838081,39.00127541,-76.49965367,-3.141575227,3
369.888356,39.00127406,-76.49965367,-3.141575227,3
369.9385767,39.00127271,-76.49965367,-3.141575227,3
369.9888143,39.00127136,-76.49965367,-3.141575227,3
370.0390369,39.00127001,-76.49965367,-3.141575227,3
370.0892887,39.00126866,-76.49965367,-3.141576778,3
370.1395607,39.00126731,-76.49965368,-3.141576778,3
370.1897808,39.00126595,-76.49965368,-3.141576778,3
370.2400153,39.00126461,-76.49965368,-3.141576778,3
370.2902794,39.00126325,-76.49965368,-3.141576778,3
370.3405869,39.0012619,-76.49965368,-3.141576778,3
370.3908552,39.00126055,-76.49965368,-3.141576778,3
370.4410797,39.0012592,-76.49965368,-3.141576778,3
370.4913094,39.00125785,-76.49965368,-3.141576778,3
370.541605,39.0012565,-76.49965368,-3.141576778,3
370.5918739,39.00125514,-76.49965368,-3.141576778,3
370.6421663,39.00125379,-76.49965368,-3.141576778,3
370.6924419,39.00125244,-76.49965368,-3.141576778,3
370.7427093,39.00125109,-76.49965368,-3.141576778,3
370.7929939,39.00124974,-76.49965368,-3.141578197,3
370.8432555,39.00124839,-76.49965368,-3.141578197,3
370.8935754,39.00124704,-76.49965368,-3.141578197,3
370.9438415,39.00124569,-76.49965368,-3.141578197,3
370.9941357,39.00124434,-76.49965368,-3.141578197,3
371.0444111,39.00124298,-76.49965368,-3.141578197,3
371.0946552,39.00124164,-76.49965368,-3.141578197,3
371.1449191,39.00124028,-76.49965368,-3.141578197,3
371.1952277,39.00123893,-76.49965368,-3.141578197,3
371.2455201,39.00123623,-76.49965368,-3.141578197,3
371.2957662,39.00123488,-76.49965368,-3.141578197,3
371.3460331,39.00123353,-76.49965368,-3.141578197,3
371.3962809,39.00123218,-76.49965368,-3.141579486,3
371.4465416,39.00123082,-76.49965368,-3.141579486,3
371.4967496,39.00122947,-76.49965368,-3.141579486,3
371.5469924,39.00122812,-76.49965368,-3.141579486,3
371.5972018,39.00122677,-76.49965368,-3.141579486,3
371.6474432,39.00122542,-76.49965368,-3.141579486,3
371.6976528,39.00122407,-76.49965368,-3.141579486,3
371.7479048,39.00122272,-76.49965368,-3.141579486,3
371.7982098,39.00122137,-76.49965368,-3.141579486,3
371.8484698,39.00122001,-76.49965368,-3.141579486,3
371.898722,39.00121867,-76.49965368,-3.141579486,3
371.948935,39.00121731,-76.49965368,-3.141579486,3
371.9991541,39.00121596,-76.49965368,-3.141579486,3
372.0493679,39.00121461,-76.49965368,-3.141580658,3
372.0995494,39.00121326,-76.49965368,-3.141580658,3
372.1498213,39.00121191,-76.49965368,-3.141580658,3
372.2000727,39.00121056,-76.49965368,-3.141580658,3
372.250402,39.00120921,-76.49965368,-3.141580658,3
372.3006485,39.00120786,-76.49965368,-3.141580658,3
372.3509094,39.0012065,-76.49965368,-3.141580658,3
372.4011843,39.00120515,-76.49965368,-3.141580658,3
372.4514651,39.0012038,-76.49965368,-3.141580658,3
372.5016438,39.00120245,-76.49965368,-3.141580658,3
372.5518908,39.0012011,-76.49965368,-3.141580658,3
372.6021652,39.00119975,-76.49965368,-3.141580658,3
372.6523882,39.0011984,-76.49965368,-3.141580658,3
372.7026505,39.00119705,-76.49965368,-3.141580658,3
372.7529348,39.00119569,-76.49965368,-3.14158173,3
372.8031995,39.00119434,-76.49965368,-3.14158173,3
372.8534755,39.00119299,-76.49965368,-3.14158173,3
372.9036654,39.00119164,-76.49965368,-3.14158173,3
372.9538915,39.00119029,-76.49965368,-3.14158173,3
373.0040848,39.00118894,-76.49965368,-3.14158173,3
373.0542959,39.00118759,-76.49965368,-3.14158173,3
373.1044499,39.00118624,-76.49965368,-3.14158173,3
373.1546556,39.00118489,-76.49965368,-3.14158173,3
373.2048554,39.00118354,-76.49965368,-3.14158173,3
373.2551193,39.00118218,-76.49965368,-3.14158173,3
373.305319,39.00118083,-76.49965368,-3.14158173,3
373.3555039,39.00117948,-76.49965368,-3.14158173,3
373.4057339,39.00117813,-76.49965368,-3.141582704,3
373.4560581,39.00117678,-76.49965368,-3.141582704,3
373.5064903,39.00117543,-76.49965368,-3.141582704,3
373.5566795,39.00117407,-76.49965368,-3.141582704,3
373.6069307,39.00117273,-76.49965368,-3.141582704,3
373.6571717,39.00117137,-76.49965368,-3.141582704,3
373.7073924,39.00117002,-76.49965368,-3.141582704,3
373.7576442,39.00116867,-76.49965368,-3.141582704,3
373.8079153,39.00116732,-76.49965368,-3.141582704,3
373.8581705,39.00116597,-76.49965368,-3.141582704,3
373.9083913,39.00116462,-76.49965368,-3.141582704,3
373.9586546,39.00116327,-76.49965368,-3.141582704,3
374.0088606,39.00116192,-76.49965368,-3.141582704,3
374.0590629,39.00116056,-76.49965368,-3.141583589,3
374.1093133,39.00115921,-76.49965368,-3.141583589,3
374.1595259,39.00115786,-76.49965368,-3.141583589,3
374.2098551,39.00115651,-76.49965368,-3.141583589,3
374.2602004,39.00115516,-76.49965368,-3.141583589,3
374.310416,39.00115381,-76.49965368,-3.141583589,3
374.3606379,39.00115246,-76.49965368,-3.141583589,3
374.4108858,39.00115111,-76.49965368,-3.141583589,3
374.4611721,39.00114975,-76.49965368,-3.141583589,3
374.5115012,39.00114841,-76.49965368,-3.141583589,3
374.5616781,39.00114705,-76.49965368,-3.141583589,3
374.6118362,39.0011457,-76.49965368,-3.141583589,3
374.6620075,39.00114435,-76.49965368,-3.141583589,3
374.7122148,39.001143,-76.49965368,-3.141583589,3
374.7624051,39.00114165,-76.49965368,-3.141583896,3
374.8125935,39.0011403,-76.49965368,-3.141583896,3
374.8628078,39.00113894,-76.49965368,-3.141583896,3
374.9130064,39.00113759,-76.49965368,-3.141583896,3
374.9631892,39.00113624,-76.49965368,-3.141583896,3
375.0133884,39.00113489,-76.49965368,-3.141583896,3
375.0635837,39.00113354,-76.49965368,-3.141583896,3
375.11376,39.00113219,-76.49965368,-3.141583896,3
375.1639437,39.00113084,-76.49965368,-3.141583896,3
375.2141507,39.00112949,-76.49965368,-3.141583896,3
375.2643871,39.00112814,-76.49965368,-3.141583896,3
375.3146671,39.00112678,-76.49965368,-3.141583896,3
375.3648753,39.00112543,-76.49965368,-3.141583896,3
375.4150703,39.00112408,-76.49965368,-3.141584162,3
375.4653287,39.00112273,-76.49965368,-3.141584162,3
375.5155666,39.00112138,-76.49965368,-3.141584162,3
375.5658369,39.00112003,-76.49965368,-3.141584162,3
375.6160508,39.00111868,-76.49965368,-3.141584162,3
375.6662556,39.00111733,-76.49965368,-3.141584162,3
375.716451,39.00111597,-76.49965368,-3.141584162,3
375.7666209,39.00111462,-76.49965368,-3.141584162,3
375.8168702,39.00111327,-76.49965368,-3.141584162,3
375.8670667,39.00111192,-76.49965368,-3.141584162,3
375.9172854,39.00111057,-76.49965368,-3.141584162,3
375.9674614,39.00110922,-76.49965368,-3.141584162,3
376.0176492,39.00110787,-76.49965368,-3.141584162,3
376.0678638,39.00110652,-76.49965368,-3.141584439,3
376.1181337,39.00110516,-76.49965368,-3.141584439,3
376.1683848,39.00110381,-76.49965368,-3.141584439,3
376.2185864,39.00110246,-76.49965368,-3.141584439,3
376.2687838,39.00110111,-76.49965368,-3.141584439,3
376.3190225,39.00109976,-76.49965368,-3.141584439,3
376.3692723,39.00109841,-76.49965368,-3.141584439,3
376.4194827,39.00109706,-76.49965368,-3.141584439,3
376.4696938,39.00109571,-76.49965368,-3.141584439,3
376.5199009,39.00109436,-76.49965368,-3.141584439,3
376.5701372,39.00109301,-76.49965368,-3.141584439,3
376.6203294,39.00109165,-76.49965368,-3.141584439,3
376.6705209,39.00109031,-76.49965368,-3.141584439,3
376.7207068,39.00108895,-76.49965368,-3.141584439,3
376.7708954,39.0010876,-76.49965368,-3.141584731,3
376.8211202,39.00108625,-76.49965368,-3.141584731,3
376.8713289,39.0010849,-76.49965368,-3.141584731,3
376.9216208,39.00108355,-76.49965368,-3.141584731,3
376.9718579,39.0010822,-76.49965368,-3.141584731,3
377.022158,39.00108084,-76.49965368,-3.141584731,3
377.0724124,39.00107949,-76.49965368,-3.141584731,3
377.1226274,39.00107814,-76.49965368,-3.141584731,3
377.1728441,39.00107679,-76.49965368,-3.141584731,3
377.2231512,39.00107544,-76.49965368,-3.141584731,3
377.2734081,39.00107409,-76.49965368,-3.141584731,3
377.3236315,39.00107274,-76.49965368,-3.141584731,3
377.3739371,39.00107139,-76.49965368,-3.141584731,3
377.4241924,39.00107003,-76.49965368,-3.141585037,3
377.4744315,39.00106868,-76.49965368,-3.141585037,3
377.5246741,39.00106733,-76.49965368,-3.141585037,3
377.5748921,39.00106598,-76.49965368,-3.141585037,3
377.6251094,39.00106463,-76.49965368,-3.141585037,3
377.6753693,39.00106328,-76.49965368,-3.141585037,3
377.7256165,39.00106193,-76.49965368,-3.141585037,3
377.7759075,39.00106058,-76.49965368,-3.141585037,3
377.8262027,39.00105923,-76.49965368,-3.141585037,3
377.8764011,39.00105788,-76.49965368,-3.141585037,3
377.9266566,39.00105652,-76.49965368,-3.141585037,3
377.9768796,39.00105517,-76.49965368,-3.141585037,3
378.0271809,39.00105382,-76.49965368,-3.141585037,3
378.0774594,39.00105247,-76.49965368,-3.141585359,3
378.1276664,39.00105112,-76.49965368,-3.141585359,3
378.1778871,39.00104977,-76.49965368,-3.141585359,3
378.2281198,39.00104842,-76.49965368,-3.141585359,3
378.2783251,39.00104707,-76.49965368,-3.141585359,3
378.3285107,39.00104572,-76.49965368,-3.141585359,3
378.3787328,39.00104436,-76.49965368,-3.141585359,3
378.4289558,39.00104301,-76.49965368,-3.141585359,3
378.4791806,39.00104166,-76.49965368,-3.141585359,3
378.5293888,39.00104031,-76.49965368,-3.141585359,3
378.5795879,39.00103896,-76.49965368,-3.141585359,3
378.629815,39.00103761,-76.49965368,-3.141585359,3
378.6800184,39.00103626,-76.49965368,-3.141585359,3
378.7302742,39.00103491,-76.49965368,-3.141585359,3
378.7805394,39.00103355,-76.49965368,-3.141585704,3
378.8307745,39.0010322,-76.49965368,-3.141585704,3
378.8809985,39.00103085,-76.49965368,-3.141585704,3
378.9311937,39.0010295,-76.49965368,-3.141585704,3
378.9814132,39.00102815,-76.49965368,-3.141585704,3
379.031619,39.0010268,-76.49965368,-3.141585704,3
379.0818798,39.00102545,-76.49965368,-3.141585704,3
379.1321702,39.00102409,-76.49965368,-3.141585704,3
379.1823932,39.00102275,-76.49965368,-3.141585704,3
379.2326387,39.00102139,-76.49965368,-3.141585704,3
379.2828462,39.00102004,-76.49965368,-3.141585704,3
379.333162,39.00101869,-76.49965368,-3.141585704,3
379.3835093,39.00101734,-76.49965368,-3.141585704,3
379.4337715,39.00101599,-76.49965368,-3.141586634,3
379.4839743,39.00101464,-76.49965368,-3.141586634,3
379.5341625,39.00101329,-76.49965368,-3.141586634,3
379.5843499,39.00101194,-76.49965368,-3.141586634,3
379.6345453,39.00101058,-76.49965368,-3.141586634,3
379.684752,39.00100923,-76.49965368,-3.141586634,3
379.7349474,39.00100788,-76.49965368,-3.141586634,3
379.7851391,39.00100653,-76.49965368,-3.141586634,3
379.8353674,39.00100518,-76.49965368,-3.141586634,3
379.885582,39.00100383,-76.49965368,-3.141586634,3
379.9358092,39.00100248,-76.49965368,-3.141586634,3
379.986072,39.00100113,-76.49965368,-3.141586634,3
380.0363909,39.00099978,-76.49965368,-3.141586634,3
380.0866154,39.00099842,-76.49965368,-3.141587601,3
380.1369153,39.00099707,-76.49965368,-3.141587601,3
380.1871865,39.00099572,-76.49965368,-3.141587601,3
380.2375034,39.00099437,-76.49965368,-3.141587601,3
380.2877627,39.00099302,-76.49965368,-3.141587601,3
380.3380262,39.00099167,-76.49965368,-3.141587601,3
380.3883518,39.00099032,-76.49965368,-3.141587601,3
380.4386464,39.00098897,-76.49965368,-3.141587601,3
380.4889107,39.00098762,-76.49965368,-3.141587601,3
380.5391892,39.00098626,-76.49965368,-3.141587601,3
380.5894643,39.00098491,-76.49965368,-3.141587601,3
380.639701,39.00098356,-76.49965368,-3.141587601,3
380.6899393,39.00098221,-76.49965368,-3.141587601,3
380.7401775,39.00098086,-76.49965368,-3.141587601,3
380.7903921,39.00097951,-76.49965368,-3.141588419,3
380.8406874,39.00097815,-76.49965368,-3.141588419,3
380.8909575,39.00097681,-76.49965368,-3.141588419,3
380.9412196,39.00097545,-76.49965368,-3.141588419,3
380.9914762,39.0009741,-76.49965368,-3.141588419,3
381.0417388,39.00097275,-76.49965368,-3.141588419,3
381.092057,39.0009714,-76.49965368,-3.141588419,3
381.1423523,39.00097005,-76.49965368,-3.141588419,3
381.1926244,39.0009687,-76.49965368,-3.141588419,3
381.2429184,39.00096735,-76.49965368,-3.141588419,3
381.2932124,39.000966,-76.49965368,-3.141588419,3
381.3434694,39.00096465,-76.49965368,-3.141588419,3
381.3937379,39.00096329,-76.49965368,-3.141588419,3
381.4440322,39.00096194,-76.49965368,-3.141589102,3
381.494333,39.00096059,-76.49965368,-3.141589102,3
381.5446004,39.00095924,-76.49965368,-3.141589102,3
381.5948325,39.00095789,-76.49965368,-3.141589102,3
381.6451179,39.00095654,-76.49965368,-3.141589102,3
381.6954979,39.00095384,-76.49965368,-3.141589102,3
381.7457732,39.00095248,-76.49965368,-3.141589102,3
381.796024,39.00095113,-76.49965368,-3.141589102,3
381.8462999,39.00094978,-76.49965368,-3.141589102,3
381.896621,39.00094843,-76.49965368,-3.141589102,3
381.9469052,39.00094708,-76.49965368,-3.141589102,3
381.9972142,39.00094573,-76.49965368,-3.141589102,3
382.0474375,39.0009444,-76.49965368,-3.141589102,2.950039823
