elapsed_s,lat_deg,lon_deg,yaw_rad,speed_mps,depth_m,alt_asf_m
1.019e-06,39,-76.5,0,0,0,60
0.05019165,39,-76.5,0,0,0,60
0.100390291,39,-76.5,0,0,0,60
0.1505853,39.00000002,-76.5,6.235012506e-13,0.050042844,0,60
0.200825312,39.00000007,-76.5,3.176819996e-13,0.100012092,0,60
0.251017056,39.00000014,-76.5,4.315749053e-13,0.150008479,0,60
0.30123316,39.00000023,-76.5,-6.081058169e-12,0.200004162,0,60
0.351478972,39.00000034,-76.5,7.927799234e-12,0.250012054,0,60
0.401737312,39.00000047,-76.5,-3.985790866e-12,0.300020396,0,60
0.451940198,39.00000063,-76.5,3.945089299e-13,0.350036626,0,60
0.502126047,39.00000081,-76.5,-7.204493831e-12,0.400038343,0,60
0.552320874,39.00000101,-76.5,4.227993992e-12,0.450011985,0,60
0.60249431,39.00000124,-76.5,-4.294687499e-12,0.500074217,0,60
0.652705679,39.00000149,-76.5,-1.144357333e-11,0.549995431,0,60
0.702930646,39.00000176,-76.5,-6.581335801e-13,0.600050582,0,60
0.753139295,39.00000205,-76.5,9.448990707e-12,0.650006919,0,60
0.803320478,39.00000236,-76.5,8.257232805e-12,0.700004272,0,60
0.853534863,39.0000027,-76.5,1.4206498e-12,0.749997208,0,60
0.903744619,39.00000306,-76.5,-2.663802805e-12,0.800000726,0,60
0.95399853,39.00000345,-76.5,-1.810271259e-12,0.850002072,0,60
1.004231719,39.00000385,-76.5,-9.188092758e-12,0.900008539,0,60
1.054412451,39.00000428,-76.5,-7.82205211e-12,0.950000857,0,60
1.10460506,39.00000473,-76.5,-2.94455772e-12,1.000006914,0,60
1.154780387,39.0000052,-76.5,-8.172234509e-12,1.050000802,0,60
1.204976055,39.0000057,-76.5,1.042954797e-12,1.100006289,0,60
1.255144606,39.00000622,-76.5,-1.250133004e-12,1.150004829,0,60
1.305322631,39.00000676,-76.5,-1.644191125e-12,1.200071038,0,60
1.355497316,39.00000732,-76.5,1.555509666e-12,1.249996848,0,60
1.405662219,39.0000079,-76.5,1.233202568e-11,1.299998983,0,60
1.455861161,39.00000851,-76.5,1.519110343e-12,1.349994854,0,60
1.506027108,39.00000914,-76.5,-6.786843262e-12,1.39999852,0,60
1.556207544,39.0000098,-76.5,-1.293029606e-11,1.449994933,0,60
1.606392519,39.00001047,-76.5,5.284465914e-13,1.500004403,0,60
1.656571451,39.00001117,-76.5,7.551100776e-12,1.549994922,0,60
1.7067878,39.00001189,-76.5,-1.154200148e-11,1.599998774,0,60
1.757193437,39.00001263,-76.5,-1.18280104e-11,1.649998259,0,60
1.807396805,39.0000134,-76.5,-6.624424662e-13,1.699998754,0,60
1.857608447,39.00001419,-76.5,9.756381157e-12,1.749995562,0,60
1.907838538,39.000015,-76.5,-8.509015344e-13,1.800002528,0,60
1.958029709,39.00001583,-76.5,3.144413201e-12,1.849997619,0,60
2.008240763,39.00001669,-76.5,8.308185362e-12,1.900005969,0,60
2.05844041,39.00001757,-76.5,9.306560316e-12,1.949998221,0,60
2.108654324,39.00001847,-76.5,-1.184666729e-11,2.000054433,0,60
2.158849482,39.00001939,-76.5,-6.535688391e-13,2.049997643,0,60
2.20904572,39.00002034,-76.5,1.094199756e-11,2.100001809,0,60
2.259252028,39.0000213,-76.5,-1.486079627e-11,2.150007885,0,60
2.309440392,39.00002229,-76.5,-1.486922255e-11,2.19999967,0,60
2.359629899,39.00002331,-76.5,1.289159165e-11,2.249996077,0,60
2.409802602,39.00002434,-76.5,-4.923793906e-12,2.299999766,0,60
2.459989686,39.0000254,-76.5,-5.671060233e-12,2.349996529,0,60
2.510181847,39.00002648,-76.5,2.919811725e-12,2.400009082,0,60
2.560381509,39.00002759,-76.5,-8.634778326e-12,2.449987381,0,60
2.610562975,39.00002871,-76.5,-8.634778326e-12,2.500011679,0,60
2.660763182,39.00002986,-76.5,-4.789074783e-12,2.549997294,0,60
2.710936939,39.00003103,-76.5,1.8516278e-12,2.599999774,0,60
2.761210898,39.00003223,-76.5,-1.309370131e-11,2.649997746,0,60
2.811402111,39.00003344,-76.5,8.252287217e-12,2.700013141,0,60
2.861572784,39.00003468,-76.5,6.05038659e-12,2.749998988,0,60
2.911801175,39.00003594,-76.5,-7.640621704e-12,2.80000055,0,60
2.962021699,39.00003722,-76.5,-1.586293e-12,2.850001976,0,60
3.012198433,39.00003853,-76.5,6.306480297e-12,2.899994332,0,60
3.062375414,39.00003986,-76.5,6.21665797e-12,2.94999832,0,60
3.112670287,39.00004121,-76.5,-3.33721357e-12,3,0,60
3.162900637,39.00004256,-76.5,5.504868256e-13,3,0,60
3.213171749,39.00004391,-76.5,-1.243597521e-11,3,0,60
3.263388308,39.00004527,-76.5,-6.627356352e-12,3,0,60
3.313613604,39.00004662,-76.5,6.611774434e-12,3,0,60
3.363923752,39.00004797,-76.5,-9.873203153e-12,3,0,60
3.414127081,39.00004932,-76.5,-1.036702266e-11,3,0,60
3.464332163,39.00005067,-76.5,-1.232505603e-11,3,0,60
3.514516549,39.00005202,-76.5,-7.186271526e-12,3,0,60
3.564726112,39.00005337,-76.5,3.964574355e-12,3,0,60
3.614910608,39.00005472,-76.5,2.645037126e-12,3,0,60
3.665130602,39.00005607,-76.5,-6.65900217e-12,3,0,60
3.715318773,39.00005742,-76.5,7.227711299e-12,3,0,60
3.765513334,39.00005878,-76.5,2.189509871e-12,3,0,60
3.815711675,39.00006013,-76.5,-7.47485161e-12,3,0,60
3.865909316,39.00006148,-76.5,1.629432845e-12,3,0,60
3.916090008,39.00006283,-76.5,-9.943237492e-12,3,0,60
3.966306709,39.00006418,-76.5,-3.325855993e-12,3,0,60
4.016495826,39.00006553,-76.5,-5.539904112e-13,3,0,60
4.066723704,39.00006688,-76.5,4.912624013e-13,3,0,60
4.116910706,39.00006823,-76.5,2.765561056e-12,3,0,60
4.167112788,39.00006959,-76.5,-1.495092563e-11,3,0,60
4.217293179,39.00007094,-76.5,5.984801233e-12,3,0,60
4.267496111,39.00007229,-76.5,-2.145792269e-12,3,0,60
4.317719968,39.00007364,-76.5,-1.192536022e-11,3,0,60
4.367907246,39.00007499,-76.5,-4.434544229e-12,3,0,60
4.418083342,39.00007634,-76.5,-1.432375895e-12,3,0,60
4.468348939,39.00007769,-76.5,-4.328754536e-12,3,0,60
4.518617348,39.00007904,-76.5,1.143280845e-11,3,0,60
4.568834938,39.00008039,-76.5,-2.560920722e-12,3,0,60
4.619031302,39.00008175,-76.5,-3.931943104e-13,3,0,60
4.669267573,39.0000831,-76.5,2.607169779e-13,3,0,60
4.719482469,39.00008445,-76.5,5.233626181e-12,3,0,60
4.769760716,39.0000858,-76.5,-4.131502936e-12,3,0,60
4.819977094,39.00008715,-76.5,-8.678868223e-13,3,0,60
4.87023232,39.0000885,-76.5,6.37223675e-12,3,0,60
4.92045653,39.00008985,-76.5,5.784788205e-12,3,0,60
4.970720516,39.0000912,-76.5,-4.062367168e-12,3,0,60
5.021033589,39.00009255,-76.5,-7.050528345e-12,3,0,60
5.071213625,39.00009391,-76.5,3.327551946e-12,3,0,60
5.121410669,39.00009526,-76.5,3.388398294e-12,3,0,60
5.171621569,39.00009661,-76.5,-6.486528752e-12,3,0,60
5.221799451,39.00009796,-76.5,-5.330984942e-13,3,0,60
5.272031306,39.00009931,-76.5,-1.367146145e-12,3,0,60
5.322228348,39.00010066,-76.5,1.364746994e-12,3,0,60
5.372428239,39.00010201,-76.5,-6.460042073e-12,3,0,60
5.422649078,39.00010336,-76.5,9.204629473e-13,3,0,60
5.472872234,39.00010472,-76.5,2.829099351e-12,3,0,60
5.523038357,39.00010607,-76.5,-9.266207423e-12,3,0,60
5.573240578,39.00010742,-76.5,-1.07343515e-11,3,0,60
5.623426533,39.00010877,-76.5,-7.410758872e-12,3,0,60
5.673677196,39.00011012,-76.5,-4.448416343e-13,3,0,60
5.723967952,39.00011147,-76.5,-6.815510861e-13,3,0,60
5.774140921,39.00011282,-76.5,-1.038253962e-11,3,0,60
5.824335488,39.00011418,-76.5,-1.969222406e-12,3,0,60
5.874530012,39.00011552,-76.5,1.32600086e-11,3,0,60
5.924761235,39.00011688,-76.5,-1.456592085e-11,3,0,60
5.97498356,39.00011823,-76.5,1.917664415e-12,3,0,60
6.025189063,39.00011958,-76.5,-5.066036191e-12,3,0,60
6.075431209,39.00012093,-76.5,-1.115726258e-11,3,0,60
6.125634005,39.00012228,-76.5,-1.282333681e-12,3,0,60
6.175858299,39.00012363,-76.5,3.520583648e-12,3,0,60
6.226041336,39.00012498,-76.5,-8.394985997e-12,3,0,60
6.276239425,39.00012633,-76.5,-9.506161028e-12,3,0,60
6.326476308,39.00012769,-76.5,-1.149112601e-12,3,0,60
6.376670543,39.00012904,-76.5,-1.215317303e-11,3,0,60
6.426893942,39.00013039,-76.5,3.204943117e-12,3,0,60
6.477209666,39.00013174,-76.5,-2.032526235e-12,3,0,60
6.527450642,39.00013309,-76.5,6.086958409e-12,3,0,60
6.577667972,39.00013444,-76.5,8.635329945e-12,3,0,60
6.627930568,39.00013579,-76.5,1.063293104e-11,3,0,60
6.678135422,39.00013714,-76.5,2.748511979e-13,3,0,60
6.728342299,39.00013849,-76.5,9.454310707e-12,3,0,60
6.778530514,39.00013985,-76.5,-3.13250221e-12,3,0,60
6.828751302,39.0001412,-76.5,-4.267887863e-12,3,0,60
6.878983407,39.00014255,-76.5,-6.641755536e-14,3,0,60
6.929212885,39.0001439,-76.5,2.005550937e-12,3,0,60
6.979431116,39.00014525,-76.5,4.002156667e-12,3,0,60
7.029628382,39.0001466,-76.5,-3.16356665e-12,3,0,60
7.079842406,39.00014795,-76.5,-6.617598931e-12,3,0,60
7.13004512,39.0001493,-76.5,1.47212635e-12,3,0,60
7.180343214,39.00015066,-76.5,-7.659858931e-12,3,0,60
7.230622116,39.00015201,-76.5,-6.299722902e-12,3,0,60
7.280829898,39.00015336,-76.5,3.028366695e-12,3,0,60
7.331008312,39.00015471,-76.5,-6.497331359e-14,3,0,60
7.381211705,39.00015606,-76.5,7.385492394e-12,3,0,60
7.431414271,39.00015741,-76.5,-5.2823632e-12,3,0,60
7.481649539,39.00015876,-76.5,-8.189466209e-12,3,0,60
7.531905537,39.00016011,-76.5,-3.153479511e-12,3,0,60
7.582091868,39.00016146,-76.5,-1.434613472e-11,3,0,60
7.632266674,39.00016282,-76.5,-1.41114732e-12,3,0,60
7.682437065,39.00016417,-76.5,-6.33207238e-12,3,0,60
7.732618632,39.00016552,-76.5,-5.677137774e-12,3,0,60
7.782799422,39.00016687,-76.5,-8.838780102e-13,3,0,60
7.833056563,39.00016822,-76.5,1.125871858e-12,3,0,60
7.88325318,39.00016957,-76.5,-2.116036237e-12,3,0,60
7.933499551,39.00017092,-76.5,-6.432207644e-12,3,0,60
7.983665874,39.00017227,-76.5,-9.3106956e-12,3,0,60
8.033829319,39.00017362,-76.5,1.053087708e-11,3,0,60
8.084105089,39.00017633,-76.5,3.185571973e-12,3,0,60
8.134285208,39.00017768,-76.5,9.089526647e-12,3,0,60
8.184505237,39.00017903,-76.5,8.503428039e-12,3,0,60
8.234682563,39.00018038,-76.5,-7.716385963e-13,3,0,60
8.284848899,39.00018173,-76.5,-9.747429395e-12,3,0,60
8.335025969,39.00018308,-76.5,6.366238122e-12,3,0,60
8.385229853,39.00018443,-76.5,-8.81438038e-14,3,0,60
8.435447536,39.00018579,-76.5,8.902350833e-12,3,0,60
8.48563492,39.00018714,-76.5,-2.642408926e-12,3,0,60
8.535866954,39.00018849,-76.5,6.9016004e-13,3,0,60
8.586068011,39.00018984,-76.5,-2.503537768e-12,3,0,60
8.636256798,39.00019119,-76.5,2.075893267e-12,3,0,60
8.686433715,39.00019254,-76.5,-6.042965031e-12,3,0,60
8.736618305,39.00019389,-76.5,-8.060458174e-12,3,0,60
8.786786006,39.00019524,-76.5,4.79178201e-12,3,0,60
8.836951328,39.00019659,-76.5,-9.292616408e-12,3,0,60
8.887115586,39.00019795,-76.5,-8.109044324e-12,3,0,60
8.937290328,39.0001993,-76.5,1.102422594e-11,3,0,60
8.987537543,39.00020065,-76.5,2.97534384e-12,3,0,60
9.03777774,39.000202,-76.5,6.903219096e-13,3,0,60
9.087955223,39.00020335,-76.5,4.664567193e-12,3,0,60
9.138121941,39.0002047,-76.5,-1.632534913e-12,3,0,60
9.188376289,39.00020605,-76.5,7.130022495e-12,3,0,60
9.238632358,39.0002074,-76.5,-1.706780275e-12,3,0,60
9.288889331,39.00020876,-76.5,-2.648053423e-12,3,0,60
9.339080528,39.00021011,-76.5,7.223121235e-12,3,0,60
9.389322643,39.00021146,-76.5,1.384310327e-12,3,0,60
9.439514386,39.00021281,-76.5,8.647447964e-13,3,0,60
9.489726475,39.00021416,-76.5,-4.716675743e-13,3,0,60
9.539909294,39.00021551,-76.5,-1.211436535e-11,3,0,60
9.59008433,39.00021686,-76.5,-7.600814159e-12,3,0,60
9.640242809,39.00021821,-76.5,-2.384733482e-12,3,0,60
9.690395951,39.00021956,-76.5,-5.013300204e-12,3,0,60
9.740553725,39.00022092,-76.5,4.997574695e-12,3,0,60
9.790722929,39.00022227,-76.5,7.845623147e-12,3,0,60
9.840871114,39.00022362,-76.5,-3.228040364e-12,3,0,60
9.891033657,39.00022497,-76.5,-8.604898853e-12,3,0,60
9.941214919,39.00022632,-76.5,1.789395547e-12,3,0,60
9.991405669,39.00022767,-76.5,4.614688802e-12,3,0,60
10.04158515,39.00022902,-76.5,4.614688802e-12,3,0,60
10.09185229,39.00023037,-76.5,2.584656715e-12,3,0,60
10.14207695,39.00023172,-76.5,-1.157944993e-11,3,0,60
10.19225257,39.00023308,-76.5,-1.877243819e-12,3,0,60
10.24244057,39.00023443,-76.5,-5.937824276e-12,3,0,60
10.2926226,39.00023578,-76.5,-3.316257628e-12,3,0,60
10.3427843,39.00023713,-76.5,-6.613784316e-12,3,0,60
10.39295988,39.00023848,-76.5,8.230885129e-12,3,0,60
10.44317752,39.00023983,-76.5,-4.735935194e-12,3,0,60
10.49341887,39.00024118,-76.5,1.655578966e-12,3,0,60
10.54360787,39.00024253,-76.5,-1.260640673e-11,3,0,60
10.59373201,39.00024389,-76.5,-4.693521509e-13,3,0,60
10.6438983,39.00024524,-76.5,2.966644589e-12,3,0,60
10.69406411,39.00024659,-76.5,-4.442206767e-12,3,0,60
10.74426619,39.00024794,-76.5,-1.134284906e-11,3,0,60
10.79443819,39.00024929,-76.5,1.355710225e-11,3,0,60
10.84465365,39.00025064,-76.5,-6.370093398e-12,3,0,60
10.89483455,39.00025199,-76.5,1.471076079e-12,3,0,60
10.94501852,39.00025334,-76.5,-2.774347963e-12,3,0,60
10.99518573,39.00025469,-76.5,1.291066673e-11,3,0,60
11.04535912,39.00025605,-76.5,-1.133334915e-12,3,0,60
11.09553488,39.0002574,-76.5,4.739152814e-12,3,0,60
11.14573396,39.00025875,-76.5,-6.07969396e-12,3,0,60
11.19590736,39.0002601,-76.5,2.490766581e-12,3,0,60
11.24608352,39.00026145,-76.5,-5.428579413e-12,3,0,60
11.29630661,39.0002628,-76.5,2.972411327e-12,3,0,60
11.34649318,39.00026415,-76.5,5.283740254e-13,3,0,60
11.39668465,39.0002655,-76.5,-1.085219173e-11,3,0,60
11.44686135,39.00026685,-76.5,9.589876053e-13,3,0,60
11.4972821,39.00026821,-76.5,9.169499086e-12,3,0,60
11.54750311,39.00026956,-76.5,-5.494941116e-12,3,0,60
11.59772399,39.00027091,-76.5,9.620827934e-13,3,0,60
11.64789333,39.00027226,-76.5,-1.073570847e-11,3,0,60
11.6980604,39.00027361,-76.5,-4.508357324e-12,3,0,60
11.74827487,39.00027496,-76.5,-1.640651638e-12,3,0,60
11.7984549,39.00027631,-76.5,-1.053615582e-12,3,0,60
11.84864003,39.00027766,-76.5,2.797516701e-12,3,0,60
11.89881036,39.00027902,-76.5,-7.511326505e-12,3,0,60
11.94900591,39.00028037,-76.5,-1.684971407e-12,3,0,60
11.99917631,39.00028172,-76.5,-4.991396945e-12,3,0,60
12.04936941,39.00028307,-76.5,-2.193387342e-12,3,0,60
12.09957619,39.00028442,-76.5,-8.170682064e-13,3,0,60
12.14973273,39.00028577,-76.5,2.455107638e-12,3,0,60
12.19990083,39.00028712,-76.5,1.896631744e-12,3,0,60
12.25007453,39.00028847,-76.5,-7.736399314e-12,3,0,60
12.30025531,39.00028982,-76.5,4.346554101e-12,3,0,60
12.35043152,39.00029118,-76.5,-6.061317385e-14,3,0,60
12.40062609,39.00029253,-76.5,1.826569453e-13,3,0,60
12.45079612,39.00029388,-76.5,5.943471284e-12,3,0,60
12.50098785,39.00029523,-76.5,-4.443313608e-12,3,0,60
12.55116347,39.00029658,-76.5,-3.826266045e-12,3,0,60
12.60172928,39.00029793,-76.5,5.653150484e-12,3,0,60
12.65219684,39.00029928,-76.5,5.628058629e-12,3,0,60
12.70238086,39.00030063,-76.5,1.22999966e-11,3,0,60
12.75261347,39.00030198,-76.5,-1.91340569e-12,3,0,60
12.80277739,39.00030334,-76.5,1.307369186e-11,3,0,60
12.85295499,39.00030469,-76.5,-2.819035407e-13,3,0,60
12.90314295,39.00030604,-76.5,4.789935137e-13,3,0,60
12.9533619,39.00030739,-76.5,5.612181061e-12,3,0,60
13.00355897,39.00030874,-76.5,5.964766786e-12,3,0,60
13.05375987,39.00031009,-76.5,-6.129622163e-12,3,0,60
13.10399825,39.00031144,-76.5,1.312235968e-11,3,0,60
13.15419538,39.00031279,-76.5,4.662864388e-12,3,0,60
13.20443346,39.00031415,-76.5,2.315250695e-12,3,0,60
13.25468279,39.0003155,-76.5,-8.522767888e-13,3,0,60
13.30488452,39.00031685,-76.5,-9.425492124e-12,3,0,60
13.35507933,39.0003182,-76.5,2.993109754e-12,3,0,60
13.40530156,39.00031955,-76.5,2.013355295e-12,3,0,60
13.4554926,39.0003209,-76.5,6.589035116e-12,3,0,60
13.50572183,39.00032226,-76.5,1.850443859e-12,3,0,60
13.55591909,39.00032361,-76.5,-8.704615136e-12,3,0,60
13.60612226,39.00032496,-76.5,2.40278719e-12,3,0,60
13.65631936,39.00032631,-76.5,-1.787121484e-12,3,0,60
13.70650332,39.00032766,-76.5,-6.595910083e-12,3,0,60
13.75671349,39.00032901,-76.5,-6.689643691e-12,3,0,60
13.80689031,39.00033036,-76.5,-3.166405343e-12,3,0,60
13.85709119,39.00033171,-76.5,-2.413871835e-12,3,0,60
13.90728858,39.00033306,-76.5,3.898304173e-12,3,0,60
13.95749309,39.00033441,-76.5,9.65328965e-12,3,0,60
14.00767202,39.00033576,-76.5,3.693782481e-12,3,0,60
14.05785859,39.00033712,-76.5,-1.215616233e-11,3,0,60
14.10808655,39.00033847,-76.5,-3.769238902e-12,3,0,60
14.15829104,39.00033982,-76.5,-5.156371337e-12,3,0,60
14.20850125,39.00034117,-76.5,5.555794643e-13,3,0,60
14.25868874,39.00034252,-76.5,-1.001842445e-13,3,0,60
14.3088693,39.00034387,-76.5,-8.178648819e-12,3,0,60
14.35909965,39.00034522,-76.5,-7.077512848e-12,3,0,60
14.40931647,39.00034657,-76.5,-1.027939731e-11,3,0,60
14.45951881,39.00034792,-76.5,1.031389496e-12,3,0,60
14.50975483,39.00034928,-76.5,-6.291935936e-13,3,0,60
14.56001686,39.00035063,-76.5,6.155413114e-12,3,0,60
14.61025565,39.00035198,-76.5,1.106085357e-11,3,0,60
14.66046473,39.00035333,-76.5,-7.487509383e-12,3,0,60
14.71063206,39.00035468,-76.5,-7.04625155e-12,3,0,60
14.7608223,39.00035603,-76.5,-1.366141541e-11,3,0,60
14.811002,39.00035738,-76.5,-1.211154032e-11,3,0,60
14.86118602,39.00035873,-76.5,-2.806980167e-12,3,0,60
14.91141675,39.00036009,-76.5,-5.85651435e-12,3,0,60
14.96165291,39.00036144,-76.5,7.380880851e-12,3,0,60
15.0118982,39.00036279,-76.5,9.180214076e-12,3,0,60
15.06212833,39.00036414,-76.5,-1.104821411e-11,3,0,60
15.11235457,39.00036549,-76.5,3.562136168e-12,3,0,60
15.16255221,39.00036684,-76.5,-5.186338129e-13,3,0,60
15.21281187,39.00036819,-76.5,-7.650908337e-13,3,0,60
15.26300972,39.00036954,-76.5,5.577037709e-12,3,0,60
15.31321731,39.0003709,-76.5,4.28142319e-12,3,0,60
15.36341552,39.00037225,-76.5,-6.096241724e-12,3,0,60
15.41361793,39.0003736,-76.5,4.75091609e-12,3,0,60
15.46383714,39.00037495,-76.5,4.345847835e-12,3,0,60
15.51406988,39.0003763,-76.5,2.056150635e-13,3,0,60
15.56431736,39.00037765,-76.5,5.332220155e-13,3,0,60
15.6145573,39.000379,-76.5,3.660920043e-12,3,0,60
15.6648005,39.00038035,-76.5,1.141877902e-11,3,0,60
15.71505261,39.0003817,-76.5,-2.466300286e-12,3,0,60
15.76528556,39.00038305,-76.5,3.130945299e-12,3,0,60
15.81553573,39.00038441,-76.5,2.495699979e-12,3,0,60
15.86576816,39.00038576,-76.5,2.621654949e-12,3,0,60
15.9160026,39.00038711,-76.5,-4.630939934e-12,3,0,60
15.96624586,39.00038846,-76.5,-4.353433829e-12,3,0,60
16.01648937,39.00038981,-76.5,7.722073115e-12,3,0,60
16.06671971,39.00039116,-76.5,1.220202071e-11,3,0,60
16.11697368,39.00039251,-76.5,5.874367098e-13,3,0,60
16.16723908,39.00039387,-76.5,4.623779611e-12,3,0,60
16.21748375,39.00039522,-76.5,2.855284511e-14,3,0,60
16.26771187,39.00039657,-76.5,-2.614965785e-12,3,0,60
16.31796941,39.00039792,-76.5,3.196257467e-12,3,0,60
16.36819407,39.00039927,-76.5,-4.007473887e-12,3,0,60
16.41840988,39.00040062,-76.5,-1.288087191e-12,3,0,60
16.46876215,39.00040197,-76.5,1.388634919e-12,3,0,60
16.51902742,39.00040332,-76.5,-6.498341809e-12,3,0,60
16.56927145,39.00040467,-76.5,2.111610104e-12,3,0,60
16.61951445,39.00040602,-76.5,-2.362712508e-12,3,0,60
16.66975304,39.00040738,-76.5,-6.22124599e-12,3,0,60
16.71999016,39.00040873,-76.5,-4.346017746e-12,3,0,60
16.77024713,39.00041008,-76.5,-9.447230008e-12,3,0,60
16.82042766,39.00041143,-76.5,-4.643304891e-12,3,0,60
16.87065424,39.00041278,-76.5,-1.859431772e-12,3,0,60
16.9208619,39.00041413,-76.5,1.151288914e-11,3,0,60
16.97107205,39.00041548,-76.5,8.354039342e-12,3,0,60
17.0212732,39.00041683,-76.5,-5.077274187e-12,3,0,60
17.07148713,39.00041819,-76.5,2.214857329e-12,3,0,60
17.12172068,39.00041954,-76.5,-5.822927322e-12,3,0,60
17.17194282,39.00042089,-76.5,3.454100069e-12,3,0,60
17.22216145,39.00042224,-76.5,-4.815033918e-12,3,0,60
17.27239843,39.00042359,-76.5,-6.428427021e-12,3,0,60
17.32267101,39.00042495,-76.5,-2.327224574e-12,3,0,60
17.37290062,39.00042629,-76.5,-2.327224574e-12,3,0,60
17.4231799,39.00042764,-76.5,-6.899049776e-12,3,0,60
17.47338745,39.00042899,-76.5,-2.486954979e-12,3,0,60
17.52368686,39.00043035,-76.5,3.255377408e-12,3,0,60
17.57393862,39.0004317,-76.5,-6.044242004e-12,3,0,60
17.62417701,39.00043305,-76.5,1.302453761e-12,3,0,60
17.67441524,39.0004344,-76.5,8.772545667e-12,3,0,60
17.72468831,39.00043575,-76.5,8.713407936e-12,3,0,60
17.77495772,39.0004371,-76.5,-2.906189515e-12,3,0,60
17.82519647,39.00043845,-76.5,-6.489169757e-12,3,0,60
17.87544527,39.0004398,-76.5,-3.515184434e-12,3,0,60
17.92574471,39.00044115,-76.5,2.717003217e-12,3,0,60
17.97599517,39.00044251,-76.5,-5.706710697e-12,3,0,60
18.02626122,39.00044386,-76.5,4.674159417e-12,3,0,60
18.07649549,39.00044521,-76.5,-9.119955053e-12,3,0,60
18.12678785,39.00044656,-76.5,-6.388105431e-12,3,0,60
18.17703368,39.00044791,-76.5,1.056578936e-11,3,0,60
18.22726871,39.00044926,-76.5,-7.674025804e-12,3,0,60
18.27751211,39.00045061,-76.5,-9.437159267e-12,3,0,60
18.32775168,39.00045196,-76.5,1.009677625e-12,3,0,60
18.37797096,39.00045332,-76.5,-3.779201602e-12,3,0,60
18.42819288,39.00045467,-76.5,9.338240757e-14,3,0,60
18.47841431,39.00045602,-76.5,-1.515243101e-11,3,0,60
18.52865207,39.00045737,-76.5,1.069839871e-12,3,0,60
18.57888309,39.00045872,-76.5,-1.064146868e-11,3,0,60
18.62911529,39.00046007,-76.5,9.972861795e-12,3,0,60
18.67932428,39.00046142,-76.5,-1.106537091e-11,3,0,60
18.72962362,39.00046277,-76.5,1.454591762e-13,3,0,60
18.77992424,39.00046412,-76.5,6.152129381e-12,3,0,60
18.83017803,39.00046548,-76.5,5.165003685e-12,3,0,60
18.88043056,39.00046683,-76.5,-4.504669948e-12,3,0,60
18.93067384,39.00046818,-76.5,2.847726533e-12,3,0,60
18.9809138,39.00046953,-76.5,8.977108635e-12,3,0,60
19.03109445,39.00047088,-76.5,-9.041089227e-12,3,0,60
19.08126404,39.00047223,-76.5,2.534408511e-12,3,0,60
19.13147478,39.00047358,-76.5,7.636828079e-12,3,0,60
19.1817364,39.00047493,-76.5,-1.193834753e-12,3,0,60
19.23193944,39.00047629,-76.5,3.30774453e-12,3,0,60
19.28215365,39.00047764,-76.5,-3.573551674e-12,3,0,60
19.33235739,39.00047899,-76.5,-8.674203715e-12,3,0,60
19.38253266,39.00048034,-76.5,2.401022482e-12,3,0,60
19.43275068,39.00048169,-76.5,-7.421505732e-12,3,0,60
19.48292725,39.00048304,-76.5,5.653804102e-12,3,0,60
19.53311558,39.00048439,-76.5,5.093412694e-12,3,0,60
19.58332367,39.00048575,-76.5,-9.00451471e-13,3,0,60
19.63350929,39.00048713,-76.5,-3.83854513e-12,3,0,60
19.68370272,39.00048845,-76.5,7.044106679e-15,3,0,60
19.7338769,39.0004898,-76.5,9.267406308e-12,3,0,60
19.78404812,39.0004925,-76.5,-2.703382451e-12,3,0,60
19.83420475,39.00049385,-76.5,6.547536594e-12,3,0,60
19.88438972,39.0004952,-76.5,-1.41894046e-12,3,0,60
19.93458075,39.00049655,-76.5,1.387707799e-11,3,0,60
19.98477523,39.0004979,-76.5,-2.392164641e-13,3,0,60
20.03494519,39.00049925,-76.5,1.945109607e-12,3,0,60
20.08518094,39.00050061,-76.5,-4.265715279e-12,3,0,60
20.13535566,39.00050196,-76.5,6.953425451e-12,3,0,60
20.18555785,39.00050331,-76.5,4.773395807e-13,3,0,60
20.23579558,39.00050466,-76.5,-8.251378865e-12,3,0,60
20.28597351,39.00050601,-76.5,-6.312967655e-12,3,0,60
20.33615546,39.00050736,-76.5,-4.443640484e-12,3,0,60
20.38632663,39.00050871,-76.5,-8.221632566e-12,3,0,60
20.43649482,39.00051006,-76.5,6.277355421e-12,3,0,60
20.48669494,39.00051142,-76.5,-2.092226346e-12,3,0,60
20.53687325,39.00051277,-76.5,-2.306929179e-12,3,0,60
20.58705141,39.00051412,-76.5,1.411064703e-12,3,0,60
20.63721876,39.00051547,-76.5,2.270676152e-13,3,0,60
20.68739717,39.00051682,-76.5,1.17068199e-11,3,0,60
20.73756798,39.00051817,-76.5,-1.460342924e-12,3,0,60
20.78776968,39.00051952,-76.5,-2.229027554e-12,3,0,60
20.83793783,39.00052087,-76.5,6.226231066e-13,3,0,60
20.88812023,39.00052222,-76.5,2.135914586e-12,3,0,60
20.93829197,39.00052358,-76.5,-2.613591198e-12,3,0,60
20.988465,39.00052493,-76.5,2.604104e-12,3,0,60
21.03866949,39.00052628,-76.5,6.605601879e-12,3,0,60
21.08885188,39.00052763,-76.5,2.509644112e-12,3,0,60
21.13902772,39.00052898,-76.5,9.776541664e-12,3,0,60
21.18919995,39.00053033,-76.5,-2.406084299e-12,3,0,60
21.23937786,39.00053168,-76.5,2.46301147e-12,3,0,60
21.28967366,39.00053304,-76.5,-8.507628431e-12,3,0,60
21.33987611,39.00053438,-76.5,-3.678335174e-12,3,0,60
21.39011888,39.00053574,-76.5,2.260616433e-12,3,0,60
21.44028243,39.00053709,-76.5,9.438965882e-12,3,0,60
21.49043925,39.00053844,-76.5,9.439169948e-12,3,0,60
21.54062688,39.00053979,-76.5,-3.993512572e-13,3,0,60
21.59079692,39.00054114,-76.5,-5.674427576e-12,3,0,60
21.64099621,39.00054249,-76.5,3.947358058e-12,3,0,60
21.69117826,39.00054384,-76.5,1.19976539e-11,3,0,60
21.74138783,39.00054519,-76.5,-3.575876546e-12,3,0,60
21.79156305,39.00054655,-76.5,-1.002890319e-12,3,0,60
21.84172743,39.0005479,-76.5,9.493687512e-12,3,0,60
21.89189696,39.00054925,-76.5,3.169826819e-12,3,0,60
21.94207124,39.0005506,-76.5,-8.847232522e-12,3,0,60
21.99224227,39.00055195,-76.5,1.685797717e-12,3,0,60
22.04246178,39.0005533,-76.5,-7.267904625e-13,3,0,60
22.09263969,39.00055465,-76.5,4.383255497e-12,3,0,60
22.14282912,39.000556,-76.5,1.872170114e-13,3,0,60
22.19301247,39.00055735,-76.5,1.681905578e-12,3,0,60
22.24319561,39.00055871,-76.5,-3.285173224e-13,3,0,60
22.29339914,39.00056006,-76.5,9.540053434e-12,3,0,60
22.34356924,39.00056141,-76.5,8.528309938e-12,3,0,60
22.39379052,39.00056276,-76.5,5.144436778e-12,3,0,60
22.44397034,39.00056411,-76.5,-2.927635703e-12,3,0,60
22.49414715,39.00056546,-76.5,-2.781588386e-12,3,0,60
22.54438805,39.00056681,-76.5,7.345217501e-13,3,0,60
22.59458073,39.00056816,-76.5,-3.684123331e-12,3,0,60
22.64480984,39.00056952,-76.5,5.046628007e-12,3,0,60
22.69498995,39.00057087,-76.5,-2.987377504e-12,3,0,60
22.74515943,39.00057222,-76.5,3.912189569e-12,3,0,60
22.79533651,39.00057357,-76.5,7.025869042e-12,3,0,60
22.84552459,39.00057492,-76.5,-1.731374496e-12,3,0,60
22.89575147,39.00057627,-76.5,4.441101235e-12,3,0,60
22.94592961,39.00057762,-76.5,-4.391159828e-13,3,0,60
22.99612027,39.00057897,-76.5,-2.414196743e-12,3,0,60
23.04630147,39.00058032,-76.5,-8.229720244e-12,3,0,60
23.09651439,39.00058168,-76.5,5.21229369e-12,3,0,60
23.14671587,39.00058303,-76.5,-2.183901601e-12,3,0,60
23.19689168,39.00058438,-76.5,9.502451053e-12,3,0,60
23.24715828,39.00058573,-76.5,-8.575642794e-12,3,0,60
23.29734685,39.00058708,-76.5,5.752447924e-12,3,0,60
23.34753905,39.00058843,-76.5,-4.700309862e-12,3,0,60
23.39774765,39.00058978,-76.5,3.056065698e-12,3,0,60
23.44791993,39.00059113,-76.5,-7.701022564e-12,3,0,60
23.4980915,39.00059248,-76.5,-3.333071654e-13,3,0,60
23.54827155,39.00059384,-76.5,-1.345942302e-11,3,0,60
23.59845474,39.00059519,-76.5,-6.42617058e-12,3,0,60
23.64868619,39.00059654,-76.5,8.296658267e-12,3,0,60
23.69885716,39.00059789,-76.5,2.065809074e-12,3,0,60
23.74907664,39.00059924,-76.5,9.423481321e-12,3,0,60
23.79926002,39.0006006,-76.5,1.261868408e-12,3,0,60
23.84943612,39.00060194,-76.5,-2.238390461e-13,3,0,60
23.89963198,39.00060329,-76.5,-6.129783437e-12,3,0,60
23.94976955,39.00060465,-76.5,-6.308158973e-12,3,0,60
23.99998692,39.000606,-76.5,2.929677923e-12,3,0,60
24.05016452,39.00060735,-76.5,-6.389726976e-13,3,0,60
24.10034626,39.0006087,-76.5,1.396331189e-11,3,0,60
24.15053623,39.00061005,-76.5,5.658959743e-12,3,0,60
24.20074141,39.0006114,-76.5,-1.149684687e-11,3,0,60
24.25097185,39.00061275,-76.5,1.227846315e-11,3,0,60
24.30114979,39.0006141,-76.5,-3.644154758e-12,3,0,60
24.35139362,39.00061546,-76.5,4.868830633e-12,3,0,60
24.40162669,39.00061681,-76.5,7.277625871e-12,3,0,60
24.45186829,39.00061816,-76.5,1.004989718e-11,3,0,60
24.50204616,39.00061951,-76.5,-3.881687916e-12,3,0,60
24.55224399,39.00062086,-76.5,3.774360849e-12,3,0,60
24.60242708,39.00062221,-76.5,4.268883573e-12,3,0,60
24.65261639,39.00062356,-76.5,1.468464859e-14,3,0,60
24.70279918,39.00062491,-76.5,5.257016164e-13,3,0,60
24.75298915,39.00062627,-76.5,3.257921302e-12,3,0,60
24.80324224,39.00062762,-76.5,3.257921302e-12,3,0,60
24.85343354,39.00062897,-76.5,5.390046955e-12,3,0,60
24.90363917,39.00063032,-76.5,-1.72891069e-12,3,0,60
24.95384756,39.00063167,-76.5,-3.168619729e-12,3,0,60
25.00407652,39.00063302,-76.5,-6.597639275e-12,3,0,60
25.0542651,39.00063437,-76.5,1.427851662e-12,3,0,60
25.10448325,39.00063572,-76.5,1.388259175e-11,3,0,60
25.15466685,39.00063707,-76.5,5.120141582e-12,3,0,60
25.2048659,39.00063842,-76.5,-4.654767599e-12,3,0,60
25.25510051,39.00063978,-76.5,5.60568636e-12,3,0,60
25.30530386,39.00064113,-76.5,1.83155245e-13,3,0,60
25.35550014,39.00064248,-76.5,-1.835067943e-12,3,0,60
25.4057189,39.00064383,-76.5,-1.248191744e-11,3,0,60
25.45594957,39.00064518,-76.5,8.976450482e-12,3,0,60
25.50612125,39.00064653,-76.5,8.284535245e-12,3,0,60
25.55629506,39.00064788,-76.5,2.90070657e-12,3,0,60
25.60646987,39.00064923,-76.5,-4.440442524e-12,3,0,60
25.65664383,39.00065059,-76.5,8.183459277e-12,3,0,60
25.70681916,39.00065194,-76.5,8.80645966e-12,3,0,60
25.75704203,39.00065329,-76.5,-4.388979154e-12,3,0,60
25.80723106,39.00065464,-76.5,-6.853637118e-13,3,0,60
25.85743896,39.00065599,-76.5,6.906948996e-12,3,0,60
25.90767565,39.00065734,-76.5,-1.327589132e-12,3,0,60
25.95784191,39.00065869,-76.5,1.159010177e-11,3,0,60
26.00802018,39.00066004,-76.5,2.492432193e-12,3,0,60
26.05819322,39.00066139,-76.5,7.566274841e-12,3,0,60
26.10841768,39.00066275,-76.5,-7.281551349e-13,3,0,60
26.15858118,39.0006641,-76.5,-9.990439626e-13,3,0,60
26.20876914,39.00066545,-76.5,6.766631523e-12,3,0,60
26.25895154,39.0006668,-76.5,3.960200697e-13,3,0,60
26.30914638,39.00066815,-76.5,1.312409286e-11,3,0,60
26.35933171,39.0006695,-76.5,-5.350349566e-12,3,0,60
26.4095584,39.00067085,-76.5,-2.652234712e-12,3,0,60
26.45982907,39.00067221,-76.5,-7.470539661e-13,3,0,60
26.50997836,39.00067356,-76.5,-7.567704942e-12,3,0,60
26.56012573,39.00067491,-76.5,-1.14219652e-11,3,0,60
26.6102872,39.00067626,-76.5,8.537572754e-12,3,0,60
26.66057238,39.00067761,-76.5,5.605605811e-12,3,0,60
26.71110111,39.00067896,-76.5,-5.835667266e-12,3,0,60
26.76124783,39.00068031,-76.5,3.81514057e-12,3,0,60
26.81140789,39.00068166,-76.5,-4.515863402e-13,3,0,60
26.86155502,39.00068301,-76.5,1.099877969e-11,3,0,60
26.91171326,39.00068437,-76.5,-9.133106984e-12,3,0,60
26.96191855,39.00068572,-76.5,4.698428788e-13,3,0,60
27.01211974,39.00068707,-76.5,4.705463674e-12,3,0,60
27.06232843,39.00068842,-76.5,-3.241729292e-12,3,0,60
27.11250021,39.00068977,-76.5,2.489878701e-12,3,0,60
27.16267791,39.00069112,-76.5,-1.428117609e-12,3,0,60
27.21288561,39.00069247,-76.5,-8.580385744e-12,3,0,60
27.26310869,39.00069382,-76.5,1.065528891e-11,3,0,60
27.31328424,39.00069517,-76.5,4.046447961e-12,3,0,60
27.36349277,39.00069652,-76.5,-4.109706198e-12,3,0,60
27.41367239,39.00069788,-76.5,6.588513398e-12,3,0,60
27.46388927,39.00069923,-76.5,1.123239978e-11,3,0,60
27.5140522,39.00070058,-76.5,-1.277985923e-12,3,0,60
27.56428859,39.00070193,-76.5,5.872951723e-12,3,0,60
27.61445436,39.00070328,-76.5,-5.046601875e-14,3,0,60
27.66467473,39.00070463,-76.5,-1.505061907e-12,3,0,60
27.71485506,39.00070598,-76.5,2.149818133e-12,3,0,60
27.76503188,39.00070734,-76.5,9.211097411e-12,3,0,60
27.81522089,39.00070869,-76.5,-7.803204264e-12,3,0,60
27.86542591,39.00071004,-76.5,4.996168972e-12,3,0,60
27.91568163,39.00071139,-76.5,5.054039342e-12,3,0,60
27.96583793,39.00071274,-76.5,-6.058438477e-13,3,0,60
28.01599888,39.00071409,-76.5,-4.486143279e-12,3,0,60
28.06619084,39.00071544,-76.5,1.101970052e-11,3,0,60
28.11642624,39.00071679,-76.5,-4.41288772e-13,3,0,60
28.16660672,39.00071814,-76.5,9.731985563e-12,3,0,60
28.21681997,39.0007195,-76.5,-8.528538175e-12,3,0,60
28.26702154,39.00072085,-76.5,1.074174559e-11,3,0,60
28.31723149,39.0007222,-76.5,5.145717481e-12,3,0,60
28.36744211,39.00072355,-76.5,1.22348996e-11,3,0,60
28.41765633,39.0007249,-76.5,-8.453057145e-12,3,0,60
28.46787734,39.00072625,-76.5,-1.27284817e-12,3,0,60
28.51809634,39.0007276,-76.5,3.797114289e-13,3,0,60
28.56831251,39.00072895,-76.5,5.093169877e-12,3,0,60
28.6184907,39.0007303,-76.5,6.310936686e-12,3,0,60
28.66869118,39.00073165,-76.5,-5.738258694e-12,3,0,60
28.7189247,39.00073301,-76.5,1.142713497e-11,3,0,60
28.76914477,39.00073436,-76.5,-4.490266141e-12,3,0,60
28.81934443,39.00073571,-76.5,-6.303268733e-12,3,0,60
28.86956312,39.00073706,-76.5,-9.393602214e-13,3,0,60
28.91983546,39.00073841,-76.5,-9.476237026e-12,3,0,60
28.97003922,39.00073976,-76.5,7.718424934e-12,3,0,60
29.02026275,39.00074111,-76.5,-9.169759898e-12,3,0,60
29.07046183,39.00074246,-76.5,-5.983273181e-12,3,0,60
29.12067609,39.00074382,-76.5,5.238029076e-12,3,0,60
29.17088625,39.00074517,-76.5,3.537142159e-12,3,0,60
29.22110089,39.00074652,-76.5,1.9947455e-12,3,0,60
29.27134732,39.00074787,-76.5,-3.734715836e-12,3,0,60
29.32153768,39.00074922,-76.5,6.109180346e-13,3,0,60
29.37179483,39.00075057,-76.5,-1.094618072e-11,3,0,60
29.4220363,39.00075192,-76.5,-3.188945324e-13,3,0,60
29.47224,39.00075327,-76.5,7.140846097e-12,3,0,60
29.52241283,39.00075462,-76.5,8.310119461e-12,3,0,60
29.57266764,39.00075598,-76.5,-8.528461665e-12,3,0,60
29.62293007,39.00075733,-76.5,-3.818723413e-12,3,0,60
29.67311242,39.00075868,-76.5,3.576897843e-12,3,0,60
29.72334047,39.00076003,-76.5,-6.536155862e-13,3,0,60
29.77356174,39.00076138,-76.5,1.174172977e-11,3,0,60
29.82379772,39.00076273,-76.5,1.148968992e-11,3,0,60
29.8740109,39.00076408,-76.5,1.876378039e-12,3,0,60
29.92421513,39.00076543,-76.5,7.795741538e-12,3,0,60
29.9744372,39.00076679,-76.5,1.436394358e-11,3,0,60
30.02467242,39.00076814,-76.5,3.779641058e-12,3,0,60
30.07490094,39.00076949,-76.5,-6.119102614e-12,3,0,60
30.12509277,39.00077084,-76.5,-5.521724811e-12,3,0,60
30.17531729,39.00077219,-76.5,1.484665096e-12,3,0,60
30.2255369,39.00077354,-76.5,1.87444448e-12,3,0,60
30.27574942,39.00077489,-76.5,-1.609954507e-12,3,0,60
30.32592945,39.00077624,-76.5,2.193169483e-12,3,0,60
30.37618519,39.0007776,-76.5,-1.72167999e-12,3,0,60
30.42646955,39.00077895,-76.5,4.828712678e-12,3,0,60
30.4766556,39.0007803,-76.5,1.361829115e-11,3,0,60
30.52690192,39.00078165,-76.5,1.103484973e-12,3,0,60
30.57709664,39.000783,-76.5,6.398862108e-12,3,0,60
30.62727385,39.00078435,-76.5,5.605305703e-12,3,0,60
30.67747305,39.0007857,-76.5,4.723079723e-12,3,0,60
30.72767466,39.00078705,-76.5,5.168665133e-12,3,0,60
30.77787582,39.0007884,-76.5,2.416317199e-12,3,0,60
30.82809961,39.00078976,-76.5,-4.755868031e-12,3,0,60
30.87832898,39.00079111,-76.5,2.583125799e-12,3,0,60
30.92854579,39.00079246,-76.5,3.650886394e-12,3,0,60
30.97874381,39.00079381,-76.5,-9.157774676e-13,3,0,60
31.02893264,39.00079516,-76.5,-1.092985359e-11,3,0,60
31.07912995,39.00079651,-76.5,-7.725218234e-12,3,0,60
31.12931242,39.00079786,-76.5,-5.629882667e-12,3,0,60
31.17952932,39.00079921,-76.5,6.65377313e-12,3,0,60
31.2297485,39.00080056,-76.5,-4.2558037e-12,3,0,60
31.27994837,39.00080192,-76.5,-1.341111651e-12,3,0,60
31.33013716,39.00080327,-76.5,1.644888096e-12,3,0,60
31.38033422,39.00080462,-76.5,2.382649057e-12,3,0,60
31.4305809,39.00080597,-76.5,9.619703874e-12,3,0,60
31.48095003,39.00080732,-76.5,6.229803092e-12,3,0,60
31.5311339,39.00080867,-76.5,1.23240745e-11,3,0,60
31.58129269,39.00081002,-76.5,5.339521533e-12,3,0,60
31.63150951,39.00081138,-76.5,7.795543952e-13,3,0,60
31.68171065,39.00081272,-76.5,5.102914571e-12,3,0,60
31.73189855,39.00081408,-76.5,-6.171509664e-12,3,0,60
31.78206396,39.00081543,-76.5,6.060680576e-12,3,0,60
31.83229456,39.00081678,-76.5,6.666739316e-12,3,0,60
31.88243373,39.00081813,-76.5,-4.21059403e-12,3,0,60
31.93258131,39.00081948,-76.5,-3.111086005e-12,3,0,60
31.98282342,39.00082083,-76.5,6.98993409e-12,3,0,60
32.03305189,39.00082218,-76.5,-5.430060977e-13,3,0,60
32.08327069,39.00082353,-76.5,-1.557069831e-13,3,0,60
32.13342162,39.00082489,-76.5,-2.221888815e-12,3,0,60
32.18358083,39.00082624,-76.5,8.679513711e-12,3,0,60
32.23373499,39.00082759,-76.5,5.099128361e-12,3,0,60
32.28393832,39.00082894,-76.5,-3.424058766e-12,3,0,60
32.33410809,39.00083164,-76.5,1.014239685e-11,3,0,60
32.3842569,39.00083299,-76.5,-7.483249243e-12,3,0,60
32.43441244,39.00083434,-76.5,-6.133358174e-12,3,0,60
32.48462107,39.00083569,-76.5,-6.133358174e-12,3,0,60
32.5348468,39.00083705,-76.5,1.280411745e-11,3,0,60
32.58502213,39.0008384,-76.5,3.949814573e-12,3,0,60
32.6351939,39.00083975,-76.5,5.558521588e-12,3,0,60
32.68536528,39.0008411,-76.5,-1.011578628e-12,3,0,60
32.73554026,39.00084245,-76.5,-1.961019858e-12,3,0,60
32.78578575,39.0008438,-76.5,9.998960983e-12,3,0,60
32.83601202,39.00084515,-76.5,6.296918495e-12,3,0,60
32.88629235,39.00084651,-76.5,-8.973217231e-12,3,0,60
32.93650883,39.00084785,-76.5,8.871819158e-12,3,0,60
32.98667984,39.00084921,-76.5,5.446971855e-13,3,0,60
33.03686949,39.00085056,-76.5,7.062102288e-12,3,0,60
33.08702662,39.00085191,-76.5,4.725319741e-13,3,0,60
33.13723423,39.00085326,-76.5,-4.135384211e-13,3,0,60
33.18745951,39.00085461,-76.5,-8.259116371e-12,3,0,60
33.23774153,39.00085596,-76.5,-4.597739688e-12,3,0,60
33.28789808,39.00085731,-76.5,-4.262898229e-12,3,0,60
33.33814661,39.00085866,-76.5,6.097929918e-12,3,0,60
33.38839461,39.00086002,-76.5,-2.596519705e-12,3,0,60
33.43853277,39.00086137,-76.5,5.887489771e-12,3,0,60
33.48873159,39.00086272,-76.5,-7.580731364e-12,3,0,60
33.53895573,39.00086407,-76.5,-9.75517689e-12,3,0,60
33.58915897,39.00086542,-76.5,-4.385639747e-12,3,0,60
33.63939073,39.00086677,-76.5,5.87039709e-12,3,0,60
33.68960208,39.00086812,-76.5,2.93574947e-12,3,0,60
33.73977012,39.00086947,-76.5,4.769168752e-12,3,0,60
33.78991584,39.00087082,-76.5,1.352605089e-12,3,0,60
33.84017689,39.00087218,-76.5,-9.443499485e-12,3,0,60
33.89043258,39.00087353,-76.5,3.057923835e-12,3,0,60
33.94056571,39.00087488,-76.5,-4.402468517e-12,3,0,60
33.99077559,39.00087623,-76.5,-3.507086534e-12,3,0,60
34.04114722,39.00087758,-76.5,-6.460956235e-12,3,0,60
34.09136793,39.00087893,-76.5,4.252317976e-12,3,0,60
34.14157684,39.00088028,-76.5,-1.140188722e-11,3,0,60
34.19184768,39.00088163,-76.5,-9.615965071e-12,3,0,60
34.24199342,39.00088299,-76.5,5.259322596e-12,3,0,60
34.29213788,39.00088434,-76.5,-1.125749635e-12,3,0,60
34.34228034,39.00088569,-76.5,9.74794495e-13,3,0,60
34.39242197,39.00088704,-76.5,5.312038793e-13,3,0,60
34.44267855,39.00088839,-76.5,5.810087236e-12,3,0,60
34.49284121,39.00088974,-76.5,9.638385942e-12,3,0,60
34.54302094,39.00089109,-76.5,-2.468788213e-12,3,0,60
34.59331682,39.00089244,-76.5,-8.086961625e-12,3,0,60
34.64344937,39.00089379,-76.5,1.359740535e-11,3,0,60
34.69363542,39.00089515,-76.5,3.789067442e-12,3,0,60
34.74395687,39.0008965,-76.5,-2.86846221e-12,3,0,60
34.79414442,39.00089785,-76.5,3.170003172e-12,3,0,60
34.84432451,39.0008992,-76.5,2.351396062e-12,3,0,60
34.89451436,39.00090055,-76.5,-1.310215547e-11,3,0,60
34.94477543,39.0009019,-76.5,8.431783264e-12,3,0,60
34.9949613,39.00090325,-76.5,3.657095021e-13,3,0,60
35.04514317,39.0009046,-76.5,8.29342759e-12,3,0,60
35.09530652,39.00090595,-76.5,1.06646883e-11,3,0,60
35.1455258,39.00090731,-76.5,-1.075105973e-11,3,0,60
35.19578263,39.00090866,-76.5,1.364553267e-12,3,0,60
35.24593191,39.00091001,-76.5,8.067477754e-12,3,0,60
35.29606759,39.00091136,-76.5,3.619586872e-13,3,0,60
35.34626325,39.00091271,-76.5,-2.23434856e-12,3,0,60
35.39646885,39.00091406,-76.5,4.714032091e-12,3,0,60
35.44668506,39.00091541,-76.5,9.123611696e-12,3,0,60
35.49686795,39.00091676,-76.5,1.118908999e-11,3,0,60
35.54710995,39.00091812,-76.5,1.436176022e-11,3,0,60
35.59736415,39.00091947,-76.5,1.357307057e-11,3,0,60
35.64752821,39.00092082,-76.5,-4.012488399e-12,3,0,60
35.69771366,39.00092217,-76.5,3.540579703e-13,3,0,60
35.74790561,39.00092352,-76.5,2.276177092e-12,3,0,60
35.79812701,39.00092487,-76.5,-3.784197851e-12,3,0,60
35.84826509,39.00092622,-76.5,-9.065644477e-12,3,0,60
35.89843271,39.00092757,-76.5,3.818549289e-13,3,0,60
35.94861341,39.00092892,-76.5,-1.223709191e-11,3,0,60
35.99879469,39.00093028,-76.5,-5.833997224e-12,3,0,60
36.048976,39.00093163,-76.5,-3.837593917e-12,3,0,60
36.09915383,39.00093298,-76.5,5.092521293e-12,3,0,60
36.14933954,39.00093433,-76.5,1.349496064e-11,3,0,60
36.19950307,39.00093568,-76.5,-4.647295102e-12,3,0,60
36.24974039,39.00093703,-76.5,7.877474287e-12,3,0,60
36.29993495,39.00093838,-76.5,-6.197269015e-12,3,0,60
36.35010005,39.00093973,-76.5,2.682251225e-12,3,0,60
36.40030844,39.00094109,-76.5,-1.106149765e-11,3,0,60
36.45061971,39.00094244,-76.5,-3.382696961e-13,3,0,60
36.50084027,39.00094379,-76.5,5.05436179e-12,3,0,60
36.55100067,39.00094514,-76.5,3.236609623e-12,3,0,60
36.60116805,39.00094649,-76.5,-7.254392181e-12,3,0,60
36.65135982,39.00094784,-76.5,-8.121086123e-13,3,0,60
36.7015525,39.00094919,-76.5,-2.098340563e-12,3,0,60
36.75176481,39.00095054,-76.5,7.571019479e-12,3,0,60
36.80195457,39.00095189,-76.5,-4.130227171e-12,3,0,60
36.85218793,39.00095325,-76.5,5.396020274e-12,3,0,60
36.90238019,39.0009546,-76.5,8.666980119e-14,3,0,60
36.95267361,39.00095595,-76.5,1.269304149e-11,3,0,60
37.00290476,39.0009573,-76.5,3.638733666e-12,3,0,60
37.05315925,39.00095865,-76.5,-8.925152839e-12,3,0,60
37.10337518,39.00096,-76.5,-3.499655773e-12,3,0,60
37.15354156,39.00096135,-76.5,9.752079477e-12,3,0,60
37.20370088,39.0009627,-76.5,-4.484126824e-12,3,0,60
37.25383112,39.00096405,-76.5,6.81898571e-12,3,0,60
37.30398485,39.00096541,-76.5,5.97796036e-12,3,0,60
37.35422225,39.00096676,-76.5,7.242953281e-13,3,0,60
37.40436842,39.00096811,-76.5,3.463289372e-12,3,0,60
37.45464092,39.00096946,-76.5,-7.656332855e-12,3,0,60
37.50482809,39.00097081,-76.5,3.306359346e-12,3,0,60
37.55506098,39.00097216,-76.5,-7.298237461e-12,3,0,60
37.60515409,39.00097351,-76.5,2.923973237e-12,3,0,60
37.65534395,39.00097486,-76.5,7.961804748e-12,3,0,60
37.7055116,39.00097622,-76.5,-6.414648206e-13,3,0,60
37.75580878,39.00097757,-76.5,1.184510786e-11,3,0,60
37.80602111,39.00097892,-76.5,8.020693478e-12,3,0,60
37.85616972,39.00098027,-76.5,-2.504681234e-13,3,0,60
37.90632625,39.00098162,-76.5,-3.480361372e-12,3,0,60
37.95649966,39.00098297,-76.5,1.230670324e-11,3,0,60
38.00666383,39.00098432,-76.5,3.05881186e-12,3,0,60
38.05686091,39.00098567,-76.5,-5.088088638e-12,3,0,60
38.1070958,39.00098702,-76.5,5.060831241e-12,3,0,60
38.1574343,39.00098838,-76.5,7.88427977e-12,3,0,60
38.20757637,39.00098973,-76.5,1.158450273e-11,3,0,60
38.25779002,39.00099108,-76.5,-3.615906923e-12,3,0,60
38.30807998,39.00099243,-76.5,1.367829206e-11,3,0,60
38.35829206,39.00099378,-76.5,1.450686098e-11,3,0,60
38.40853947,39.00099513,-76.5,-8.60051835e-12,3,0,60
38.45873818,39.00099648,-76.5,1.100836468e-12,3,0,60
38.50897653,39.00099783,-76.5,3.149449373e-12,3,0,60
38.55915364,39.00099919,-76.5,1.054502361e-11,3,0,60
38.60935102,39.00100054,-76.5,-2.197192169e-12,3,0,60
38.65956088,39.00100189,-76.5,-7.266204632e-12,3,0,60
38.70980611,39.00100324,-76.5,3.809342582e-12,3,0,60
38.76003814,39.00100459,-76.5,8.30796397e-12,3,0,60
38.81023635,39.00100594,-76.5,1.542314347e-11,3,0,60
38.86041176,39.00100729,-76.5,6.169425472e-12,3,0,60
38.91067768,39.00100864,-76.5,-4.929119381e-12,3,0,60
38.96089575,39.00100999,-76.5,6.317815748e-12,3,0,60
39.01106607,39.00101135,-76.5,4.543715433e-12,3,0,60
39.0612003,39.0010127,-76.5,-5.914173333e-12,3,0,60
39.11142546,39.00101405,-76.5,4.010776357e-12,3,0,60
39.16162655,39.0010154,-76.5,-5.444341191e-12,3,0,60
39.21188221,39.00101675,-76.5,1.726768565e-12,3,0,60
39.26206398,39.0010181,-76.5,-9.953397186e-12,3,0,60
39.31227692,39.00101945,-76.5,5.578894391e-13,3,0,60
39.3625003,39.0010208,-76.5,7.940566966e-12,3,0,60
39.41271031,39.00102216,-76.5,9.130511342e-12,3,0,60
39.46288483,39.00102351,-76.5,6.149884443e-12,3,0,60
39.51309093,39.00102486,-76.5,-1.341802979e-11,3,0,60
39.56330685,39.00102621,-76.5,6.513313922e-12,3,0,60
39.61350225,39.00102756,-76.5,-1.130923508e-11,3,0,60
39.66374081,39.00102891,-76.5,2.221529499e-12,3,0,60
39.71397271,39.00103026,-76.5,4.500807365e-12,3,0,60
39.76424705,39.00103161,-76.5,1.259879336e-11,3,0,60
39.81444883,39.00103296,-76.5,-9.289241388e-13,3,0,60
39.8646388,39.00103432,-76.5,-7.162917608e-12,3,0,60
39.91486781,39.00103567,-76.5,1.670219644e-12,3,0,60
39.96531745,39.00103702,-76.5,1.370764636e-12,3,0,60
40.0155225,39.00103837,-76.5,1.587451232e-12,3,0,60
40.06571463,39.00103972,-76.5,-2.390740084e-12,3,0,60
40.11773027,39.00104107,-76.5,-5.668501898e-12,3,0,60
40.16791165,39.00104242,-76.5,1.630128845e-13,3,0,60
40.21806675,39.00104377,-76.5,4.414848945e-12,3,0,60
40.26823524,39.00104512,-76.5,1.944165558e-12,3,0,60
40.31837835,39.00104648,-76.5,1.944165558e-12,3,0,60
40.36855144,39.00104783,-76.5,1.874133237e-12,3,0,60
40.41875565,39.00104918,-76.5,1.007099676e-11,3,0,60
40.4689255,39.00105053,-76.5,-1.805360792e-12,3,0,60
40.51907314,39.00105188,-76.5,1.439888489e-11,3,0,60
40.56924778,39.00105323,-76.5,-3.957533096e-13,3,0,60
40.61951187,39.00105458,-76.5,1.729499279e-12,3,0,60
40.66966055,39.00105593,-76.5,9.644938416e-12,3,0,60
40.71987218,39.00105729,-76.5,-9.131274805e-12,3,0,60
40.77005039,39.00105864,-76.5,-9.449581307e-12,3,0,60
40.82025122,39.00105999,-76.5,-8.080066269e-12,3,0,60
40.87040612,39.00106134,-76.5,2.597646536e-12,3,0,60
40.92058309,39.00106269,-76.5,-4.278488601e-12,3,0,60
40.97076342,39.00106404,-76.5,6.344905933e-12,3,0,60
41.0209493,39.00106539,-76.5,3.078056798e-12,3,0,60
41.07111488,39.00106674,-76.5,-1.65537482e-12,3,0,60
41.12126146,39.0010681,-76.5,-3.827681899e-12,3,0,60
41.17142842,39.00106945,-76.5,7.360719445e-12,3,0,60
41.2216021,39.0010708,-76.5,8.757020066e-12,3,0,60
41.27175026,39.00107215,-76.5,-3.487371958e-14,3,0,60
41.3218981,39.0010735,-76.5,9.726131693e-12,3,0,60
41.37206048,39.00107485,-76.5,-2.424291127e-12,3,0,60
41.42222815,39.0010762,-76.5,3.906254488e-12,3,0,60
41.47237084,39.00107755,-76.5,8.089138689e-12,3,0,60
41.52252921,39.0010789,-76.5,9.200850306e-13,3,0,60
41.57271096,39.00108025,-76.5,-5.078781387e-12,3,0,60
41.62286241,39.00108161,-76.5,-7.143196951e-12,3,0,60
41.67300641,39.00108296,-76.5,2.669646274e-12,3,0,60
41.72319837,39.00108431,-76.5,-7.380822086e-13,3,0,60
41.77337529,39.00108566,-76.5,-9.347924306e-12,3,0,60
41.82364637,39.00108701,-76.5,5.713413439e-12,3,0,60
41.87384239,39.00108836,-76.5,-6.722241523e-12,3,0,60
41.92417838,39.00108971,-76.5,-1.225312775e-12,3,0,60
41.9743453,39.00109106,-76.5,5.655854088e-12,3,0,60
42.024657,39.00109242,-76.5,-1.748480709e-13,3,0,60
42.07482461,39.00109377,-76.5,7.930826633e-12,3,0,60
42.12498651,39.00109512,-76.5,-5.936687548e-12,3,0,60
42.17518733,39.00109647,-76.5,-6.101465458e-12,3,0,60
42.22540144,39.00109782,-76.5,1.130918191e-11,3,0,60
42.27552067,39.00109917,-76.5,-1.663451375e-12,3,0,60
42.32574146,39.00110052,-76.5,5.154964365e-12,3,0,60
42.37592452,39.00110187,-76.5,3.715080683e-12,3,0,60
42.42616935,39.00110322,-76.5,1.439346255e-12,3,0,60
42.47641032,39.00110458,-76.5,-9.252680672e-12,3,0,60
42.52668329,39.00110593,-76.5,1.259349778e-12,3,0,60
42.57689887,39.00110728,-76.5,7.803945385e-12,3,0,60
42.62713911,39.00110863,-76.5,-7.950061717e-12,3,0,60
42.67734717,39.00110998,-76.5,-4.883547012e-12,3,0,60
42.72763833,39.00111133,-76.5,3.063391099e-12,3,0,60
42.77790866,39.00111268,-76.5,-2.749948988e-12,3,0,60
42.82814304,39.00111403,-76.5,1.33793952e-12,3,0,60
42.87926262,39.00111538,-76.5,-9.332013139e-12,3,0,60
42.92945327,39.00111674,-76.5,2.539203764e-12,3,0,60
42.97961723,39.00111809,-76.5,7.673023698e-12,3,0,60
43.02976873,39.00111944,-76.5,-4.764121001e-12,3,0,60
43.07994676,39.00112079,-76.5,2.18327043e-12,3,0,60
43.13011499,39.00112214,-76.5,1.634792687e-12,3,0,60
43.18027489,39.00112349,-76.5,1.129956366e-11,3,0,60
43.23042311,39.00112484,-76.5,5.192560339e-12,3,0,60
43.28057595,39.0011262,-76.5,-2.283303363e-12,3,0,60
43.33072731,39.00112755,-76.5,1.065218944e-12,3,0,60
43.38086676,39.0011289,-76.5,6.924266977e-12,3,0,60
43.43101308,39.00113025,-76.5,4.667879844e-12,3,0,60
43.48117437,39.0011316,-76.5,-1.171537222e-11,3,0,60
43.53132152,39.00113295,-76.5,1.188949684e-11,3,0,60
43.58148278,39.0011343,-76.5,4.16647013e-14,3,0,60
43.63167586,39.00113565,-76.5,5.087186677e-12,3,0,60
43.68193894,39.001137,-76.5,8.742267158e-12,3,0,60
43.73207024,39.00113836,-76.5,-3.477109286e-12,3,0,60
43.78229365,39.00113971,-76.5,1.830576943e-12,3,0,60
43.83250877,39.00114106,-76.5,7.926241765e-12,3,0,60
43.88273611,39.00114241,-76.5,4.957523238e-12,3,0,60
43.93297715,39.00114376,-76.5,-5.10749494e-12,3,0,60
43.9831838,39.00114511,-76.5,-8.433126518e-12,3,0,60
44.0334418,39.00114646,-76.5,9.11592005e-12,3,0,60
44.08361185,39.00114781,-76.5,6.308664521e-12,3,0,60
44.133733,39.00114916,-76.5,-7.446491331e-12,3,0,60
44.18388594,39.00115051,-76.5,1.121503703e-12,3,0,60
44.23410911,39.00115187,-76.5,-1.286429762e-12,3,0,60
44.2842788,39.00115457,-76.5,-2.446130455e-12,3,0,60
44.33448187,39.00115592,-76.5,-3.486556249e-13,3,0,60
44.3846704,39.00115727,-76.5,4.167574975e-12,3,0,60
44.43483815,39.00115862,-76.5,-8.773312189e-12,3,0,60
44.48502597,39.00115997,-76.5,-4.420034009e-12,3,0,60
44.53519646,39.00116132,-76.5,-7.703501392e-12,3,0,60
44.58537273,39.00116268,-76.5,4.482709746e-12,3,0,60
44.63553812,39.00116403,-76.5,-8.154591033e-12,3,0,60
44.68579311,39.00116538,-76.5,-1.378092032e-12,3,0,60
44.7360041,39.00116673,-76.5,6.981563294e-12,3,0,60
44.78619509,39.00116808,-76.5,5.9095015e-12,3,0,60
44.83636428,39.00116943,-76.5,9.952590179e-13,3,0,60
44.8865241,39.00117078,-76.5,1.809194027e-12,3,0,60
44.93674013,39.00117213,-76.5,8.703505935e-12,3,0,60
44.98704597,39.00117348,-76.5,1.2764856e-11,3,0,60
45.03723409,39.00117484,-76.5,1.488974043e-12,3,0,60
45.08739092,39.00117619,-76.5,8.545495424e-12,3,0,60
45.13773339,39.00117754,-76.5,-2.783937111e-13,3,0,60
45.1878741,39.00117889,-76.5,-5.006616453e-12,3,0,60
45.23813529,39.00118024,-76.5,6.143589372e-12,3,0,60
45.28834187,39.00118159,-76.5,-7.313076511e-13,3,0,60
45.33850707,39.00118294,-76.5,-5.329315384e-12,3,0,60
45.38864145,39.00118429,-76.5,-5.088819407e-12,3,0,60
45.4387887,39.00118565,-76.5,1.062652538e-12,3,0,60
45.48892751,39.001187,-76.5,1.395416918e-12,3,0,60
45.53906598,39.00118835,-76.5,7.061747474e-12,3,0,60
45.58929154,39.0011897,-76.5,5.293841759e-13,3,0,60
45.63953084,39.00119105,-76.5,2.798735921e-12,3,0,60
45.68981187,39.0011924,-76.5,-9.589300271e-12,3,0,60
45.7399969,39.00119375,-76.5,-8.244339651e-12,3,0,60
45.79022025,39.0011951,-76.5,1.953689296e-12,3,0,60
45.8404384,39.00119645,-76.5,3.260486732e-13,3,0,60
45.8906587,39.00119781,-76.5,-9.244897449e-12,3,0,60
45.94089274,39.00119916,-76.5,1.125790214e-11,3,0,60
45.99103646,39.00120051,-76.5,1.076746269e-11,3,0,60
46.04119092,39.00120186,-76.5,2.812659277e-12,3,0,60
46.09132399,39.00120321,-76.5,-1.101044357e-12,3,0,60
46.14153728,39.00120456,-76.5,-5.693987365e-14,3,0,60
46.19170937,39.00120591,-76.5,3.224531867e-13,3,0,60
46.24188051,39.00120727,-76.5,2.409262479e-12,3,0,60
46.29209061,39.00120862,-76.5,5.997130624e-12,3,0,60
46.34223443,39.00120997,-76.5,-7.492879574e-13,3,0,60
46.39238645,39.00121132,-76.5,6.642565928e-12,3,0,60
46.44256052,39.00121267,-76.5,3.273529638e-12,3,0,60
46.49278132,39.00121402,-76.5,-2.137511312e-12,3,0,60
46.54296117,39.00121537,-76.5,1.172833774e-11,3,0,60
46.59315344,39.00121672,-76.5,-6.64954352e-12,3,0,60
46.64341376,39.00121807,-76.5,-6.316779141e-12,3,0,60
46.6943825,39.00121942,-76.5,1.69960543e-12,3,0,60
46.74461831,39.00122078,-76.5,-3.540793195e-12,3,0,60
46.79479992,39.00122213,-76.5,-1.106003283e-12,3,0,60
46.84502318,39.00122348,-76.5,-6.963517597e-13,3,0,60
46.89522331,39.00122483,-76.5,-5.329900749e-13,3,0,60
46.9453818,39.00122618,-76.5,3.462881012e-12,3,0,60
46.99552261,39.00122753,-76.5,6.06856159e-12,3,0,60
47.04574144,39.00122888,-76.5,-1.633006541e-12,3,0,60
47.09590063,39.00123023,-76.5,1.110109648e-11,3,0,60
47.14604923,39.00123158,-76.5,4.079617816e-12,3,0,60
47.19620125,39.00123294,-76.5,1.837118674e-12,3,0,60
47.2464062,39.00123429,-76.5,4.232968927e-12,3,0,60
47.29657659,39.00123564,-76.5,2.122420478e-12,3,0,60
47.34680763,39.00123699,-76.5,5.007380488e-12,3,0,60
47.39696626,39.00123834,-76.5,1.043982154e-11,3,0,60
47.44711156,39.00123969,-76.5,5.014891714e-12,3,0,60
47.49727628,39.00124104,-76.5,-1.923994554e-12,3,0,60
47.54742405,39.00124239,-76.5,-1.923994554e-12,3,0,60
47.59757328,39.00124375,-76.5,2.27997262e-12,3,0,60
47.64773804,39.0012451,-76.5,-5.673678899e-12,3,0,60
47.69790646,39.00124645,-76.5,-1.41167727e-12,3,0,60
47.74808588,39.0012478,-76.5,4.385116634e-12,3,0,60
47.79824753,39.00124915,-76.5,1.224450061e-11,3,0,60
47.84840597,39.0012505,-76.5,2.302258834e-12,3,0,60
47.89854673,39.00125185,-76.5,8.968633947e-12,3,0,60
47.94877236,39.0012532,-76.5,1.26162755e-11,3,0,60
47.99892519,39.00125455,-76.5,-6.795629432e-12,3,0,60
48.04911912,39.00125591,-76.5,-6.411772204e-12,3,0,60
48.0992683,39.00125726,-76.5,-3.175607351e-12,3,0,60
48.14943153,39.00125861,-76.5,5.809322486e-12,3,0,60
48.19963042,39.00125996,-76.5,2.362156772e-12,3,0,60
48.24975404,39.00126131,-76.5,-1.216956989e-12,3,0,60
48.29994487,39.00126266,-76.5,1.357899227e-11,3,0,60
48.35014841,39.00126401,-76.5,-1.086611964e-11,3,0,60
48.40035282,39.00126537,-76.5,-2.489258495e-13,3,0,60
48.45053411,39.00126672,-76.5,8.715915823e-12,3,0,60
48.50072877,39.00126807,-76.5,-2.793361917e-12,3,0,60
48.55093155,39.00126942,-76.5,8.500450792e-12,3,0,60
48.60111168,39.00127077,-76.5,-9.93441208e-15,3,0,60
48.65128936,39.00127212,-76.5,1.248606296e-11,3,0,60
48.70145948,39.00127347,-76.5,-6.711794628e-12,3,0,60
48.7516417,39.00127482,-76.5,9.552969482e-12,3,0,60
48.80173969,39.00127617,-76.5,-1.715471799e-12,3,0,60
48.85192837,39.00127752,-76.5,-6.946941521e-12,3,0,60
48.90209366,39.00127888,-76.5,1.005198167e-11,3,0,60
48.95226894,39.00128023,-76.5,-6.391287996e-12,3,0,60
49.00244425,39.00128158,-76.5,-3.964929176e-12,3,0,60
49.05262645,39.00128293,-76.5,-2.875686632e-12,3,0,60
49.10278416,39.00128428,-76.5,7.736297962e-12,3,0,60
49.1530004,39.00128563,-76.5,-3.00235822e-12,3,0,60
49.20319291,39.00128698,-76.5,5.416824252e-12,3,0,60
49.25341201,39.00128833,-76.5,5.55686939e-12,3,0,60
49.30364218,39.00128969,-76.5,5.167378651e-12,3,0,60
49.3538695,39.00129104,-76.5,-5.764239507e-12,3,0,60
49.40409132,39.00129239,-76.5,5.966592647e-12,3,0,60
49.45427075,39.00129374,-76.5,-9.941190516e-12,3,0,60
49.50443947,39.00129509,-76.5,7.737326344e-12,3,0,60
49.55463025,39.00129644,-76.5,1.079813636e-11,3,0,60
49.60480852,39.00129779,-76.5,-7.749641632e-12,3,0,60
49.65496088,39.00129914,-76.5,-2.005402638e-13,3,0,60
49.70511344,39.00130049,-76.5,8.16357803e-12,3,0,60
49.75526089,39.00130185,-76.5,-2.654198548e-12,3,0,60
49.80540615,39.0013032,-76.5,5.283811531e-12,3,0,60
49.85555246,39.00130455,-76.5,2.178924399e-12,3,0,60
49.90574837,39.0013059,-76.5,-3.18896195e-12,3,0,60
49.95593569,39.00130725,-76.5,7.828505231e-13,3,0,60
50.00608795,39.0013086,-76.5,6.491594494e-12,3,0,60
50.05624759,39.00130995,-76.5,-1.262019751e-11,3,0,60
50.10642418,39.0013113,-76.5,-3.855022032e-12,3,0,60
50.15658023,39.00131265,-76.5,-1.600296511e-12,3,0,60
50.20677436,39.00131401,-76.5,2.088269043e-12,3,0,60
50.25697367,39.00131536,-76.5,-4.409377231e-12,3,0,60
50.30712785,39.00131671,-76.5,-6.036273148e-12,3,0,60
50.35739114,39.00131806,-76.5,-1.192150415e-12,3,0,60
50.40756892,39.00131941,-76.5,1.652381395e-12,3,0,60
50.45776752,39.00132076,-76.5,2.009450643e-12,3,0,60
50.50794416,39.00132211,-76.5,-6.948868452e-12,3,0,60
50.55811962,39.00132346,-76.5,1.191918351e-11,3,0,60
50.6083471,39.00132482,-76.5,1.538427732e-11,3,0,60
50.65850607,39.00132617,-76.5,-1.029675299e-11,3,0,60
50.70873231,39.00132752,-76.5,5.403005817e-12,3,0,60
50.75895032,39.00132887,-76.5,1.119211069e-11,3,0,60
50.80919391,39.00133022,-76.5,1.26236327e-11,3,0,60
50.85931586,39.00133157,-76.5,-1.630058821e-12,3,0,60
50.9096474,39.00133292,-76.5,-3.369559333e-12,3,0,60
50.95984111,39.00133427,-76.5,6.835168224e-12,3,0,60
51.00997811,39.00133563,-76.5,8.408807696e-12,3,0,60
51.06018527,39.00133698,-76.5,1.348955018e-11,3,0,60
51.11036793,39.00133833,-76.5,-6.69396849e-12,3,0,60
51.16062422,39.00133968,-76.5,6.816954486e-12,3,0,60
51.21087475,39.00134103,-76.5,2.009858803e-12,3,0,60
51.26100389,39.00134238,-76.5,2.045737171e-12,3,0,60
51.31116191,39.00134373,-76.5,4.443072433e-12,3,0,60
51.36138323,39.00134508,-76.5,-6.331051411e-12,3,0,60
51.41161441,39.00134643,-76.5,8.391233791e-12,3,0,60
51.46179996,39.00134778,-76.5,-8.091601981e-13,3,0,60
51.51200048,39.00134914,-76.5,1.074011815e-11,3,0,60
51.56220565,39.00135049,-76.5,-6.254021118e-12,3,0,60
51.61246683,39.00135184,-76.5,-9.179089562e-12,3,0,60
51.66262491,39.00135319,-76.5,1.798647242e-13,3,0,60
51.71282803,39.00135454,-76.5,4.729435322e-13,3,0,60
51.76301882,39.00135589,-76.5,-7.80119707e-14,3,0,60
51.81323585,39.00135724,-76.5,-1.248292239e-12,3,0,60
51.8633783,39.00135859,-76.5,4.164805354e-12,3,0,60
51.91357877,39.00135995,-76.5,8.948905448e-12,3,0,60
51.96372945,39.0013613,-76.5,3.685192351e-12,3,0,60
52.01395904,39.00136265,-76.5,-2.548801447e-12,3,0,60
52.06410125,39.001364,-76.5,1.081900981e-11,3,0,60
52.11428379,39.00136535,-76.5,-8.715728298e-13,3,0,60
52.16450072,39.0013667,-76.5,1.163732276e-11,3,0,60
52.21471236,39.00136805,-76.5,4.809553421e-12,3,0,60
52.26495253,39.0013694,-76.5,-1.167117121e-11,3,0,60
52.31518856,39.00137076,-76.5,-3.149309067e-12,3,0,60
52.36543661,39.00137211,-76.5,5.749805596e-12,3,0,60
52.41573097,39.00137346,-76.5,1.269124047e-11,3,0,60
52.4659195,39.00137481,-76.5,4.787034662e-12,3,0,60
52.51610293,39.00137616,-76.5,1.952247634e-12,3,0,60
52.56632875,39.00137751,-76.5,-5.365413531e-13,3,0,60
52.61662352,39.00137886,-76.5,-4.79822618e-12,3,0,60
52.666786,39.00138021,-76.5,-7.674929064e-12,3,0,60
52.71711048,39.00138156,-76.5,1.534360393e-11,3,0,60
52.7673401,39.00138292,-76.5,7.886838288e-12,3,0,60
52.81752782,39.00138427,-76.5,-9.653261751e-13,3,0,60
52.86773447,39.00138562,-76.5,-2.725164392e-12,3,0,60
52.91805803,39.00138697,-76.5,-1.057273059e-12,3,0,60
52.96816463,39.00138832,-76.5,-1.922974774e-12,3,0,60
53.01832552,39.00138967,-76.5,8.155008889e-12,3,0,60
53.06854906,39.00139102,-76.5,-1.311411909e-11,3,0,60
53.11875804,39.00139237,-76.5,6.177314424e-12,3,0,60
53.16897411,39.00139372,-76.5,-1.06320453e-11,3,0,60
53.21916571,39.00139508,-76.5,2.724108572e-12,3,0,60
53.26934688,39.00139643,-76.5,-1.062355692e-12,3,0,60
53.31957391,39.00139778,-76.5,-7.946427893e-12,3,0,60
53.36980757,39.00139913,-76.5,9.108797593e-12,3,0,60
53.42004196,39.00140048,-76.5,1.003193433e-12,3,0,60
53.47024916,39.00140183,-76.5,-7.179513907e-13,3,0,60
53.52045959,39.00140318,-76.5,-6.06996188e-12,3,0,60
53.5706408,39.00140453,-76.5,6.294331057e-12,3,0,60
53.62084561,39.00140588,-76.5,3.99984211e-14,3,0,60
53.67109187,39.00140724,-76.5,-8.88483736e-12,3,0,60
53.72130306,39.00140859,-76.5,1.074366466e-11,3,0,60
53.77154558,39.00140994,-76.5,5.709377773e-12,3,0,60
53.82180856,39.00141129,-76.5,4.194589512e-12,3,0,60
53.87206867,39.00141264,-76.5,-6.162352949e-12,3,0,60
53.92233387,39.00141399,-76.5,1.206876679e-11,3,0,60
53.97258007,39.00141534,-76.5,-5.917231896e-12,3,0,60
54.02280902,39.00141669,-76.5,3.095972058e-12,3,0,60
54.0730368,39.00141805,-76.5,-6.372852244e-14,3,0,60
54.12322016,39.0014194,-76.5,-2.140793661e-12,3,0,60
54.17347833,39.00142075,-76.5,1.156433829e-11,3,0,60
54.22367613,39.0014221,-76.5,6.524589455e-12,3,0,60
54.27391967,39.00142345,-76.5,3.726511478e-12,3,0,60
54.32420263,39.0014248,-76.5,-7.818231849e-12,3,0,60
54.37442996,39.00142615,-76.5,7.832419014e-12,3,0,60
54.42471821,39.0014275,-76.5,-8.044599826e-13,3,0,60
54.47495808,39.00142885,-76.5,-7.617595985e-12,3,0,60
54.52514622,39.00143021,-76.5,1.295960972e-11,3,0,60
54.57539986,39.00143156,-76.5,8.664937055e-12,3,0,60
54.62572669,39.00143291,-76.5,8.717678163e-12,3,0,60
54.67591915,39.00143426,-76.5,-7.254838077e-12,3,0,60
54.72611402,39.00143561,-76.5,7.015241627e-13,3,0,60
54.77636993,39.00143696,-76.5,-6.64412574e-12,3,0,60
54.82656068,39.00143831,-76.5,9.922822906e-13,3,0,60
54.87679753,39.00143966,-76.5,8.846708367e-12,3,0,60
54.92699415,39.00144102,-76.5,6.905045112e-13,3,0,60
54.97721248,39.00144237,-76.5,-7.280916275e-12,3,0,60
55.02744464,39.00144372,-76.5,-7.280916275e-12,3,0,60
55.07772509,39.00144507,-76.5,6.92647224e-12,3,0,60
55.12795121,39.00144642,-76.5,6.746468934e-12,3,0,60
55.17817625,39.00144777,-76.5,-5.251666387e-12,3,0,60
55.22838739,39.00144912,-76.5,-4.681789426e-12,3,0,60
55.27857386,39.00145047,-76.5,-7.690083075e-13,3,0,60
55.32888345,39.00145183,-76.5,1.128556696e-12,3,0,60
55.3792187,39.00145318,-76.5,1.075165982e-11,3,0,60
55.42942505,39.00145453,-76.5,4.992389337e-12,3,0,60
55.47967178,39.00145588,-76.5,1.432371561e-12,3,0,60
55.52993357,39.00145723,-76.5,1.380559491e-11,3,0,60
55.58022021,39.00145858,-76.5,3.244031323e-12,3,0,60
55.63056083,39.00145993,-76.5,-5.344976565e-13,3,0,60
55.68072349,39.00146128,-76.5,3.039231181e-12,3,0,60
55.73085454,39.00146263,-76.5,2.641307899e-12,3,0,60
55.78101305,39.00146399,-76.5,4.113010636e-12,3,0,60
55.8311816,39.00146534,-76.5,-4.002762379e-12,3,0,60
55.881338,39.00146669,-76.5,-1.093249162e-12,3,0,60
55.93165077,39.00146804,-76.5,-7.103026513e-12,3,0,60
55.98191645,39.00146939,-76.5,6.452045311e-12,3,0,60
56.03213522,39.00147074,-76.5,-2.196737657e-12,3,0,60
56.08230124,39.00147209,-76.5,-9.824866621e-13,3,0,60
56.13251309,39.00147344,-76.5,4.736178127e-12,3,0,60
56.18272117,39.00147479,-76.5,-7.395971006e-13,3,0,60
56.23294487,39.00147615,-76.5,-1.13132053e-12,3,0,60
56.28319831,39.0014775,-76.5,1.350098619e-12,3,0,60
56.333358,39.00147885,-76.5,1.078569347e-11,3,0,60
56.38358214,39.0014802,-76.5,-8.937525635e-14,3,0,60
56.43374063,39.00148155,-76.5,9.228654144e-12,3,0,60
56.48394306,39.0014829,-76.5,-2.986752751e-12,3,0,60
56.53411432,39.00148425,-76.5,2.714300427e-12,3,0,60
56.5844337,39.00148695,-76.5,1.101458686e-11,3,0,60
56.63462471,39.00148831,-76.5,7.285797119e-13,3,0,60
56.68485897,39.00148966,-76.5,-1.403299187e-12,3,0,60
56.73503268,39.00149101,-76.5,-3.094186117e-12,3,0,60
56.7852322,39.00149236,-76.5,3.210286847e-14,3,0,60
56.83536746,39.00149371,-76.5,3.711243708e-12,3,0,60
56.88549366,39.00149506,-76.5,-1.015124193e-13,3,0,60
56.93565572,39.00149641,-76.5,2.67530684e-12,3,0,60
56.98583708,39.00149776,-76.5,1.468045876e-11,3,0,60
57.03603609,39.00149912,-76.5,-6.848602555e-12,3,0,60
57.08620766,39.00150047,-76.5,8.05474241e-12,3,0,60
57.13641573,39.00150182,-76.5,9.887324235e-12,3,0,60
57.18664224,39.00150317,-76.5,9.374067872e-12,3,0,60
57.23684323,39.00150452,-76.5,4.392859307e-12,3,0,60
57.2870018,39.00150587,-76.5,-3.71448262e-12,3,0,60
57.33720083,39.00150722,-76.5,1.945152266e-12,3,0,60
57.38739929,39.00150857,-76.5,-7.929130715e-12,3,0,60
57.43761312,39.00150993,-76.5,3.397668052e-12,3,0,60
57.48783557,39.00151128,-76.5,2.573635608e-12,3,0,60
57.53800407,39.00151263,-76.5,1.156253324e-11,3,0,60
57.588171,39.00151398,-76.5,7.624275492e-12,3,0,60
57.63832014,39.00151533,-76.5,1.097155639e-11,3,0,60
57.68847276,39.00151668,-76.5,1.227435488e-11,3,0,60
57.73865456,39.00151803,-76.5,-3.202109689e-12,3,0,60
57.7887797,39.00151938,-76.5,1.06136381e-11,3,0,60
57.83897512,39.00152073,-76.5,3.480050004e-12,3,0,60
57.88917472,39.00152209,-76.5,-2.173739259e-13,3,0,60
57.9393234,39.00152344,-76.5,1.52740631e-12,3,0,60
57.98949985,39.00152479,-76.5,-3.915630312e-12,3,0,60
58.03971095,39.00152614,-76.5,-6.221871563e-12,3,0,60
58.08987121,39.00152749,-76.5,8.755632691e-12,3,0,60
58.14003797,39.00152884,-76.5,6.024079888e-13,3,0,60
58.19018056,39.00153019,-76.5,-1.148253553e-12,3,0,60
58.24034451,39.00153154,-76.5,6.469056401e-12,3,0,60
58.29050086,39.0015329,-76.5,1.076007924e-11,3,0,60
58.34070268,39.00153425,-76.5,1.685043318e-13,3,0,60
58.39089095,39.0015356,-76.5,-2.94680057e-12,3,0,60
58.44105382,39.00153695,-76.5,1.111449203e-11,3,0,60
58.49121566,39.0015383,-76.5,1.136119024e-11,3,0,60
58.54146637,39.00153965,-76.5,-2.043010008e-12,3,0,60
58.59163413,39.001541,-76.5,4.060593045e-12,3,0,60
58.64178559,39.00154235,-76.5,7.109028395e-13,3,0,60
58.69195355,39.0015437,-76.5,3.271939946e-12,3,0,60
58.74210302,39.00154505,-76.5,7.466893595e-13,3,0,60
58.79229842,39.00154641,-76.5,4.946190273e-12,3,0,60
58.84245675,39.00154776,-76.5,-3.096413862e-12,3,0,60
58.89262896,39.00154911,-76.5,2.873997669e-12,3,0,60
58.94285977,39.00155046,-76.5,6.28998416e-12,3,0,60
58.99304119,39.00155181,-76.5,1.293502674e-11,3,0,60
59.04329631,39.00155316,-76.5,1.212761134e-11,3,0,60
59.09354774,39.00155451,-76.5,1.531818839e-12,3,0,60
59.14380455,39.00155586,-76.5,2.8214702e-12,3,0,60
59.19401256,39.00155722,-76.5,1.363232571e-12,3,0,60
59.24419117,39.00155857,-76.5,4.550535481e-12,3,0,60
59.29440062,39.00155992,-76.5,-4.950217404e-12,3,0,60
59.34461829,39.00156127,-76.5,1.883132604e-13,3,0,60
59.39487038,39.00156262,-76.5,2.594332037e-12,3,0,60
59.44504547,39.00156397,-76.5,-7.695395452e-12,3,0,60
59.49523855,39.00156532,-76.5,-2.376302269e-12,3,0,60
59.54538109,39.00156667,-76.5,9.854803297e-12,3,0,60
59.59554107,39.00156803,-76.5,2.563966266e-12,3,0,60
59.64578067,39.00156938,-76.5,-5.95360833e-12,3,0,60
59.69596278,39.00157073,-76.5,3.926944458e-12,3,0,60
59.74614704,39.00157208,-76.5,5.030326853e-12,3,0,60
59.7963562,39.00157343,-76.5,-6.493334381e-12,3,0,60
59.84656105,39.00157478,-76.5,1.309151754e-11,3,0,60
59.89682689,39.00157613,-76.5,3.173828651e-12,3,0,60
59.94708274,39.00157748,-76.5,9.87219941e-12,3,0,60
59.99724317,39.00157883,-76.5,-9.138298605e-13,3,0,60
60.04741798,39.00158019,-76.5,1.40041984e-12,3,0,60
60.09756842,39.00158154,-76.5,5.264836588e-12,3,0,60
60.14772754,39.00158289,-76.5,3.143128299e-12,3,0,60
60.19786815,39.00158424,-76.5,-4.667324099e-12,3,0,60
60.24801493,39.00158559,-76.5,-3.011089283e-12,3,0,60
60.29815727,39.00158694,-76.5,7.836520233e-12,3,0,60
60.34833628,39.00158829,-76.5,6.294201354e-12,3,0,60
60.398489,39.00158964,-76.5,-9.343974556e-12,3,0,60
60.44870007,39.00159099,-76.5,-7.336037898e-12,3,0,60
60.49887689,39.00159235,-76.5,9.501993041e-13,3,0,60
60.54910328,39.0015937,-76.5,6.10138041e-12,3,0,60
60.59931055,39.00159505,-76.5,4.049614387e-12,3,0,60
60.64947184,39.0015964,-76.5,6.643388335e-12,3,0,60
60.69965339,39.00159775,-76.5,-8.526514535e-12,3,0,60
60.74983689,39.0015991,-76.5,-5.648003932e-12,3,0,60
60.80002792,39.00160045,-76.5,3.923757432e-12,3,0,60
60.85020176,39.0016018,-76.5,1.077937681e-11,3,0,60
60.90041226,39.00160316,-76.5,7.004570244e-12,3,0,60
60.95057908,39.00160451,-76.5,-9.101138405e-12,3,0,60
61.00077948,39.00160586,-76.5,1.952830317e-12,3,0,60
61.05094849,39.00160721,-76.5,1.340438775e-11,3,0,60
61.10112177,39.00160856,-76.5,2.979236053e-12,3,0,60
61.15135584,39.00160991,-76.5,9.056432207e-13,3,0,60
61.20153389,39.00161126,-76.5,4.510872225e-12,3,0,60
61.25174123,39.00161261,-76.5,1.290797865e-11,3,0,60
61.30189656,39.00161397,-76.5,-9.345071139e-12,3,0,60
61.35207485,39.00161531,-76.5,-3.839213192e-12,3,0,60
61.40242579,39.00161667,-76.5,3.263934773e-12,3,0,60
61.45277871,39.00161802,-76.5,1.076938541e-11,3,0,60
61.50293987,39.00161937,-76.5,6.416924863e-12,3,0,60
61.55321439,39.00162072,-76.5,1.112884855e-11,3,0,60
61.60341362,39.00162207,-76.5,8.114962734e-14,3,0,60
61.65375088,39.00162342,-76.5,-6.226755696e-12,3,0,60
61.70387958,39.00162477,-76.5,-1.089961916e-12,3,0,60
61.75401596,39.00162613,-76.5,-1.354445972e-12,3,0,60
61.80416017,39.00162748,-76.5,9.275150219e-12,3,0,60
61.85431386,39.00162883,-76.5,-8.272338159e-12,3,0,60
61.90452124,39.00163018,-76.5,6.450692624e-12,3,0,60
61.95482887,39.00163153,-76.5,-2.584019906e-12,3,0,60
62.00516749,39.00163288,-76.5,8.136848362e-12,3,0,60
62.05531243,39.00163423,-76.5,4.442896426e-12,3,0,60
62.10546129,39.00163558,-76.5,-1.894522652e-12,3,0,60
62.15562651,39.00163694,-76.5,8.438432915e-12,3,0,60
62.20577726,39.00163829,-76.5,4.501664021e-12,3,0,60
62.25595764,39.00163964,-76.5,-2.689715231e-12,3,0,60
62.30612367,39.00164099,-76.5,4.349444373e-12,3,0,60
62.3563439,39.00164234,-76.5,-8.191870642e-12,3,0,60
62.40651367,39.00164369,-76.5,6.771992758e-12,3,0,60
62.45670152,39.00164504,-76.5,6.771992758e-12,3,0,60
62.50684746,39.00164639,-76.5,4.698559633e-12,3,0,60
62.55700179,39.00164774,-76.5,2.66316351e-12,3,0,60
62.60724591,39.00164909,-76.5,2.900931298e-12,3,0,60
62.65743336,39.00165045,-76.5,1.297599372e-12,3,0,60
62.70767699,39.0016518,-76.5,6.093108503e-12,3,0,60
62.75782257,39.00165315,-76.5,3.235751707e-12,3,0,60
62.80799008,39.0016545,-76.5,-7.520762932e-12,3,0,60
62.85817792,39.00165585,-76.5,-7.28721009e-12,3,0,60
62.90835727,39.0016572,-76.5,-6.696960432e-13,3,0,60
62.95852599,39.00165855,-76.5,2.356390442e-12,3,0,60
63.00872914,39.0016599,-76.5,4.738103459e-12,3,0,60
63.05895548,39.00166125,-76.5,-5.808828316e-12,3,0,60
63.10914829,39.00166261,-76.5,6.48378666e-12,3,0,60
63.15936404,39.00166396,-76.5,1.230538475e-11,3,0,60
63.20962547,39.00166531,-76.5,-2.668330413e-12,3,0,60
63.25991477,39.00166666,-76.5,6.284604944e-12,3,0,60
63.3101251,39.00166801,-76.5,6.420434239e-12,3,0,60
63.36031352,39.00166936,-76.5,6.62298359e-12,3,0,60
63.41055854,39.00167071,-76.5,1.798030334e-12,3,0,60
63.46079369,39.00167206,-76.5,-9.429485201e-12,3,0,60
63.51098255,39.00167342,-76.5,1.524586463e-11,3,0,60
63.5618564,39.00167477,-76.5,5.592823662e-12,3,0,60
63.6120421,39.00167612,-76.5,1.171899558e-11,3,0,60
63.66220476,39.00167747,-76.5,-3.513164589e-13,3,0,60
63.712364,39.00167882,-76.5,1.224061077e-12,3,0,60
63.76250822,39.00168017,-76.5,2.899889448e-12,3,0,60
63.81268208,39.00168152,-76.5,-8.577142544e-12,3,0,60
63.86287726,39.00168287,-76.5,7.137746208e-12,3,0,60
63.91302586,39.00168423,-76.5,5.369970929e-12,3,0,60
63.96318491,39.00168558,-76.5,1.117960335e-12,3,0,60
64.01333837,39.00168693,-76.5,8.749406621e-12,3,0,60
64.06348304,39.00168828,-76.5,-4.306811566e-12,3,0,60
64.11365056,39.00168963,-76.5,-4.112447292e-12,3,0,60
64.16383233,39.00169098,-76.5,-5.729918517e-12,3,0,60
64.21397508,39.00169233,-76.5,6.494985112e-12,3,0,60
64.26411596,39.00169368,-76.5,-8.659043661e-12,3,0,60
64.31426035,39.00169503,-76.5,3.823807764e-12,3,0,60
64.36448596,39.00169638,-76.5,4.490167182e-12,3,0,60
64.41463545,39.00169774,-76.5,6.048430986e-12,3,0,60
64.4648923,39.00169909,-76.5,6.780021606e-12,3,0,60
64.51502752,39.00170044,-76.5,-1.166100949e-12,3,0,60
64.56516075,39.00170179,-76.5,-2.624338899e-12,3,0,60
64.61540565,39.00170314,-76.5,9.319548983e-12,3,0,60
64.66562439,39.00170449,-76.5,-4.349045816e-12,3,0,60
64.71586778,39.00170584,-76.5,-7.865658893e-12,3,0,60
64.76605777,39.00170719,-76.5,-7.415329968e-12,3,0,60
64.8162543,39.00170855,-76.5,2.610070529e-12,3,0,60
64.86646947,39.0017099,-76.5,-4.709038868e-12,3,0,60
64.91672526,39.00171125,-76.5,1.762635291e-12,3,0,60
64.96694558,39.0017126,-76.5,2.251160045e-12,3,0,60
65.01716453,39.00171395,-76.5,1.468738222e-11,3,0,60
65.06738375,39.0017153,-76.5,3.227961209e-12,3,0,60
65.11765996,39.00171665,-76.5,1.860711315e-13,3,0,60
65.16787676,39.001718,-76.5,7.446719328e-12,3,0,60
65.21809544,39.00171935,-76.5,4.408550473e-12,3,0,60
65.26839417,39.00172071,-76.5,-1.535003767e-12,3,0,60
65.31857479,39.00172206,-76.5,7.922416683e-12,3,0,60
65.36876439,39.00172341,-76.5,7.749055384e-14,3,0,60
65.41894908,39.00172476,-76.5,1.355978555e-12,3,0,60
65.46918729,39.00172611,-76.5,-2.924552175e-12,3,0,60
65.51943243,39.00172746,-76.5,3.581841973e-12,3,0,60
65.56966221,39.00172881,-76.5,5.902540178e-12,3,0,60
65.61989217,39.00173016,-76.5,8.590748351e-13,3,0,60
65.67009049,39.00173151,-76.5,-8.263548825e-13,3,0,60
65.72031267,39.00173287,-76.5,-5.898264138e-13,3,0,60
65.77061118,39.00173422,-76.5,4.835455378e-13,3,0,60
65.8208515,39.00173557,-76.5,6.599796947e-12,3,0,60
65.87102251,39.00173692,-76.5,-1.77127014e-13,3,0,60
65.92123183,39.00173827,-76.5,7.403474761e-12,3,0,60
65.97145837,39.00173962,-76.5,9.193644038e-12,3,0,60
66.02166578,39.00174097,-76.5,7.703906228e-12,3,0,60
66.07190954,39.00174232,-76.5,-1.040635389e-11,3,0,60
66.12208644,39.00174368,-76.5,1.229024054e-11,3,0,60
66.17228351,39.00174503,-76.5,7.988127499e-12,3,0,60
66.22250452,39.00174638,-76.5,5.492393618e-12,3,0,60
66.27272642,39.00174773,-76.5,3.015261692e-12,3,0,60
66.32297428,39.00174908,-76.5,-1.720248285e-14,3,0,60
66.37316096,39.00175043,-76.5,1.124535869e-11,3,0,60
66.42335719,39.00175178,-76.5,-3.048762809e-12,3,0,60
66.4735548,39.00175313,-76.5,9.006738691e-12,3,0,60
66.52378393,39.00175448,-76.5,-1.707858901e-12,3,0,60
66.57398351,39.00175584,-76.5,1.096324495e-11,3,0,60
66.62420234,39.00175719,-76.5,3.945486604e-12,3,0,60
66.67440091,39.00175854,-76.5,-3.000343683e-12,3,0,60
66.7246654,39.00175989,-76.5,-1.235969898e-12,3,0,60
66.77487151,39.00176124,-76.5,6.027654179e-12,3,0,60
66.82513506,39.00176259,-76.5,2.06707413e-12,3,0,60
66.87533088,39.00176394,-76.5,-4.412218234e-12,3,0,60
66.92553528,39.00176529,-76.5,5.743893953e-12,3,0,60
66.97578218,39.00176665,-76.5,1.500760595e-11,3,0,60
67.02597477,39.001768,-76.5,7.927344828e-12,3,0,60
67.07617462,39.00176935,-76.5,2.517296027e-12,3,0,60
67.12642697,39.0017707,-76.5,6.890664991e-12,3,0,60
67.17664904,39.00177205,-76.5,3.563791993e-12,3,0,60
67.22686788,39.0017734,-76.5,7.250383442e-13,3,0,60
67.27718503,39.00177475,-76.5,-2.410355614e-12,3,0,60
67.32744136,39.0017761,-76.5,3.833381751e-12,3,0,60
67.37757557,39.00177746,-76.5,6.755792543e-12,3,0,60
67.42779362,39.00177881,-76.5,1.534760046e-11,3,0,60
67.47802984,39.00178016,-76.5,-9.101479317e-13,3,0,60
67.52822166,39.00178151,-76.5,2.466400445e-12,3,0,60
67.57841064,39.00178286,-76.5,2.196209055e-12,3,0,60
67.62861801,39.00178421,-76.5,7.119293472e-13,3,0,60
67.67881189,39.00178556,-76.5,-5.244026996e-12,3,0,60
67.72905967,39.00178691,-76.5,1.592991868e-12,3,0,60
67.77927628,39.00178827,-76.5,1.322932676e-11,3,0,60
67.82949499,39.00178962,-76.5,4.51953136e-12,3,0,60
67.87977343,39.00179097,-76.5,-1.203777191e-12,3,0,60
67.92996829,39.00179232,-76.5,4.180052328e-12,3,0,60
67.98029422,39.00179367,-76.5,1.749797108e-12,3,0,60
68.0304245,39.00179502,-76.5,1.57559358e-12,3,0,60
68.08063388,39.00179637,-76.5,7.906885072e-12,3,0,60
68.13082468,39.00179772,-76.5,3.072754248e-12,3,0,60
68.18102658,39.00179907,-76.5,-2.601442834e-12,3,0,60
68.23125195,39.00180042,-76.5,-4.313660216e-12,3,0,60
68.28151815,39.00180178,-76.5,-4.447187206e-12,3,0,60
68.33172992,39.00180313,-76.5,6.404639892e-12,3,0,60
68.38189404,39.00180448,-76.5,9.026690915e-12,3,0,60
68.43210235,39.00180583,-76.5,-6.997167099e-12,3,0,60
68.48227206,39.00180718,-76.5,1.442630501e-11,3,0,60
68.53252686,39.00180853,-76.5,4.037742374e-13,3,0,60
68.58274101,39.00180988,-76.5,8.964826128e-12,3,0,60
68.63292724,39.00181123,-76.5,2.001137713e-12,3,0,60
68.6832597,39.00181259,-76.5,9.083205901e-12,3,0,60
68.73354527,39.00181394,-76.5,8.929588984e-12,3,0,60
68.78374954,39.00181529,-76.5,9.326095435e-12,3,0,60
68.83401774,39.00181664,-76.5,-1.550656638e-13,3,0,60
68.88415009,39.00181934,-76.5,-2.400876244e-12,3,0,60
68.93430595,39.00182069,-76.5,-5.655653806e-13,3,0,60
68.98447732,39.00182204,-76.5,-4.968875165e-12,3,0,60
69.03469895,39.00182339,-76.5,1.66044064e-11,3,0,60
69.08486371,39.00182475,-76.5,-6.291530977e-12,3,0,60
69.1350299,39.0018261,-76.5,4.711841569e-12,3,0,60
69.18524761,39.00182745,-76.5,2.999871331e-12,3,0,60
69.23542775,39.0018288,-76.5,-4.852398147e-13,3,0,60
69.28566232,39.00183015,-76.5,-1.098948223e-12,3,0,60
69.33599846,39.0018315,-76.5,7.602736435e-12,3,0,60
69.38618925,39.00183285,-76.5,-2.896079323e-12,3,0,60
69.43638872,39.0018342,-76.5,-4.172015485e-12,3,0,60
69.4865557,39.00183556,-76.5,-4.172015485e-12,3,0,60
69.5367493,39.00183691,-76.5,1.499035576e-11,3,0,60
69.58691634,39.00183826,-76.5,-7.348513936e-12,3,0,60
69.63712923,39.00183961,-76.5,9.867185005e-12,3,0,60
69.68730329,39.00184096,-76.5,-5.291059288e-12,3,0,60
69.7374931,39.00184231,-76.5,1.237158225e-11,3,0,60
69.78770446,39.00184366,-76.5,3.935358646e-12,3,0,60
69.83786017,39.00184501,-76.5,-5.07678294e-12,3,0,60
69.8880256,39.00184636,-76.5,-2.372139525e-12,3,0,60
69.93818326,39.00184772,-76.5,3.629028339e-12,3,0,60
69.98834956,39.00184907,-76.5,5.069231202e-12,3,0,60
70.03854708,39.00185042,-76.5,-8.653920585e-13,3,0,60
70.08871692,39.00185177,-76.5,1.151601251e-11,3,0,60
70.13886762,39.00185312,-76.5,8.714711743e-12,3,0,60
70.18901907,39.00185447,-76.5,3.631314566e-12,3,0,60
70.23918594,39.00185582,-76.5,4.458181617e-13,3,0,60
70.28945799,39.00185717,-76.5,2.59116096e-12,3,0,60
70.33978244,39.00185853,-76.5,2.623316636e-12,3,0,60
70.39013706,39.00185988,-76.5,-2.721252309e-12,3,0,60
70.44047994,39.00186123,-76.5,7.2153565e-12,3,0,60
70.49062109,39.00186258,-76.5,2.269367553e-12,3,0,60
70.54076485,39.00186393,-76.5,-5.159622116e-12,3,0,60
70.59090128,39.00186528,-76.5,-4.902754816e-12,3,0,60
70.64110274,39.00186663,-76.5,-7.974655023e-12,3,0,60
70.72507582,39.00186798,-76.5,8.774257967e-12,3,0,60
70.77527428,39.00186933,-76.5,1.507330545e-11,3,0,60
70.82552142,39.00187069,-76.5,1.73383946e-12,3,0,60
70.87569939,39.00187204,-76.5,6.454197436e-12,3,0,60
70.92587554,39.00187339,-76.5,8.994894496e-12,3,0,60
70.97608131,39.00187474,-76.5,2.8236518e-12,3,0,60
71.02630088,39.00187609,-76.5,3.092672292e-12,3,0,60
71.07649378,39.00187744,-76.5,1.704379246e-12,3,0,60
71.12666694,39.00187879,-76.5,1.014836237e-11,3,0,60
71.17691237,39.00188014,-76.5,-3.96296305e-12,3,0,60
71.22712299,39.00188149,-76.5,3.775880705e-12,3,0,60
71.27739443,39.00188285,-76.5,-9.99467682e-13,3,0,60
71.32764303,39.0018842,-76.5,8.673412743e-13,3,0,60
71.37784961,39.00188555,-76.5,-2.222912294e-12,3,0,60
71.4280817,39.0018869,-76.5,-7.06448437e-12,3,0,60
71.47827038,39.00188825,-76.5,3.747660434e-12,3,0,60
71.52846406,39.0018896,-76.5,-1.076054397e-12,3,0,60
71.57870729,39.00189095,-76.5,5.582384206e-12,3,0,60
71.62890818,39.0018923,-76.5,-3.413281389e-13,3,0,60
71.6791229,39.00189365,-76.5,7.144280016e-12,3,0,60
71.72936977,39.00189501,-76.5,9.931516138e-12,3,0,60
71.77956442,39.00189636,-76.5,1.982913431e-12,3,0,60
71.8298249,39.00189771,-76.5,2.032678323e-12,3,0,60
71.88010124,39.00189906,-76.5,-1.190421786e-13,3,0,60
71.93031117,39.00190041,-76.5,5.076325477e-13,3,0,60
71.98053193,39.00190176,-76.5,-4.337409764e-12,3,0,60
72.03073405,39.00190311,-76.5,7.309276335e-13,3,0,60
72.08092674,39.00190446,-76.5,7.309276335e-13,3,0,60
72.13115961,39.00190582,-76.5,-4.924667183e-12,3,0,60
72.18138365,39.00190717,-76.5,2.750840185e-12,3,0,60
72.23160997,39.00190852,-76.5,4.30290293e-12,3,0,60
72.28175003,39.00190987,-76.5,-1.212805025e-12,3,0,60
72.33199401,39.00191122,-76.5,8.436340154e-12,3,0,60
72.38218865,39.00191257,-76.5,2.900603156e-13,3,0,60
72.43240024,39.00191392,-76.5,6.891948594e-12,3,0,60
72.48260763,39.00191527,-76.5,-5.481203936e-12,3,0,60
72.5328499,39.00191662,-76.5,-2.804587502e-12,3,0,60
72.58303459,39.00191798,-76.5,2.240685219e-12,3,0,60
72.633313,39.00191933,-76.5,-4.433556113e-12,3,0,60
72.6834833,39.00192068,-76.5,1.700802072e-12,3,0,60
72.73363453,39.00192203,-76.5,5.773561157e-12,3,0,60
72.78387107,39.00192338,-76.5,3.480218359e-12,3,0,60
72.83418307,39.00192608,-76.5,6.144594784e-12,3,0,60
72.8843516,39.00192743,-76.5,-2.831833764e-12,3,0,60
72.93449872,39.00192878,-76.5,1.698318554e-11,3,0,60
72.98466443,39.00193014,-76.5,-4.37672201e-12,3,0,60
73.03484182,39.00193149,-76.5,1.060400765e-11,3,0,60
73.08506594,39.00193284,-76.5,4.097680155e-12,3,0,60
73.13527102,39.00193419,-76.5,-3.348171946e-12,3,0,60
73.18544517,39.00193554,-76.5,-8.314997612e-12,3,0,60
73.23564009,39.00193689,-76.5,8.137889378e-13,3,0,60
73.28576963,39.00193824,-76.5,1.061125351e-11,3,0,60
73.33596993,39.00193959,-76.5,-3.175898911e-12,3,0,60
73.38613301,39.00194095,-76.5,8.110429255e-13,3,0,60
73.43631444,39.0019423,-76.5,1.353621669e-11,3,0,60
73.48647991,39.00194365,-76.5,-5.141033386e-12,3,0,60
73.53668604,39.001945,-76.5,-2.219118088e-12,3,0,60
73.58684816,39.00194635,-76.5,-7.908941249e-12,3,0,60
73.63701743,39.0019477,-76.5,-5.700102937e-12,3,0,60
73.68718774,39.00194905,-76.5,1.020899037e-11,3,0,60
73.73739577,39.0019504,-76.5,-4.466594759e-12,3,0,60
73.78765812,39.00195176,-76.5,6.979008753e-12,3,0,60
73.83776581,39.00195311,-76.5,9.414544542e-12,3,0,60
73.88796248,39.00195446,-76.5,1.600477423e-11,3,0,60
73.93813511,39.00195581,-76.5,6.784043711e-12,3,0,60
73.98838216,39.00195716,-76.5,7.387154745e-12,3,0,60
74.03854851,39.00195851,-76.5,1.243912432e-11,3,0,60
74.08872709,39.00195986,-76.5,3.510318948e-12,3,0,60
74.13888816,39.00196121,-76.5,-4.815780464e-12,3,0,60
74.18907797,39.00196256,-76.5,4.012644239e-12,3,0,60
74.23925336,39.00196392,-76.5,8.574264737e-12,3,0,60
74.289451,39.00196527,-76.5,-1.634606059e-12,3,0,60
74.33968417,39.00196662,-76.5,1.054659935e-12,3,0,60
74.38986874,39.00196797,-76.5,-5.240350459e-12,3,0,60
74.44004563,39.00196932,-76.5,-1.905468722e-12,3,0,60
74.49021003,39.00197067,-76.5,-2.106707379e-12,3,0,60
74.54038658,39.00197202,-76.5,3.237687554e-12,3,0,60
74.59055589,39.00197337,-76.5,-2.64237294e-12,3,0,60
74.64078214,39.00197472,-76.5,1.219400361e-11,3,0,60
74.69095446,39.00197608,-76.5,-7.59763043e-12,3,0,60
74.74116614,39.00197743,-76.5,4.862402886e-12,3,0,60
74.79145196,39.00197878,-76.5,-5.737110292e-12,3,0,60
74.84177506,39.00198013,-76.5,4.453229915e-12,3,0,60
74.89193234,39.00198148,-76.5,5.295192184e-12,3,0,60
74.94215399,39.00198283,-76.5,-9.849342037e-13,3,0,60
74.99230922,39.00198418,-76.5,-3.478435727e-12,3,0,60
75.04245849,39.00198553,-76.5,1.534199567e-11,3,0,60
75.09265335,39.00198688,-76.5,-2.607542641e-12,3,0,60
75.14282375,39.00198824,-76.5,7.60239081e-12,3,0,60
75.19300634,39.00198959,-76.5,2.734032831e-12,3,0,60
75.24318363,39.00199094,-76.5,4.380346554e-12,3,0,60
75.29337471,39.00199229,-76.5,1.079001372e-11,3,0,60
75.34354989,39.00199364,-76.5,7.606005286e-12,3,0,60
75.39378073,39.00199499,-76.5,8.948074374e-13,3,0,60
75.44399257,39.00199634,-76.5,1.10504668e-12,3,0,60
75.49417326,39.0019977,-76.5,9.901227695e-12,3,0,60
75.54434837,39.00199905,-76.5,1.182483651e-11,3,0,60
75.59455001,39.0020004,-76.5,1.172156709e-11,3,0,60
75.64473392,39.00200175,-76.5,5.851430634e-12,3,0,60
75.69489998,39.0020031,-76.5,5.776932341e-12,3,0,60
75.74507394,39.00200445,-76.5,1.282948589e-11,3,0,60
75.79523642,39.0020058,-76.5,-2.395231325e-12,3,0,60
75.8454271,39.00200715,-76.5,5.539671192e-13,3,0,60
75.8956249,39.0020085,-76.5,1.574756788e-12,3,0,60
75.94575189,39.00200985,-76.5,-1.169104428e-11,3,0,60
75.99593058,39.00201121,-76.5,1.087161542e-11,3,0,60
76.04610176,39.00201256,-76.5,-7.617629382e-12,3,0,60
76.09631577,39.00201391,-76.5,8.615882867e-12,3,0,60
76.14648061,39.00201526,-76.5,-2.025794509e-12,3,0,60
76.19663849,39.00201661,-76.5,5.474694688e-12,3,0,60
76.24683391,39.00201796,-76.5,1.079130922e-11,3,0,60
76.29703658,39.00201931,-76.5,-1.12845132e-12,3,0,60
76.34730019,39.00202066,-76.5,9.679971942e-12,3,0,60
76.39747904,39.00202202,-76.5,5.081962411e-12,3,0,60
76.44769845,39.00202337,-76.5,-9.256057846e-12,3,0,60
76.49784946,39.00202472,-76.5,4.042058015e-12,3,0,60
76.5480718,39.00202607,-76.5,5.177435737e-12,3,0,60
76.59823804,39.00202742,-76.5,6.72404157e-12,3,0,60
76.64846834,39.00202877,-76.5,8.148123433e-12,3,0,60
76.69864953,39.00203012,-76.5,5.022898631e-12,3,0,60
76.74881565,39.00203147,-76.5,1.649752009e-11,3,0,60
76.79897199,39.00203282,-76.5,3.357468669e-12,3,0,60
76.84914138,39.00203418,-76.5,-9.282560567e-12,3,0,60
76.89932449,39.00203553,-76.5,3.235758188e-12,3,0,60
76.94954853,39.00203688,-76.5,5.663854174e-12,3,0,60
76.99979509,39.00203823,-76.5,1.418497158e-11,3,0,60
77.04995944,39.00203958,-76.5,-7.71131733e-13,3,0,60
77.10018602,39.00204093,-76.5,-3.194441454e-12,3,0,60
77.1503487,39.00204228,-76.5,3.296826503e-12,3,0,60
77.20053764,39.00204363,-76.5,1.119837464e-11,3,0,60
77.25072871,39.00204498,-76.5,1.241500444e-12,3,0,60
77.30093132,39.00204634,-76.5,1.864948862e-12,3,0,60
77.3511234,39.00204769,-76.5,2.328673493e-12,3,0,60
77.40135542,39.00204904,-76.5,4.144635604e-12,3,0,60
77.45156182,39.00205039,-76.5,2.893996163e-12,3,0,60
77.50180146,39.00205174,-76.5,6.393565434e-12,3,0,60
77.55205389,39.00205309,-76.5,-9.311578579e-12,3,0,60
77.60226234,39.00205444,-76.5,4.120967172e-12,3,0,60
77.65248424,39.00205579,-76.5,4.310867262e-12,3,0,60
77.7026867,39.00205715,-76.5,6.732512091e-12,3,0,60
77.75290561,39.0020585,-76.5,4.760114786e-12,3,0,60
77.80312844,39.00205985,-76.5,3.456893388e-12,3,0,60
77.8533389,39.0020612,-76.5,-4.124381726e-12,3,0,60
77.90355007,39.00206255,-76.5,-1.863481549e-14,3,0,60
77.95382961,39.0020639,-76.5,7.623478438e-12,3,0,60
78.00398814,39.00206525,-76.5,9.846701992e-12,3,0,60
78.0541416,39.0020666,-76.5,2.911288571e-12,3,0,60
78.10430356,39.00206795,-76.5,-8.100693171e-12,3,0,60
78.15447343,39.00206931,-76.5,6.987123791e-13,3,0,60
78.20467162,39.00207066,-76.5,-1.756345291e-12,3,0,60
78.25484799,39.00207201,-76.5,3.135983254e-13,3,0,60
78.30501498,39.00207336,-76.5,8.421504791e-12,3,0,60
78.35521504,39.00207471,-76.5,-1.630612877e-12,3,0,60
78.40539675,39.00207606,-76.5,-4.376357833e-12,3,0,60
78.45556078,39.00207741,-76.5,-4.074845636e-12,3,0,60
78.50577024,39.00207876,-76.5,1.184441652e-11,3,0,60
78.55594958,39.00208011,-76.5,4.254212749e-12,3,0,60
78.60610147,39.00208147,-76.5,-9.172558159e-12,3,0,60
78.65629028,39.00208282,-76.5,2.210791223e-12,3,0,60
78.70646213,39.00208417,-76.5,-4.120925269e-12,3,0,60
78.75665953,39.00208552,-76.5,-7.136199943e-13,3,0,60
78.8068799,39.00208687,-76.5,-5.264009873e-12,3,0,60
78.857089,39.00208822,-76.5,3.904956212e-12,3,0,60
78.9072713,39.00208957,-76.5,1.153565985e-11,3,0,60
78.95743689,39.00209092,-76.5,4.351228733e-12,3,0,60
79.00761561,39.00209228,-76.5,3.2434509e-12,3,0,60
79.05772585,39.00209363,-76.5,9.064552288e-12,3,0,60
79.10791192,39.00209498,-76.5,1.306184009e-12,3,0,60
79.15814235,39.00209633,-76.5,1.967832347e-12,3,0,60
79.20834513,39.00209768,-76.5,8.387172561e-12,3,0,60
79.25853181,39.00209903,-76.5,3.139333534e-12,3,0,60
79.3087581,39.00210038,-76.5,1.205977653e-11,3,0,60
79.3589375,39.00210173,-76.5,4.427905562e-12,3,0,60
79.40912382,39.00210309,-76.5,1.710931097e-12,3,0,60
79.45933057,39.00210444,-76.5,-5.217042526e-12,3,0,60
79.50957306,39.00210579,-76.5,-5.217042526e-12,3,0,60
79.559778,39.00210714,-76.5,-2.872374377e-12,3,0,60
79.6099512,39.00210849,-76.5,-1.046753957e-11,3,0,60
79.66013736,39.00210984,-76.5,3.382683687e-12,3,0,60
79.71032652,39.00211119,-76.5,1.468319145e-11,3,0,60
79.7605085,39.00211254,-76.5,8.936818525e-12,3,0,60
79.81073567,39.00211389,-76.5,-1.918410087e-12,3,0,60
79.86094263,39.00211525,-76.5,8.088390202e-12,3,0,60
79.9111255,39.0021166,-76.5,-7.630643887e-12,3,0,60
79.96130159,39.00211795,-76.5,4.49281697e-12,3,0,60
80.01151143,39.0021193,-76.5,-7.981793068e-13,3,0,60
80.0617354,39.00212065,-76.5,2.740579158e-12,3,0,60
80.11191758,39.002122,-76.5,-9.482269955e-12,3,0,60
80.16208579,39.00212335,-76.5,2.631765628e-12,3,0,60
80.21227468,39.0021247,-76.5,6.565380476e-12,3,0,60
80.26245139,39.00212605,-76.5,1.322779071e-11,3,0,60
80.31266016,39.00212741,-76.5,2.992627167e-12,3,0,60
80.36287517,39.00212876,-76.5,4.872085927e-12,3,0,60
80.41308154,39.00213011,-76.5,3.975948626e-13,3,0,60
80.4632751,39.00213146,-76.5,-3.297073633e-13,3,0,60
80.51349458,39.00213281,-76.5,7.640294186e-12,3,0,60
80.56367416,39.00213416,-76.5,8.262754272e-12,3,0,60
80.61383872,39.00213551,-76.5,1.488646872e-11,3,0,60
80.66400458,39.00213686,-76.5,-4.463676985e-12,3,0,60
80.71418036,39.00213822,-76.5,-1.948278177e-12,3,0,60
80.76440162,39.00213957,-76.5,7.965264182e-12,3,0,60
80.81467062,39.00214092,-76.5,-3.003561196e-12,3,0,60
80.86485251,39.00214227,-76.5,-6.323240106e-12,3,0,60
80.91508799,39.00214362,-76.5,6.250141059e-12,3,0,60
80.9653146,39.00214497,-76.5,-2.651628312e-12,3,0,60
81.01550822,39.00214632,-76.5,-7.406886468e-12,3,0,60
81.06572184,39.00214767,-76.5,-3.53230064e-12,3,0,60
81.11595168,39.00214902,-76.5,4.145527729e-12,3,0,60
81.16612915,39.00215037,-76.5,1.061745053e-11,3,0,60
81.21630297,39.00215173,-76.5,-3.204675591e-12,3,0,60
81.26646417,39.00215308,-76.5,1.102502959e-11,3,0,60
81.31663867,39.00215443,-76.5,-2.829339275e-12,3,0,60
81.36679759,39.00215578,-76.5,2.74373539e-12,3,0,60
81.41702888,39.00215713,-76.5,-5.517630078e-12,3,0,60
81.46723218,39.00215848,-76.5,7.576607281e-12,3,0,60
81.51739983,39.00215983,-76.5,-4.917582705e-12,3,0,60
81.56768742,39.00216118,-76.5,2.283042772e-12,3,0,60
81.6178748,39.00216254,-76.5,4.716592448e-12,3,0,60
81.66808875,39.00216389,-76.5,1.555154957e-12,3,0,60
81.7183023,39.00216524,-76.5,-6.452724492e-12,3,0,60
81.76849723,39.00216659,-76.5,-7.439465196e-12,3,0,60
81.81872615,39.00216794,-76.5,-1.967586958e-12,3,0,60
81.86897624,39.00216929,-76.5,1.654305996e-11,3,0,60
81.91923402,39.00217064,-76.5,-7.26760023e-12,3,0,60
81.96941948,39.002172,-76.5,2.91033875e-12,3,0,60
82.01961474,39.00217335,-76.5,1.607749753e-11,3,0,60
82.06980388,39.0021747,-76.5,7.161340518e-12,3,0,60
82.1200035,39.00217605,-76.5,-3.200811168e-12,3,0,60
82.17021458,39.0021774,-76.5,6.909168753e-12,3,0,60
82.22041848,39.00217875,-76.5,-4.459972057e-12,3,0,60
82.27065676,39.0021801,-76.5,1.600226827e-12,3,0,60
82.32091219,39.00218145,-76.5,5.969377302e-12,3,0,60
82.37113492,39.0021828,-76.5,-5.655726082e-12,3,0,60
82.421384,39.00218415,-76.5,2.340568207e-12,3,0,60
82.47157193,39.00218551,-76.5,1.017167802e-11,3,0,60
82.52183445,39.00218686,-76.5,-3.77346894e-12,3,0,60
82.57201782,39.00218821,-76.5,3.716355597e-12,3,0,60
82.62222661,39.00218956,-76.5,7.178224836e-12,3,0,60
82.67245916,39.00219091,-76.5,6.368081557e-12,3,0,60
82.72269264,39.00219226,-76.5,-3.278761028e-12,3,0,60
82.7729084,39.00219361,-76.5,3.582563574e-12,3,0,60
82.82313439,39.00219496,-76.5,5.987343324e-12,3,0,60
82.87331434,39.00219631,-76.5,1.404862054e-11,3,0,60
82.92349635,39.00219767,-76.5,-5.458601818e-13,3,0,60
82.97367642,39.00219902,-76.5,-1.025024381e-11,3,0,60
83.0238682,39.00220037,-76.5,2.739394695e-13,3,0,60
83.07407478,39.00220172,-76.5,1.709056291e-11,3,0,60
83.12426261,39.00220307,-76.5,1.506950943e-12,3,0,60
83.17441843,39.00220442,-76.5,7.008097236e-12,3,0,60
83.22468465,39.00220577,-76.5,1.412836155e-11,3,0,60
83.27499356,39.00220712,-76.5,-6.017949966e-12,3,0,60
83.32520521,39.00220848,-76.5,8.354617134e-12,3,0,60
83.37544937,39.00220983,-76.5,-3.189629541e-12,3,0,60
83.4256396,39.00221118,-76.5,8.234395178e-12,3,0,60
83.47592265,39.00221253,-76.5,-2.521126431e-12,3,0,60
83.52616228,39.00221388,-76.5,1.885724951e-12,3,0,60
83.57640822,39.00221523,-76.5,-6.348113882e-13,3,0,60
83.6266525,39.00221658,-76.5,-3.859248662e-12,3,0,60
83.67686553,39.00221793,-76.5,-1.692078755e-12,3,0,60
83.72706467,39.00221928,-76.5,-3.155028922e-12,3,0,60
83.7773197,39.00222064,-76.5,-6.790694558e-12,3,0,60
83.8275586,39.00222199,-76.5,2.145125282e-12,3,0,60
83.87781031,39.00222334,-76.5,1.720911557e-12,3,0,60
83.92806072,39.00222469,-76.5,4.042353571e-12,3,0,60
83.97829084,39.00222604,-76.5,3.840371389e-12,3,0,60
84.02850009,39.00222739,-76.5,-1.780004123e-12,3,0,60
84.07870118,39.00222874,-76.5,5.410203907e-12,3,0,60
84.12889046,39.00223009,-76.5,-7.691153499e-12,3,0,60
84.17911234,39.00223145,-76.5,-2.039704915e-12,3,0,60
84.22935299,39.0022328,-76.5,7.132236479e-12,3,0,60
84.27963451,39.00223415,-76.5,3.087823504e-12,3,0,60
84.32984531,39.0022355,-76.5,5.358667902e-12,3,0,60
84.38005062,39.00223685,-76.5,1.638673872e-12,3,0,60
84.43023475,39.0022382,-76.5,1.241742413e-12,3,0,60
84.48042331,39.00223955,-76.5,-2.035770542e-12,3,0,60
84.53064082,39.0022409,-76.5,-6.689835233e-12,3,0,60
84.58090222,39.00224225,-76.5,2.022267483e-12,3,0,60
84.63110127,39.00224361,-76.5,3.238499828e-12,3,0,60
84.6813199,39.00224496,-76.5,-1.448302275e-12,3,0,60
84.73163194,39.00224631,-76.5,9.758947554e-12,3,0,60
84.78183563,39.00224766,-76.5,1.371141565e-11,3,0,60
84.8320915,39.00224901,-76.5,1.77878933e-11,3,0,60
84.8823101,39.00225036,-76.5,7.701911949e-13,3,0,60
84.93253387,39.00225171,-76.5,2.380292538e-12,3,0,60
84.98277309,39.00225306,-76.5,1.920858612e-12,3,0,60
85.03302295,39.00225442,-76.5,-2.648427872e-13,3,0,60
85.08322601,39.00225577,-76.5,5.865299807e-12,3,0,60
85.13338459,39.00225712,-76.5,3.824445871e-12,3,0,60
85.18355294,39.00225847,-76.5,1.120563506e-11,3,0,60
85.23374209,39.00225982,-76.5,-1.908621698e-12,3,0,60
85.28397683,39.00226117,-76.5,-7.487824619e-12,3,0,60
85.33413952,39.00226387,-76.5,9.534574196e-12,3,0,60
85.38431753,39.00226523,-76.5,-1.117770173e-12,3,0,60
85.43448459,39.00226658,-76.5,4.737290957e-14,3,0,60
85.48470909,39.00226793,-76.5,-9.825241661e-13,3,0,60
85.53489032,39.00226928,-76.5,5.25873335e-12,3,0,60
85.58510301,39.00227063,-76.5,1.088041984e-11,3,0,60
85.63534173,39.00227198,-76.5,9.237898122e-12,3,0,60
85.68554746,39.00227333,-76.5,-2.50675625e-12,3,0,60
85.73578455,39.00227468,-76.5,-3.529762091e-13,3,0,60
85.7859608,39.00227603,-76.5,9.221758679e-12,3,0,60
85.83622115,39.00227738,-76.5,5.305801124e-16,3,0,60
85.88646767,39.00227874,-76.5,8.283046281e-12,3,0,60
85.93672882,39.00228009,-76.5,-3.587888809e-13,3,0,60
85.98693186,39.00228144,-76.5,7.00206059e-12,3,0,60
86.03719098,39.00228279,-76.5,-1.550983458e-12,3,0,60
86.08736032,39.00228414,-76.5,-3.588363382e-12,3,0,60
86.13755722,39.00228549,-76.5,4.753186312e-12,3,0,60
86.18775128,39.00228684,-76.5,8.735910544e-12,3,0,60
86.23791331,39.00228819,-76.5,2.856595062e-12,3,0,60
86.28812569,39.00228955,-76.5,8.283826877e-12,3,0,60
86.33836097,39.0022909,-76.5,-4.256493915e-12,3,0,60
86.38850858,39.00229225,-76.5,3.662417171e-12,3,0,60
86.4386868,39.0022936,-76.5,-3.805084643e-13,3,0,60
86.48888667,39.00229495,-76.5,-5.148663647e-12,3,0,60
86.53906692,39.0022963,-76.5,-4.471142665e-12,3,0,60
86.58925402,39.00229765,-76.5,-4.471142665e-12,3,0,60
86.63950524,39.002299,-76.5,5.408067205e-13,3,0,60
86.68980775,39.00230036,-76.5,7.61096859e-12,3,0,60
86.73997767,39.00230171,-76.5,1.481644125e-12,3,0,60
86.79014341,39.00230306,-76.5,-4.490853624e-13,3,0,60
86.84033543,39.00230441,-76.5,1.491386435e-12,3,0,60
86.89051311,39.00230576,-76.5,1.539375651e-13,3,0,60
86.94071074,39.00230711,-76.5,3.820180468e-12,3,0,60
86.99089311,39.00230846,-76.5,-1.195009579e-12,3,0,60
87.04106998,39.00230981,-76.5,9.006739663e-12,3,0,60
87.09124153,39.00231116,-76.5,2.671795049e-13,3,0,60
87.14142242,39.00231252,-76.5,1.062022585e-11,3,0,60
87.19166047,39.00231387,-76.5,9.40644026e-13,3,0,60
87.24181988,39.00231522,-76.5,1.536480122e-11,3,0,60
87.29198318,39.00231657,-76.5,3.396426765e-12,3,0,60
87.34215038,39.00231792,-76.5,-1.221689147e-13,3,0,60
87.3923757,39.00231927,-76.5,1.185843007e-11,3,0,60
87.44254564,39.00232062,-76.5,7.7043875e-12,3,0,60
87.49275883,39.00232197,-76.5,-4.655371971e-12,3,0,60
87.54293851,39.00232333,-76.5,2.874136677e-12,3,0,60
87.59313761,39.00232468,-76.5,2.480681056e-12,3,0,60
87.64341258,39.00232603,-76.5,3.477657232e-12,3,0,60
87.69362146,39.00232738,-76.5,-1.917509978e-12,3,0,60
87.74389037,39.00232873,-76.5,-1.079763866e-12,3,0,60
87.79406814,39.00233008,-76.5,-1.019682136e-11,3,0,60
87.84425132,39.00233143,-76.5,7.990894263e-12,3,0,60
87.8944898,39.00233278,-76.5,1.319143156e-11,3,0,60
87.94470465,39.00233413,-76.5,2.006920101e-13,3,0,60
87.99493314,39.00233548,-76.5,2.726508319e-12,3,0,60
88.04509881,39.00233684,-76.5,6.27121162e-13,3,0,60
88.09540572,39.00233819,-76.5,-3.032849353e-12,3,0,60
88.14557976,39.00233954,-76.5,2.85769641e-12,3,0,60
88.19573434,39.00234089,-76.5,-5.948334331e-12,3,0,60
88.24595233,39.00234224,-76.5,4.02671863e-12,3,0,60
88.2961018,39.00234359,-76.5,-5.334892701e-12,3,0,60
88.34624556,39.00234494,-76.5,3.701317683e-13,3,0,60
88.39643358,39.0023463,-76.5,1.500461566e-11,3,0,60
88.4466367,39.00234765,-76.5,-8.146212508e-13,3,0,60
88.49683186,39.002349,-76.5,-1.022557343e-12,3,0,60
88.54700934,39.00235035,-76.5,2.631287865e-12,3,0,60
88.59723047,39.0023517,-76.5,8.410717322e-12,3,0,60
88.64740117,39.00235305,-76.5,1.065378245e-11,3,0,60
88.69765411,39.0023544,-76.5,2.572486084e-12,3,0,60
88.74787515,39.00235575,-76.5,1.246445379e-12,3,0,60
88.79805408,39.0023571,-76.5,6.578932235e-12,3,0,60
88.84822579,39.00235845,-76.5,2.824359302e-13,3,0,60
88.89844801,39.00235981,-76.5,6.047977957e-12,3,0,60
88.94865676,39.00236116,-76.5,-4.450092231e-12,3,0,60
88.99889121,39.00236251,-76.5,8.757244949e-12,3,0,60
89.04904762,39.00236386,-76.5,1.122006324e-11,3,0,60
89.09922565,39.00236521,-76.5,4.625584802e-13,3,0,60
89.14939694,39.00236656,-76.5,1.014742021e-11,3,0,60
89.19967793,39.00236791,-76.5,3.907471898e-12,3,0,60
89.24983527,39.00236926,-76.5,-3.990781491e-12,3,0,60
89.30005815,39.00237062,-76.5,4.91279667e-12,3,0,60
89.35022566,39.00237197,-76.5,5.590814333e-12,3,0,60
89.40044765,39.00237332,-76.5,5.53070127e-12,3,0,60
89.4506174,39.00237467,-76.5,1.199022397e-11,3,0,60
89.50081794,39.00237602,-76.5,3.629648488e-12,3,0,60
89.55101448,39.00237737,-76.5,-4.271581161e-12,3,0,60
89.60119864,39.00237872,-76.5,-4.13872929e-12,3,0,60
89.65138401,39.00238007,-76.5,2.219101499e-12,3,0,60
89.70157638,39.00238143,-76.5,1.315004928e-11,3,0,60
89.75181146,39.00238278,-76.5,-4.181653133e-12,3,0,60
89.80198415,39.00238413,-76.5,1.328915531e-12,3,0,60
89.85218115,39.00238548,-76.5,-4.095019843e-12,3,0,60
89.90236404,39.00238683,-76.5,9.207557464e-12,3,0,60
89.95255801,39.00238818,-76.5,2.105526953e-14,3,0,60
90.00275764,39.00238953,-76.5,2.368785926e-12,3,0,60
90.05294493,39.00239088,-76.5,-7.792585003e-13,3,0,60
90.10313737,39.00239223,-76.5,4.748177882e-12,3,0,60
90.15332314,39.00239358,-76.5,1.866514419e-12,3,0,60
90.20361348,39.00239494,-76.5,1.266898464e-11,3,0,60
90.25381522,39.00239629,-76.5,-3.865561305e-12,3,0,60
90.30404227,39.00239764,-76.5,-1.228134339e-12,3,0,60
90.35428193,39.00239899,-76.5,1.515946843e-12,3,0,60
90.40453315,39.00240034,-76.5,-7.565624686e-13,3,0,60
90.45479378,39.00240169,-76.5,-2.600978344e-12,3,0,60
90.50498034,39.00240304,-76.5,1.336342507e-11,3,0,60
90.55516845,39.00240439,-76.5,4.782105699e-12,3,0,60
90.60536201,39.00240575,-76.5,-1.103614055e-11,3,0,60
90.65555641,39.0024071,-76.5,1.278674536e-11,3,0,60
90.70581767,39.00240845,-76.5,3.273836923e-12,3,0,60
90.75600472,39.0024098,-76.5,-6.346573136e-13,3,0,60
90.80618146,39.00241115,-76.5,6.708334907e-12,3,0,60
90.85635854,39.0024125,-76.5,1.316537721e-11,3,0,60
90.90655501,39.00241385,-76.5,-1.953929523e-12,3,0,60
90.95676566,39.0024152,-76.5,2.123542935e-12,3,0,60
91.00694401,39.00241656,-76.5,4.214815781e-12,3,0,60
91.05711842,39.00241791,-76.5,1.661045339e-12,3,0,60
91.10731919,39.00241926,-76.5,1.055273957e-12,3,0,60
91.15751612,39.00242061,-76.5,-1.01759617e-11,3,0,60
91.20776451,39.00242196,-76.5,4.520030719e-12,3,0,60
91.25795463,39.00242331,-76.5,-8.85057256e-13,3,0,60
91.30815351,39.00242466,-76.5,-3.45023914e-12,3,0,60
91.35834715,39.00242601,-76.5,1.705950528e-11,3,0,60
91.40856091,39.00242736,-76.5,3.653567231e-12,3,0,60
91.45880609,39.00242871,-76.5,7.967160991e-12,3,0,60
91.50905358,39.00243007,-76.5,2.235173046e-12,3,0,60
91.55928067,39.00243142,-76.5,-6.507362495e-12,3,0,60
91.60957545,39.00243277,-76.5,4.642840004e-12,3,0,60
91.65980399,39.00243412,-76.5,3.267195615e-12,3,0,60
91.71000447,39.00243547,-76.5,1.157600405e-11,3,0,60
91.76025931,39.00243682,-76.5,-4.063165513e-12,3,0,60
91.81045414,39.00243817,-76.5,-6.928457061e-12,3,0,60
91.86062789,39.00243953,-76.5,4.233155683e-12,3,0,60
91.9108121,39.00244088,-76.5,1.08454605e-11,3,0,60
91.96108406,39.00244223,-76.5,1.975934555e-12,3,0,60
92.01127595,39.00244358,-76.5,4.82723521e-13,3,0,60
92.06154594,39.00244493,-76.5,4.319611387e-12,3,0,60
92.11179784,39.00244628,-76.5,-6.656656132e-12,3,0,60
92.16200456,39.00244763,-76.5,3.62545313e-12,3,0,60
92.21224331,39.00244898,-76.5,1.448680943e-12,3,0,60
92.26243838,39.00245033,-76.5,-8.261159355e-12,3,0,60
92.31267738,39.00245168,-76.5,-7.399106296e-12,3,0,60
92.36290232,39.00245304,-76.5,3.168719704e-14,3,0,60
92.41315906,39.00245439,-76.5,2.114033214e-12,3,0,60
92.46340073,39.00245574,-76.5,9.24818728e-12,3,0,60
92.51364761,39.00245709,-76.5,-3.935021408e-12,3,0,60
92.56390263,39.00245844,-76.5,8.399037226e-13,3,0,60
92.61414206,39.00245979,-76.5,6.625781937e-12,3,0,60
92.66437872,39.00246114,-76.5,8.767653908e-12,3,0,60
92.71461002,39.0024625,-76.5,-1.215017312e-12,3,0,60
92.76482048,39.00246385,-76.5,4.570924493e-13,3,0,60
92.81503743,39.0024652,-76.5,9.15083682e-12,3,0,60
92.86528933,39.00246655,-76.5,2.034303583e-13,3,0,60
92.91552704,39.0024679,-76.5,-5.176856124e-12,3,0,60
92.96578756,39.00246925,-76.5,-1.893565956e-12,3,0,60
93.01598486,39.0024706,-76.5,2.529656766e-12,3,0,60
93.06618669,39.00247195,-76.5,6.499980967e-12,3,0,60
93.11642453,39.0024733,-76.5,8.411681069e-12,3,0,60
93.16666314,39.00247465,-76.5,5.082170811e-16,3,0,60
93.21685156,39.00247601,-76.5,9.010240443e-12,3,0,60
93.26708666,39.00247736,-76.5,5.369118771e-12,3,0,60
93.31726887,39.00247871,-76.5,5.324385514e-12,3,0,60
93.36746591,39.00248006,-76.5,5.324385514e-12,3,0,60
93.41766148,39.00248141,-76.5,3.54238375e-12,3,0,60
93.46791421,39.00248276,-76.5,-3.254306757e-13,3,0,60
93.51821203,39.00248411,-76.5,-7.111534874e-12,3,0,60
93.56842761,39.00248546,-76.5,3.32385552e-12,3,0,60
93.61866264,39.00248682,-76.5,2.74735194e-12,3,0,60
93.66887364,39.00248817,-76.5,3.118808464e-12,3,0,60
93.71905444,39.00248952,-76.5,6.927915048e-12,3,0,60
93.76929116,39.00249087,-76.5,3.213378229e-12,3,0,60
93.81948866,39.00249222,-76.5,-9.897737419e-13,3,0,60
93.86972664,39.00249357,-76.5,2.397689049e-12,3,0,60
93.91989312,39.00249492,-76.5,3.397147691e-12,3,0,60
93.97008051,39.00249627,-76.5,-4.925726323e-12,3,0,60
94.02024644,39.00249763,-76.5,8.195793289e-12,3,0,60
94.07047946,39.00249898,-76.5,6.491762718e-12,3,0,60
94.12065179,39.00250033,-76.5,9.144070099e-12,3,0,60
94.17083456,39.00250168,-76.5,5.776320857e-13,3,0,60
94.22106206,39.00250303,-76.5,8.435032552e-12,3,0,60
94.27127864,39.00250438,-76.5,3.013577317e-12,3,0,60
94.32148506,39.00250573,-76.5,-5.13816065e-12,3,0,60
94.37171845,39.00250708,-76.5,-4.565306905e-12,3,0,60
94.42191191,39.00250843,-76.5,2.180484309e-13,3,0,60
94.47213677,39.00250979,-76.5,3.866930701e-12,3,0,60
94.5223324,39.00251114,-76.5,-3.480703838e-12,3,0,60
94.57255181,39.00251249,-76.5,4.514104291e-12,3,0,60
94.62277192,39.00251384,-76.5,9.766229037e-12,3,0,60
94.67296809,39.00251519,-76.5,5.198479713e-12,3,0,60
94.72323101,39.00251654,-76.5,9.675771166e-12,3,0,60
94.77346063,39.00251789,-76.5,1.679057856e-11,3,0,60
94.82372201,39.00251924,-76.5,1.190596681e-12,3,0,60
94.87395335,39.00252059,-76.5,1.604086504e-11,3,0,60
94.92417928,39.00252195,-76.5,1.786676223e-12,3,0,60
94.97437363,39.0025233,-76.5,-7.569478776e-12,3,0,60
95.02462453,39.00252465,-76.5,-1.590229893e-13,3,0,60
95.07484624,39.002526,-76.5,3.23042326e-12,3,0,60
95.1250467,39.00252735,-76.5,8.407647279e-12,3,0,60
95.17528188,39.0025287,-76.5,8.575223226e-12,3,0,60
95.22552666,39.00253005,-76.5,1.220643807e-12,3,0,60
95.27582337,39.0025314,-76.5,-5.587283676e-12,3,0,60
95.32609214,39.00253276,-76.5,9.335945797e-12,3,0,60
95.37628439,39.00253411,-76.5,-3.564014212e-12,3,0,60
95.42649028,39.00253546,-76.5,-1.013234984e-11,3,0,60
95.47675492,39.00253681,-76.5,5.905468965e-12,3,0,60
95.52700578,39.00253816,-76.5,6.924773033e-12,3,0,60
95.57727138,39.00253951,-76.5,-3.563918704e-13,3,0,60
95.62750358,39.00254086,-76.5,9.341863871e-12,3,0,60
95.67775292,39.00254221,-76.5,-4.350295848e-12,3,0,60
95.72802416,39.00254356,-76.5,-3.627634798e-12,3,0,60
95.77828524,39.00254491,-76.5,3.580671323e-13,3,0,60
95.82855104,39.00254627,-76.5,5.428141636e-12,3,0,60
95.87882353,39.00254762,-76.5,-4.555519931e-12,3,0,60
95.92906812,39.00254897,-76.5,-3.254955365e-12,3,0,60
95.97929574,39.00255032,-76.5,-6.760616213e-13,3,0,60
96.02954591,39.00255167,-76.5,3.535344102e-12,3,0,60
96.0797848,39.00255302,-76.5,3.948963373e-12,3,0,60
96.13001168,39.00255437,-76.5,7.297239043e-12,3,0,60
96.18031714,39.00255572,-76.5,1.59649965e-12,3,0,60
96.23056438,39.00255708,-76.5,1.257159773e-11,3,0,60
96.28080856,39.00255843,-76.5,1.126540219e-11,3,0,60
96.33106277,39.00255978,-76.5,2.567509787e-12,3,0,60
96.38128637,39.00256113,-76.5,7.291835221e-12,3,0,60
96.43150153,39.00256248,-76.5,4.437273148e-13,3,0,60
96.48171452,39.00256383,-76.5,6.662166406e-12,3,0,60
96.53191077,39.00256518,-76.5,8.141805267e-12,3,0,60
96.58210157,39.00256653,-76.5,1.017156693e-11,3,0,60
96.63231843,39.00256789,-76.5,5.98726645e-12,3,0,60
96.68255796,39.00256924,-76.5,1.372128343e-11,3,0,60
96.73278614,39.00257059,-76.5,-5.03052828e-12,3,0,60
96.7830118,39.00257194,-76.5,1.297076496e-11,3,0,60
96.83327208,39.00257329,-76.5,1.541929067e-11,3,0,60
96.88344057,39.00257464,-76.5,8.998874622e-12,3,0,60
96.93361945,39.00257599,-76.5,5.48037195e-12,3,0,60
96.98381224,39.00257734,-76.5,2.444529403e-12,3,0,60
97.0340042,39.00258004,-76.5,1.001024101e-12,3,0,60
97.08421223,39.0025814,-76.5,1.362757693e-11,3,0,60
97.13436121,39.00258275,-76.5,-9.921568842e-12,3,0,60
97.18449533,39.0025841,-76.5,9.91313839e-12,3,0,60
97.23465819,39.00258545,-76.5,-8.418019891e-12,3,0,60
97.28486485,39.0025868,-76.5,8.297998554e-12,3,0,60
97.3350357,39.00258815,-76.5,3.817151966e-12,3,0,60
97.38525401,39.0025895,-76.5,-3.603804133e-12,3,0,60
97.43542539,39.00259085,-76.5,1.039036838e-11,3,0,60
97.48561156,39.00259221,-76.5,9.380408608e-12,3,0,60
97.5358154,39.00259356,-76.5,-4.280901379e-12,3,0,60
97.58602733,39.00259491,-76.5,1.060368729e-11,3,0,60
97.6362119,39.00259626,-76.5,-5.355838879e-12,3,0,60
97.6864158,39.00259761,-76.5,1.114538837e-11,3,0,60
97.73662023,39.00259896,-76.5,-6.02146947e-13,3,0,60
97.78678207,39.00260031,-76.5,7.881862528e-12,3,0,60
97.83696405,39.00260166,-76.5,-6.276989189e-12,3,0,60
97.88713381,39.00260301,-76.5,1.340910755e-12,3,0,60
97.93730817,39.00260437,-76.5,-3.000048731e-12,3,0,60
97.98748228,39.00260572,-76.5,7.374916947e-12,3,0,60
98.03766357,39.00260707,-76.5,8.22565411e-12,3,0,60
98.08785248,39.00260842,-76.5,2.625710666e-12,3,0,60
98.13801346,39.00260977,-76.5,3.704136419e-12,3,0,60
98.18819489,39.00261112,-76.5,1.560694709e-11,3,0,60
98.23835911,39.00261247,-76.5,6.153163475e-12,3,0,60
98.28857235,39.00261383,-76.5,-8.373263941e-12,3,0,60
98.33878345,39.00261518,-76.5,7.163139122e-12,3,0,60
98.38895913,39.00261653,-76.5,2.47196582e-12,3,0,60
98.43912199,39.00261788,-76.5,4.893208576e-12,3,0,60
98.48931112,39.00261923,-76.5,-3.607656139e-12,3,0,60
98.53952373,39.00262058,-76.5,7.580341337e-12,3,0,60
98.58978761,39.00262193,-76.5,8.69795532e-12,3,0,60
98.63998232,39.00262328,-76.5,6.65025148e-12,3,0,60
98.69021712,39.00262464,-76.5,2.001738782e-12,3,0,60
98.74037077,39.00262599,-76.5,-3.116040592e-12,3,0,60
98.79057738,39.00262734,-76.5,9.334413216e-12,3,0,60
98.84087625,39.00262869,-76.5,7.383062151e-13,3,0,60
98.89102805,39.00263004,-76.5,4.53560158e-12,3,0,60
98.94122296,39.00263139,-76.5,-3.309480319e-12,3,0,60
98.99144446,39.00263274,-76.5,1.025957429e-11,3,0,60
99.04162698,39.00263409,-76.5,3.016701421e-12,3,0,60
99.09183329,39.00263544,-76.5,4.424506742e-12,3,0,60
99.14198198,39.00263679,-76.5,-4.087271148e-12,3,0,60
99.19220661,39.00263815,-76.5,3.278633579e-12,3,0,60
99.24236289,39.0026395,-76.5,5.829346323e-12,3,0,60
99.2925236,39.00264085,-76.5,1.086087394e-12,3,0,60
99.34272655,39.0026422,-76.5,-5.631464744e-12,3,0,60
99.39293583,39.00264355,-76.5,-6.752044465e-12,3,0,60
99.44315185,39.0026449,-76.5,1.003441359e-11,3,0,60
99.49334158,39.00264625,-76.5,9.020726823e-13,3,0,60
99.54364658,39.0026476,-76.5,1.219771379e-11,3,0,60
99.59379909,39.00264895,-76.5,1.111284992e-11,3,0,60
99.64397925,39.00265031,-76.5,8.297751212e-12,3,0,60
99.6941491,39.00265166,-76.5,-1.877790349e-12,3,0,60
99.74431983,39.00265301,-76.5,-1.117334936e-12,3,0,60
99.79452151,39.00265436,-76.5,9.332534831e-12,3,0,60
99.84475866,39.00265571,-76.5,1.699706381e-11,3,0,60
99.8949807,39.00265706,-76.5,9.172320112e-12,3,0,60
99.94521952,39.00265841,-76.5,-5.303509835e-12,3,0,60
99.99537835,39.00265976,-76.5,-1.079481755e-11,3,0,60
100.0455672,39.00266111,-76.5,9.305774397e-12,3,0,60
100.0957626,39.00266247,-76.5,3.303531507e-12,3,0,60
100.1459288,39.00266382,-76.5,-5.050005293e-12,3,0,60
100.1961377,39.00266517,-76.5,-5.867496282e-12,3,0,60
100.2463539,39.00266652,-76.5,1.184261352e-11,3,0,60
100.2965571,39.00266787,-76.5,-7.97620942e-12,3,0,60
100.3467519,39.00266922,-76.5,5.161278589e-12,3,0,60
100.3969389,39.00267057,-76.5,5.161278589e-12,3,0,60
100.4471559,39.00267192,-76.5,-8.836350431e-12,3,0,60
100.497388,39.00267328,-76.5,5.242151189e-12,3,0,60
100.5475554,39.00267463,-76.5,4.51990249e-12,3,0,60
100.5977321,39.00267598,-76.5,-5.128830186e-12,3,0,60
100.6479688,39.00267733,-76.5,2.024267565e-12,3,0,60
100.6981314,39.00267868,-76.5,-2.25518128e-12,3,0,60
100.7483137,39.00268003,-76.5,-6.004844913e-12,3,0,60
100.7985062,39.00268138,-76.5,1.718169628e-11,3,0,60
100.8487171,39.00268273,-76.5,1.445539116e-11,3,0,60
100.8988952,39.00268408,-76.5,-1.022963048e-12,3,0,60
100.9490825,39.00268544,-76.5,-7.218170775e-12,3,0,60
100.9992714,39.00268679,-76.5,-4.70168573e-12,3,0,60
101.0494659,39.00268814,-76.5,-5.194528003e-13,3,0,60
101.0996543,39.00268949,-76.5,3.945034607e-12,3,0,60
101.1497921,39.00269084,-76.5,2.65480457e-12,3,0,60
101.1999743,39.00269219,-76.5,1.636622655e-11,3,0,60
101.2501437,39.00269354,-76.5,-7.471202207e-13,3,0,60
101.3003182,39.00269489,-76.5,1.610531296e-11,3,0,60
101.3505545,39.00269624,-76.5,6.886658728e-12,3,0,60
101.4007767,39.0026976,-76.5,8.982490347e-12,3,0,60
101.4509447,39.00269895,-76.5,2.85673012e-12,3,0,60
101.5011078,39.0027003,-76.5,1.979216649e-12,3,0,60
101.5512769,39.00270165,-76.5,-7.38577338e-12,3,0,60
101.6014361,39.002703,-76.5,4.446101633e-12,3,0,60
101.6516069,39.00270435,-76.5,6.049352057e-12,3,0,60
101.701834,39.0027057,-76.50000002,-0.01308813729,3,0,60
101.752014,39.00270706,-76.50000007,-0.02618904518,3,0,60
101.8021959,39.0027084,-76.50000014,-0.03926898945,3,0,60
101.8523705,39.00270975,-76.50000023,-0.052368664,3,0,60
101.9025431,39.0027111,-76.50000034,-0.06545038667,3,0,60
101.9527507,39.00271245,-76.50000048,-0.07853979631,3,0,60
102.0029066,39.0027138,-76.50000063,-0.09163826633,3,0,60
102.0531084,39.00271514,-76.50000082,-0.1047229636,3,0,60
102.1033328,39.00271648,-76.50000102,-0.1178228067,3,0,60
102.153516,39.00271782,-76.50000124,-0.1308956421,3,0,60
102.2037139,39.00271916,-76.50000149,-0.1439857408,3,0,60
102.2538894,39.00272049,-76.50000176,-0.1570760238,3,0,60
102.3040661,39.00272182,-76.50000206,-0.1701657719,3,0,60
102.3542517,39.00272315,-76.50000237,-0.183257427,3,0,60
102.4044565,39.00272448,-76.50000271,-0.196355991,3,0,60
102.4547277,39.0027258,-76.50000307,-0.2094377713,3,0,60
102.5049239,39.00272712,-76.50000345,-0.2225376147,3,0,60
102.5551011,39.00272843,-76.50000386,-0.2356190206,3,0,60
102.6052788,39.00272974,-76.50000428,-0.2487073802,3,0,60
102.6554787,39.00273104,-76.50000473,-0.2617964225,3,0,60
102.7056642,39.00273235,-76.5000052,-0.2749038283,3,0,60
102.7558674,39.00273364,-76.50000569,-0.2879768895,3,0,60
102.8060445,39.00273493,-76.50000621,-0.3010658225,3,0,60
102.8562327,39.00273622,-76.50000674,-0.3141553093,3,0,60
102.9064021,39.0027375,-76.5000073,-0.3272518724,3,0,60
102.9566012,39.00273877,-76.50000788,-0.3403369812,3,0,60
103.006772,39.00274004,-76.50000848,-0.3534368487,3,0,60
103.0570178,39.0027413,-76.5000091,-0.3665181064,3,0,60
103.1072394,39.00274255,-76.50000974,-0.3796077469,3,0,60
103.1574132,39.0027438,-76.5000104,-0.3926961576,3,0,60
103.2076749,39.00274505,-76.50001109,-0.4058144482,3,0,60
103.2578478,39.00274628,-76.50001179,-0.4188813428,3,0,60
103.3080407,39.0027475,-76.50001251,-0.4319773063,3,0,60
103.3582292,39.00274872,-76.50001326,-0.4450563793,3,0,60
103.4084246,39.00274994,-76.50001403,-0.4581490785,3,0,60
103.4586572,39.00275114,-76.50001481,-0.4712375875,3,0,60
103.5088536,39.00275234,-76.50001562,-0.4843281444,3,0,60
103.5590922,39.00275352,-76.50001644,-0.4974226442,3,0,60
103.6093394,39.0027547,-76.50001729,-0.5105067189,3,0,60
103.6595299,39.00275587,-76.50001816,-0.5235933215,3,0,60
103.709747,39.00275703,-76.50001904,-0.5366863222,3,0,60
103.7599409,39.00275818,-76.50001995,-0.5497756311,3,0,60
103.8101362,39.00275933,-76.50002087,-0.5628685509,3,0,60
103.8603694,39.00276046,-76.50002181,-0.5759548012,3,0,60
103.9105604,39.00276158,-76.50002277,-0.5890466626,3,0,60
103.9607658,39.0027627,-76.50002376,-0.6021352523,3,0,60
104.0109423,39.0027638,-76.50002476,-0.6152321148,3,0,60
104.0611542,39.00276489,-76.50002577,-0.6283150067,3,0,60
104.1113483,39.00276598,-76.50002681,-0.6413988002,3,0,60
104.1615484,39.00276705,-76.50002786,-0.6544953782,3,0,60
104.2117501,39.00276811,-76.50002894,-0.6676025557,3,0,60
104.2619239,39.00276917,-76.50003001,-0.6729252134,3,0,60
104.3121131,39.00277022,-76.50003109,-0.6717322684,3,0,60
104.3623462,39.00277128,-76.50003217,-0.6705500963,3,0,60
104.4125177,39.00277234,-76.50003324,-0.6693808252,3,0,60
104.4627627,39.0027734,-76.50003432,-0.6682233229,3,0,60
104.5129553,39.00277447,-76.50003539,-0.6670782592,3,0,60
104.5631455,39.00277553,-76.50003646,-0.6659439186,3,0,60
104.6133168,39.0027766,-76.50003751,-0.6528558174,3,0,60
104.6634751,39.00277768,-76.50003854,-0.6397668112,3,0,60
104.71376,39.00277878,-76.50003956,-0.626665902,3,0,60
104.7639598,39.00277988,-76.50004056,-0.6135859444,3,0,60
104.8141426,39.002781,-76.50004153,-0.6004950237,3,0,60
104.8643517,39.00278212,-76.50004249,-0.5874076116,3,0,60
104.9145278,39.00278326,-76.50004343,-0.5743164159,3,0,60
104.9647624,39.0027844,-76.50004436,-0.5612255669,3,0,60
105.0149552,39.00278555,-76.50004526,-0.5481338694,3,0,60
105.0652168,39.00278672,-76.50004614,-0.5350357845,3,0,60
105.1154636,39.00278788,-76.50004703,-0.536179098,3,0,60
105.1657128,39.00278904,-76.50004791,-0.5378651989,3,0,60
105.215949,39.0027902,-76.5000488,-0.5395352678,3,0,60
105.2661962,39.00279136,-76.50004969,-0.5411894879,3,0,60
105.3164697,39.00279252,-76.50005057,-0.5280833568,3,0,60
105.3667143,39.0027937,-76.50005142,-0.5150099324,3,0,60
105.4169259,39.00279488,-76.50005225,-0.501920737,3,0,60
105.4671805,39.00279608,-76.50005307,-0.4888279757,3,0,60
105.5174208,39.00279728,-76.50005386,-0.4757369474,3,0,60
105.5676638,39.00279849,-76.50005463,-0.4626411297,3,0,60
105.6178696,39.0027997,-76.50005538,-0.4495570872,3,0,60
105.6682565,39.00280093,-76.50005612,-0.4364832853,3,0,60
105.7185374,39.00280216,-76.50005683,-0.4264430655,3,0,60
105.7688431,39.00280339,-76.50005755,-0.4293062586,3,0,60
105.8191085,39.00280461,-76.50005828,-0.4321374874,3,0,60
105.8693621,39.00280584,-76.50005901,-0.4349401988,3,0,60
105.9195774,39.00280706,-76.50005974,-0.4377136231,3,0,60
105.9698291,39.00280829,-76.50006046,-0.4246343145,3,0,60
106.0200983,39.00280953,-76.50006115,-0.4115410022,3,0,60
106.0703039,39.00281078,-76.50006182,-0.3984557178,3,0,60
106.1205104,39.00281203,-76.50006247,-0.3853616496,3,0,60
106.1707181,39.00281329,-76.5000631,-0.3722758424,3,0,60
106.2208976,39.00281455,-76.50006371,-0.3591799207,3,0,60
106.2711202,39.00281582,-76.5000643,-0.3460948245,3,0,60
106.3213876,39.0028171,-76.50006486,-0.3329876931,3,0,60
106.3716638,39.00281838,-76.50006541,-0.3199145483,3,0,60
106.4218444,39.00281967,-76.50006595,-0.3183111622,3,0,60
106.4720429,39.00282095,-76.5000665,-0.320850328,3,0,60
106.5222413,39.00282223,-76.50006705,-0.3233613111,3,0,60
106.572501,39.00282351,-76.5000676,-0.3258480069,3,0,60
106.6227607,39.0028248,-76.50006813,-0.3127530411,3,0,60
106.6729931,39.00282609,-76.50006864,-0.2996661442,3,0,60
106.723198,39.00282738,-76.50006913,-0.2865637221,3,0,60
106.773428,39.00282868,-76.5000696,-0.2734845959,3,0,60
106.823663,39.00282999,-76.50007005,-0.2603939972,3,0,60
106.8738915,39.0028313,-76.50007047,-0.2473042166,3,0,60
106.9241208,39.00283261,-76.50007087,-0.2342136299,3,0,60
106.9743408,39.00283393,-76.50007125,-0.2211128508,3,0,60
107.0245578,39.00283525,-76.50007161,-0.2080383135,3,0,60
107.0748041,39.00283658,-76.50007196,-0.203902733,3,0,60
107.1250164,39.0028379,-76.50007232,-0.2061797679,3,0,60
107.175266,39.00283922,-76.50007267,-0.208429273,3,0,60
107.2255202,39.00284054,-76.50007304,-0.2106613629,3,0,60
107.2757818,39.00284187,-76.50007338,-0.1975720135,3,0,60
107.326022,39.0028432,-76.50007369,-0.1844789633,3,0,60
107.3762441,39.00284453,-76.50007399,-0.171392274,3,0,60
107.4264503,39.00284586,-76.50007426,-0.1582863767,3,0,60
107.4767018,39.0028472,-76.50007451,-0.1452172328,3,0,60
107.526942,39.00284854,-76.50007474,-0.1321206689,3,0,60
107.5771668,39.00284988,-76.50007495,-0.119025506,3,0,60
107.6273587,39.00285122,-76.50007513,-0.1059424863,3,0,60
107.677569,39.00285257,-76.50007529,-0.0928502393,3,0,60
107.7278621,39.00285391,-76.50007544,-0.0858971302,3,0,60
107.7780667,39.00285526,-76.50007559,-0.08794623975,3,0,60
107.828332,39.00285661,-76.50007575,-0.08997388963,3,0,60
107.8785247,39.00285795,-76.50007591,-0.09197990617,3,0,60
107.9287501,39.0028593,-76.50007604,-0.07888850947,3,0,60
107.9789558,39.00286065,-76.50007616,-0.06579768977,3,0,60
108.0291789,39.002862,-76.50007625,-0.05270298025,3,0,60
108.079412,39.00286335,-76.50007632,-0.03961678787,3,0,60
108.1296554,39.0028647,-76.50007636,-0.0265280254,3,0,60
108.179879,39.00286605,-76.50007639,-0.01343983365,3,0,60
108.2301486,39.0028674,-76.50007639,-0.0003352783599,3,0,60
108.2804161,39.00286875,-76.50007636,0.01274418131,3,0,60
108.3306875,39.0028701,-76.50007632,0.02583417895,3,0,60
108.3808644,39.00287145,-76.50007626,0.03574638531,3,0,60
108.4310291,39.0028728,-76.5000762,0.03388602496,3,0,60
108.4812423,39.00287415,-76.50007614,0.03204700347,3,0,60
108.5314396,39.0028755,-76.50007606,0.04513840881,3,0,60
108.5816225,39.00287685,-76.50007596,0.05823396237,3,0,60
108.6318459,39.0028782,-76.50007584,0.07131967016,3,0,60
108.6820106,39.00287954,-76.50007569,0.08440502871,3,0,60
108.7322415,39.00288089,-76.50007553,0.09750161429,3,0,60
108.7824195,39.00288223,-76.50007533,0.1105844797,3,0,60
108.8326214,39.00288357,-76.50007512,0.1236746444,3,0,60
108.8827896,39.00288491,-76.50007489,0.1367646954,3,0,60
108.933001,39.00288625,-76.50007463,0.1498590877,3,0,60
108.9831942,39.00288758,-76.50007435,0.1611503124,3,0,60
109.0334501,39.00288892,-76.50007407,0.1594419442,3,0,60
109.0836298,39.00289025,-76.5000738,0.1577488876,3,0,60
109.1339039,39.00289158,-76.50007351,0.1708397264,3,0,60
109.1841105,39.00289424,-76.50007285,0.1970283393,3,0,60
109.2342596,39.00289556,-76.50007249,0.2101057831,3,0,60
109.2844019,39.00289687,-76.50007211,0.2232070698,3,0,60
109.3345375,39.00289819,-76.5000717,0.2363004253,3,0,60
109.3847099,39.0028995,-76.50007127,0.2493823106,3,0,60
109.4348779,39.0029008,-76.50007083,0.2624723779,3,0,60
109.4850336,39.0029021,-76.50007035,0.2755721268,3,0,60
109.5352004,39.0029034,-76.50006986,0.2883695658,3,0,60
109.5854057,39.00290469,-76.50006937,0.2867922423,3,0,60
109.6355629,39.00290599,-76.50006888,0.2852314051,3,0,60
109.6857396,39.00290728,-76.50006838,0.2983216379,3,0,60
109.7359546,39.00290857,-76.50006785,0.311410261,3,0,60
109.7861696,39.00290985,-76.50006729,0.3245061785,3,0,60
109.8363528,39.00291112,-76.50006672,0.3375890371,3,0,60
109.8865131,39.00291239,-76.50006612,0.3506834456,3,0,60
109.9367068,39.00291366,-76.50006551,0.3637801636,3,0,60
109.9868825,39.00291491,-76.50006487,0.376887194,3,0,60
110.0370798,39.00291616,-76.50006421,0.3899483735,3,0,60
110.0872854,39.0029174,-76.50006353,0.4030474977,3,0,60
110.1374456,39.00291864,-76.50006283,0.4161286845,3,0,60
110.1876548,39.00291988,-76.50006213,0.4160022122,3,0,60
110.2378149,39.0029211,-76.50006141,0.4290735276,3,0,60
110.2880151,39.00292233,-76.50006067,0.4421751554,3,0,60
110.338182,39.00292354,-76.50005991,0.4552551471,3,0,60
110.3884055,39.00292475,-76.50005913,0.4683481112,3,0,60
110.4386324,39.00292594,-76.50005833,0.4814338349,3,0,60
110.4888636,39.00292713,-76.50005751,0.4945287997,3,0,60
110.5390582,39.00292831,-76.50005666,0.5076121463,3,0,60
110.589261,39.00292949,-76.5000558,0.5207139585,3,0,60
110.6394741,39.00293065,-76.50005492,0.5337916185,3,0,60
110.6897274,39.0029318,-76.50005402,0.546883952,3,0,60
110.7399329,39.00293296,-76.50005312,0.5469251069,3,0,60
110.7901596,39.00293411,-76.50005222,0.5455664668,3,0,60
110.8403884,39.00293526,-76.5000513,0.5586547654,3,0,60
110.8907198,39.00293639,-76.50005037,0.571745174,3,0,60
110.9409009,39.00293752,-76.50004941,0.5848370962,3,0,60
110.9910943,39.00293864,-76.50004844,0.5979246148,3,0,60
111.0412854,39.00293974,-76.50004744,0.6110143263,3,0,60
111.0914706,39.00294084,-76.50004643,0.6241082845,3,0,60
111.1417294,39.00294193,-76.5000454,0.6371937957,3,0,60
111.1918899,39.002943,-76.50004435,0.650285378,3,0,60
111.2420599,39.00294407,-76.50004329,0.6633750101,3,0,60
111.2922824,39.00294512,-76.5000422,0.6764774237,3,0,60
111.3424749,39.00294617,-76.50004112,0.6783889988,3,0,60
111.3937693,39.00294721,-76.50004001,0.6914754749,3,0,60
111.4439511,39.00294824,-76.50003889,0.7045643898,3,0,60
111.4941119,39.00294926,-76.50003775,0.7176565928,3,0,60
111.5442727,39.00295027,-76.5000366,0.7307448456,3,0,60
111.5944462,39.00295126,-76.50003542,0.7438415228,3,0,60
111.644668,39.00295224,-76.50003423,0.7569256229,3,0,60
111.6948433,39.00295321,-76.50003303,0.7700154105,3,0,60
111.7450549,39.00295417,-76.50003181,0.7831091553,3,0,60
111.7952398,39.00295512,-76.50003057,0.7962074505,3,0,60
111.8454628,39.00295605,-76.50002932,0.8092873738,3,0,60
111.8956684,39.00295698,-76.50002806,0.8114963439,3,0,60
111.9458176,39.00295789,-76.50002679,0.8245837617,3,0,60
111.9959879,39.0029588,-76.5000255,0.8376757501,3,0,60
112.0461545,39.00295969,-76.5000242,0.8507547524,3,0,60
112.0963551,39.00296057,-76.50002288,0.8638537649,3,0,60
112.1465157,39.00296143,-76.50002155,0.8769409639,3,0,60
112.1967049,39.00296228,-76.50002021,0.8900356362,3,0,60
112.2468804,39.00296312,-76.50001885,0.9031240607,3,0,60
112.2970298,39.00296394,-76.50001747,0.9162168002,3,0,60
112.3472572,39.00296475,-76.50001608,0.9293039421,3,0,60
112.3974185,39.00296554,-76.50001468,0.9424084875,3,0,60
112.4475537,39.00296634,-76.50001328,0.9449904773,3,0,60
112.4977256,39.00296711,-76.50001186,0.9580728301,3,0,60
112.5478732,39.00296787,-76.50001043,0.9711614044,3,0,60
112.598036,39.00296862,-76.50000899,0.9842502378,3,0,60
112.6481756,39.00296936,-76.50000754,0.9973403106,3,0,60
112.6983218,39.00297007,-76.50000607,1.010437718,3,0,60
112.748473,39.00297078,-76.50000459,1.023520178,3,0,60
112.7986114,39.00297146,-76.5000031,1.03661097,3,0,60
112.8488069,39.00297214,-76.5000016,1.049699791,3,0,60
112.8990478,39.00297279,-76.50000009,1.062796294,3,0,60
112.9492621,39.00297344,-76.49999856,1.075881063,3,0,60
112.9995068,39.00297407,-76.49999704,1.078963088,3,0,60
113.0497577,39.00297471,-76.49999551,1.077881976,3,0,60
113.0999052,39.00297534,-76.49999397,1.090976499,3,0,60
113.1500654,39.00297595,-76.49999243,1.104055784,3,0,60
113.2002531,39.00297654,-76.49999087,1.11715279,3,0,60
113.2504775,39.00297711,-76.4999893,1.130257384,3,0,60
113.3007265,39.00297767,-76.49998773,1.14333624,3,0,60
113.3510034,39.00297822,-76.49998614,1.156420925,3,0,60
113.4011455,39.00297875,-76.49998455,1.169515209,3,0,60
113.4512799,39.00297926,-76.49998295,1.182600619,3,0,60
113.5015016,39.00297975,-76.49998134,1.195690369,3,0,60
113.5516758,39.00298023,-76.49997972,1.208781109,3,0,60
113.6018623,39.0029807,-76.49997809,1.21392973,3,0,60
113.6521174,39.00298116,-76.49997646,1.227017833,3,0,60
113.7022939,39.0029816,-76.49997483,1.240111557,3,0,60
113.7739052,39.00298202,-76.49997318,1.253196877,3,0,60
113.8241046,39.00298242,-76.49997153,1.266293006,3,0,60
113.8743232,39.00298284,-76.49996975,1.280329136,3,0,60
113.9245742,39.00298318,-76.49996821,1.29246819,3,0,60
113.9748287,39.00298354,-76.49996653,1.305562614,3,0,60
114.0250524,39.00298387,-76.49996486,1.318648788,3,0,60
114.0752978,39.00298419,-76.49996318,1.331738977,3,0,60
114.125524,39.0029845,-76.49996149,1.344839241,3,0,60
114.1757787,39.00298479,-76.4999598,1.35037854,3,0,60
114.2260364,39.00298507,-76.4999581,1.363478483,3,0,60
114.2762832,39.00298533,-76.4999564,1.376560241,3,0,60
114.3264735,39.00298557,-76.4999547,1.3896514,3,0,60
114.3767454,39.0029858,-76.49995299,1.402739435,3,0,60
114.4269869,39.00298601,-76.49995128,1.415837538,3,0,60
114.4772018,39.0029862,-76.49994957,1.428918405,3,0,60
114.527423,39.00298637,-76.49994785,1.442009984,3,0,60
114.5776601,39.00298653,-76.49994613,1.455098395,3,0,60
114.6279291,39.00298667,-76.49994441,1.468190604,3,0,60
114.6781353,39.00298679,-76.49994268,1.481275494,3,0,60
114.7283933,39.00298689,-76.49994096,1.49437153,3,0,60
114.7786497,39.00298698,-76.49993923,1.507467851,3,0,60
114.8289409,39.00298705,-76.4999375,1.520556225,3,0,60
114.8791583,39.0029871,-76.49993577,1.533653566,3,0,60
114.9293486,39.00298713,-76.49993404,1.546741619,3,0,60
114.9795391,39.00298714,-76.49993231,1.559819442,3,0,60
115.0297376,39.00298714,-76.49993058,1.572909269,3,0,60
115.0799405,39.00298712,-76.49992884,1.585998909,3,0,60
115.1301571,39.00298708,-76.49992711,1.599098206,3,0,60
115.1803499,39.00298703,-76.49992538,1.612178216,3,0,60
115.2306011,39.00298695,-76.49992365,1.624725967,3,0,60
115.2808306,39.00298686,-76.49992193,1.637810407,3,0,60
115.3310596,39.00298675,-76.4999202,1.65090634,3,0,60
115.3812366,39.00298663,-76.49991848,1.66399518,3,0,60
115.4314733,39.00298649,-76.49991675,1.677084543,3,0,60
115.4817265,39.00298632,-76.49991503,1.690174075,3,0,60
115.5319486,39.00298615,-76.49991332,1.703264891,3,0,60
115.5821149,39.00298595,-76.4999116,1.716355275,3,0,60
115.6323067,39.00298574,-76.49990989,1.729453051,3,0,60
115.6825135,39.00298551,-76.49990819,1.742522296,3,0,60
115.7327565,39.00298526,-76.49990649,1.755629624,3,0,60
115.7829731,39.002985,-76.49990479,1.761046549,3,0,60
115.8332601,39.00298473,-76.49990309,1.774143287,3,0,60
115.88343,39.00298444,-76.4999014,1.787231196,3,0,60
115.9336516,39.00298413,-76.49989971,1.800319466,3,0,60
115.9838584,39.00298381,-76.49989803,1.813407975,3,0,60
116.0340222,39.00298311,-76.49989469,1.839586284,3,0,60
116.0842296,39.00298273,-76.49989302,1.852690518,3,0,60
116.1343911,39.00298234,-76.49989137,1.865766816,3,0,60
116.184562,39.00298193,-76.49988972,1.878856922,3,0,60
116.2347959,39.0029815,-76.49988807,1.89194751,3,0,60
116.2849565,39.00298107,-76.49988643,1.897977075,3,0,60
116.3351306,39.00298062,-76.4998848,1.911050718,3,0,60
116.3853632,39.00298015,-76.49988318,1.924141378,3,0,60
116.4355596,39.00297966,-76.49988156,1.937230557,3,0,60
116.4857505,39.00297916,-76.49987995,1.950320437,3,0,60
116.5359523,39.00297865,-76.49987835,1.963425703,3,0,60
116.5861104,39.00297811,-76.49987676,1.976500251,3,0,60
116.6362931,39.00297756,-76.49987518,1.989589736,3,0,60
116.6864625,39.002977,-76.4998736,2.002688631,3,0,60
116.7366912,39.00297642,-76.49987204,2.015773477,3,0,60
116.7868745,39.00297582,-76.49987049,2.028861405,3,0,60
116.8370898,39.00297521,-76.49986894,2.035505994,3,0,60
116.8873546,39.00297459,-76.4998674,2.048601971,3,0,60
116.937607,39.00297396,-76.49986588,2.061683293,3,0,60
116.9878317,39.0029733,-76.49986436,2.074778867,3,0,60
117.038009,39.00297263,-76.49986285,2.087868407,3,0,60
117.0881815,39.00297195,-76.49986136,2.100957533,3,0,60
117.138348,39.00297125,-76.49985988,2.114042991,3,0,60
117.1885114,39.00297054,-76.49985841,2.127133533,3,0,60
117.2387422,39.00296981,-76.49985695,2.140222203,3,0,60
117.2889432,39.00296907,-76.4998555,2.153314958,3,0,60
117.3391248,39.00296831,-76.49985407,2.166403561,3,0,60
117.3893066,39.00296754,-76.49985265,2.179494288,3,0,60
117.4394772,39.00296675,-76.49985124,2.192583518,3,0,60
117.489674,39.00296595,-76.49984985,2.205673611,3,0,60
117.5398816,39.00296513,-76.49984847,2.218760595,3,0,60
117.5900609,39.0029643,-76.4998471,2.231856762,3,0,60
117.6402563,39.00296346,-76.49984575,2.244942878,3,0,60
117.6904602,39.0029626,-76.49984441,2.258033889,3,0,60
117.7406437,39.00296173,-76.49984308,2.271125138,3,0,60
117.7908271,39.00296085,-76.49984178,2.284214179,3,0,60
117.841033,39.00295995,-76.49984048,2.297300246,3,0,60
117.8912144,39.00295904,-76.4998392,2.310393883,3,0,60
117.9414033,39.00295812,-76.49983794,2.32347993,3,0,60
117.9916075,39.00295718,-76.49983669,2.336578955,3,0,60
118.0417972,39.00295623,-76.49983546,2.349663111,3,0,60
118.0919649,39.00295527,-76.49983424,2.362765968,3,0,60
118.1421613,39.0029543,-76.49983304,2.375846308,3,0,60
118.1923427,39.00295331,-76.49983186,2.388932855,3,0,60
118.2425228,39.00295231,-76.49983069,2.402022962,3,0,60
118.2927543,39.0029513,-76.49982954,2.415113743,3,0,60
118.3429548,39.00295028,-76.49982841,2.428204198,3,0,60
118.3931398,39.00294925,-76.49982729,2.441292703,3,0,60
118.443353,39.00294821,-76.49982619,2.450364913,3,0,60
118.4936192,39.00294715,-76.4998251,2.46345516,3,0,60
118.5438804,39.00294609,-76.49982403,2.476546274,3,0,60
118.5940576,39.00294502,-76.49982298,2.48963921,3,0,60
118.6442853,39.00294393,-76.49982195,2.502726864,3,0,60
118.6944906,39.00294284,-76.49982093,2.515818065,3,0,60
118.7446746,39.00294173,-76.49981994,2.528895216,3,0,60
118.794863,39.00294061,-76.49981896,2.541998784,3,0,60
118.8450437,39.00293949,-76.499818,2.55508541,3,0,60
118.8953108,39.00293835,-76.49981706,2.568179737,3,0,60
118.9455212,39.00293721,-76.49981614,2.581266163,3,0,60
118.9957851,39.00293606,-76.49981523,2.588702213,3,0,60
119.0460008,39.0029349,-76.49981434,2.601779048,3,0,60
119.0962382,39.00293373,-76.49981347,2.614878141,3,0,60
119.1464592,39.00293256,-76.49981262,2.62796017,3,0,60
119.1966979,39.00293137,-76.49981179,2.64106187,3,0,60
119.2469222,39.00293018,-76.49981098,2.654139763,3,0,60
119.2971036,39.00292897,-76.49981019,2.667242851,3,0,60
119.3472856,39.00292777,-76.49980942,2.680319858,3,0,60
119.3974767,39.00292655,-76.49980867,2.693420588,3,0,60
119.4476994,39.00292532,-76.49980794,2.706496638,3,0,60
119.4978809,39.00292409,-76.49980723,2.719591391,3,0,60
119.5480645,39.00292285,-76.49980654,2.732679569,3,0,60
119.598231,39.0029216,-76.49980587,2.745773198,3,0,60
119.6484152,39.00292035,-76.49980523,2.758859194,3,0,60
119.6986656,39.00291909,-76.4998046,2.771950234,3,0,60
119.7488757,39.00291782,-76.499804,2.785045667,3,0,60
119.799073,39.00291655,-76.49980341,2.798131946,3,0,60
119.8492508,39.00291527,-76.49980285,2.811219744,3,0,60
119.8994797,39.00291399,-76.49980231,2.824312994,3,0,60
119.9497455,39.0029127,-76.49980179,2.837400506,3,0,60
119.9999382,39.0029114,-76.4998013,2.850504747,3,0,60
120.0501648,39.00291011,-76.49980082,2.863581524,3,0,60
120.1003899,39.0029088,-76.49980037,2.876679073,3,0,60
120.1506142,39.00290749,-76.49979994,2.889760195,3,0,60
120.2008191,39.00290618,-76.49979953,2.902859486,3,0,60
120.2510167,39.00290486,-76.49979914,2.915940054,3,0,60
120.301206,39.00290354,-76.49979877,2.929043188,3,0,60
120.3515198,39.00290222,-76.49979843,2.942121646,3,0,60
120.4017579,39.00290089,-76.49979811,2.955210837,3,0,60
120.4519347,39.00289956,-76.49979781,2.968300445,3,0,60
120.5020891,39.00289823,-76.49979753,2.981396771,3,0,60
120.5522594,39.00289689,-76.49979728,2.994488716,3,0,60
120.6024712,39.00289555,-76.49979705,3.007575045,3,0,60
120.6526711,39.00289421,-76.49979684,3.020662187,3,0,60
120.7028437,39.00289287,-76.49979665,3.033753404,3,0,60
120.7530154,39.00289152,-76.49979649,3.046841796,3,0,60
120.8031837,39.00289017,-76.49979635,3.059938121,3,0,60
120.8533655,39.00288883,-76.49979623,3.073019235,3,0,60
120.9036413,39.00288748,-76.49979613,3.08611545,3,0,60
120.9538228,39.00288613,-76.49979606,3.099200841,3,0,60
121.0040077,39.00288478,-76.49979601,3.112301912,3,0,60
121.0542104,39.00288343,-76.49979598,3.125381044,3,0,60
121.1043848,39.00288207,-76.49979597,3.13238096,3,0,60
121.1545436,39.00288072,-76.49979593,3.11929383,3,0,60
121.2047177,39.00287937,-76.49979587,3.106203401,3,0,60
121.254874,39.00287802,-76.49979578,3.093114859,3,0,60
121.3050418,39.00287668,-76.49979568,3.080023143,3,0,60
121.3552187,39.00287533,-76.49979555,3.066934535,3,0,60
121.4053802,39.00287398,-76.49979539,3.053844302,3,0,60
121.4555466,39.00287264,-76.49979522,3.040755332,3,0,60
121.5057497,39.0028713,-76.49979502,3.027663405,3,0,60
121.5559138,39.00286996,-76.4997948,3.014574348,3,0,60
121.606084,39.00286862,-76.49979457,3.005203621,3,0,60
121.6562848,39.00286728,-76.49979434,3.007225289,3,0,60
121.7065683,39.00286594,-76.49979408,2.99413203,3,0,60
121.7567834,39.00286461,-76.49979381,2.981031017,3,0,60
121.8069473,39.00286328,-76.49979351,2.967952592,3,0,60
121.8571094,39.00286194,-76.49979321,2.969691644,3,0,60
121.9072898,39.00286061,-76.49979292,2.973305579,3,0,60
121.9574594,39.00285928,-76.49979264,2.976882756,3,0,60
122.007627,39.00285795,-76.49979236,2.980436625,3,0,60
122.0577755,39.00285661,-76.49979209,2.983953991,3,0,60
122.1079521,39.00285528,-76.49979182,2.98745325,3,0,60
122.1581146,39.00285394,-76.49979156,2.990909151,3,0,60
122.208319,39.0028526,-76.49979131,2.994338044,3,0,60
122.2584703,39.00285127,-76.49979106,2.997739378,3,0,60
122.3086951,39.00284993,-76.49979082,3.001111663,3,0,60
122.3588826,39.00284859,-76.49979058,3.00445402,3,0,60
122.4090797,39.00284725,-76.49979035,3.007233105,3,0,60
122.4592411,39.00284591,-76.49979012,3.009131665,3,0,60
122.5094216,39.00284457,-76.49978989,3.011011804,3,0,60
122.559596,39.00284323,-76.49978967,3.012875099,3,0,60
122.6097422,39.00284189,-76.49978945,3.014719539,3,0,60
122.6599044,39.00284055,-76.49978924,3.016546477,3,0,60
122.7100499,39.00283921,-76.49978902,3.018358014,3,0,60
122.7602062,39.00283787,-76.49978881,3.020147492,3,0,60
122.8103591,39.00283653,-76.49978861,3.021921428,3,0,60
122.8605328,39.00283519,-76.4997884,3.023678432,3,0,60
122.910709,39.00283384,-76.4997882,3.025418211,3,0,60
122.960933,39.0028325,-76.499788,3.027140988,3,0,60
123.0111138,39.00283116,-76.49978781,3.028847332,3,0,60
123.061287,39.00282982,-76.49978762,3.030536624,3,0,60
123.1114684,39.00282847,-76.49978743,3.032209847,3,0,60
123.1616211,39.00282713,-76.49978724,3.031289151,3,0,60
123.2118208,39.00282579,-76.49978705,3.03242896,3,0,60
123.261985,39.00282444,-76.49978686,3.033555497,3,0,60
123.3121681,39.0028231,-76.49978668,3.034671208,3,0,60
123.3623791,39.00282176,-76.49978649,3.035777239,3,0,60
123.4125566,39.00282041,-76.49978631,3.036870014,3,0,60
123.4627311,39.00281907,-76.49978613,3.037952775,3,0,60
123.5129803,39.00281773,-76.49978596,3.039024428,3,0,60
123.563179,39.00281638,-76.49978578,3.040085578,3,0,60
123.6134353,39.00281504,-76.49978561,3.041135797,3,0,60
123.6636444,39.00281369,-76.49978544,3.042175942,3,0,60
123.7138056,39.00281235,-76.49978527,3.043204988,3,0,60
123.7639683,39.002811,-76.4997851,3.044224194,3,0,60
123.8141616,39.00280966,-76.49978493,3.045232818,3,0,60
123.8643647,39.00280831,-76.49978477,3.046230905,3,0,60
123.9145505,39.00280697,-76.4997846,3.047218651,3,0,60
123.9647499,39.00280562,-76.49978444,3.048197107,3,0,60
124.0149138,39.00280428,-76.49978428,3.049165101,3,0,60
124.0650878,39.00280293,-76.49978412,3.050123688,3,0,60
124.1153321,39.00280159,-76.49978397,3.051072232,3,0,60
124.1655634,39.00280024,-76.49978381,3.052011423,3,0,60
124.2157593,39.00279889,-76.49978366,3.052940512,3,0,60
124.2659667,39.00279755,-76.49978351,3.053860751,3,0,60
124.3161795,39.0027962,-76.49978336,3.054771174,3,0,60
124.3663705,39.00279486,-76.49978321,3.055672553,3,0,60
124.416563,39.00279351,-76.49978306,3.056564459,3,0,60
124.466756,39.00279216,-76.49978292,3.057447631,3,0,60
124.5169939,39.00279082,-76.49978277,3.058321709,3,0,60
124.5671763,39.00278947,-76.49978263,3.059186717,3,0,60
124.6173708,39.00278812,-76.49978249,3.060042651,3,0,60
124.6675782,39.00278678,-76.49978235,3.060890833,3,0,60
124.7177834,39.00278543,-76.49978221,3.061728855,3,0,60
124.7679578,39.00278408,-76.49978207,3.062559155,3,0,60
124.8181597,39.00278274,-76.49978194,3.063380756,3,0,60
124.8683463,39.00278139,-76.4997818,3.064194284,3,0,60
124.9185771,39.00278004,-76.49978167,3.064998997,3,0,60
124.9687781,39.0027787,-76.49978154,3.065795758,3,0,60
125.0189897,39.00277735,-76.49978141,3.06658407,3,0,60
125.0692073,39.002776,-76.49978128,3.067365295,3,0,60
125.1194245,39.00277465,-76.49978116,3.068136876,3,0,60
125.1696358,39.00277331,-76.49978103,3.068901761,3,0,60
125.2198871,39.00277196,-76.49978091,3.06965788,3,0,60
125.2700851,39.00277061,-76.49978078,3.070407412,3,0,60
125.3203336,39.00276926,-76.49978066,3.071147887,3,0,60
125.3705062,39.00276791,-76.49978054,3.0718817,3,0,60
125.4207045,39.00276657,-76.49978042,3.072607296,3,0,60
125.4709269,39.00276522,-76.4997803,3.073325647,3,0,60
125.5211281,39.00276387,-76.49978019,3.074036697,3,0,60
125.5713745,39.00276252,-76.49978007,3.074740805,3,0,60
125.6215774,39.00276117,-76.49977996,3.075436883,3,0,60
125.6718525,39.00275983,-76.49977984,3.076126161,3,0,60
125.7221608,39.00275848,-76.49977973,3.076808307,3,0,60
125.7723563,39.00275713,-76.49977962,3.077483615,3,0,60
125.8226027,39.00275578,-76.49977951,3.078151711,3,0,60
125.8727878,39.00275443,-76.4997794,3.078813053,3,0,60
125.9229643,39.00275308,-76.49977929,3.079468626,3,0,60
125.9731559,39.00275173,-76.49977919,3.080115106,3,0,60
126.0233006,39.00275039,-76.49977908,3.080756018,3,0,60
126.073509,39.00274904,-76.49977898,3.081390333,3,0,60
126.1236662,39.00274769,-76.49977887,3.082018158,3,0,60
126.173809,39.00274634,-76.49977877,3.082639506,3,0,60
126.2239531,39.00274499,-76.49977867,3.083254991,3,0,60
126.2741068,39.00274364,-76.49977857,3.083863003,3,0,60
126.3242735,39.00274229,-76.49977847,3.084465105,3,0,60
126.3744307,39.00274094,-76.49977837,3.085061267,3,0,60
126.4245957,39.0027396,-76.49977828,3.085650884,3,0,60
126.4747872,39.00273825,-76.49977818,3.086234646,3,0,60
126.5249699,39.0027369,-76.49977809,3.086812242,3,0,60
126.5751879,39.00273555,-76.49977799,3.087384173,3,0,60
126.6253715,39.0027342,-76.4997779,3.087950308,3,0,60
126.6756606,39.00273285,-76.49977781,3.088509651,3,0,60
126.7258763,39.0027315,-76.49977772,3.089063707,3,0,60
126.7761007,39.00273015,-76.49977763,3.089612004,3,0,60
126.8263128,39.0027288,-76.49977754,3.090154712,3,0,60
126.8765263,39.00272745,-76.49977745,3.090691652,3,0,60
126.9268003,39.0027261,-76.49977736,3.091223041,3,0,60
126.9770147,39.00272475,-76.49977728,3.091749031,3,0,60
127.0272116,39.0027234,-76.49977719,3.092269442,3,0,60
127.077439,39.00272205,-76.49977711,3.092784603,3,0,60
127.1276343,39.0027207,-76.49977702,3.09329424,3,0,60
127.1778159,39.00271935,-76.49977694,3.093798654,3,0,60
127.2279855,39.002718,-76.49977686,3.09429782,3,0,60
127.2781494,39.00271666,-76.49977678,3.094791953,3,0,60
127.3283121,39.00271531,-76.4997767,3.095280659,3,0,60
127.3784824,39.00271396,-76.49977662,3.095764552,3,0,60
127.4286523,39.00271261,-76.49977654,3.096243081,3,0,60
127.4789001,39.00271126,-76.49977646,3.096717008,3,0,60
127.5290589,39.00270991,-76.49977639,3.097185861,3,0,60
127.5792815,39.00270856,-76.49977631,3.097650085,3,0,60
127.629464,39.00270721,-76.49977623,3.098108994,3,0,60
127.6796381,39.00270586,-76.49977616,3.098563427,3,0,60
127.7298332,39.00270451,-76.49977609,3.099012992,3,0,60
127.7800491,39.00270316,-76.49977601,3.099012992,3,0,60
127.8302172,39.00270181,-76.49977594,3.099458132,3,0,60
127.8803303,39.00270046,-76.49977587,3.100343343,3,0,60
127.9305401,39.00269911,-76.4997758,3.100774341,3,0,60
127.9807353,39.00269776,-76.49977573,3.101201322,3,0,60
128.030874,39.00269641,-76.49977566,3.10162313,3,0,60
128.0810404,39.00269506,-76.49977559,3.102040939,3,0,60
128.1312062,39.00269371,-76.49977552,3.102454424,3,0,60
128.1813801,39.00269236,-76.49977546,3.102863646,3,0,60
128.2315435,39.00269101,-76.49977539,3.103268377,3,0,60
128.2817266,39.00268966,-76.49977532,3.103669198,3,0,60
128.3318908,39.00268831,-76.49977526,3.104065493,3,0,60
128.3820454,39.00268696,-76.49977519,3.104457907,3,0,60
128.4322025,39.0026856,-76.49977513,3.104846103,3,0,60
128.4824297,39.00268425,-76.49977507,3.105230411,3,0,60
128.5326394,39.0026829,-76.49977501,3.105610592,3,0,60
128.5828105,39.00268155,-76.49977494,3.105986795,3,0,60
128.6329684,39.0026802,-76.49977488,3.106359177,3,0,60
128.6831489,39.00267885,-76.49977482,3.106727631,3,0,60
128.7333491,39.0026775,-76.49977476,3.107092301,3,0,60
128.7835162,39.00267615,-76.4997747,3.10745312,3,0,60
128.8337507,39.0026748,-76.49977464,3.107810006,3,0,60
128.8839109,39.00267345,-76.49977459,3.108163211,3,0,60
128.9340438,39.00267075,-76.49977447,3.1088593,3,0,60
128.9841743,39.0026694,-76.49977442,3.109201235,3,0,60
129.0343043,39.00266805,-76.49977436,3.109540025,3,0,60
129.0845667,39.0026667,-76.49977431,3.109875258,3,0,60
129.1347535,39.00266535,-76.49977425,3.110207083,3,0,60
129.1849234,39.002664,-76.4997742,3.1105351,3,0,60
129.2350701,39.00266265,-76.49977415,3.110860206,3,0,60
129.2852992,39.00266129,-76.49977409,3.111181655,3,0,60
129.3354998,39.00265995,-76.49977404,3.11150082,3,0,60
129.3857074,39.0026586,-76.49977399,3.111814581,3,0,60
129.4358928,39.00265725,-76.49977394,3.112126413,3,0,60
129.4860567,39.0026559,-76.49977389,3.112434206,3,0,60
129.5362652,39.00265455,-76.49977384,3.112739425,3,0,60
129.5864361,39.00265319,-76.49977379,3.11304125,3,0,60
129.6366747,39.00265184,-76.49977374,3.113339967,3,0,60
129.686848,39.00265049,-76.49977369,3.113635529,3,0,60
129.7370198,39.00264914,-76.49977364,3.113928093,3,0,60
129.7871775,39.00264779,-76.4997736,3.114217538,3,0,60
129.8373906,39.00264644,-76.49977355,3.114503951,3,0,60
129.887599,39.00264509,-76.4997735,3.114787366,3,0,60
129.9377255,39.00264374,-76.49977346,3.115067838,3,0,60
129.9878971,39.00264239,-76.49977341,3.115345373,3,0,60
130.038108,39.00264104,-76.49977337,3.115620092,3,0,60
130.0883159,39.00263969,-76.49977332,3.115891809,3,0,60
130.1384866,39.00263834,-76.49977328,3.116160776,3,0,60
130.1887138,39.00263699,-76.49977323,3.116426851,3,0,60
130.2388912,39.00263564,-76.49977319,3.116690244,3,0,60
130.2890588,39.00263428,-76.49977315,3.116950733,3,0,60
130.3392511,39.00263293,-76.49977311,3.117208645,3,0,60
130.3894663,39.00263158,-76.49977306,3.117463886,3,0,60
130.4397236,39.00263023,-76.49977302,3.117716382,3,0,60
130.489897,39.00262888,-76.49977298,3.117966231,3,0,60
130.5401068,39.00262753,-76.49977294,3.118213488,3,0,60
130.5902874,39.00262618,-76.4997729,3.11845814,3,0,60
130.6405043,39.00262483,-76.49977286,3.118700272,3,0,60
130.690701,39.00262348,-76.49977282,3.118939843,3,0,60
130.7408657,39.00262213,-76.49977278,3.119177053,3,0,60
130.7910231,39.00262078,-76.49977275,3.119411731,3,0,60
130.8412128,39.00261943,-76.49977271,3.119643759,3,0,60
130.8914076,39.00261807,-76.49977267,3.11987347,3,0,60
130.9416138,39.00261672,-76.49977263,3.120100789,3,0,60
130.9918729,39.00261537,-76.4997726,3.120325871,3,0,60
131.0420298,39.00261402,-76.49977256,3.120548661,3,0,60
131.0922086,39.00261267,-76.49977252,3.120768584,3,0,60
131.1423695,39.00261132,-76.49977249,3.120986544,3,0,60
131.192627,39.00260997,-76.49977245,3.121202236,3,0,60
131.2427919,39.00260862,-76.49977242,3.12141571,3,0,60
131.2929374,39.00260727,-76.49977238,3.121626808,3,0,60
131.3430758,39.00260592,-76.49977235,3.121836028,3,0,60
131.3932674,39.00260457,-76.49977231,3.122042543,3,0,60
131.4434477,39.00260321,-76.49977228,3.122247295,3,0,60
131.4936257,39.00260186,-76.49977225,3.122449917,3,0,60
131.5439167,39.00260051,-76.49977221,3.122650337,3,0,60
131.5940708,39.00259916,-76.49977218,3.12284835,3,0,60
131.6442215,39.00259781,-76.49977215,3.123044577,3,0,60
131.6944254,39.00259646,-76.49977212,3.123238798,3,0,60
131.7446404,39.00259511,-76.49977209,3.123430911,3,0,60
131.7948053,39.00259376,-76.49977206,3.123621184,3,0,60
131.8450286,39.00259241,-76.49977203,3.123809141,3,0,60
131.8952301,39.00259106,-76.49977199,3.123995394,3,0,60
131.9454418,39.00258971,-76.49977196,3.124179716,3,0,60
131.9957166,39.00258835,-76.49977193,3.124361803,3,0,60
132.0459065,39.002587,-76.49977191,3.124542322,3,0,60
132.0961323,39.00258565,-76.49977188,3.124720758,3,0,60
132.1463565,39.0025843,-76.49977185,3.124897436,3,0,60
132.196531,39.00258295,-76.49977182,3.125072068,3,0,60
132.2467072,39.0025816,-76.49977179,3.125245012,3,0,60
132.2968762,39.00258025,-76.49977176,3.125416141,3,0,60
132.3470802,39.0025789,-76.49977173,3.125585527,3,0,60
132.3972644,39.00257755,-76.49977171,3.125753043,3,0,60
132.4474864,39.0025762,-76.49977168,3.125918898,3,0,60
132.497717,39.00257484,-76.49977165,3.12608299,3,0,60
132.5478894,39.00257349,-76.49977163,3.126245458,3,0,60
132.5980539,39.00257214,-76.4997716,3.126406064,3,0,60
132.6482302,39.00257079,-76.49977157,3.126565058,3,0,60
132.6983929,39.00256944,-76.49977155,3.126722367,3,0,60
132.7485736,39.00256809,-76.49977152,3.126878028,3,0,60
132.7987661,39.00256674,-76.4997715,3.127032105,3,0,60
132.8489745,39.00256539,-76.49977147,3.127184563,3,0,60
132.899204,39.00256404,-76.49977145,3.127335386,3,0,60
132.9494057,39.00256269,-76.49977142,3.127484759,3,0,60
132.9996399,39.00256133,-76.4997714,3.127632426,3,0,60
133.0498327,39.00255998,-76.49977138,3.127778626,3,0,60
133.1000521,39.00255863,-76.49977135,3.127923138,3,0,60
133.1502458,39.00255728,-76.49977133,3.128066232,3,0,60
133.2042975,39.00255593,-76.49977131,3.128207866,3,0,60
133.2544723,39.00255458,-76.49977128,3.128348212,3,0,60
133.3047029,39.00255323,-76.49977126,3.128486654,3,0,60
133.3548787,39.00255188,-76.49977124,3.128623956,3,0,60
133.4050319,39.00255053,-76.49977122,3.128759668,3,0,60
133.4551756,39.00254918,-76.49977119,3.128894037,3,0,60
133.5053225,39.00254782,-76.49977117,3.129026976,3,0,60
133.5554653,39.00254647,-76.49977115,3.12915857,3,0,60
133.6056137,39.00254512,-76.49977113,3.129288705,3,0,60
133.6557592,39.00254377,-76.49977111,3.12941757,3,0,60
133.7058923,39.00254242,-76.49977109,3.129545026,3,0,60
133.7560402,39.00254107,-76.49977107,3.12967118,3,0,60
133.8061843,39.00253972,-76.49977105,3.129796004,3,0,60
133.8563294,39.00253837,-76.49977103,3.129919527,3,0,60
133.9065662,39.00253702,-76.49977101,3.130041749,3,0,60
133.9567493,39.00253566,-76.49977099,3.130162705,3,0,60
134.0068975,39.00253431,-76.49977097,3.130282388,3,0,60
134.0570729,39.00253296,-76.49977095,3.130400767,3,0,60
134.107242,39.00253161,-76.49977093,3.130518091,3,0,60
134.1574012,39.00253026,-76.49977091,3.130633919,3,0,60
134.2075633,39.00252891,-76.49977089,3.130748675,3,0,60
134.2577367,39.00252756,-76.49977087,3.130862235,3,0,60
134.3078977,39.00252621,-76.49977085,3.130974583,3,0,60
134.3580542,39.00252486,-76.49977083,3.131085825,3,0,60
134.4082303,39.0025235,-76.49977082,3.131195765,3,0,60
134.4584197,39.00252215,-76.4997708,3.131304677,3,0,60
134.5086262,39.0025208,-76.49977078,3.131412362,3,0,60
134.5588038,39.00251945,-76.49977076,3.131519065,3,0,60
134.6089671,39.0025181,-76.49977075,3.131624427,3,0,60
134.6591537,39.00251675,-76.49977073,3.131728776,3,0,60
134.7093551,39.0025154,-76.49977071,3.131832076,3,0,60
134.7595427,39.00251405,-76.4997707,3.131934382,3,0,60
134.8097935,39.0025127,-76.49977068,3.132035571,3,0,60
134.8599933,39.00251135,-76.49977066,3.132135482,3,0,60
134.9101686,39.00250999,-76.49977065,3.132234489,3,0,60
134.9603464,39.00250864,-76.49977063,3.132332492,3,0,60
135.0105283,39.00250729,-76.49977061,3.132429441,3,0,60
135.0607372,39.00250594,-76.4997706,3.132525399,3,0,60
135.1109148,39.00250459,-76.49977058,3.132620363,3,0,60
135.1611833,39.00250324,-76.49977057,3.132714363,3,0,60
135.2113999,39.00250189,-76.49977055,3.132807272,3,0,60
135.2616088,39.00250054,-76.49977054,3.132899323,3,0,60
135.3117823,39.00249918,-76.49977052,3.132990297,3,0,60
135.3619349,39.00249783,-76.49977051,3.133080413,3,0,60
135.4120849,39.00249648,-76.49977049,3.133169495,3,0,60
135.462234,39.00249513,-76.49977048,3.133257697,3,0,60
135.512378,39.00249378,-76.49977046,3.133345,3,0,60
135.5625229,39.00249243,-76.49977045,3.133431334,3,0,60
135.6126855,39.00249108,-76.49977044,3.133516865,3,0,60
135.6628692,39.00248973,-76.49977042,3.133601363,3,0,60
135.7130727,39.00248838,-76.49977041,3.133601363,3,0,60
135.7632428,39.00248702,-76.4997704,3.133768772,3,0,60
135.8134053,39.00248567,-76.49977038,3.133850659,3,0,60
135.8636563,39.00248432,-76.49977037,3.133931721,3,0,60
135.9138364,39.00248297,-76.49977036,3.134011942,3,0,60
135.9639925,39.00248162,-76.49977034,3.134091323,3,0,60
136.0141608,39.00248027,-76.49977033,3.134169896,3,0,60
136.0643334,39.00247892,-76.49977032,3.134247604,3,0,60
136.1145542,39.00247757,-76.4997703,3.134324524,3,0,60
136.1647719,39.00247622,-76.49977029,3.134400604,3,0,60
136.2149404,39.00247486,-76.49977028,3.134475928,3,0,60
136.2651678,39.00247351,-76.49977027,3.134550482,3,0,60
136.3154035,39.00247216,-76.49977026,3.134624183,3,0,60
136.3655939,39.00247081,-76.49977024,3.134697154,3,0,60
136.4157691,39.00246946,-76.49977023,3.134769364,3,0,60
136.4659372,39.00246811,-76.49977022,3.134840854,3,0,60
136.5161517,39.00246676,-76.49977021,3.134911522,3,0,60
136.5663817,39.00246541,-76.4997702,3.134981508,3,0,60
136.6165727,39.00246406,-76.49977019,3.135050742,3,0,60
136.6667892,39.0024627,-76.49977017,3.135119209,3,0,60
136.716954,39.00246135,-76.49977016,3.135186989,3,0,60
136.7671159,39.00246,-76.49977015,3.135254104,3,0,60
136.8173556,39.00245865,-76.49977014,3.135320439,3,0,60
136.8675584,39.0024573,-76.49977013,3.135386121,3,0,60
136.9177887,39.00245595,-76.49977012,3.135451107,3,0,60
136.9679522,39.0024546,-76.49977011,3.135515453,3,0,60
137.0181943,39.00245325,-76.4997701,3.135579052,3,0,60
137.0684193,39.0024519,-76.49977009,3.13564204,3,0,60
137.1186531,39.00245054,-76.49977008,3.135704337,3,0,60
137.1688758,39.00244919,-76.49977007,3.135766004,3,0,60
137.2190486,39.00244784,-76.49977006,3.135827024,3,0,60
137.2692001,39.00244649,-76.49977005,3.135887396,3,0,60
137.3194345,39.00244514,-76.49977004,3.135947121,3,0,60
137.3696362,39.00244379,-76.49977003,3.136006272,3,0,60
137.4198359,39.00244244,-76.49977002,3.136064746,3,0,60
137.4700303,39.00244109,-76.49977001,3.136122641,3,0,60
137.5202356,39.00243974,-76.49977,3.136179911,3,0,60
137.5704536,39.00243838,-76.49976999,3.136236597,3,0,60
137.6206516,39.00243703,-76.49976998,3.136292677,3,0,60
137.670845,39.00243568,-76.49976997,3.136348244,3,0,60
137.7210615,39.00243433,-76.49976996,3.136403111,3,0,60
137.7712904,39.00243298,-76.49976996,3.136457455,3,0,60
137.8214676,39.00243163,-76.49976995,3.136511221,3,0,60
137.8716737,39.00243028,-76.49976994,3.136564434,3,0,60
137.9218589,39.00242893,-76.49976993,3.136617108,3,0,60
137.9720649,39.00242758,-76.49976992,3.13666923,3,0,60
138.0222547,39.00242622,-76.49976991,3.136720751,3,0,60
138.072422,39.00242487,-76.4997699,3.136771825,3,0,60
138.1226223,39.00242352,-76.4997699,3.136822249,3,0,60
138.172864,39.00242217,-76.49976989,3.136872215,3,0,60
138.223043,39.00242082,-76.49976988,3.13692165,3,0,60
138.2732142,39.00241947,-76.49976987,3.136970618,3,0,60
138.3233992,39.00241812,-76.49976986,3.137018964,3,0,60
138.3735563,39.00241677,-76.49976986,3.137066897,3,0,60
138.4237405,39.00241541,-76.49976985,3.137114241,3,0,60
138.4739229,39.00241406,-76.49976984,3.137161156,3,0,60
138.5241085,39.00241271,-76.49976983,3.13720757,3,0,60
138.5743134,39.00241136,-76.49976983,3.13725346,3,0,60
138.62449,39.00241001,-76.49976982,3.13729892,3,0,60
138.6746435,39.00240866,-76.49976981,3.137343848,3,0,60
138.72481,39.00240731,-76.4997698,3.137388404,3,0,60
138.7749534,39.00240596,-76.4997698,3.137432394,3,0,60
138.8251172,39.00240461,-76.49976979,3.137475939,3,0,60
138.8752787,39.00240325,-76.49976978,3.137519072,3,0,60
138.9254204,39.0024019,-76.49976978,3.137561708,3,0,60
138.9756279,39.00240055,-76.49976977,3.137603921,3,0,60
139.0257264,39.0023992,-76.49976976,3.137645688,3,0,60
139.0758834,39.00239785,-76.49976975,3.137687027,3,0,60
139.1260378,39.0023965,-76.49976975,3.137727918,3,0,60
139.1762025,39.00239515,-76.49976974,3.137768397,3,0,60
139.2263842,39.0023938,-76.49976973,3.137808471,3,0,60
139.2766816,39.00239245,-76.49976973,3.137848077,3,0,60
139.326885,39.00239109,-76.49976972,3.13788728,3,0,60
139.3770717,39.00238974,-76.49976972,3.137926083,3,0,60
139.4272964,39.00238839,-76.49976971,3.137964486,3,0,60
139.4775168,39.00238704,-76.4997697,3.138002497,3,0,60
139.5277076,39.00238569,-76.4997697,3.138040072,3,0,60
139.5778553,39.00238434,-76.49976969,3.138077275,3,0,60
139.6280715,39.00238299,-76.49976968,3.13811408,3,0,60
139.6783045,39.00238164,-76.49976968,3.138150512,3,0,60
139.7284668,39.00238029,-76.49976967,3.138186555,3,0,60
139.7786372,39.00237893,-76.49976967,3.138222224,3,0,60
139.8288504,39.00237758,-76.49976966,3.138257515,3,0,60
139.879073,39.00237623,-76.49976966,3.13829247,3,0,60
139.9292522,39.00237488,-76.49976965,3.138327004,3,0,60
139.9794178,39.00237353,-76.49976964,3.138361202,3,0,60
140.0296238,39.00237218,-76.49976964,3.138395039,3,0,60
140.0798209,39.00237083,-76.49976963,3.138428553,3,0,60
140.1299948,39.00236947,-76.49976963,3.138461659,3,0,60
140.1801901,39.00236812,-76.49976962,3.138494468,3,0,60
140.2303531,39.00236677,-76.49976962,3.13852689,3,0,60
140.2805187,39.00236542,-76.49976961,3.138559007,3,0,60
140.330768,39.00236407,-76.49976961,3.138590767,3,0,60
140.3809881,39.00236272,-76.4997696,3.138622202,3,0,60
140.4311555,39.00236137,-76.4997696,3.138653308,3,0,60
140.4813268,39.00236002,-76.49976959,3.138684085,3,0,60
140.5314922,39.00235867,-76.49976959,3.138714551,3,0,60
140.5816346,39.00235732,-76.49976958,3.138744695,3,0,60
140.6318822,39.00235596,-76.49976958,3.13877451,3,0,60
140.6820375,39.00235461,-76.49976957,3.138804024,3,0,60
140.7322285,39.00235326,-76.49976957,3.138833223,3,0,60
140.7823802,39.00235191,-76.49976956,3.138862121,3,0,60
140.8326168,39.00235056,-76.49976956,3.138890714,3,0,60
140.8827788,39.00234921,-76.49976955,3.13891901,3,0,60
140.9329276,39.00234786,-76.49976955,3.138947007,3,0,60
140.9830788,39.00234651,-76.49976954,3.138974736,3,0,60
141.0332583,39.00234515,-76.49976954,3.139002128,3,0,60
141.0834288,39.0023438,-76.49976954,3.139029281,3,0,60
141.1336092,39.00234245,-76.49976953,3.139056096,3,0,60
141.1837488,39.0023411,-76.49976953,3.139082661,3,0,60
141.2338909,39.00233975,-76.49976952,3.139108939,3,0,60
141.2840411,39.0023384,-76.49976952,3.139134956,3,0,60
141.3341843,39.0023357,-76.49976951,3.139186172,3,0,60
141.3843221,39.00233435,-76.49976951,3.139211359,3,0,60
141.4344991,39.00233299,-76.4997695,3.139236306,3,0,60
141.4846875,39.00233164,-76.4997695,3.139260976,3,0,60
141.5348396,39.00233029,-76.49976949,3.139285392,3,0,60
141.5849799,39.00232894,-76.49976949,3.139309587,3,0,60
141.635117,39.00232759,-76.49976949,3.139333462,3,0,60
141.685276,39.00232624,-76.49976948,3.139357121,3,0,60
141.7354117,39.00232489,-76.49976948,3.139380531,3,0,60
141.7855458,39.00232353,-76.49976947,3.139403702,3,0,60
141.8357018,39.00232218,-76.49976947,3.139426658,3,0,60
141.8858378,39.00232083,-76.49976947,3.13944932,3,0,60
141.9359755,39.00231948,-76.49976946,3.13947176,3,0,60
141.9861242,39.00231813,-76.49976946,3.139493974,3,0,60
142.0362944,39.00231678,-76.49976946,3.139515928,3,0,60
142.0864852,39.00231543,-76.49976945,3.139537691,3,0,60
142.1366497,39.00231408,-76.49976945,3.139559195,3,0,60
142.1868064,39.00231273,-76.49976945,3.139580487,3,0,60
142.2370194,39.00231138,-76.49976944,3.139601566,3,0,60
142.287181,39.00231002,-76.49976944,3.139622421,3,0,60
142.3373478,39.00230867,-76.49976944,3.139643052,3,0,60
142.3875004,39.00230732,-76.49976943,3.139663468,3,0,60
142.4377211,39.00230597,-76.49976943,3.13968367,3,0,60
142.4878848,39.00230462,-76.49976943,3.139703661,3,0,60
142.5380738,39.00230327,-76.49976942,3.139723447,3,0,60
142.5882468,39.00230192,-76.49976942,3.139743025,3,0,60
142.6384103,39.00230057,-76.49976942,3.139762378,3,0,60
142.688652,39.00229922,-76.49976941,3.139781542,3,0,60
142.7388108,39.00229786,-76.49976941,3.139800512,3,0,60
142.7890168,39.00229651,-76.49976941,3.139819276,3,0,60
142.8392152,39.00229516,-76.4997694,3.139837848,3,0,60
142.8894402,39.00229381,-76.4997694,3.139856224,3,0,60
142.9396254,39.00229246,-76.4997694,3.139874417,3,0,60
142.9897549,39.00229111,-76.49976939,3.139892402,3,0,60
143.039918,39.00228976,-76.49976939,3.139892402,3,0,60
143.0900765,39.00228841,-76.49976939,3.139928015,3,0,60
143.1402749,39.00228705,-76.49976939,3.139945445,3,0,60
143.1904446,39.0022857,-76.49976938,3.139962699,3,0,60
143.2406215,39.00228435,-76.49976938,3.139979778,3,0,60
143.2907937,39.002283,-76.49976938,3.139996656,3,0,60
143.3409655,39.00228165,-76.49976937,3.140013367,3,0,60
143.391128,39.0022803,-76.49976937,3.140029904,3,0,60
143.4413156,39.00227895,-76.49976937,3.140046272,3,0,60
143.4915042,39.0022776,-76.49976937,3.140062466,3,0,60
143.5417308,39.00227625,-76.49976936,3.140078495,3,0,60
143.5919623,39.00227489,-76.49976936,3.140094342,3,0,60
143.6421361,39.00227354,-76.49976936,3.140110037,3,0,60
143.6923197,39.00227219,-76.49976936,3.140125562,3,0,60
143.7424723,39.00227084,-76.49976935,3.140140926,3,0,60
143.7926354,39.00226949,-76.49976935,3.140156125,3,0,60
143.8428327,39.00226814,-76.49976935,3.140171179,3,0,60
143.8930161,39.00226679,-76.49976935,3.140186062,3,0,60
143.943173,39.00226544,-76.49976934,3.140200788,3,0,60
143.9934491,39.00226408,-76.49976934,3.140215367,3,0,60
144.0435639,39.00226273,-76.49976934,3.140229795,3,0,60
144.0937396,39.00226138,-76.49976934,3.140244062,3,0,60
144.1439011,39.00226003,-76.49976933,3.140258177,3,0,60
144.1940168,39.00225868,-76.49976933,3.140272147,3,0,60
144.2441841,39.00225733,-76.49976933,3.140285979,3,0,60
144.2943428,39.00225598,-76.49976933,3.140299663,3,0,60
144.3445266,39.00225463,-76.49976933,3.140313208,3,0,60
144.3947084,39.00225328,-76.49976932,3.1403266,3,0,60
144.4449314,39.00225192,-76.49976932,3.140339859,3,0,60
144.495088,39.00225057,-76.49976932,3.14035298,3,0,60
144.545262,39.00224922,-76.49976932,3.140365962,3,0,60
144.5954392,39.00224787,-76.49976931,3.14037881,3,0,60
144.6456156,39.00224652,-76.49976931,3.140391521,3,0,60
144.6958214,39.00224517,-76.49976931,3.140404096,3,0,60
144.7459834,39.00224382,-76.49976931,3.140416543,3,0,60
144.7961511,39.00224247,-76.49976931,3.140428858,3,0,60
144.8463146,39.00224112,-76.4997693,3.140441046,3,0,60
144.8964754,39.00223976,-76.4997693,3.140453105,3,0,60
144.9466752,39.00223841,-76.4997693,3.140465047,3,0,60
144.9968665,39.00223706,-76.4997693,3.140476846,3,0,60
145.0471833,39.00223571,-76.4997693,3.140488537,3,0,60
145.0973178,39.00223436,-76.4997693,3.140500093,3,0,60
145.1475425,39.00223301,-76.49976929,3.140511537,3,0,60
145.1977253,39.00223166,-76.49976929,3.140522856,3,0,60
145.2479283,39.00223031,-76.49976929,3.14053406,3,0,60
145.2980937,39.00222895,-76.49976929,3.140545145,3,0,60
145.3483089,39.0022276,-76.49976929,3.140556126,3,0,60
145.3984739,39.00222625,-76.49976928,3.140566973,3,0,60
145.4486645,39.0022249,-76.49976928,3.140577714,3,0,60
145.4988593,39.00222355,-76.49976928,3.140588341,3,0,60
145.5490373,39.0022222,-76.49976928,3.140598859,3,0,60
145.5992278,39.00222085,-76.49976928,3.140609263,3,0,60
145.649417,39.0022195,-76.49976928,3.140619564,3,0,60
145.6996419,39.00221815,-76.49976927,3.140629753,3,0,60
145.749816,39.00221679,-76.49976927,3.140639836,3,0,60
145.8000083,39.00221544,-76.49976927,3.140649818,3,0,60
145.8502245,39.00221409,-76.49976927,3.140659691,3,0,60
145.9003931,39.00221274,-76.49976927,3.140669468,3,0,60
145.9506298,39.00221139,-76.49976927,3.140679132,3,0,60
146.0008031,39.00221004,-76.49976926,3.140688702,3,0,60
146.0509849,39.00220869,-76.49976926,3.14069816,3,0,60
146.1011474,39.00220734,-76.49976926,3.140707527,3,0,60
146.1513353,39.00220598,-76.49976926,3.140716803,3,0,60
146.2015332,39.00220463,-76.49976926,3.140725976,3,0,60
146.2517746,39.00220328,-76.49976926,3.140735046,3,0,60
146.3019801,39.00220193,-76.49976926,3.140744029,3,0,60
146.352188,39.00220058,-76.49976925,3.140752913,3,0,60
146.4023886,39.00219923,-76.49976925,3.140761706,3,0,60
146.4525483,39.00219788,-76.49976925,3.140770412,3,0,60
146.5027632,39.00219653,-76.49976925,3.140779022,3,0,60
146.5530077,39.00219518,-76.49976925,3.14078754,3,0,60
146.6031749,39.00219383,-76.49976925,3.140795967,3,0,60
146.6534039,39.00219247,-76.49976925,3.14080431,3,0,60
146.7036779,39.00219112,-76.49976924,3.140812565,3,0,60
146.7538261,39.00218977,-76.49976924,3.140820736,3,0,60
146.8040634,39.00218842,-76.49976924,3.140828817,3,0,60
146.8542307,39.00218707,-76.49976924,3.140836817,3,0,60
146.9045187,39.00218572,-76.49976924,3.140844731,3,0,60
146.9547236,39.00218437,-76.49976924,3.140852565,3,0,60
147.0049144,39.00218302,-76.49976924,3.140860321,3,0,60
147.055076,39.00218166,-76.49976923,3.140867984,3,0,60
147.1052741,39.00218031,-76.49976923,3.140875572,3,0,60
147.1554428,39.00217896,-76.49976923,3.140883081,3,0,60
147.2056305,39.00217761,-76.49976923,3.140890511,3,0,60
147.2558341,39.00217626,-76.49976923,3.140897866,3,0,60
147.3060897,39.00217491,-76.49976923,3.140905139,3,0,60
147.3562939,39.00217356,-76.49976923,3.140912343,3,0,60
147.4065162,39.00217221,-76.49976923,3.140919463,3,0,60
147.4567087,39.00217086,-76.49976923,3.140926515,3,0,60
147.5069066,39.0021695,-76.49976922,3.140933491,3,0,60
147.5571802,39.00216815,-76.49976922,3.1409404,3,0,60
147.6073761,39.0021668,-76.49976922,3.140947224,3,0,60
147.6575525,39.00216545,-76.49976922,3.140953984,3,0,60
147.7077768,39.0021641,-76.49976922,3.140960671,3,0,60
147.7579622,39.00216275,-76.49976922,3.140967289,3,0,60
147.8081577,39.0021614,-76.49976922,3.140973845,3,0,60
147.8583173,39.00216005,-76.49976922,3.140980319,3,0,60
147.9084639,39.00215869,-76.49976922,3.140986731,3,0,60
147.9586235,39.00215734,-76.49976921,3.140993075,3,0,60
148.0087963,39.00215599,-76.49976921,3.140999354,3,0,60
148.058945,39.00215464,-76.49976921,3.141005568,3,0,60
148.1091014,39.00215329,-76.49976921,3.141011715,3,0,60
148.1592563,39.00215194,-76.49976921,3.1410178,3,0,60
148.2094088,39.00215059,-76.49976921,3.141023819,3,0,60
148.2595552,39.00214924,-76.49976921,3.141029776,3,0,60
148.3098132,39.00214789,-76.49976921,3.14103567,3,0,60
148.3599802,39.00214653,-76.49976921,3.141041503,3,0,60
148.4101396,39.00214518,-76.49976921,3.141047275,3,0,60
148.4603134,39.00214383,-76.4997692,3.141052986,3,0,60
148.5104758,39.00214248,-76.4997692,3.141058638,3,0,60
148.5606766,39.00214113,-76.4997692,3.141064235,3,0,60
148.6108375,39.00213978,-76.4997692,3.141069767,3,0,60
148.6610372,39.00213843,-76.4997692,3.141075241,3,0,60
148.7112002,39.00213708,-76.4997692,3.141080656,3,0,60
148.7613857,39.00213573,-76.4997692,3.141086019,3,0,60
148.8115481,39.00213437,-76.4997692,3.141091323,3,0,60
148.8618053,39.00213302,-76.4997692,3.141096574,3,0,60
148.9119681,39.00213167,-76.4997692,3.141101768,3,0,60
148.9621356,39.00213032,-76.4997692,3.141106912,3,0,60
149.0123111,39.00212897,-76.4997692,3.141111996,3,0,60
149.0624811,39.00212762,-76.49976919,3.141117031,3,0,60
149.1126968,39.00212627,-76.49976919,3.141122011,3,0,60
149.1628823,39.00212492,-76.49976919,3.141126939,3,0,60
149.2131438,39.00212356,-76.49976919,3.141131816,3,0,60
149.2633237,39.00212221,-76.49976919,3.141136646,3,0,60
149.3135357,39.00212086,-76.49976919,3.141141417,3,0,60
149.3637699,39.00211951,-76.49976919,3.141146142,3,0,60
149.4139519,39.00211816,-76.49976919,3.141150817,3,0,60
149.4641125,39.00211681,-76.49976919,3.141155449,3,0,60
149.514264,39.00211546,-76.49976919,3.141160024,3,0,60
149.5644047,39.00211411,-76.49976919,3.141164554,3,0,60
149.6145473,39.00211276,-76.49976919,3.141169037,3,0,60
149.6647138,39.0021114,-76.49976919,3.141173473,3,0,60
149.7149133,39.00211005,-76.49976918,3.141177862,3,0,60
149.7651414,39.0021087,-76.49976918,3.141182206,3,0,60
149.8153426,39.00210735,-76.49976918,3.141186504,3,0,60
149.8655398,39.002106,-76.49976918,3.141190758,3,0,60
149.9157464,39.00210465,-76.49976918,3.141194966,3,0,60
149.9661474,39.0021033,-76.49976918,3.141199131,3,0,60
150.0163145,39.00210195,-76.49976918,3.141203252,3,0,60
150.0665174,39.0021006,-76.49976918,3.141207332,3,0,60
150.1167481,39.00209924,-76.49976918,3.141211364,3,0,60
150.166966,39.00209789,-76.49976918,3.141215358,3,0,60
150.2171745,39.00209654,-76.49976918,3.141219308,3,0,60
150.2673554,39.00209519,-76.49976918,3.141223218,3,0,60
150.3175585,39.00209384,-76.49976918,3.141227086,3,0,60
150.3677663,39.00209249,-76.49976918,3.141230916,3,0,60
150.4179858,39.00209113,-76.49976918,3.141234704,3,0,60
150.4681733,39.00208979,-76.49976917,3.141238458,3,0,60
150.518383,39.00208843,-76.49976917,3.141242161,3,0,60
150.5685747,39.00208708,-76.49976917,3.141242161,3,0,60
150.6187914,39.00208573,-76.49976917,3.141249502,3,0,60
150.6690322,39.00208438,-76.49976917,3.141253099,3,0,60
150.7192186,39.00208303,-76.49976917,3.141256652,3,0,60
150.7694579,39.00208168,-76.49976917,3.141260171,3,0,60
150.8196976,39.00208033,-76.49976917,3.141263655,3,0,60
150.8698874,39.00207898,-76.49976917,3.1412671,3,0,60
150.9201233,39.00207762,-76.49976917,3.141270508,3,0,60
150.9703482,39.00207627,-76.49976917,3.141273883,3,0,60
151.0205566,39.00207492,-76.49976917,3.141277221,3,0,60
151.07077,39.00207357,-76.49976917,3.141280525,3,0,60
151.1211243,39.00207222,-76.49976917,3.141283792,3,0,60
151.1713488,39.00207087,-76.49976917,3.141287025,3,0,60
151.2215484,39.00206952,-76.49976917,3.141290228,3,0,60
151.2718,39.00206817,-76.49976917,3.141293395,3,0,60
151.322021,39.00206682,-76.49976917,3.141296526,3,0,60
151.3722371,39.00206546,-76.49976916,3.141299627,3,0,60
151.4224543,39.00206411,-76.49976916,3.141302696,3,0,60
151.4727012,39.00206276,-76.49976916,3.141305732,3,0,60
151.5229297,39.00206141,-76.49976916,3.141308739,3,0,60
151.573123,39.00206006,-76.49976916,3.141311711,3,0,60
151.6232944,39.00205871,-76.49976916,3.141314655,3,0,60
151.6734877,39.00205736,-76.49976916,3.141317566,3,0,60
151.7237406,39.00205601,-76.49976916,3.141320446,3,0,60
151.7739452,39.00205466,-76.49976916,3.141323297,3,0,60
151.824182,39.0020533,-76.49976916,3.141326115,3,0,60
151.8743736,39.00205195,-76.49976916,3.141328907,3,0,60
151.924636,39.0020506,-76.49976916,3.141331668,3,0,60
151.9748557,39.00204925,-76.49976916,3.141334402,3,0,60
152.0250681,39.0020479,-76.49976916,3.141337105,3,0,60
152.0752485,39.00204655,-76.49976916,3.141339782,3,0,60
152.1254166,39.0020452,-76.49976916,3.14134243,3,0,60
152.1756312,39.00204385,-76.49976916,3.141345051,3,0,60
152.2258205,39.00204249,-76.49976916,3.141347642,3,0,60
152.2760041,39.00204114,-76.49976916,3.141350211,3,0,60
152.3261858,39.00203979,-76.49976916,3.141352748,3,0,60
152.3763791,39.00203844,-76.49976916,3.14135526,3,0,60
152.4267401,39.00203709,-76.49976916,3.141357746,3,0,60
152.4770112,39.00203574,-76.49976915,3.141360206,3,0,60
152.5272401,39.00203439,-76.49976915,3.14136264,3,0,60
152.5774299,39.00203304,-76.49976915,3.141365049,3,0,60
152.6276546,39.00203169,-76.49976915,3.141367432,3,0,60
152.6778622,39.00203033,-76.49976915,3.141369791,3,0,60
152.7281213,39.00202898,-76.49976915,3.141372124,3,0,60
152.7783549,39.00202763,-76.49976915,3.141374434,3,0,60
152.8285655,39.00202628,-76.49976915,3.141376719,3,0,60
152.8787907,39.00202493,-76.49976915,3.141378981,3,0,60
152.9289653,39.00202358,-76.49976915,3.141381218,3,0,60
152.9791455,39.00202223,-76.49976915,3.141383432,3,0,60
153.0293626,39.00202088,-76.49976915,3.141385623,3,0,60
153.0796166,39.00201953,-76.49976915,3.141387792,3,0,60
153.1298721,39.00201817,-76.49976915,3.141389935,3,0,60
153.1801503,39.00201682,-76.49976915,3.141392059,3,0,60
153.2303347,39.00201547,-76.49976915,3.14139416,3,0,60
153.2805719,39.00201412,-76.49976915,3.141396239,3,0,60
153.330797,39.00201277,-76.49976915,3.141398296,3,0,60
153.3810105,39.00201142,-76.49976915,3.141400331,3,0,60
153.4312261,39.00201007,-76.49976915,3.141402345,3,0,60
153.4814358,39.00200872,-76.49976915,3.141404338,3,0,60
153.5316414,39.00200736,-76.49976915,3.14140631,3,0,60
153.5818152,39.00200601,-76.49976915,3.141408261,3,0,60
153.631993,39.00200466,-76.49976915,3.141410191,3,0,60
153.6821583,39.00200331,-76.49976915,3.141412103,3,0,60
153.7323563,39.00200196,-76.49976915,3.141413995,3,0,60
153.7825108,39.00200061,-76.49976915,3.141415865,3,0,60
153.832695,39.00199926,-76.49976915,3.141417716,3,0,60
153.8828921,39.00199791,-76.49976915,3.141419548,3,0,60
153.933142,39.00199656,-76.49976915,3.14142136,3,0,60
153.9833182,39.0019952,-76.49976914,3.141423155,3,0,60
154.033474,39.00199385,-76.49976914,3.141424929,3,0,60
154.0836232,39.0019925,-76.49976914,3.141426687,3,0,60
154.1338629,39.00199115,-76.49976914,3.141428424,3,0,60
154.1840547,39.00198845,-76.49976914,3.141431847,3,0,60
154.2341822,39.00198709,-76.49976914,3.141433531,3,0,60
154.2842983,39.00198575,-76.49976914,3.141435199,3,0,60
154.3344808,39.00198439,-76.49976914,3.141436845,3,0,60
154.3846368,39.00198304,-76.49976914,3.141438478,3,0,60
154.434771,39.00198169,-76.49976914,3.141440092,3,0,60
154.4849453,39.00198034,-76.49976914,3.141441689,3,0,60
154.5351012,39.00197899,-76.49976914,3.141443271,3,0,60
154.5852665,39.00197764,-76.49976914,3.141444833,3,0,60
154.6354231,39.00197629,-76.49976914,3.141446382,3,0,60
154.6855724,39.00197494,-76.49976914,3.141447914,3,0,60
154.7357424,39.00197359,-76.49976914,3.14144943,3,0,60
154.7858858,39.00197223,-76.49976914,3.141450929,3,0,60
154.836044,39.00197088,-76.49976914,3.141452413,3,0,60
154.8862038,39.00196953,-76.49976914,3.141453882,3,0,60
154.9363795,39.00196818,-76.49976914,3.141455335,3,0,60
154.9865657,39.00196683,-76.49976914,3.141456773,3,0,60
155.0367537,39.00196548,-76.49976914,3.141458196,3,0,60
155.086926,39.00196413,-76.49976914,3.141459604,3,0,60
155.1370925,39.00196278,-76.49976914,3.141460997,3,0,60
155.1872511,39.00196142,-76.49976914,3.141462376,3,0,60
155.2374347,39.00196007,-76.49976914,3.14146374,3,0,60
155.2876236,39.00195872,-76.49976914,3.14146509,3,0,60
155.3377835,39.00195737,-76.49976914,3.141466426,3,0,60
155.3879984,39.00195602,-76.49976914,3.141467748,3,0,60
155.4381559,39.00195467,-76.49976914,3.141469057,3,0,60
155.4883997,39.00195332,-76.49976914,3.14147035,3,0,60
155.5385645,39.00195197,-76.49976914,3.141471632,3,0,60
155.5888066,39.00195062,-76.49976914,3.141472898,3,0,60
155.638968,39.00194926,-76.49976914,3.141474152,3,0,60
155.6891502,39.00194791,-76.49976914,3.141475393,3,0,60
155.7393108,39.00194656,-76.49976914,3.141476622,3,0,60
155.7894794,39.00194521,-76.49976914,3.141477836,3,0,60
155.8397294,39.00194386,-76.49976914,3.141479039,3,0,60
155.8898849,39.00194251,-76.49976914,3.141480228,3,0,60
155.9400466,39.00194116,-76.49976914,3.141481406,3,0,60
155.99021,39.00193981,-76.49976914,3.141482571,3,0,60
156.0403879,39.00193846,-76.49976914,3.141483724,3,0,60
156.0905512,39.0019371,-76.49976913,3.141484864,3,0,60
156.140742,39.00193575,-76.49976913,3.141485993,3,0,60
156.1909512,39.0019344,-76.49976913,3.14148711,3,0,60
156.2411331,39.00193305,-76.49976913,3.141488216,3,0,60
156.2913042,39.0019317,-76.49976913,3.141489309,3,0,60
156.3414839,39.00193035,-76.49976913,3.141490391,3,0,60
156.3916467,39.001929,-76.49976913,3.141491462,3,0,60
156.4417751,39.00192765,-76.49976913,3.141492522,3,0,60
156.491966,39.00192629,-76.49976913,3.14149357,3,0,60
156.5421277,39.00192494,-76.49976913,3.141494608,3,0,60
156.5922998,39.00192359,-76.49976913,3.141495635,3,0,60
156.6424897,39.00192224,-76.49976913,3.141496651,3,0,60
156.6927068,39.00192089,-76.49976913,3.141497656,3,0,60
156.7428688,39.00191954,-76.49976913,3.141498651,3,0,60
156.7930353,39.00191819,-76.49976913,3.141499635,3,0,60
156.8431997,39.00191684,-76.49976913,3.141500609,3,0,60
156.8933615,39.00191549,-76.49976913,3.141501573,3,0,60
156.9435237,39.00191413,-76.49976913,3.141502527,3,0,60
156.9937234,39.00191278,-76.49976913,3.141503471,3,0,60
157.0438852,39.00191143,-76.49976913,3.141504405,3,0,60
157.0940323,39.00191008,-76.49976913,3.141505329,3,0,60
157.1441921,39.00190873,-76.49976913,3.141506244,3,0,60
157.1943768,39.00190738,-76.49976913,3.141507148,3,0,60
157.2446204,39.00190603,-76.49976913,3.141508044,3,0,60
157.2948154,39.00190468,-76.49976913,3.14150893,3,0,60
157.3450074,39.00190333,-76.49976913,3.141509806,3,0,60
157.3952196,39.00190197,-76.49976913,3.141510674,3,0,60
157.4453997,39.00190062,-76.49976913,3.141511532,3,0,60
157.495632,39.00189927,-76.49976913,3.141512382,3,0,60
157.5458026,39.00189792,-76.49976913,3.141513223,3,0,60
157.5959703,39.00189657,-76.49976913,3.141514054,3,0,60
157.6461615,39.00189522,-76.49976913,3.141514877,3,0,60
157.6963475,39.00189387,-76.49976913,3.141514877,3,0,60
157.7465314,39.00189252,-76.49976913,3.141515692,3,0,60
157.7967591,39.00189116,-76.49976913,3.141517312,3,0,60
157.8469316,39.00188981,-76.49976913,3.141518101,3,0,60
157.8970938,39.00188846,-76.49976913,3.141518882,3,0,60
157.9472446,39.00188711,-76.49976913,3.141519654,3,0,60
157.9973929,39.00188576,-76.49976913,3.141520419,3,0,60
158.0475355,39.00188441,-76.49976913,3.141521175,3,0,60
158.0977461,39.00188306,-76.49976913,3.141521924,3,0,60
158.147991,39.00188171,-76.49976913,3.141522665,3,0,60
158.1982074,39.00188036,-76.49976913,3.141523397,3,0,60
158.248465,39.001879,-76.49976913,3.141524123,3,0,60
158.2987119,39.00187765,-76.49976913,3.14152484,3,0,60
158.3489202,39.0018763,-76.49976913,3.141525551,3,0,60
158.3991173,39.00187495,-76.49976913,3.141526253,3,0,60
158.4493106,39.0018736,-76.49976913,3.141526949,3,0,60
158.4995186,39.00187225,-76.49976913,3.141527637,3,0,60
158.5496984,39.0018709,-76.49976913,3.141528318,3,0,60
158.5999444,39.00186955,-76.49976913,3.141528991,3,0,60
158.6501145,39.00186819,-76.49976913,3.141529658,3,0,60
158.7003332,39.00186684,-76.49976913,3.141530318,3,0,60
158.7505305,39.00186549,-76.49976913,3.141530971,3,0,60
158.8007532,39.00186414,-76.49976913,3.141531616,3,0,60
158.8509717,39.00186279,-76.49976913,3.141532256,3,0,60
158.9012271,39.00186144,-76.49976913,3.141532888,3,0,60
158.9514405,39.00186009,-76.49976913,3.141533514,3,0,60
159.0016317,39.00185874,-76.49976913,3.141534133,3,0,60
159.0518704,39.00185738,-76.49976913,3.141534746,3,0,60
159.1020755,39.00185603,-76.49976913,3.141535353,3,0,60
159.1522767,39.00185468,-76.49976913,3.141535953,3,0,60
159.2025063,39.00185333,-76.49976913,3.141536546,3,0,60
159.2527223,39.00185198,-76.49976913,3.141537134,3,0,60
159.3029469,39.00185063,-76.49976913,3.141537715,3,0,60
159.3531219,39.00184928,-76.49976913,3.141538291,3,0,60
159.4033175,39.00184793,-76.49976913,3.14153886,3,0,60
159.4535297,39.00184658,-76.49976913,3.141539423,3,0,60
159.5037612,39.00184523,-76.49976913,3.141539981,3,0,60
159.5539162,39.00184387,-76.49976913,3.141540532,3,0,60
159.6040713,39.00184252,-76.49976913,3.141541078,3,0,60
159.6542239,39.00184117,-76.49976913,3.141541618,3,0,60
159.7044206,39.00183982,-76.49976913,3.141542153,3,0,60
159.7545974,39.00183847,-76.49976913,3.141542682,3,0,60
159.8047421,39.00183712,-76.49976913,3.141543205,3,0,60
159.8548993,39.00183577,-76.49976913,3.141543723,3,0,60
159.9051028,39.00183442,-76.49976913,3.141544235,3,0,60
159.9552705,39.00183306,-76.49976913,3.141544742,3,0,60
160.0054247,39.00183171,-76.49976913,3.141545244,3,0,60
160.0555729,39.00183036,-76.49976913,3.14154574,3,0,60
160.1058201,39.00182901,-76.49976913,3.141546231,3,0,60
160.1559834,39.00182766,-76.49976913,3.141546718,3,0,60
160.2061338,39.00182631,-76.49976913,3.141547199,3,0,60
160.2562815,39.00182496,-76.49976912,3.141547675,3,0,60
160.306433,39.00182361,-76.49976912,3.141548146,3,0,60
160.3566187,39.00182226,-76.49976912,3.141548612,3,0,60
160.406776,39.0018209,-76.49976912,3.141549073,3,0,60
160.4569399,39.00181955,-76.49976912,3.141549529,3,0,60
160.5070914,39.0018182,-76.49976912,3.141549981,3,0,60
160.5572288,39.00181685,-76.49976912,3.141550428,3,0,60
160.607396,39.0018155,-76.49976912,3.14155087,3,0,60
160.6575366,39.00181415,-76.49976912,3.141551308,3,0,60
160.7077294,39.0018128,-76.49976912,3.141551741,3,0,60
160.7578692,39.00181145,-76.49976912,3.141552169,3,0,60
160.808014,39.00181009,-76.49976912,3.141552593,3,0,60
160.8581599,39.00180874,-76.49976912,3.141553012,3,0,60
160.9082993,39.00180739,-76.49976912,3.141553428,3,0,60
160.9584454,39.00180604,-76.49976912,3.141553838,3,0,60
161.0085974,39.00180469,-76.49976912,3.141554245,3,0,60
161.0587323,39.00180334,-76.49976912,3.141554647,3,0,60
161.1088713,39.00180199,-76.49976912,3.141555045,3,0,60
161.1590048,39.00180064,-76.49976912,3.141555439,3,0,60
161.2091461,39.00179929,-76.49976912,3.141555829,3,0,60
161.2592838,39.00179793,-76.49976912,3.141556214,3,0,60
161.309429,39.00179658,-76.49976912,3.141556596,3,0,60
161.3595694,39.00179523,-76.49976912,3.141556974,3,0,60
161.4097259,39.00179388,-76.49976912,3.141557347,3,0,60
161.459872,39.00179253,-76.49976912,3.141557717,3,0,60
161.5100126,39.00179118,-76.49976912,3.141558083,3,0,60
161.5601498,39.00178983,-76.49976912,3.141558445,3,0,60
161.610289,39.00178848,-76.49976912,3.141558803,3,0,60
161.6604464,39.00178713,-76.49976912,3.141559157,3,0,60
161.7106386,39.00178577,-76.49976912,3.141559508,3,0,60
161.7608195,39.00178442,-76.49976912,3.141559855,3,0,60
161.8110377,39.00178307,-76.49976912,3.141560199,3,0,60
161.8613776,39.00178172,-76.49976912,3.141560539,3,0,60
161.9115144,39.00178037,-76.49976912,3.141560875,3,0,60
161.9617707,39.00177902,-76.49976912,3.141561208,3,0,60
162.0119698,39.00177767,-76.49976912,3.141561537,3,0,60
162.0622207,39.00177632,-76.49976912,3.141561863,3,0,60
162.112401,39.00177496,-76.49976912,3.141562185,3,0,60
162.162568,39.00177361,-76.49976912,3.141562504,3,0,60
162.2127684,39.00177226,-76.49976912,3.14156282,3,0,60
162.2629281,39.00177091,-76.49976912,3.141563132,3,0,60
162.3130781,39.00176956,-76.49976912,3.141563442,3,0,60
162.3633018,39.00176821,-76.49976912,3.141563748,3,0,60
162.4136046,39.00176686,-76.49976912,3.14156405,3,0,60
162.4638059,39.00176551,-76.49976912,3.14156435,3,0,60
162.514002,39.00176416,-76.49976912,3.141564646,3,0,60
162.5641844,39.0017628,-76.49976912,3.141564939,3,0,60
162.6143487,39.00176145,-76.49976912,3.14156523,3,0,60
162.6645268,39.0017601,-76.49976912,3.141565517,3,0,60
162.714744,39.00175875,-76.49976912,3.141565801,3,0,60
162.7649431,39.0017574,-76.49976912,3.141566082,3,0,60
162.815167,39.00175605,-76.49976912,3.14156636,3,0,60
162.8653463,39.0017547,-76.49976912,3.141566636,3,0,60
162.9155721,39.00175335,-76.49976912,3.141566908,3,0,60
162.9657561,39.00175199,-76.49976912,3.141567178,3,0,60
163.0159171,39.00175064,-76.49976912,3.141567445,3,0,60
163.0660708,39.00174929,-76.49976912,3.141567709,3,0,60
163.1162402,39.00174794,-76.49976912,3.14156797,3,0,60
163.1663907,39.00174659,-76.49976912,3.141568228,3,0,60
163.2165594,39.00174524,-76.49976912,3.141568484,3,0,60
163.2667183,39.00174389,-76.49976912,3.141568737,3,0,60
163.3170017,39.00174254,-76.49976912,3.141568988,3,0,60
163.3672277,39.00174119,-76.49976912,3.141569236,3,0,60
163.4193933,39.00173983,-76.49976912,3.141569481,3,0,60
163.4711146,39.00173848,-76.49976912,3.141569724,3,0,60
163.5212834,39.00173713,-76.49976912,3.141569964,3,0,60
163.5714456,39.00173578,-76.49976912,3.141570201,3,0,60
163.6216198,39.00173443,-76.49976912,3.141570436,3,0,60
163.6718137,39.00173308,-76.49976912,3.141570669,3,0,60
163.7220384,39.00173173,-76.49976912,3.141570899,3,0,60
163.7722072,39.00173038,-76.49976912,3.141571127,3,0,60
163.8224034,39.00172903,-76.49976912,3.141571352,3,0,60
163.8725631,39.00172767,-76.49976912,3.141571576,3,0,60
163.9227572,39.00172632,-76.49976912,3.141571796,3,0,60
163.9729367,39.00172497,-76.49976912,3.141572015,3,0,60
164.0231142,39.00172362,-76.49976912,3.141572231,3,0,60
164.0732809,39.00172227,-76.49976912,3.141572445,3,0,60
164.123473,39.00172092,-76.49976912,3.141572656,3,0,60
164.1736368,39.00171956,-76.49976912,3.141572866,3,0,60
164.2238481,39.00171822,-76.49976912,3.141573074,3,0,60
164.2740085,39.00171686,-76.49976912,3.141573278,3,0,60
164.3241742,39.00171551,-76.49976912,3.141573481,3,0,60
164.3743363,39.00171416,-76.49976912,3.141573682,3,0,60
164.4245422,39.00171281,-76.49976912,3.14157388,3,0,60
164.4747415,39.00171146,-76.49976912,3.141574077,3,0,60
164.524924,39.00171011,-76.49976912,3.141574271,3,0,60
164.5751105,39.00170876,-76.49976912,3.141574464,3,0,60
164.6252865,39.00170741,-76.49976912,3.141574654,3,0,60
164.6754928,39.00170606,-76.49976912,3.141574843,3,0,60
164.7257021,39.0017047,-76.49976912,3.141575029,3,0,60
164.775882,39.00170335,-76.49976912,3.141575214,3,0,60
164.8261087,39.001702,-76.49976912,3.141575396,3,0,60
164.8763543,39.00170065,-76.49976912,3.141575577,3,0,60
164.9265226,39.0016993,-76.49976912,3.141575756,3,0,60
164.9767362,39.00169795,-76.49976912,3.141575933,3,0,60
165.0269115,39.0016966,-76.49976912,3.141576108,3,0,60
165.0770943,39.00169525,-76.49976912,3.141576282,3,0,60
165.1272994,39.0016939,-76.49976912,3.141576453,3,0,60
165.1774569,39.00169254,-76.49976912,3.141576453,3,0,60
165.2276252,39.00169119,-76.49976912,3.141576792,3,0,60
165.2777925,39.00168984,-76.49976912,3.141576958,3,0,60
165.3280076,39.00168849,-76.49976912,3.141577123,3,0,60
165.3782267,39.00168714,-76.49976912,3.141577285,3,0,60
165.4284342,39.00168579,-76.49976912,3.141577446,3,0,60
165.478733,39.00168444,-76.49976912,3.141577606,3,0,60
165.5289128,39.00168309,-76.49976912,3.141577763,3,0,60
165.5790937,39.00168173,-76.49976912,3.141577919,3,0,60
165.6292788,39.00168038,-76.49976912,3.141578073,3,0,60
165.6794732,39.00167903,-76.49976912,3.141578226,3,0,60
165.7297019,39.00167768,-76.49976912,3.141578377,3,0,60
165.7798977,39.00167633,-76.49976912,3.141578527,3,0,60
165.8301322,39.00167498,-76.49976912,3.141578674,3,0,60
165.8803886,39.00167363,-76.49976912,3.141578821,3,0,60
165.9306042,39.00167228,-76.49976912,3.141578966,3,0,60
165.9808204,39.00167093,-76.49976912,3.141579109,3,0,60
166.0309765,39.00166957,-76.49976912,3.141579251,3,0,60
166.0811185,39.00166822,-76.49976912,3.141579391,3,0,60
166.1312788,39.00166687,-76.49976912,3.14157953,3,0,60
166.1814648,39.00166552,-76.49976912,3.141579668,3,0,60
166.231634,39.00166417,-76.49976912,3.141579804,3,0,60
166.2818438,39.00166282,-76.49976912,3.141579938,3,0,60
166.3320381,39.00166147,-76.49976912,3.141580071,3,0,60
166.3822126,39.00166012,-76.49976912,3.141580203,3,0,60
166.4323818,39.00165876,-76.49976912,3.141580333,3,0,60
166.482599,39.00165741,-76.49976912,3.141580462,3,0,60
166.5327956,39.00165606,-76.49976912,3.14158059,3,0,60
166.5829795,39.00165471,-76.49976912,3.141580716,3,0,60
166.6332113,39.00165336,-76.49976912,3.141580841,3,0,60
166.6834,39.00165201,-76.49976912,3.141580965,3,0,60
166.7335489,39.00165066,-76.49976912,3.141581088,3,0,60
166.7837091,39.00164931,-76.49976912,3.141581209,3,0,60
166.8338388,39.00164796,-76.49976912,3.141581329,3,0,60
166.8840041,39.00164525,-76.49976912,3.141581564,3,0,60
166.9341626,39.0016439,-76.49976912,3.141581681,3,0,60
166.9843464,39.00164255,-76.49976912,3.141581796,3,0,60
167.0344902,39.0016412,-76.49976912,3.141581909,3,0,60
167.0846185,39.00163985,-76.49976912,3.141582022,3,0,60
167.1347444,39.0016385,-76.49976912,3.141582133,3,0,60
167.1849369,39.00163715,-76.49976912,3.141582243,3,0,60
167.2351778,39.00163579,-76.49976912,3.141582352,3,0,60
167.2853803,39.00163444,-76.49976912,3.14158246,3,0,60
167.3356029,39.00163309,-76.49976912,3.141582567,3,0,60
167.3857718,39.00163174,-76.49976912,3.141582673,3,0,60
167.4359324,39.00163039,-76.49976912,3.141582777,3,0,60
167.4860884,39.00162904,-76.49976912,3.141582881,3,0,60
167.5362833,39.00162769,-76.49976912,3.141582983,3,0,60
167.5864588,39.00162634,-76.49976912,3.141583084,3,0,60
167.6367316,39.00162499,-76.49976912,3.141583184,3,0,60
167.6868824,39.00162363,-76.49976912,3.141583283,3,0,60
167.7370292,39.00162228,-76.49976912,3.141583382,3,0,60
167.7871798,39.00162093,-76.49976912,3.141583479,3,0,60
167.8373294,39.00161958,-76.49976912,3.141583575,3,0,60
167.8874796,39.00161823,-76.49976912,3.14158367,3,0,60
167.9377258,39.00161688,-76.49976912,3.141583764,3,0,60
167.9879413,39.00161553,-76.49976912,3.141583857,3,0,60
168.0381405,39.00161418,-76.49976912,3.141583949,3,0,60
168.0883136,39.00161283,-76.49976912,3.14158404,3,0,60
168.1385086,39.00161147,-76.49976912,3.14158413,3,0,60
168.1886905,39.00161012,-76.49976912,3.14158422,3,0,60
168.2388526,39.00160877,-76.49976912,3.141584308,3,0,60
168.2890091,39.00160742,-76.49976912,3.141584396,3,0,60
168.3392203,39.00160607,-76.49976912,3.141584482,3,0,60
168.3894192,39.00160472,-76.49976912,3.141584568,3,0,60
168.4395972,39.00160337,-76.49976912,3.141584652,3,0,60
168.4898047,39.00160202,-76.49976912,3.141584736,3,0,60
168.5399777,39.00160066,-76.49976912,3.141584819,3,0,60
168.5901604,39.00159931,-76.49976912,3.141584901,3,0,60
168.640347,39.00159796,-76.49976912,3.141584982,3,0,60
168.6905166,39.00159661,-76.49976912,3.141585062,3,0,60
168.7406656,39.00159526,-76.49976912,3.141585142,3,0,60
168.7908121,39.00159391,-76.49976912,3.141585221,3,0,60
168.8409717,39.00159256,-76.49976912,3.141585298,3,0,60
168.8911796,39.0015912,-76.49976912,3.141585375,3,0,60
168.9413518,39.00158985,-76.49976912,3.141585452,3,0,60
168.991527,39.0015885,-76.49976912,3.141585527,3,0,60
169.0416969,39.00158715,-76.49976912,3.141585602,3,0,60
169.0918818,39.0015858,-76.49976912,3.141585676,3,0,60
169.1420315,39.00158445,-76.49976912,3.141585749,3,0,60
169.1922202,39.0015831,-76.49976912,3.141585821,3,0,60
169.2424142,39.00158175,-76.49976912,3.141585893,3,0,60
169.2926632,39.0015804,-76.49976912,3.141585963,3,0,60
169.3428273,39.00157905,-76.49976912,3.141586033,3,0,60
169.3929957,39.00157769,-76.49976912,3.141586103,3,0,60
169.443189,39.00157634,-76.49976912,3.141586171,3,0,60
169.4933484,39.00157499,-76.49976912,3.141586239,3,0,60
169.5434896,39.00157364,-76.49976912,3.141586306,3,0,60
169.5936393,39.00157229,-76.49976912,3.141586373,3,0,60
169.6438237,39.00157094,-76.49976912,3.141586439,3,0,60
169.6939692,39.00156959,-76.49976912,3.141586504,3,0,60
169.7441028,39.00156824,-76.49976912,3.141586568,3,0,60
169.7942447,39.00156689,-76.49976912,3.141586632,3,0,60
169.8443751,39.00156553,-76.49976912,3.141586695,3,0,60
169.8945206,39.00156418,-76.49976912,3.141586757,3,0,60
169.9446612,39.00156283,-76.49976912,3.141586819,3,0,60
169.9948039,39.00156148,-76.49976912,3.14158688,3,0,60
170.0449448,39.00156013,-76.49976912,3.141586941,3,0,60
170.095093,39.00155878,-76.49976912,3.141587,3,0,60
170.1452612,39.00155743,-76.49976912,3.14158706,3,0,60
170.1954325,39.00155608,-76.49976912,3.141587118,3,0,60
170.2456386,39.00155472,-76.49976912,3.141587176,3,0,60
170.2958568,39.00155337,-76.49976912,3.141587234,3,0,60
170.3459984,39.00155202,-76.49976912,3.14158729,3,0,60
170.3961486,39.00155067,-76.49976912,3.141587346,3,0,60
170.4463517,39.00154932,-76.49976912,3.141587402,3,0,60
170.4965194,39.00154797,-76.49976912,3.141587457,3,0,60
170.5466628,39.00154662,-76.49976912,3.141587511,3,0,60
170.5968084,39.00154527,-76.49976912,3.141587565,3,0,60
170.6469567,39.00154392,-76.49976912,3.141587619,3,0,60
170.6971005,39.00154256,-76.49976912,3.141587671,3,0,60
170.7473377,39.00154121,-76.49976912,3.141587723,3,0,60
170.7974851,39.00153986,-76.49976912,3.141587775,3,0,60
170.8476542,39.00153851,-76.49976912,3.141587826,3,0,60
170.8978018,39.00153716,-76.49976912,3.141587877,3,0,60
170.947951,39.00153581,-76.49976912,3.141587927,3,0,60
170.9980878,39.00153446,-76.49976912,3.141587976,3,0,60
171.0482327,39.00153311,-76.49976912,3.141588025,3,0,60
171.09836,39.00153176,-76.49976912,3.141588074,3,0,60
171.1485413,39.0015304,-76.49976912,3.141588122,3,0,60
171.198725,39.00152905,-76.49976912,3.141588169,3,0,60
171.2489221,39.0015277,-76.49976912,3.141588216,3,0,60
171.299114,39.00152635,-76.49976912,3.141588262,3,0,60
171.349287,39.001525,-76.49976912,3.141588309,3,0,60
171.3994876,39.00152365,-76.49976912,3.141588354,3,0,60
171.449672,39.0015223,-76.49976912,3.141588399,3,0,60
171.4999398,39.00152095,-76.49976912,3.141588444,3,0,60
171.5501728,39.00151959,-76.49976912,3.141588488,3,0,60
171.6004005,39.00151824,-76.49976912,3.141588531,3,0,60
171.6506596,39.00151689,-76.49976912,3.141588574,3,0,60
171.7008707,39.00151554,-76.49976912,3.141588617,3,0,60
171.7510373,39.00151419,-76.49976912,3.141588659,3,0,60
171.8011963,39.00151284,-76.49976912,3.141588701,3,0,60
171.8513543,39.00151149,-76.49976912,3.141588743,3,0,60
171.901506,39.00151014,-76.49976912,3.141588784,3,0,60
171.9516371,39.00150879,-76.49976912,3.141588824,3,0,60
172.0018026,39.00150743,-76.49976912,3.141588864,3,0,60
172.0519461,39.00150608,-76.49976912,3.141588904,3,0,60
172.1020821,39.00150473,-76.49976912,3.141588943,3,0,60
172.1522159,39.00150338,-76.49976912,3.141588982,3,0,60
172.2023619,39.00150203,-76.49976912,3.14158902,3,0,60
172.2525023,39.00150067,-76.49976912,3.141589059,3,0,60
172.3026483,39.00149933,-76.49976912,3.141589059,3,0,60
172.352788,39.00149798,-76.49976912,3.141589134,3,0,60
172.4029345,39.00149663,-76.49976912,3.141589171,3,0,60
172.4530912,39.00149527,-76.49976912,3.141589207,3,0,60
172.5032558,39.00149392,-76.49976912,3.141589243,3,0,60
172.5534293,39.00149257,-76.49976912,3.141589279,3,0,60
172.6036116,39.00149122,-76.49976912,3.141589314,3,0,60
172.6537759,39.00148987,-76.49976912,3.141589349,3,0,60
172.7039611,39.00148852,-76.49976912,3.141589384,3,0,60
172.7541194,39.00148717,-76.49976912,3.141589418,3,0,60
172.8042745,39.00148582,-76.49976912,3.141589452,3,0,60
172.8544456,39.00148446,-76.49976912,3.141589486,3,0,60
172.9046302,39.00148311,-76.49976912,3.141589519,3,0,60
172.9548136,39.00148176,-76.49976912,3.141589552,3,0,60
173.0049778,39.00148041,-76.49976912,3.141589584,3,0,60
173.0551357,39.00147906,-76.49976912,3.141589616,3,0,60
173.1052968,39.00147771,-76.49976912,3.141589648,3,0,60
173.1554586,39.00147636,-76.49976912,3.141589679,3,0,60
173.2056148,39.00147501,-76.49976912,3.141589711,3,0,60
173.2557753,39.00147366,-76.49976912,3.141589741,3,0,60
173.3059492,39.0014723,-76.49976912,3.141589772,3,0,60
173.3561085,39.00147095,-76.49976912,3.141589802,3,0,60
173.406265,39.0014696,-76.49976912,3.141589832,3,0,60
173.4564258,39.00146825,-76.49976912,3.141589862,3,0,60
173.5066047,39.0014669,-76.49976912,3.141589891,3,0,60
173.5567551,39.00146555,-76.49976912,3.14158992,3,0,60
173.6069124,39.0014642,-76.49976912,3.141589948,3,0,60
173.6570688,39.00146285,-76.49976912,3.141589977,3,0,60
173.7072259,39.00146149,-76.49976912,3.141590005,3,0,60
173.7573865,39.00146014,-76.49976912,3.141590032,3,0,60
173.8075446,39.00145879,-76.49976912,3.14159006,3,0,60
173.8577283,39.00145744,-76.49976912,3.141590087,3,0,60
173.9078914,39.00145609,-76.49976912,3.141590114,3,0,60
173.9580561,39.00145474,-76.49976912,3.14159014,3,0,60
174.0082625,39.00145339,-76.49976912,3.141590167,3,0,60
174.0584213,39.00145204,-76.49976912,3.141590193,3,0,60
174.1085719,39.00145068,-76.49976912,3.141590219,3,0,60
174.1587566,39.00144933,-76.49976912,3.141590244,3,0,60
174.2089188,39.00144798,-76.49976912,3.141590269,3,0,60
174.259082,39.00144663,-76.49976912,3.141590294,3,0,60
174.3092377,39.00144528,-76.49976912,3.141590319,3,0,60
174.3593991,39.00144393,-76.49976912,3.141590343,3,0,60
174.4095696,39.00144258,-76.49976912,3.141590368,3,0,60
174.459738,39.00144123,-76.49976912,3.141590392,3,0,60
174.5098897,39.00143988,-76.49976912,3.141590415,3,0,60
174.5600468,39.00143853,-76.49976912,3.141590439,3,0,60
174.6102141,39.00143717,-76.49976912,3.141590462,3,0,60
174.6603761,39.00143582,-76.49976912,3.141590485,3,0,60
174.7105308,39.00143447,-76.49976912,3.141590508,3,0,60
174.7607002,39.00143312,-76.49976912,3.14159053,3,0,60
174.810844,39.00143177,-76.49976912,3.141590552,3,0,60
174.8610013,39.00143042,-76.49976912,3.141590574,3,0,60
174.9111267,39.00142907,-76.49976912,3.141590596,3,0,60
174.9612796,39.00142772,-76.49976912,3.141590618,3,0,60
175.0115032,39.00142636,-76.49976912,3.141590639,3,0,60
175.0617812,39.00142501,-76.49976912,3.14159066,3,0,60
175.1120635,39.00142366,-76.49976912,3.141590681,3,0,60
175.1622061,39.00142231,-76.49976912,3.141590702,3,0,60
175.2123372,39.00142096,-76.49976912,3.141590722,3,0,60
175.2625228,39.00141961,-76.49976912,3.141590742,3,0,60
175.3127054,39.00141826,-76.49976912,3.141590762,3,0,60
175.3628822,39.00141691,-76.49976912,3.141590782,3,0,60
175.4130653,39.00141555,-76.49976912,3.141590802,3,0,60
175.4632504,39.0014142,-76.49976912,3.141590821,3,0,60
175.5134303,39.00141285,-76.49976912,3.14159084,3,0,60
175.5636988,39.0014115,-76.49976912,3.141590859,3,0,60
175.6138871,39.00141015,-76.49976912,3.141590878,3,0,60
175.6640704,39.0014088,-76.49976912,3.141590897,3,0,60
175.7142814,39.00140745,-76.49976912,3.141590915,3,0,60
175.7644794,39.0014061,-76.49976912,3.141590933,3,0,60
175.8147215,39.00140475,-76.49976912,3.141590951,3,0,60
175.864913,39.00140339,-76.49976912,3.141590969,3,0,60
175.9151934,39.00140204,-76.49976912,3.141590987,3,0,60
175.9656111,39.00140069,-76.49976912,3.141591004,3,0,60
176.0158179,39.00139934,-76.49976912,3.141591021,3,0,60
176.0660062,39.00139799,-76.49976912,3.141591039,3,0,60
176.116146,39.00139664,-76.49976912,3.141591055,3,0,60
176.1663545,39.00139529,-76.49976912,3.141591072,3,0,60
176.2165173,39.00139394,-76.49976912,3.141591089,3,0,60
176.26668,39.00139259,-76.49976912,3.141591105,3,0,60
176.3168845,39.00139123,-76.49976912,3.141591121,3,0,60
176.3670383,39.00138988,-76.49976912,3.141591137,3,0,60
176.4173091,39.00138853,-76.49976912,3.141591153,3,0,60
176.4675083,39.00138718,-76.49976912,3.141591169,3,0,60
176.5178707,39.00138583,-76.49976912,3.141591185,3,0,60
176.5680196,39.00138448,-76.49976912,3.1415912,3,0,60
176.6182029,39.00138313,-76.49976912,3.141591215,3,0,60
176.6684044,39.00138178,-76.49976912,3.14159123,3,0,60
176.718635,39.00138043,-76.49976912,3.141591245,3,0,60
176.7689195,39.00137907,-76.49976912,3.14159126,3,0,60
176.8190341,39.00137772,-76.49976912,3.141591274,3,0,60
176.8692545,39.00137637,-76.49976912,3.141591289,3,0,60
176.9194467,39.00137502,-76.49976912,3.141591303,3,0,60
176.9696248,39.00137367,-76.49976912,3.141591317,3,0,60
177.0198702,39.00137232,-76.49976912,3.141591331,3,0,60
177.0700925,39.00137097,-76.49976912,3.141591345,3,0,60
177.1203,39.00136962,-76.49976912,3.141591359,3,0,60
177.1706313,39.00136826,-76.49976912,3.141591372,3,0,60
177.2208011,39.00136691,-76.49976912,3.141591386,3,0,60
177.270966,39.00136556,-76.49976912,3.141591399,3,0,60
177.3211298,39.00136421,-76.49976912,3.141591412,3,0,60
177.3713451,39.00136286,-76.49976912,3.141591425,3,0,60
177.4215613,39.00136151,-76.49976912,3.141591438,3,0,60
177.4718201,39.00136016,-76.49976912,3.141591451,3,0,60
177.5220252,39.00135881,-76.49976912,3.141591463,3,0,60
177.5722359,39.00135746,-76.49976912,3.141591476,3,0,60
177.6224315,39.0013561,-76.49976912,3.141591488,3,0,60
177.6726289,39.00135475,-76.49976912,3.1415915,3,0,60
177.7228197,39.0013534,-76.49976912,3.141591512,3,0,60
177.7730127,39.00135205,-76.49976912,3.141591524,3,0,60
177.8231975,39.0013507,-76.49976912,3.141591536,3,0,60
177.8734613,39.00134935,-76.49976912,3.141591548,3,0,60
177.9237465,39.001348,-76.49976912,3.14159156,3,0,60
177.9740087,39.00134665,-76.49976912,3.141591571,3,0,60
178.0241876,39.00134529,-76.49976912,3.141591582,3,0,60
178.074466,39.00134394,-76.49976912,3.141591594,3,0,60
178.124673,39.00134259,-76.49976912,3.141591605,3,0,60
178.1749248,39.00134124,-76.49976912,3.141591616,3,0,60
178.225173,39.00133989,-76.49976912,3.141591627,3,0,60
178.2753988,39.00133854,-76.49976912,3.141591637,3,0,60
178.3257762,39.00133719,-76.49976912,3.141591648,3,0,60
178.3760015,39.00133584,-76.49976912,3.141591658,3,0,60
178.4261743,39.00133449,-76.49976912,3.141591669,3,0,60
178.4763963,39.00133313,-76.49976912,3.141591679,3,0,60
178.5266385,39.00133178,-76.49976912,3.141591689,3,0,60
178.5769304,39.00133043,-76.49976912,3.141591699,3,0,60
178.6271757,39.00132908,-76.49976912,3.141591709,3,0,60
178.6773708,39.00132773,-76.49976912,3.141591719,3,0,60
178.7276433,39.00132638,-76.49976912,3.141591729,3,0,60
178.777859,39.00132503,-76.49976912,3.141591739,3,0,60
178.8281118,39.00132368,-76.49976912,3.141591748,3,0,60
178.8783249,39.00132233,-76.49976912,3.141591758,3,0,60
178.9286168,39.00132097,-76.49976912,3.141591767,3,0,60
178.9788216,39.00131962,-76.49976912,3.141591777,3,0,60
179.0290168,39.00131827,-76.49976912,3.141591786,3,0,60
179.0792183,39.00131692,-76.49976912,3.141591795,3,0,60
179.1294356,39.00131557,-76.49976912,3.141591804,3,0,60
179.1797302,39.00131422,-76.49976912,3.141591813,3,0,60
179.2300313,39.00131287,-76.49976912,3.141591822,3,0,60
179.2801524,39.00131152,-76.49976912,3.14159183,3,0,60
179.3304101,39.00131016,-76.49976912,3.141591839,3,0,60
179.3807787,39.00130881,-76.49976912,3.141591847,3,0,60
179.4310051,39.00130746,-76.49976912,3.141591856,3,0,60
179.4812203,39.00130611,-76.49976912,3.141591856,3,0,60
179.5313859,39.00130476,-76.49976912,3.141591873,3,0,60
179.5815197,39.00130341,-76.49976912,3.141591881,3,0,60
179.6316564,39.00130206,-76.49976912,3.141591889,3,0,60
179.6818545,39.00130071,-76.49976912,3.141591897,3,0,60
179.7320381,39.00129936,-76.49976912,3.141591905,3,0,60
179.782232,39.001298,-76.49976912,3.141591913,3,0,60
179.8323929,39.00129665,-76.49976912,3.14159192,3,0,60
179.8827442,39.0012953,-76.49976912,3.141591928,3,0,60
179.9329052,39.00129395,-76.49976912,3.141591936,3,0,60
179.9831452,39.0012926,-76.49976912,3.141591943,3,0,60
180.0333037,39.00129125,-76.49976912,3.141591951,3,0,60
180.0834609,39.0012899,-76.49976912,3.141591958,3,0,60
180.133631,39.00128855,-76.49976912,3.141591965,3,0,60
180.1838517,39.0012872,-76.49976912,3.141591972,3,0,60
180.2340597,39.00128584,-76.49976912,3.14159198,3,0,60
180.2842834,39.00128314,-76.49976912,3.141591994,3,0,60
180.3345413,39.00128179,-76.49976912,3.141592,3,0,60
180.3848224,39.00128044,-76.49976912,3.141592007,3,0,60
180.4350871,39.00127909,-76.49976912,3.141592014,3,0,60
180.4852225,39.00127774,-76.49976912,3.141592021,3,0,60
180.5353451,39.00127639,-76.49976912,3.141592027,3,0,60
180.5855293,39.00127503,-76.49976912,3.141592034,3,0,60
180.6357826,39.00127368,-76.49976912,3.14159204,3,0,60
180.6860726,39.00127233,-76.49976912,3.141592047,3,0,60
180.7361939,39.00127098,-76.49976912,3.141592053,3,0,60
180.7864315,39.00126963,-76.49976912,3.14159206,3,0,60
180.8366317,39.00126828,-76.49976912,3.141592066,3,0,60
180.8868168,39.00126693,-76.49976912,3.141592072,3,0,60
180.9369506,39.00126558,-76.49976912,3.141592078,3,0,60
180.9871958,39.00126422,-76.49976912,3.141592084,3,0,60
181.0374242,39.00126287,-76.49976912,3.14159209,3,0,60
181.0875728,39.00126152,-76.49976912,3.141592096,3,0,60
181.1378283,39.00126017,-76.49976912,3.141592102,3,0,60
181.1880192,39.00125882,-76.49976912,3.141592108,3,0,60
181.2382102,39.00125747,-76.49976912,3.141592113,3,0,60
181.2883684,39.00125612,-76.49976912,3.141592119,3,0,60
181.3385299,39.00125477,-76.49976912,3.141592124,3,0,60
181.3887321,39.00125342,-76.49976912,3.14159213,3,0,60
181.4388859,39.00125207,-76.49976912,3.141592135,3,0,60
181.489087,39.00125071,-76.49976912,3.141592141,3,0,60
181.5393157,39.00124936,-76.49976912,3.141592146,3,0,60
181.5894368,39.00124801,-76.49976912,3.141592152,3,0,60
181.6395576,39.00124666,-76.49976912,3.141592157,3,0,60
181.6898191,39.00124531,-76.49976912,3.141592162,3,0,60
181.7400295,39.00124396,-76.49976912,3.141592167,3,0,60
181.7902203,39.00124261,-76.49976912,3.141592172,3,0,60
181.8404285,39.00124126,-76.49976912,3.141592177,3,0,60
181.890625,39.0012399,-76.49976912,3.141592182,3,0,60
181.9408097,39.00123855,-76.49976912,3.141592187,3,0,60
181.9909589,39.0012372,-76.49976912,3.141592192,3,0,60
182.0411875,39.00123585,-76.49976912,3.141592197,3,0,60
182.0914142,39.0012345,-76.49976912,3.141592202,3,0,60
182.1416183,39.00123315,-76.49976912,3.141592207,3,0,60
182.1918371,39.0012318,-76.49976912,3.141592211,3,0,60
182.242019,39.00123045,-76.49976912,3.141592216,3,0,60
182.2922037,39.0012291,-76.49976912,3.14159222,3,0,60
182.3423931,39.00122774,-76.49976912,3.141592225,3,0,60
182.3926053,39.00122639,-76.49976912,3.141592229,3,0,60
182.4427414,39.00122504,-76.49976912,3.141592234,3,0,60
182.4929213,39.00122369,-76.49976912,3.141592238,3,0,60
182.5431427,39.00122234,-76.49976912,3.141592243,3,0,60
182.5933764,39.00122099,-76.49976912,3.141592247,3,0,60
182.6435169,39.00121964,-76.49976912,3.141592251,3,0,60
182.6936965,39.00121829,-76.49976912,3.141592255,3,0,60
182.7439444,39.00121693,-76.49976912,3.14159226,3,0,60
182.7941333,39.00121558,-76.49976912,3.141592264,3,0,60
182.8443209,39.00121423,-76.49976912,3.141592268,3,0,60
182.8944574,39.00121288,-76.49976912,3.141592272,3,0,60
182.9447003,39.00121153,-76.49976912,3.141592276,3,0,60
182.9949036,39.00121018,-76.49976912,3.14159228,3,0,60
183.0450836,39.00120883,-76.49976912,3.141592284,3,0,60
183.0953138,39.00120748,-76.49976912,3.141592287,3,0,60
183.1455575,39.00120613,-76.49976912,3.141592291,3,0,60
183.195714,39.00120477,-76.49976912,3.141592295,3,0,60
183.2459768,39.00120342,-76.49976912,3.141592299,3,0,60
183.2961711,39.00120207,-76.49976912,3.141592303,3,0,60
183.3463424,39.00120072,-76.49976912,3.141592306,3,0,60
183.3966339,39.00119937,-76.49976912,3.14159231,3,0,60
183.4468956,39.00119802,-76.49976912,3.141592314,3,0,60
183.4971461,39.00119667,-76.49976912,3.141592317,3,0,60
183.5473297,39.00119532,-76.49976912,3.141592321,3,0,60
183.5974852,39.00119396,-76.49976912,3.141592324,3,0,60
183.6476254,39.00119261,-76.49976912,3.141592328,3,0,60
183.6978056,39.00119126,-76.49976912,3.141592331,3,0,60
183.7480304,39.00118991,-76.49976912,3.141592334,3,0,60
183.7982224,39.00118856,-76.49976912,3.141592338,3,0,60
183.8483695,39.00118721,-76.49976912,3.141592341,3,0,60
183.8986042,39.00118586,-76.49976912,3.141592344,3,0,60
183.9488324,39.00118451,-76.49976912,3.141592347,3,0,60
183.9990128,39.00118315,-76.49976912,3.141592351,3,0,60
184.0491803,39.0011818,-76.49976912,3.141592354,3,0,60
184.0993252,39.00118045,-76.49976912,3.141592357,3,0,60
184.1494607,39.0011791,-76.49976912,3.14159236,3,0,60
184.1996043,39.00117775,-76.49976912,3.141592363,3,0,60
184.2497204,39.0011764,-76.49976912,3.141592366,3,0,60
184.2999003,39.00117505,-76.49976912,3.141592369,3,0,60
184.3500801,39.0011737,-76.49976912,3.141592372,3,0,60
184.4002724,39.00117235,-76.49976912,3.141592375,3,0,60
184.4504353,39.001171,-76.49976912,3.141592378,3,0,60
184.5006277,39.00116964,-76.49976912,3.141592381,3,0,60
184.5507984,39.00116829,-76.49976912,3.141592384,3,0,60
184.6009547,39.00116694,-76.49976912,3.141592387,3,0,60
184.6510852,39.00116559,-76.49976912,3.14159239,3,0,60
184.7012223,39.00116424,-76.49976912,3.141592392,3,0,60
184.7513771,39.00116289,-76.49976912,3.141592395,3,0,60
184.8015617,39.00116154,-76.49976912,3.141592398,3,0,60
184.851909,39.00116019,-76.49976912,3.1415924,3,0,60
184.9021529,39.00115883,-76.49976912,3.141592403,3,0,60
184.9523422,39.00115748,-76.49976912,3.141592406,3,0,60
185.0025437,39.00115613,-76.49976912,3.141592408,3,0,60
185.0527522,39.00115478,-76.49976912,3.141592411,3,0,60
185.1029552,39.00115343,-76.49976912,3.141592413,3,0,60
185.1531188,39.00115208,-76.49976912,3.141592416,3,0,60
185.2032763,39.00115073,-76.49976912,3.141592418,3,0,60
185.2534452,39.00114938,-76.49976912,3.141592421,3,0,60
185.3036275,39.00114802,-76.49976912,3.141592423,3,0,60
185.3538269,39.00114667,-76.49976912,3.141592426,3,0,60
185.4040334,39.00114532,-76.49976912,3.141592428,3,0,60
185.4542428,39.00114397,-76.49976912,3.14159243,3,0,60
185.504414,39.00114262,-76.49976912,3.141592433,3,0,60
185.5546133,39.00114127,-76.49976912,3.141592435,3,0,60
185.6048079,39.00113992,-76.49976912,3.141592437,3,0,60
185.6549838,39.00113857,-76.49976912,3.14159244,3,0,60
185.7051421,39.00113722,-76.49976912,3.141592442,3,0,60
185.7552865,39.00113586,-76.49976912,3.141592444,3,0,60
185.8054594,39.00113451,-76.49976912,3.141592446,3,0,60
185.8556194,39.00113316,-76.49976912,3.141592448,3,0,60
185.9057528,39.00113181,-76.49976912,3.141592451,3,0,60
185.9558978,39.00113046,-76.49976912,3.141592453,3,0,60
186.0060408,39.00112911,-76.49976912,3.141592455,3,0,60
186.056275,39.00112776,-76.49976912,3.141592457,3,0,60
186.1064891,39.00112641,-76.49976912,3.141592459,3,0,60
186.1566611,39.00112506,-76.49976912,3.141592461,3,0,60
186.2068652,39.0011237,-76.49976912,3.141592463,3,0,60
186.2570895,39.00112235,-76.49976912,3.141592465,3,0,60
186.3072303,39.001121,-76.49976912,3.141592467,3,0,60
186.3574588,39.00111965,-76.49976912,3.141592469,3,0,60
186.4076628,39.0011183,-76.49976912,3.141592471,3,0,60
186.4578367,39.00111695,-76.49976912,3.141592473,3,0,60
186.508017,39.0011156,-76.49976912,3.141592475,3,0,60
186.5582321,39.00111425,-76.49976912,3.141592476,3,0,60
186.6083634,39.00111289,-76.49976912,3.141592478,3,0,60
186.6586081,39.00111154,-76.49976912,3.14159248,3,0,60
186.70886,39.00111019,-76.49976912,3.141592482,3,0,60
186.759071,39.00110884,-76.49976912,3.141592484,3,0,60
186.8092812,39.00110749,-76.49976912,3.141592484,3,0,60
186.8594057,39.00110614,-76.49976912,3.141592487,3,0,60
186.9095612,39.00110479,-76.49976912,3.141592489,3,0,60
186.9598819,39.00110344,-76.49976912,3.141592491,3,0,60
187.0100804,39.00110209,-76.49976912,3.141592493,3,0,60
187.0602569,39.00110073,-76.49976912,3.141592494,3,0,60
187.1105324,39.00109938,-76.49976912,3.141592496,3,0,60
187.1607946,39.00109803,-76.49976912,3.141592498,3,0,60
187.2110364,39.00109668,-76.49976912,3.141592499,3,0,60
187.2612779,39.00109533,-76.49976912,3.141592501,3,0,60
187.3114949,39.00109398,-76.49976912,3.141592502,3,0,60
187.361718,39.00109262,-76.49976912,3.141592504,3,0,60
187.4119759,39.00109127,-76.49976912,3.141592506,3,0,60
187.4621705,39.00108992,-76.49976912,3.141592507,3,0,60
187.5124656,39.00108857,-76.49976912,3.141592509,3,0,60
187.5627009,39.00108722,-76.49976912,3.14159251,3,0,60
187.6128981,39.00108587,-76.49976912,3.141592512,3,0,60
187.6631313,39.00108452,-76.49976912,3.141592513,3,0,60
187.7133584,39.00108317,-76.49976912,3.141592515,3,0,60
187.7635675,39.00108182,-76.49976912,3.141592516,3,0,60
187.8138485,39.00108047,-76.49976912,3.141592517,3,0,60
187.8639998,39.00107912,-76.49976912,3.141592519,3,0,60
187.9141537,39.00107776,-76.49976912,3.14159252,3,0,60
187.9644006,39.00107641,-76.49976912,3.141592522,3,0,60
188.0146742,39.00107506,-76.49976912,3.141592523,3,0,60
188.0648382,39.00107371,-76.49976912,3.141592524,3,0,60
188.115028,39.00107236,-76.49976912,3.141592526,3,0,60
188.1653014,39.00107101,-76.49976912,3.141592527,3,0,60
188.2154678,39.00106966,-76.49976912,3.141592529,3,0,60
188.2656341,39.00106831,-76.49976912,3.14159253,3,0,60
188.3159157,39.00106696,-76.49976912,3.141592531,3,0,60
188.3660767,39.0010656,-76.49976912,3.141592532,3,0,60
188.4163839,39.00106425,-76.49976912,3.141592534,3,0,60
188.4665643,39.0010629,-76.49976912,3.141592535,3,0,60
188.5168214,39.00106155,-76.49976912,3.141592536,3,0,60
188.5670573,39.0010602,-76.49976912,3.141592537,3,0,60
188.6172663,39.00105885,-76.49976912,3.141592539,3,0,60
188.6674136,39.0010575,-76.49976912,3.14159254,3,0,60
188.7176246,39.00105615,-76.49976912,3.141592541,3,0,60
188.7679247,39.00105479,-76.49976912,3.141592542,3,0,60
188.8180828,39.00105344,-76.49976912,3.141592543,3,0,60
188.8682257,39.00105209,-76.49976912,3.141592545,3,0,60
188.9183765,39.00105074,-76.49976912,3.141592546,3,0,60
188.9685639,39.00104939,-76.49976912,3.141592547,3,0,60
189.0188862,39.00104804,-76.49976912,3.141592548,3,0,60
189.0691339,39.00104669,-76.49976912,3.141592549,3,0,60
189.1193136,39.00104534,-76.49976912,3.14159255,3,0,60
189.1694578,39.00104399,-76.49976912,3.141592551,3,0,60
189.2196581,39.00104263,-76.49976912,3.141592552,3,0,60
189.2698622,39.00104128,-76.49976912,3.141592553,3,0,60
189.3201085,39.00103993,-76.49976912,3.141592554,3,0,60
189.3703459,39.00103858,-76.49976912,3.141592555,3,0,60
189.420614,39.00103723,-76.49976912,3.141592556,3,0,60
189.470818,39.00103588,-76.49976912,3.141592558,3,0,60
189.5210115,39.00103453,-76.49976912,3.141592558,3,0,60
189.5711953,39.00103318,-76.49976912,3.141592559,3,0,60
189.6214217,39.00103183,-76.49976912,3.141592561,3,0,60
189.6716486,39.00103047,-76.49976912,3.141592561,3,0,60
189.7218573,39.00102912,-76.49976912,3.141592562,3,0,60
189.7720627,39.00102777,-76.49976912,3.141592563,3,0,60
189.8222974,39.00102642,-76.49976912,3.141592564,3,0,60
189.8725273,39.00102507,-76.49976912,3.141592565,3,0,60
189.9227445,39.00102372,-76.49976912,3.141592566,3,0,60
189.9729335,39.00102237,-76.49976912,3.141592567,3,0,60
190.0231637,39.00102102,-76.49976912,3.141592568,3,0,60
190.0733714,39.00101966,-76.49976912,3.141592569,3,0,60
190.1236224,39.00101831,-76.49976912,3.14159257,3,0,60
190.1738245,39.00101696,-76.49976912,3.141592571,3,0,60
190.2240257,39.00101561,-76.49976912,3.141592572,3,0,60
190.2742114,39.00101426,-76.49976912,3.141592572,3,0,60
190.3244562,39.00101291,-76.49976912,3.141592573,3,0,60
190.3746404,39.00101156,-76.49976912,3.141592574,3,0,60
190.4248424,39.00101021,-76.49976912,3.141592575,3,0,60
190.4750222,39.00100885,-76.49976912,3.141592576,3,0,60
190.5252386,39.0010075,-76.49976912,3.141592577,3,0,60
190.5754339,39.00100615,-76.49976912,3.141592577,3,0,60
190.6256408,39.0010048,-76.49976912,3.141592578,3,0,60
190.675857,39.00100345,-76.49976912,3.141592579,3,0,60
190.7260686,39.0010021,-76.49976912,3.14159258,3,0,60
190.7762922,39.00100075,-76.49976912,3.14159258,3,0,60
190.8265097,39.0009994,-76.49976912,3.141592581,3,0,60
190.876738,39.00099805,-76.49976912,3.141592582,3,0,60
190.926952,39.00099669,-76.49976912,3.141592583,3,0,60
190.9772088,39.00099534,-76.49976912,3.141592583,3,0,60
191.0275493,39.00099399,-76.49976912,3.141592584,3,0,60
191.0777511,39.00099264,-76.49976912,3.141592585,3,0,60
191.1279466,39.00099129,-76.49976912,3.141592586,3,0,60
191.1781415,39.00098994,-76.49976912,3.141592586,3,0,60
191.2283952,39.00098859,-76.49976912,3.141592587,3,0,60
191.2786487,39.00098724,-76.49976912,3.141592588,3,0,60
191.3288495,39.00098589,-76.49976912,3.141592589,3,0,60
191.37903,39.00098453,-76.49976912,3.141592589,3,0,60
191.429282,39.00098318,-76.49976912,3.14159259,3,0,60
191.4796546,39.00098183,-76.49976912,3.14159259,3,0,60
191.5299799,39.00098048,-76.49976912,3.141592591,3,0,60
191.5801512,39.00097913,-76.49976912,3.141592592,3,0,60
191.6304526,39.00097778,-76.49976912,3.141592593,3,0,60
191.6806644,39.00097643,-76.49976912,3.141592593,3,0,60
191.7308894,39.00097508,-76.49976912,3.141592594,3,0,60
191.7810525,39.00097372,-76.49976912,3.141592594,3,0,60
191.8312472,39.00097237,-76.49976912,3.141592595,3,0,60
191.8814833,39.00097102,-76.49976912,3.141592596,3,0,60
191.9317672,39.00096967,-76.49976912,3.141592596,3,0,60
191.9819231,39.00096832,-76.49976912,3.141592597,3,0,60
192.0321873,39.00096697,-76.49976912,3.141592597,3,0,60
192.082423,39.00096562,-76.49976912,3.141592598,3,0,60
192.1325643,39.00096427,-76.49976912,3.141592599,3,0,60
192.1828452,39.00096292,-76.49976912,3.141592599,3,0,60
192.2330628,39.00096156,-76.49976912,3.1415926,3,0,60
192.2832219,39.00096021,-76.49976912,3.1415926,3,0,60
192.3334154,39.00095886,-76.49976912,3.141592601,3,0,60
192.3836042,39.00095751,-76.49976912,3.141592601,3,0,60
192.4337402,39.00095616,-76.49976912,3.141592602,3,0,60
192.4839327,39.00095481,-76.49976912,3.141592603,3,0,60
192.534085,39.00095211,-76.49976912,3.141592604,3,0,60
192.5842614,39.00095075,-76.49976912,3.141592604,3,0,60
192.6344301,39.0009494,-76.49976912,3.141592605,3,0,60
192.6846298,39.00094805,-76.49976912,3.141592605,3,0,60
192.734792,39.0009467,-76.49976912,3.141592606,3,0,60
192.7849503,39.00094535,-76.49976912,3.141592606,3,0,60
192.8351138,39.000944,-76.49976912,3.141592607,3,0,60
192.885271,39.00094265,-76.49976912,3.141592607,3,0,60
192.9354328,39.0009413,-76.49976912,3.141592608,3,0,60
192.9856093,39.00093995,-76.49976912,3.141592608,3,0,60
193.0357673,39.00093859,-76.49976912,3.141592609,3,0,60
193.0859222,39.00093724,-76.49976912,3.141592609,3,0,60
193.1360909,39.00093589,-76.49976912,3.14159261,3,0,60
193.1862594,39.00093454,-76.49976912,3.14159261,3,0,60
193.2364404,39.00093319,-76.49976912,3.14159261,3,0,60
193.2866259,39.00093184,-76.49976912,3.141592611,3,0,60
193.3368013,39.00093049,-76.49976912,3.141592611,3,0,60
193.3869776,39.00092914,-76.49976912,3.141592612,3,0,60
193.4371762,39.00092779,-76.49976912,3.141592612,3,0,60
193.4873406,39.00092643,-76.49976912,3.141592613,3,0,60
193.5375261,39.00092508,-76.49976912,3.141592613,3,0,60
193.5877244,39.00092373,-76.49976912,3.141592614,3,0,60
193.6378937,39.00092238,-76.49976912,3.141592614,3,0,60
193.688083,39.00092103,-76.49976912,3.141592614,3,0,60
193.7382438,39.00091968,-76.49976912,3.141592615,3,0,60
193.7884563,39.00091833,-76.49976912,3.141592615,3,0,60
193.8386345,39.00091698,-76.49976912,3.141592616,3,0,60
193.8888686,39.00091563,-76.49976912,3.141592616,3,0,60
193.9390641,39.00091427,-76.49976912,3.141592616,3,0,60
193.9892601,39.00091292,-76.49976912,3.141592617,3,0,60
194.039438,39.00091157,-76.49976912,3.141592617,3,0,60
194.0896172,39.00091022,-76.49976912,3.141592617,3,0,60
194.1399408,39.00090887,-76.49976912,3.141592618,3,0,60
194.1901508,39.00090752,-76.49976912,3.141592618,3,0,60
194.2403393,39.00090617,-76.49976912,3.141592619,3,0,60
194.2905137,39.00090481,-76.49976912,3.141592619,3,0,60
194.3407424,39.00090347,-76.49976912,3.141592619,3,0,60
194.3909004,39.00090211,-76.49976912,3.14159262,3,0,60
194.4410647,39.00090076,-76.49976912,3.14159262,3,0,60
194.4912186,39.00089941,-76.49976912,3.14159262,3,0,60
194.5413949,39.00089806,-76.49976914,-3.128502078,3,0,60
194.5915547,39.00089671,-76.49976919,-3.115411615,3,0,60
194.6417334,39.00089536,-76.49976926,-3.102326213,3,0,60
194.691906,39.00089401,-76.49976935,-3.08923075,3,0,60
194.742078,39.00089266,-76.49976946,-3.076141905,3,0,60
194.7922486,39.00089131,-76.4997696,-3.063039754,3,0,60
194.8424088,39.00088997,-76.49976975,-3.04995925,3,0,60
194.8926049,39.00088862,-76.49976994,-3.0368633,3,0,60
194.9427757,39.00088728,-76.49977014,-3.023769197,3,0,60
194.992961,39.00088594,-76.49977037,-3.010685577,3,0,60
195.043207,39.00088461,-76.49977061,-2.997603072,3,0,60
195.0933904,39.00088327,-76.49977088,-2.984502514,3,0,60
195.1436176,39.00088194,-76.49977118,-2.971409801,3,0,60
195.1937484,39.00088061,-76.49977149,-2.958329417,3,0,60
195.2439287,39.00087929,-76.49977183,-2.945242816,3,0,60
195.2940967,39.00087797,-76.49977219,-2.932152423,3,0,60
195.3442797,39.00087665,-76.49977257,-2.919063372,3,0,60
195.3944575,39.00087533,-76.49977298,-2.905973706,3,0,60
195.4446433,39.00087402,-76.4997734,-2.892881953,3,0,60
195.4948211,39.00087272,-76.49977385,-2.879792851,3,0,60
195.5450213,39.00087142,-76.49977432,-2.866711522,3,0,60
195.5951905,39.00087012,-76.49977481,-2.853611207,3,0,60
195.6454801,39.00086883,-76.49977533,-2.84051982,3,0,60
195.6956586,39.00086755,-76.49977586,-2.82742404,3,0,60
195.7458748,39.00086627,-76.49977642,-2.814343462,3,0,60
195.7960736,39.00086499,-76.499777,-2.801247682,3,0,60
195.8462544,39.00086373,-76.4997776,-2.788144242,3,0,60
195.8964477,39.00086247,-76.49977822,-2.775069034,3,0,60
195.9466844,39.00086121,-76.49977886,-2.761981697,3,0,60
195.9968614,39.00085996,-76.49977952,-2.748872162,3,0,60
196.0470412,39.00085872,-76.49978021,-2.735798459,3,0,60
196.097275,39.00085749,-76.49978091,-2.722710089,3,0,60
196.1475064,39.00085626,-76.49978163,-2.709618974,3,0,60
196.1977132,39.00085504,-76.49978238,-2.696529468,3,0,60
196.2478845,39.00085383,-76.49978315,-2.683426254,3,0,60
196.2980434,39.00085262,-76.49978393,-2.670349388,3,0,60
196.348204,39.00085143,-76.49978474,-2.657255303,3,0,60
196.398373,39.00085024,-76.49978556,-2.644168974,3,0,60
196.4486151,39.00084906,-76.49978641,-2.631072804,3,0,60
196.4988705,39.00084789,-76.49978728,-2.617989907,3,0,60
196.5490459,39.00084673,-76.49978816,-2.604901221,3,0,60
196.59921,39.00084558,-76.49978907,-2.591805082,3,0,60
196.6494367,39.00084444,-76.49978999,-2.578717464,3,0,60
196.6996153,39.0008433,-76.49979093,-2.565627024,3,0,60
196.7497722,39.00084218,-76.4997919,-2.552533352,3,0,60
196.7999875,39.00084107,-76.49979288,-2.539447627,3,0,60
196.8501891,39.00083996,-76.49979388,-2.526364332,3,0,60
196.9003705,39.00083887,-76.49979489,-2.513271016,3,0,60
196.9505657,39.00083779,-76.49979593,-2.500179703,3,0,60
197.0007612,39.00083671,-76.49979698,-2.487084593,3,0,60
197.0509269,39.00083565,-76.49979806,-2.473998187,3,0,60
197.1011385,39.00083459,-76.49979913,-2.471389405,3,0,60
197.151336,39.00083353,-76.49980021,-2.472555083,3,0,60
197.2015708,39.00083247,-76.49980128,-2.473709322,3,0,60
197.251774,39.00083141,-76.49980235,-2.474850818,3,0,60
197.3019359,39.00083035,-76.49980342,-2.475980393,3,0,60
197.352124,39.00082929,-76.49980449,-2.477099059,3,0,60
197.4022893,39.00082822,-76.49980555,-2.478204263,3,0,60
197.4524907,39.00082716,-76.49980662,-2.479298844,3,0,60
197.5026968,39.00082608,-76.49980766,-2.492389833,3,0,60
197.5529189,39.00082499,-76.49980869,-2.505481401,3,0,60
197.6031405,39.00082389,-76.4998097,-2.518572326,3,0,60
197.653405,39.00082279,-76.49981069,-2.531661651,3,0,60
197.7036788,39.00082167,-76.49981167,-2.544751968,3,0,60
197.7538325,39.00082054,-76.49981262,-2.557839981,3,0,60
197.8040491,39.00081941,-76.49981356,-2.570929747,3,0,60
197.8542641,39.00081826,-76.49981447,-2.584015911,3,0,60
197.9043918,39.0008171,-76.49981537,-2.59711029,3,0,60
197.9545913,39.00081594,-76.49981625,-2.609506448,3,0,60
198.0047583,39.00081478,-76.49981713,-2.607777603,3,0,60
198.0549245,39.00081361,-76.49981801,-2.606065622,3,0,60
198.1051218,39.00081245,-76.4998189,-2.604371676,3,0,60
198.155484,39.00081128,-76.49981977,-2.617451863,3,0,60
198.2057253,39.0008101,-76.49982061,-2.630549658,3,0,60
198.255893,39.00080892,-76.49982144,-2.643633316,3,0,60
198.3060594,39.00080772,-76.49982225,-2.656722245,3,0,60
198.3562908,39.00080652,-76.49982304,-2.669820465,3,0,60
198.4065479,39.00080531,-76.4998238,-2.682902198,3,0,60
198.4568191,39.00080409,-76.49982455,-2.695994459,3,0,60
198.5069653,39.00080286,-76.49982527,-2.709083482,3,0,60
198.5571474,39.00080163,-76.49982598,-2.718770985,3,0,60
198.6073118,39.0008004,-76.4998267,-2.715874292,3,0,60
198.6575114,39.00079917,-76.49982742,-2.713004735,3,0,60
198.7077572,39.00079794,-76.49982814,-2.710166618,3,0,60
198.7579257,39.00079672,-76.49982887,-2.707358268,3,0,60
198.8080994,39.00079549,-76.49982961,-2.704575465,3,0,60
198.8582762,39.00079426,-76.49983032,-2.717657838,3,0,60
198.9084853,39.00079302,-76.49983101,-2.73074427,3,0,60
198.9587272,39.00079178,-76.49983168,-2.743838961,3,0,60
199.0089065,39.00079052,-76.49983233,-2.756927217,3,0,60
199.0590603,39.00078926,-76.49983296,-2.770013939,3,0,60
199.1093152,39.000788,-76.49983357,-2.783104937,3,0,60
199.159541,39.00078673,-76.49983415,-2.796194418,3,0,60
199.2098278,39.00078545,-76.49983472,-2.809284231,3,0,60
199.2600196,39.00078417,-76.49983526,-2.822386524,3,0,60
199.3102607,39.00078288,-76.4998358,-2.824751056,3,0,60
199.3604018,39.0007816,-76.49983634,-2.8221992,3,0,60
199.4106409,39.00078032,-76.49983689,-2.819669903,3,0,60
199.4608414,39.00077904,-76.49983744,-2.817171642,3,0,60
199.5110615,39.00077775,-76.49983797,-2.830261124,3,0,60
199.5612984,39.00077646,-76.49983848,-2.843351594,3,0,60
199.6114674,39.00077516,-76.49983897,-2.856439449,3,0,60
199.6616545,39.00077386,-76.49983943,-2.869531437,3,0,60
199.7118372,39.00077256,-76.49983988,-2.882620619,3,0,60
199.7619888,39.00077125,-76.4998403,-2.895708507,3,0,60
199.8121361,39.00076993,-76.4998407,-2.908799566,3,0,60
199.8622762,39.00076861,-76.49984108,-2.92188949,3,0,60
199.9124498,39.00076729,-76.49984143,-2.934978688,3,0,60
199.9626583,39.00076597,-76.49984178,-2.939778752,3,0,60
200.0129464,39.00076464,-76.49984213,-2.937480842,3,0,60
200.0630969,39.00076332,-76.49984248,-2.935205657,3,0,60
200.1132325,39.000762,-76.49984284,-2.932956512,3,0,60
200.1633752,39.00076067,-76.49984318,-2.946045992,3,0,60
200.2135928,39.00075934,-76.49984349,-2.959144064,3,0,60
200.2638205,39.00075801,-76.49984379,-2.972226844,3,0,60
200.314051,39.00075668,-76.49984406,-2.985317833,3,0,60
200.3642741,39.00075534,-76.4998443,-2.998405988,3,0,60
200.4144631,39.000754,-76.49984453,-3.011503068,3,0,60
200.4647361,39.00075266,-76.49984473,-3.02458902,3,0,60
200.5149221,39.00075132,-76.49984491,-3.037676969,3,0,60
200.5651026,39.00074997,-76.49984507,-3.050763765,3,0,60
200.6152886,39.00074862,-76.49984521,-3.058270019,3,0,60
200.665549,39.00074728,-76.49984536,-3.056192745,3,0,60
200.7157659,39.00074593,-76.49984551,-3.054138753,3,0,60
200.7660144,39.00074458,-76.49984564,-3.067227849,3,0,60
200.8162206,39.00074324,-76.49984574,-3.080317997,3,0,60
200.8665426,39.00074189,-76.49984583,-3.093408435,3,0,60
200.9167205,39.00074054,-76.49984589,-3.106500393,3,0,60
200.9669658,39.00073919,-76.49984593,-3.119587263,3,0,60
201.0171056,39.00073783,-76.49984594,-3.132679191,3,0,60
201.0673753,39.00073648,-76.49984593,3.137416096,3,0,60
201.1175082,39.00073513,-76.4998459,3.124323458,3,0,60
201.1677639,39.00073378,-76.49984585,3.111237234,3,0,60
201.2179932,39.00073243,-76.49984578,3.102528889,3,0,60
201.2681772,39.00073108,-76.49984572,3.104423739,3,0,60
201.3183326,39.00072973,-76.49984566,3.106298119,3,0,60
201.3686251,39.00072838,-76.49984557,3.093214544,3,0,60
201.4188964,39.00072703,-76.49984547,3.080121998,3,0,60
201.4690366,39.00072568,-76.49984534,3.067030859,3,0,60
201.5192097,39.00072434,-76.49984519,3.053939303,3,0,60
201.5695195,39.00072299,-76.49984501,3.040838502,3,0,60
201.6197395,39.00072165,-76.49984482,3.027760062,3,0,60
201.6699607,39.00072031,-76.4998446,3.014669236,3,0,60
201.7201519,39.00071897,-76.49984436,3.001580957,3,0,60
201.7703947,39.00071764,-76.49984409,2.988478046,3,0,60
201.8206013,39.00071631,-76.49984381,2.978346038,3,0,60
201.8708157,39.00071497,-76.49984353,2.980075803,3,0,60
201.9209452,39.00071364,-76.49984326,2.981788562,3,0,60
201.9712359,39.00071231,-76.49984296,2.968699956,3,0,60
202.0214925,39.00071098,-76.49984264,2.955608174,3,0,60
202.0716306,39.00070965,-76.4998423,2.942518164,3,0,60
202.1217866,39.00070833,-76.49984193,2.929422753,3,0,60
202.172032,39.00070702,-76.49984154,2.916338711,3,0,60
202.2222842,39.0007057,-76.49984114,2.903249162,3,0,60
202.2725141,39.00070439,-76.4998407,2.890157613,3,0,60
202.3227662,39.00070309,-76.49984025,2.877066096,3,0,60
202.3730882,39.00070179,-76.49983978,2.86398064,3,0,60
202.4232717,39.0007005,-76.49983928,2.852237913,3,0,60
202.4734708,39.0006992,-76.49983879,2.853827697,3,0,60
202.5236688,39.0006979,-76.4998383,2.855397706,3,0,60
202.5738633,39.00069661,-76.49983779,2.842312271,3,0,60
202.6240402,39.00069533,-76.49983726,2.829218366,3,0,60
202.6742441,39.00069405,-76.49983671,2.816129367,3,0,60
202.7244507,39.00069277,-76.49983613,2.803039168,3,0,60
202.7746672,39.0006915,-76.49983554,2.789945767,3,0,60
202.8249837,39.00069024,-76.49983492,2.776855603,3,0,60
202.8752042,39.00068899,-76.49983428,2.763770188,3,0,60
202.925541,39.00068774,-76.49983362,2.750677481,3,0,60
202.9757524,39.00068649,-76.49983294,2.737589565,3,0,60
203.025927,39.00068526,-76.49983224,2.724492778,3,0,60
203.0761352,39.00068402,-76.49983154,2.72561523,3,0,60
203.1263437,39.00068279,-76.49983084,2.727064973,3,0,60
203.1765333,39.00068156,-76.49983012,2.713977232,3,0,60
203.2267536,39.00068034,-76.49982938,2.700893124,3,0,60
203.2769852,39.00067912,-76.49982862,2.687796194,3,0,60
203.327269,39.00067791,-76.49982784,2.674700495,3,0,60
203.3774643,39.00067672,-76.49982705,2.661616577,3,0,60
203.427659,39.00067552,-76.49982622,2.648516168,3,0,60
203.4779013,39.00067434,-76.49982539,2.635437037,3,0,60
203.5281039,39.00067317,-76.49982453,2.622345294,3,0,60
203.5783341,39.00067201,-76.49982365,2.609256648,3,0,60
203.6286095,39.00067085,-76.49982275,2.596166258,3,0,60
203.6788859,39.0006697,-76.49982185,2.59542365,3,0,60
203.7291228,39.00066855,-76.49982093,2.582326606,3,0,60
203.7793187,39.00066742,-76.49981999,2.56923996,3,0,60
203.8295014,39.00066629,-76.49981904,2.556140631,3,0,60
203.8797488,39.00066517,-76.49981806,2.543050714,3,0,60
203.9300565,39.00066407,-76.49981707,2.529971242,3,0,60
203.9803063,39.00066297,-76.49981605,2.516882958,3,0,60
204.0305664,39.00066189,-76.49981502,2.503793123,3,0,60
204.080849,39.00066081,-76.49981397,2.490704272,3,0,60
204.1310453,39.00065975,-76.49981291,2.477612524,3,0,60
204.1813532,39.00065869,-76.49981182,2.464523147,3,0,60
204.2316106,39.00065764,-76.49981074,2.463524734,3,0,60
204.2818175,39.00065659,-76.49980965,2.464794232,3,0,60
204.3320226,39.00065555,-76.49980855,2.451709258,3,0,60
204.3822259,39.00065451,-76.49980743,2.438619203,3,0,60
204.4324628,39.00065349,-76.49980629,2.425523825,3,0,60
204.4826733,39.00065249,-76.49980514,2.412439756,3,0,60
204.5329514,39.00065149,-76.49980397,2.399349576,3,0,60
204.5831494,39.00065051,-76.49980278,2.386263201,3,0,60
204.633385,39.00064954,-76.49980158,2.373169202,3,0,60
204.6835237,39.00064858,-76.49980036,2.360080192,3,0,60
204.7337523,39.00064763,-76.49979912,2.346982349,3,0,60
204.7839686,39.0006467,-76.49979787,2.333902059,3,0,60
204.8341467,39.00064485,-76.49979535,2.317868887,3,0,60
204.8842737,39.00064394,-76.49979406,2.304777583,3,0,60
204.9344743,39.00064305,-76.49979276,2.291678284,3,0,60
204.9846619,39.00064217,-76.49979144,2.278594247,3,0,60
205.0348378,39.00064131,-76.49979011,2.265509868,3,0,60
205.0857932,39.00064046,-76.49978877,2.252411589,3,0,60
205.1359815,39.00063962,-76.49978741,2.239326469,3,0,60
205.1861085,39.00063879,-76.49978604,2.226227772,3,0,60
205.2363297,39.00063799,-76.49978465,2.213148113,3,0,60
205.2864778,39.00063719,-76.49978325,2.200054468,3,0,60
205.3366143,39.0006364,-76.49978185,2.196751029,3,0,60
205.3867533,39.00063562,-76.49978043,2.183663054,3,0,60
205.4368953,39.00063486,-76.499779,2.170573787,3,0,60
205.4870364,39.00063411,-76.49977756,2.157481578,3,0,60
205.5371862,39.00063338,-76.49977611,2.144386557,3,0,60
205.5873276,39.00063266,-76.49977464,2.131300664,3,0,60
205.6374635,39.00063196,-76.49977316,2.11821315,3,0,60
205.6876028,39.00063127,-76.49977167,2.105121863,3,0,60
205.7377167,39.0006306,-76.49977017,2.092030368,3,0,60
205.7879063,39.00062994,-76.49976866,2.078937162,3,0,60
205.8380954,39.0006293,-76.49976713,2.065852639,3,0,60
205.8882497,39.00062866,-76.49976561,2.062169719,3,0,60
205.9383918,39.00062804,-76.49976407,2.049081052,3,0,60
205.988526,39.00062743,-76.49976252,2.035989642,3,0,60
206.0386708,39.00062684,-76.49976096,2.022898778,3,0,60
206.0888598,39.00062627,-76.4997594,2.009811111,3,0,60
206.138994,39.00062571,-76.49975782,1.996717701,3,0,60
206.1891413,39.00062517,-76.49975623,1.983620741,3,0,60
206.2393105,39.00062464,-76.49975464,1.970519407,3,0,60
206.2895144,39.00062413,-76.49975303,1.957445358,3,0,60
206.3397545,39.00062364,-76.49975142,1.944356933,3,0,60
206.3899504,39.00062316,-76.4997498,1.931255962,3,0,60
206.4401492,39.00062269,-76.49974818,1.927128663,3,0,60
206.490321,39.00062223,-76.49974655,1.914025929,3,0,60
206.5404884,39.0006218,-76.49974491,1.900947273,3,0,60
206.5906453,39.00062138,-76.49974326,1.887852269,3,0,60
206.6419498,39.00062097,-76.49974161,1.874765273,3,0,60
206.6921562,39.00062058,-76.49973995,1.86167762,3,0,60
206.7423088,39.00062021,-76.49973829,1.848588361,3,0,60
206.7924734,39.00061986,-76.49973662,1.835496238,3,0,60
206.8426461,39.00061952,-76.49973494,1.822411657,3,0,60
206.8927968,39.0006192,-76.49973326,1.809310866,3,0,60
206.9429563,39.0006189,-76.49973157,1.796226474,3,0,60
206.993178,39.00061861,-76.49972988,1.791579889,3,0,60
207.0433564,39.00061833,-76.49972819,1.778512518,3,0,60
207.0935261,39.00061807,-76.49972649,1.765417571,3,0,60
207.1437716,39.00061782,-76.49972478,1.752338802,3,0,60
207.1939199,39.0006176,-76.49972308,1.739233246,3,0,60
207.2441084,39.00061739,-76.49972137,1.726148783,3,0,60
207.2942556,39.00061719,-76.49971965,1.713055298,3,0,60
207.3444288,39.00061702,-76.49971793,1.699974247,3,0,60
207.3945967,39.00061686,-76.49971621,1.686884394,3,0,60
207.4447503,39.00061673,-76.49971449,1.673794455,3,0,60
207.4949097,39.0006166,-76.49971277,1.660701234,3,0,60
207.54507,39.00061649,-76.49971104,1.655495894,3,0,60
207.5952385,39.00061639,-76.49970932,1.642405736,3,0,60
207.6454091,39.00061631,-76.49970759,1.62931231,3,0,60
207.6955993,39.00061625,-76.49970586,1.616223578,3,0,60
207.7457465,39.00061621,-76.49970413,1.603135031,3,0,60
207.7959057,39.00061618,-76.49970239,1.59004295,3,0,60
207.8460535,39.00061617,-76.49970066,1.576946464,3,0,60
207.8962075,39.00061618,-76.49969893,1.563865805,3,0,60
207.9463685,39.00061621,-76.4996972,1.55077322,3,0,60
207.996541,39.00061626,-76.49969547,1.537683362,3,0,60
208.0467348,39.00061632,-76.49969374,1.524598592,3,0,60
208.09689,39.00061639,-76.49969201,1.518867176,3,0,60
208.147094,39.00061648,-76.49969028,1.505775943,3,0,60
208.1972555,39.00061658,-76.49968856,1.492681204,3,0,60
208.2474108,39.0006167,-76.49968683,1.479585555,3,0,60
208.297542,39.00061685,-76.49968511,1.46649915,3,0,60
208.3477525,39.000617,-76.49968339,1.453419603,3,0,60
208.3979116,39.00061718,-76.49968167,1.440321241,3,0,60
208.448079,39.00061737,-76.49967996,1.427233948,3,0,60
208.4983385,39.00061758,-76.49967825,1.414133391,3,0,60
208.5485719,39.00061781,-76.49967654,1.401057555,3,0,60
208.5987401,39.00061806,-76.49967484,1.387957456,3,0,60
208.648972,39.00061831,-76.49967314,1.381691953,3,0,60
208.6991702,39.00061858,-76.49967144,1.368581407,3,0,60
208.7493814,39.00061887,-76.49966975,1.35551178,3,0,60
208.7995585,39.00061918,-76.49966806,1.342418891,3,0,60
208.8497929,39.0006195,-76.49966638,1.329330754,3,0,60
208.8999905,39.00061984,-76.49966471,1.316224761,3,0,60
208.9501585,39.0006202,-76.49966304,1.303149519,3,0,60
209.0003346,39.00062057,-76.49966137,1.290043624,3,0,60
209.0505696,39.00062096,-76.49965972,1.276970517,3,0,60
209.1008056,39.00062137,-76.49965807,1.26387681,3,0,60
209.1509933,39.0006218,-76.49965642,1.250789653,3,0,60
209.2012004,39.00062224,-76.49965478,1.23768826,3,0,60
209.2514124,39.0006227,-76.49965316,1.224607795,3,0,60
209.3016706,39.00062317,-76.49965154,1.21151609,3,0,60
209.3519143,39.00062366,-76.49964992,1.198419217,3,0,60
209.4021418,39.00062417,-76.49964832,1.185325372,3,0,60
209.4522777,39.0006247,-76.49964672,1.172247593,3,0,60
209.5024406,39.00062524,-76.49964513,1.159154351,3,0,60
209.5526588,39.00062579,-76.49964356,1.146072158,3,0,60
209.6028602,39.00062637,-76.49964199,1.132978844,3,0,60
209.6530291,39.00062695,-76.49964043,1.119889849,3,0,60
209.7032021,39.00062756,-76.49963888,1.106798874,3,0,60
209.7534228,39.00062818,-76.49963734,1.093709155,3,0,60
209.8036025,39.00062882,-76.49963582,1.08061752,3,0,60
209.8537762,39.00062947,-76.4996343,1.067528466,3,0,60
209.9038962,39.00063013,-76.49963279,1.05443794,3,0,60
209.9540501,39.00063082,-76.4996313,1.041346684,3,0,60
210.0042189,39.00063151,-76.49962982,1.028255652,3,0,60
210.0544234,39.00063223,-76.49962834,1.015168001,3,0,60
210.1046235,39.00063296,-76.49962689,1.002077841,3,0,60
210.1547752,39.0006337,-76.49962544,0.9889881574,3,0,60
210.2049477,39.00063446,-76.499624,0.9758930567,3,0,60
210.2551221,39.00063522,-76.49962258,0.9681514219,3,0,60
210.3053301,39.000636,-76.49962116,0.9550552654,3,0,60
210.3555615,39.0006368,-76.49961976,0.9419750722,3,0,60
210.4057631,39.0006376,-76.49961838,0.9288854057,3,0,60
210.4559524,39.00063843,-76.499617,0.9157952342,3,0,60
210.506174,39.00063926,-76.49961565,0.9027069621,3,0,60
210.556407,39.00064012,-76.4996143,0.8896128144,3,0,60
210.6065675,39.00064098,-76.49961297,0.876501972,3,0,60
210.6569443,39.00064186,-76.49961165,0.8634351471,3,0,60
210.7071013,39.00064275,-76.49961035,0.8503474087,3,0,60
210.7573393,39.00064365,-76.49960906,0.8372476933,3,0,60
210.8075339,39.00064457,-76.49960779,0.8302297488,3,0,60
210.8578211,39.00064549,-76.49960652,0.8170991266,3,0,60
210.9079053,39.00064643,-76.49960528,0.8040608874,3,0,60
210.9580594,39.00064738,-76.49960405,0.7909601101,3,0,60
211.0082137,39.00064834,-76.49960283,0.7778765965,3,0,60
211.0583662,39.00064932,-76.49960163,0.7647917689,3,0,60
211.1085608,39.0006503,-76.49960045,0.7517071062,3,0,60
211.1587345,39.0006513,-76.49959928,0.7386113251,3,0,60
211.2089058,39.00065231,-76.49959814,0.7255219089,3,0,60
211.2591113,39.00065333,-76.499597,0.7124335185,3,0,60
211.3092717,39.00065437,-76.49959589,0.699340889,3,0,60
211.3594425,39.00065541,-76.49959479,0.6862525422,3,0,60
211.4096234,39.00065647,-76.49959371,0.6731615597,3,0,60
211.4598436,39.00065754,-76.49959265,0.6600737146,3,0,60
211.5100609,39.00065862,-76.49959161,0.6469814728,3,0,60
211.5602315,39.0006597,-76.49959058,0.6338938478,3,0,60
211.6103944,39.0006608,-76.49958957,0.6207900091,3,0,60
211.6605684,39.00066191,-76.49958858,0.6077134022,3,0,60
211.7108264,39.00066303,-76.49958761,0.5946222249,3,0,60
211.7610515,39.00066416,-76.49958666,0.5815291896,3,0,60
211.8112411,39.0006653,-76.49958573,0.5684379741,3,0,60
211.8614286,39.00066645,-76.49958482,0.5553530101,3,0,60
211.9116366,39.00066761,-76.49958392,0.5422583916,3,0,60
211.9618667,39.00066877,-76.49958305,0.5291741766,3,0,60
212.0120623,39.00066995,-76.4995822,0.5160789108,3,0,60
212.062261,39.00067113,-76.49958136,0.5029930718,3,0,60
212.1124856,39.00067232,-76.49958055,0.4899000892,3,0,60
212.1627221,39.00067352,-76.49957975,0.4768140101,3,0,60
212.2129373,39.00067473,-76.49957898,0.4637227896,3,0,60
212.2631721,39.00067595,-76.49957822,0.4506326362,3,0,60
212.31338,39.00067717,-76.49957749,0.4375437282,3,0,60
212.3636519,39.0006784,-76.49957678,0.4244562556,3,0,60
212.4138695,39.00067964,-76.49957608,0.4139653683,3,0,60
212.4641556,39.00068088,-76.4995754,0.4008745504,3,0,60
212.5144246,39.00068214,-76.49957475,0.387783797,3,0,60
212.5646465,39.00068339,-76.49957412,0.3746947821,3,0,60
212.6148832,39.00068466,-76.4995735,0.3616023759,3,0,60
212.6650675,39.00068593,-76.49957291,0.3485162508,3,0,60
212.7153403,39.0006872,-76.49957234,0.3354244161,3,0,60
212.765532,39.00068848,-76.49957179,0.322336128,3,0,60
212.8157493,39.00068977,-76.49957127,0.3092325595,3,0,60
212.8658965,39.00069106,-76.49957076,0.2961561736,3,0,60
212.9160301,39.00069236,-76.49957028,0.2830485573,3,0,60
212.9662345,39.00069366,-76.49956982,0.2699759055,3,0,60
213.0164102,39.00069497,-76.49956938,0.2568822228,3,0,60
213.0665995,39.00069628,-76.49956896,0.243796249,3,0,60
213.1167948,39.0006976,-76.49956856,0.2307016285,3,0,60
213.1669705,39.00069892,-76.49956819,0.2176026226,3,0,60
213.217115,39.00070024,-76.49956784,0.2045134758,3,0,60
213.2672826,39.00070156,-76.49956751,0.1914341975,3,0,60
213.3174226,39.00070289,-76.4995672,0.1783443324,3,0,60
213.3676084,39.00070423,-76.49956691,0.1652550759,3,0,60
213.4177936,39.00070556,-76.49956665,0.152154641,3,0,60
213.4679635,39.0007069,-76.49956641,0.1390754377,3,0,60
213.5181292,39.00070824,-76.49956619,0.1259842583,3,0,60
213.5682975,39.00070958,-76.499566,0.112895751,3,0,60
213.6186035,39.00071093,-76.49956583,0.0997938902,3,0,60
213.6689178,39.00071227,-76.49956568,0.08671637256,3,0,60
213.7191798,39.00071362,-76.49956555,0.07361472377,3,0,60
213.7693311,39.00071497,-76.49956544,0.06053474416,3,0,60
213.8196052,39.00071632,-76.49956536,0.04744405196,3,0,60
213.869804,39.00071767,-76.4995653,0.03435608484,3,0,60
213.9200645,39.00071902,-76.49956527,0.02126473343,3,0,60
213.9702717,39.00072037,-76.49956525,0.009756120703,3,0,60
214.0205046,39.00072172,-76.49956523,0.01040913561,3,0,60
214.0707439,39.00072307,-76.49956519,0.02349534108,3,0,60
214.1209087,39.00072442,-76.49956513,0.03658950554,3,0,60
214.1711083,39.00072577,-76.49956504,0.04967873244,3,0,60
214.2213073,39.00072712,-76.49956493,0.06276981812,3,0,60
214.2715291,39.00072847,-76.4995648,0.07585809705,3,0,60
214.3217631,39.00072982,-76.49956465,0.08895127321,3,0,60
214.3720083,39.00073116,-76.49956447,0.1020384675,3,0,60
214.4222548,39.0007325,-76.49956427,0.1151297844,3,0,60
214.4725082,39.00073384,-76.49956405,0.1282188215,3,0,60
214.5227656,39.00073518,-76.49956381,0.1367431847,3,0,60
214.5729992,39.00073652,-76.49956356,0.1498308793,3,0,60
214.6232652,39.00073785,-76.49956327,0.1629301413,3,0,60
214.6735281,39.00073918,-76.49956297,0.176011132,3,0,60
214.7237883,39.00074051,-76.49956267,0.1747662587,3,0,60
214.7739449,39.00074184,-76.49956238,0.1711320108,3,0,60
214.8242568,39.00074317,-76.49956209,0.1675280412,3,0,60
214.8744062,39.00074451,-76.4995618,0.1639534856,3,0,60
214.9246472,39.00074584,-76.49956153,0.1604101667,3,0,60
214.9748802,39.00074718,-76.49956126,0.1568956406,3,0,60
215.0251424,39.00074851,-76.49956099,0.1534074964,3,0,60
215.0753878,39.00074985,-76.49956073,0.1499504274,3,0,60
215.1256367,39.00075118,-76.49956048,0.1465321018,3,0,60
215.1758928,39.00075252,-76.49956023,0.1431361419,3,0,60
215.2261084,39.00075386,-76.49955999,0.1397711483,3,0,60
215.2763235,39.0007552,-76.49955976,0.1364344447,3,0,60
215.3266275,39.00075654,-76.49955953,0.1343935661,3,0,60
215.3768542,39.00075788,-76.4995593,0.1324939841,3,0,60
215.4270913,39.00075922,-76.49955907,0.1306131647,3,0,60
215.4773659,39.00076056,-76.49955885,0.1287494031,3,0,60
215.5276362,39.0007619,-76.49955863,0.1269048545,3,0,60
215.5778682,39.00076324,-76.49955841,0.1250773318,3,0,60
215.6281266,39.00076458,-76.4995582,0.1232684113,3,0,60
215.678389,39.00076592,-76.49955799,0.1214757699,3,0,60
215.7286256,39.00076726,-76.49955778,0.1197012001,3,0,60
215.7788268,39.0007686,-76.49955758,0.1179439139,3,0,60
215.829071,39.00076994,-76.49955738,0.1179439139,3,0,60
215.879302,39.00077129,-76.49955718,0.1162045253,3,0,60
215.9295116,39.00077263,-76.49955698,0.1127395399,3,0,60
215.979749,39.00077397,-76.49955679,0.1110500705,3,0,60
216.02995,39.00077531,-76.4995566,0.1093784632,3,0,60
216.080187,39.00077666,-76.49955641,0.1105691513,3,0,60
216.1304432,39.000778,-76.49955622,0.109427696,3,0,60
216.1807007,39.00077934,-76.49955603,0.1082974846,3,0,60
216.2308915,39.00078069,-76.49955585,0.1071787851,3,0,60
216.2810747,39.00078203,-76.49955566,0.1060711641,3,0,60
216.3312558,39.00078337,-76.49955548,0.1049747877,3,0,60
216.3814694,39.00078472,-76.4995553,0.1038891672,3,0,60
216.4316916,39.00078606,-76.49955513,0.1028150664,3,0,60
216.4819797,39.00078741,-76.49955495,0.1017509543,3,0,60
216.5321556,39.00078875,-76.49955478,0.100697754,3,0,60
216.5823289,39.0007901,-76.4995546,0.0996552278,3,0,60
216.6325413,39.00079144,-76.49955443,0.09862476501,3,0,60
216.6827728,39.00079278,-76.49955426,0.09760330203,3,0,60
216.7329797,39.00079413,-76.4995541,0.09659249554,3,0,60
216.7831629,39.00079547,-76.49955393,0.09559197146,3,0,60
216.8333978,39.00079682,-76.49955377,0.09460123711,3,0,60
216.883609,39.00079816,-76.49955361,0.09362088481,3,0,60
216.9337863,39.00079951,-76.49955345,0.09265039955,3,0,60
216.9839722,39.00080086,-76.49955329,0.09168988947,3,0,60
217.0342079,39.00080355,-76.49955298,0.0897976149,3,0,60
217.0844244,39.00080489,-76.49955282,0.08886705194,3,0,60
217.1346193,39.00080624,-76.49955267,0.08794293401,3,0,60
217.1848216,39.00080758,-76.49955252,0.08703130906,3,0,60
217.2349989,39.00080893,-76.49955237,0.08612779049,3,0,60
217.2852,39.00081028,-76.49955222,0.08523361875,3,0,60
217.3353902,39.00081162,-76.49955208,0.0843483525,3,0,60
217.3856357,39.00081297,-76.49955193,0.0834723965,3,0,60
217.4358857,39.00081432,-76.49955179,0.08260533294,3,0,60
217.4860546,39.00081566,-76.49955165,0.08174719058,3,0,60
217.5362667,39.00081701,-76.49955151,0.08089739847,3,0,60
217.5864399,39.00081836,-76.49955137,0.08005708532,3,0,60
217.6366633,39.0008197,-76.49955123,0.07922465368,3,0,60
217.6869078,39.00082105,-76.4995511,0.07840088439,3,0,60
217.737115,39.0008224,-76.49955096,0.07758583194,3,0,60
217.78735,39.00082375,-76.49955083,0.07677908689,3,0,60
217.8375467,39.00082509,-76.4995507,0.07597985676,3,0,60
217.8877655,39.00082644,-76.49955057,0.07519012048,3,0,60
217.9379764,39.00082779,-76.49955044,0.07440778255,3,0,60
217.9882389,39.00082913,-76.49955031,0.07363375395,3,0,60
218.0384309,39.00083048,-76.49955019,0.07286735948,3,0,60
218.0887089,39.00083183,-76.49955006,0.07210902981,3,0,60
218.1388949,39.00083318,-76.49954994,0.07135792088,3,0,60
218.1891247,39.00083453,-76.49954982,0.07061550805,3,0,60
218.2393509,39.00083587,-76.49954969,0.06987952315,3,0,60
218.2895154,39.00083722,-76.49954957,0.06915321725,3,0,60
218.339678,39.00083857,-76.49954946,0.06843217817,3,0,60
218.3898349,39.00083992,-76.49954934,0.06771962509,3,0,60
218.4400003,39.00084127,-76.49954922,0.06701394969,3,0,60
218.4901687,39.00084261,-76.49954911,0.06631598144,3,0,60
218.5403493,39.00084396,-76.499549,0.06562528943,3,0,60
218.5906023,39.00084531,-76.49954888,0.0649414588,3,0,60
218.640808,39.00084666,-76.49954877,0.064264647,3,0,60
218.6909674,39.00084801,-76.49954866,0.06359495123,3,0,60
218.7411722,39.00084936,-76.49954855,0.06293198144,3,0,60
218.7913936,39.0008507,-76.49954844,0.06227586671,3,0,60
218.841605,39.00085205,-76.49954834,0.06162675629,3,0,60
218.8917926,39.0008534,-76.49954823,0.0609842651,3,0,60
218.941955,39.00085475,-76.49954813,0.06034822901,3,0,60
218.9921236,39.0008561,-76.49954802,0.05971902058,3,0,60
219.0422983,39.00085745,-76.49954792,0.05909629024,3,0,60
219.0926075,39.0008588,-76.49954782,0.0584799451,3,0,60
219.1427687,39.00086015,-76.49954772,0.05786996319,3,0,60
219.192944,39.00086149,-76.49954762,0.05726620202,3,0,60
219.2430933,39.00086284,-76.49954752,0.05666875035,3,0,60
219.2933596,39.00086419,-76.49954743,0.05607753474,3,0,60
219.3434926,39.00086554,-76.49954733,0.05549239343,3,0,60
219.3936663,39.00086689,-76.49954724,0.05491335267,3,0,60
219.4439608,39.00086824,-76.49954714,0.05434033776,3,0,60
219.494047,39.00086959,-76.49954705,0.05377292666,3,0,60
219.5442272,39.00087094,-76.49954696,0.05321192067,3,0,60
219.594401,39.00087229,-76.49954687,0.05265642806,3,0,60
219.6445959,39.00087364,-76.49954678,0.0521068127,3,0,60
219.6947845,39.00087499,-76.49954669,0.05156285292,3,0,60
219.7449622,39.00087634,-76.4995466,0.05102464232,3,0,60
219.7951282,39.00087769,-76.49954651,0.05049187576,3,0,60
219.8452806,39.00087903,-76.49954642,0.04996458163,3,0,60
219.8954507,39.00088038,-76.49954634,0.04944290411,3,0,60
219.9456514,39.00088173,-76.49954625,0.04892649854,3,0,60
219.9959019,39.00088308,-76.49954617,0.04841565943,3,0,60
220.0461312,39.00088443,-76.49954609,0.04790961917,3,0,60
220.0963481,39.00088578,-76.499546,0.04740965985,3,0,60
220.1465215,39.00088713,-76.49954592,0.04691440758,3,0,60
220.1967145,39.00088848,-76.49954584,0.04642416769,3,0,60
220.246906,39.00088983,-76.49954576,0.04593912796,3,0,60
220.2971309,39.00089118,-76.49954568,0.04545924313,3,0,60
220.3473392,39.00089253,-76.49954561,0.04498433019,3,0,60
220.3975572,39.00089388,-76.49954553,0.04451424734,3,0,60
220.4479404,39.00089523,-76.49954545,0.04404943683,3,0,60
220.4980782,39.00089658,-76.49954538,0.0435892499,3,0,60
220.5482812,39.00089793,-76.4995453,0.04313383285,3,0,60
220.5984348,39.00089928,-76.49954523,0.04268320481,3,0,60
220.6486614,39.00090063,-76.49954516,0.04223721415,3,0,60
220.6989397,39.00090198,-76.49954508,0.04179586862,3,0,60
220.7490713,39.00090333,-76.49954501,0.04135888389,3,0,60
220.799257,39.00090468,-76.49954494,0.04092678854,3,0,60
220.8494466,39.00090603,-76.49954487,0.04049870506,3,0,60
220.8996043,39.00090738,-76.4995448,0.04007567614,3,0,60
220.9497398,39.00090873,-76.49954473,0.03965679452,3,0,60
220.9999259,39.00091008,-76.49954467,0.03924229361,3,0,60
221.0501009,39.00091143,-76.4995446,0.0388320229,3,0,60
221.1003348,39.00091278,-76.49954453,0.03842616322,3,0,60
221.1504931,39.00091413,-76.49954447,0.03802401535,3,0,60
221.2006818,39.00091548,-76.4995444,0.0376267355,3,0,60
221.2508861,39.00091683,-76.49954434,0.03723350897,3,0,60
221.3010752,39.00091818,-76.49954427,0.03684417623,3,0,60
221.3513515,39.00091953,-76.49954421,0.0364585888,3,0,60
221.4015346,39.00092088,-76.49954415,0.03607779867,3,0,60
221.4517979,39.00092223,-76.49954408,0.03570048201,3,0,60
221.501976,39.00092358,-76.49954402,0.03532725103,3,0,60
221.55221,39.00092494,-76.49954396,0.03495780491,3,0,60
221.6024105,39.00092628,-76.4995439,0.03459155875,3,0,60
221.6526235,39.00092763,-76.49954384,0.0342304668,3,0,60
221.7028531,39.00092898,-76.49954379,0.03387256823,3,0,60
221.753016,39.00093033,-76.49954373,0.03351829131,3,0,60
221.8031755,39.00093169,-76.49954367,0.03316773783,3,0,60
221.8533281,39.00093304,-76.49954361,0.03282057229,3,0,60
221.9034978,39.00093439,-76.49954356,0.03247754499,3,0,60
221.9538118,39.00093574,-76.4995435,0.03213786345,3,0,60
222.0040733,39.00093709,-76.49954345,0.03180176571,3,0,60
222.0541941,39.00093844,-76.49954339,0.03146904664,3,0,60
222.1043571,39.00093979,-76.49954334,0.0311399615,3,0,60
222.1545921,39.00094114,-76.49954328,0.03081424445,3,0,60
222.2047511,39.00094249,-76.49954323,0.03049192716,3,0,60
222.2549231,39.00094384,-76.49954318,0.03017288682,3,0,60
222.3050941,39.00094519,-76.49954313,0.02985728771,3,0,60
222.3553463,39.00094654,-76.49954308,0.02954492268,3,0,60
222.4056185,39.00094789,-76.49954303,0.02923588975,3,0,60
222.4557926,39.00094924,-76.49954298,0.02892989185,3,0,60
222.5059515,39.00095059,-76.49954293,0.0286273568,3,0,60
222.5560865,39.00095194,-76.49954288,0.02832784907,3,0,60
222.6062249,39.00095329,-76.49954283,0.02803148061,3,0,60
222.6564263,39.00095464,-76.49954278,0.02773817661,3,0,60
222.7066332,39.000956,-76.49954273,0.02744823237,3,0,60
222.7567711,39.00095735,-76.49954269,0.02716072806,3,0,60
222.806935,39.0009587,-76.49954264,0.02687660045,3,0,60
222.8571852,39.00096005,-76.49954259,0.02659532304,3,0,60
222.9073634,39.0009614,-76.49954255,0.02631686619,3,0,60
222.9575624,39.00096275,-76.4995425,0.02604156943,3,0,60
223.0078075,39.0009641,-76.49954246,0.02576922218,3,0,60
223.0579814,39.00096545,-76.49954241,0.02549950244,3,0,60
223.1082067,39.0009668,-76.49954237,0.02549950244,3,0,60
223.1583859,39.00096815,-76.49954233,0.02496591992,3,0,60
223.2085899,39.0009695,-76.49954228,0.02470464171,3,0,60
223.25877,39.00097085,-76.49954224,0.02444608447,3,0,60
223.3089592,39.0009722,-76.4995422,0.02419029483,3,0,60
223.3591253,39.00097355,-76.49954216,0.02393715106,3,0,60
223.4093251,39.00097491,-76.49954212,0.02368659053,3,0,60
223.4595449,39.00097626,-76.49954208,0.02343862461,3,0,60
223.5098289,39.00097761,-76.49954204,0.02319326943,3,0,60
223.5600634,39.00097896,-76.499542,0.02295061292,3,0,60
223.6103203,39.00098031,-76.49954196,0.02271039171,3,0,60
223.6604949,39.00098166,-76.49954192,0.0224728184,3,0,60
223.7106991,39.00098301,-76.49954188,0.02223750424,3,0,60
223.760891,39.00098436,-76.49954184,0.02200478455,3,0,60
223.8110802,39.00098571,-76.4995418,0.02177456489,3,0,60
223.861298,39.00098706,-76.49954177,0.02154663829,3,0,60
223.9115977,39.00098841,-76.49954173,0.02132113033,3,0,60
223.9618295,39.00098976,-76.49954169,0.02109794159,3,0,60
224.0120785,39.00099112,-76.49954166,0.02087718345,3,0,60
224.0622116,39.00099247,-76.49954162,0.02065859669,3,0,60
224.1123978,39.00099382,-76.49954159,0.02044218253,3,0,60
224.1626009,39.00099517,-76.49954155,0.02022848168,3,0,60
224.2128269,39.00099652,-76.49954152,0.0200167526,3,0,60
224.263167,39.00099787,-76.49954148,0.01980718645,3,0,60
224.3133288,39.00099922,-76.49954145,0.01959974338,3,0,60
224.3635435,39.00100057,-76.49954141,0.01939461758,3,0,60
224.4138018,39.00100192,-76.49954138,0.0191917191,3,0,60
224.4639995,39.00100327,-76.49954135,0.01899062495,3,0,60
224.5142588,39.00100462,-76.49954132,0.01879205643,3,0,60
224.5644046,39.00100598,-76.49954128,0.01859530695,3,0,60
224.6146997,39.00100733,-76.49954125,0.01840068331,3,0,60
224.6650015,39.00100868,-76.49954122,0.01820804417,3,0,60
224.7151544,39.00101003,-76.49954119,0.01801746612,3,0,60
224.7653025,39.00101138,-76.49954116,0.0178288043,3,0,60
224.8154699,39.00101273,-76.49954113,0.01764222863,3,0,60
224.8657121,39.00101408,-76.4995411,0.01745752074,3,0,60
224.915897,39.00101543,-76.49954107,0.01727478862,3,0,60
224.9661472,39.00101678,-76.49954104,0.0170937545,3,0,60
225.0163576,39.00101813,-76.49954101,0.01691496865,3,0,60
225.0665977,39.00101948,-76.49954098,0.01673791564,3,0,60
225.1167425,39.00102084,-76.49954095,0.01656270448,3,0,60
225.16698,39.00102219,-76.49954092,0.01638931771,3,0,60
225.2172091,39.00102354,-76.49954089,0.01621777301,3,0,60
225.2674105,39.00102489,-76.49954087,0.01604795324,3,0,60
225.317635,39.00102624,-76.49954084,0.01588001715,3,0,60
225.3678806,39.00102759,-76.49954081,0.01571371786,3,0,60
225.4180754,39.00102894,-76.49954078,0.01554923851,3,0,60
225.4682571,39.00103029,-76.49954076,0.01538640272,3,0,60
225.5184495,39.00103164,-76.49954073,0.01522535223,3,0,60
225.5686886,39.00103299,-76.49954071,0.01506593339,3,0,60
225.6189134,39.00103435,-76.49954068,0.0149082177,3,0,60
225.6691948,39.0010357,-76.49954065,0.01475203318,3,0,60
225.7193494,39.00103705,-76.49954063,0.01459771021,3,0,60
225.7695535,39.0010384,-76.4995406,0.01444474948,3,0,60
225.8197665,39.00103975,-76.49954058,0.01429365014,3,0,60
225.8699923,39.0010411,-76.49954055,0.01414396831,3,0,60
225.9201637,39.00104245,-76.49954053,0.01399592725,3,0,60
225.9703616,39.0010438,-76.49954051,0.01384907677,3,0,60
226.020555,39.00104515,-76.49954048,0.01370438919,3,0,60
226.070795,39.0010465,-76.49954046,0.01356089807,3,0,60
226.1210256,39.00104786,-76.49954044,0.01341891537,3,0,60
226.1713059,39.00104921,-76.49954041,0.01327841899,3,0,60
226.2215189,39.00105056,-76.49954039,0.01313940243,3,0,60
226.2716572,39.00105191,-76.49954037,0.01300181984,3,0,60
226.3219012,39.00105326,-76.49954035,0.01286571279,3,0,60
226.3721142,39.00105461,-76.49954032,0.01273094407,3,0,60
226.4222981,39.00105596,-76.4995403,0.01259764974,3,0,60
226.4724878,39.00105731,-76.49954028,0.01246580265,3,0,60
226.5226741,39.00105866,-76.49954026,0.01233524477,3,0,60
226.5728888,39.00106002,-76.49954024,0.01220609046,3,0,60
226.6230912,39.00106137,-76.49954022,0.01207832717,3,0,60
226.6732853,39.00106272,-76.4995402,0.01195180428,3,0,60
226.7235709,39.00106407,-76.49954018,0.01182674938,3,0,60
226.7737886,39.00106542,-76.49954016,0.01170290954,3,0,60
226.8240335,39.00106677,-76.49954013,0.01158036183,3,0,60
226.8742621,39.00106812,-76.49954012,0.01145911271,3,0,60
226.9244616,39.00106947,-76.4995401,0.01133915499,3,0,60
226.9746666,39.00107083,-76.49954008,0.01122041342,3,0,60
227.024903,39.00107218,-76.49954006,0.01110276052,3,0,60
227.075142,39.00107353,-76.49954004,0.01098667406,3,0,60
227.1253782,39.00107488,-76.49954002,0.01087164585,3,0,60
227.1756405,39.00107623,-76.49954,0.01075781063,3,0,60
227.2260505,39.00107758,-76.49953998,0.01064517607,3,0,60
227.276268,39.00107893,-76.49953996,0.01053370464,3,0,60
227.3264878,39.00108028,-76.49953995,0.01042340358,3,0,60
227.3767396,39.00108163,-76.49953993,0.01031419837,3,0,60
227.4269473,39.00108298,-76.49953991,0.01020626191,3,0,60
227.4771875,39.00108433,-76.49953989,0.01009934177,3,0,60
227.5273384,39.00108569,-76.49953988,0.009993657987,3,0,60
227.5775697,39.00108704,-76.49953986,0.009889016067,3,0,60
227.6277975,39.00108839,-76.49953984,0.009785476781,3,0,60
227.6779975,39.00108974,-76.49953982,0.009683014278,3,0,60
227.7281904,39.00109109,-76.49953981,0.009581627576,3,0,60
227.7784466,39.00109244,-76.49953979,0.009481223461,3,0,60
227.8286758,39.00109379,-76.49953978,0.009382009509,3,0,60
227.878894,39.00109514,-76.49953976,0.00928377315,3,0,60
227.9290848,39.0010965,-76.49953974,0.00918656855,3,0,60
227.9793201,39.00109785,-76.49953973,0.009090325921,3,0,60
228.0295271,39.0010992,-76.49953971,0.008995194169,3,0,60
228.0797511,39.00110055,-76.4995397,0.008901007338,3,0,60
228.1300245,39.0011019,-76.49953968,0.008807802336,3,0,60
228.1803464,39.00110325,-76.49953967,0.00871556444,3,0,60
228.2305947,39.0011046,-76.49953965,0.008624278682,3,0,60
228.2808248,39.00110595,-76.49953964,0.008533985996,3,0,60
228.3309285,39.0011073,-76.49953962,0.008444648492,3,0,60
228.3811804,39.00110865,-76.49953961,0.008356198094,3,0,60
228.4314403,39.00111001,-76.49953959,0.008268707355,3,0,60
228.4816676,39.00111136,-76.49953958,0.008182127097,3,0,60
228.5318994,39.00111271,-76.49953956,0.008096386668,3,0,60
228.5820751,39.00111406,-76.49953955,0.008011678464,3,0,60
228.6322256,39.00111541,-76.49953954,0.007927776386,3,0,60
228.6824091,39.00111676,-76.49953952,0.007844770417,3,0,60
228.7326328,39.00111811,-76.49953951,0.007762625843,3,0,60
228.78283,39.00111946,-76.4995395,0.007681269435,3,0,60
228.8331292,39.00112081,-76.49953948,0.007600909947,3,0,60
228.8832913,39.00112217,-76.49953947,0.007521316872,3,0,60
228.9334266,39.00112352,-76.49953946,0.007442565635,3,0,60
228.9836258,39.00112487,-76.49953944,0.00736462828,3,0,60
229.0337817,39.00112622,-76.49953943,0.007287493011,3,0,60
229.0840612,39.00112892,-76.49953941,0.007135606285,3,0,60
229.1342279,39.00113027,-76.4995394,0.007060956765,3,0,60
229.1845018,39.00113163,-76.49953938,0.006987036826,3,0,60
229.2346891,39.00113297,-76.49953937,0.006913771048,3,0,60
229.2848486,39.00113433,-76.49953936,0.006841472529,3,0,60
229.3350727,39.00113568,-76.49953935,0.006769829993,3,0,60
229.3852437,39.00113703,-76.49953934,0.006698947657,3,0,60
229.4354384,39.00113838,-76.49953932,0.00662870701,3,0,60
229.4856308,39.00113973,-76.49953931,0.006559373864,3,0,60
229.5358897,39.00114108,-76.4995393,0.006490688513,3,0,60
229.5860694,39.00114243,-76.49953929,0.006422729602,3,0,60
229.636262,39.00114378,-76.49953928,0.006355460754,3,0,60
229.6864039,39.00114514,-76.49953927,0.006288918765,3,0,60
229.7366118,39.00114649,-76.49953926,0.006223058568,3,0,60
229.7867829,39.00114784,-76.49953925,0.006157855788,3,0,60
229.8369946,39.00114919,-76.49953924,0.006093415498,3,0,60
229.8871688,39.00115054,-76.49953923,0.006029619381,3,0,60
229.9373254,39.00115189,-76.49953922,0.005966472488,3,0,60
229.9874919,39.00115324,-76.49953921,0.005903996132,3,0,60
230.0377061,39.00115459,-76.4995392,0.005842111628,3,0,60
230.087909,39.00115594,-76.49953919,0.005780994586,3,0,60
230.138068,39.0011573,-76.49953918,0.005720450593,3,0,60
230.1882808,39.00115865,-76.49953917,0.005660562175,3,0,60
230.2384877,39.00116,-76.49953916,0.005601241638,3,0,60
230.2886686,39.00116135,-76.49953915,0.005542641667,3,0,60
230.3388457,39.0011627,-76.49953914,0.005542641667,3,0,60
230.3890859,39.00116405,-76.49953913,0.005426527315,3,0,60
230.4392492,39.0011654,-76.49953912,0.005369711653,3,0,60
230.4894683,39.00116675,-76.49953911,0.005313434307,3,0,60
230.5396915,39.0011681,-76.4995391,0.005257837886,3,0,60
230.5898871,39.00116946,-76.49953909,0.005202780928,3,0,60
230.6400594,39.00117081,-76.49953908,0.005148292632,3,0,60
230.6902303,39.00117216,-76.49953907,0.00509438737,3,0,60
230.7404179,39.00117351,-76.49953906,0.005041040604,3,0,60
230.7906146,39.00117486,-76.49953906,0.004988253101,3,0,60
230.8408347,39.00117621,-76.49953905,0.004936004612,3,0,60
230.8910653,39.00117756,-76.49953904,0.004884327566,3,0,60
230.941261,39.00117891,-76.49953903,0.004833174634,3,0,60
230.9914887,39.00118027,-76.49953902,0.004782562601,3,0,60
231.0417351,39.00118162,-76.49953901,0.004732480941,3,0,60
231.0919067,39.00118297,-76.49953901,0.004682930724,3,0,60
231.1420773,39.00118432,-76.499539,0.004633883991,3,0,60
231.192289,39.00118567,-76.49953899,0.004585330076,3,0,60
231.2424467,39.00118702,-76.49953898,0.004537324278,3,0,60
231.2926443,39.00118837,-76.49953897,0.004489833227,3,0,60
231.3428608,39.00118972,-76.49953897,0.004442774436,3,0,60
231.3930782,39.00119107,-76.49953896,0.004396289086,3,0,60
231.4433482,39.00119243,-76.49953895,0.004350259057,3,0,60
231.4937249,39.00119378,-76.49953894,0.004304692348,3,0,60
231.5439051,39.00119513,-76.49953894,0.004259628236,3,0,60
231.5940996,39.00119648,-76.49953893,0.004215025197,3,0,60
231.6443171,39.00119783,-76.49953892,0.00417088005,3,0,60
231.6944933,39.00119918,-76.49953891,0.004127204267,3,0,60
231.7446576,39.00120053,-76.49953891,0.004083976309,3,0,60
231.7948239,39.00120188,-76.4995389,0.004041169163,3,0,60
231.8450146,39.00120323,-76.49953889,0.003998888363,3,0,60
231.8952005,39.00120459,-76.49953889,0.003957020099,3,0,60
231.9453936,39.00120594,-76.49953888,0.003915574149,3,0,60
231.9955913,39.00120729,-76.49953887,0.003874547849,3,0,60
232.045738,39.00120864,-76.49953887,0.003833987613,3,0,60
232.095947,39.00120999,-76.49953886,0.003793818463,3,0,60
232.1462443,39.00121134,-76.49953885,0.003754131428,3,0,60
232.1964065,39.0012127,-76.49953885,0.003714788836,3,0,60
232.246611,39.00121404,-76.49953884,0.003675818312,3,0,60
232.296896,39.0012154,-76.49953883,0.00363741854,3,0,60
232.3471176,39.00121675,-76.49953883,0.003599299969,3,0,60
232.3973367,39.0012181,-76.49953882,0.003561632497,3,0,60
232.4475432,39.00121945,-76.49953882,0.003524342737,3,0,60
232.4977788,39.0012208,-76.49953881,0.003487392,3,0,60
232.5480774,39.00122215,-76.4995388,0.003450875609,3,0,60
232.598263,39.0012235,-76.4995388,0.003414775724,3,0,60
232.6485579,39.00122485,-76.49953879,0.003378967097,3,0,60
232.698824,39.0012262,-76.49953879,0.003343637281,3,0,60
232.7490448,39.00122756,-76.49953878,0.003308620618,3,0,60
232.7992635,39.00122891,-76.49953877,0.003273965576,3,0,60
232.8494668,39.00123026,-76.49953877,0.003239682752,3,0,60
232.8997273,39.00123161,-76.49953876,0.003205766503,3,0,60
232.9499045,39.00123296,-76.49953876,0.003172193432,3,0,60
233.0001369,39.00123431,-76.49953875,0.003138949886,3,0,60
233.0503189,39.00123566,-76.49953875,0.003106093434,3,0,60
233.1004941,39.00123701,-76.49953874,0.003073542731,3,0,60
233.1507147,39.00123837,-76.49953874,0.003041393021,3,0,60
233.2009171,39.00123972,-76.49953873,0.003009520871,3,0,60
233.2511126,39.00124107,-76.49953873,0.00297801943,3,0,60
233.3013186,39.00124242,-76.49953872,0.002946834513,3,0,60
233.3515,39.00124377,-76.49953872,0.0029159839,3,0,60
233.4017348,39.00124512,-76.49953871,0.00288542303,3,0,60
233.4519295,39.00124647,-76.49953871,0.002855193604,3,0,60
233.5021498,39.00124782,-76.4995387,0.002825328573,3,0,60
233.5523749,39.00124917,-76.4995387,0.002795742126,3,0,60
233.6025492,39.00125053,-76.49953869,0.002766459419,3,0,60
233.6527584,39.00125188,-76.49953869,0.002737496103,3,0,60
233.7029355,39.00125323,-76.49953868,0.002708824495,3,0,60
233.7531697,39.00125458,-76.49953868,0.002680454445,3,0,60
233.8033625,39.00125593,-76.49953867,0.002652384585,3,0,60
233.8535327,39.00125728,-76.49953867,0.002624612841,3,0,60
233.9038072,39.00125863,-76.49953866,0.002597129417,3,0,60
233.9540214,39.00125998,-76.49953866,0.002569935977,3,0,60
234.0041986,39.00126133,-76.49953865,0.002543021653,3,0,60
234.0544288,39.00126269,-76.49953865,0.002516393606,3,0,60
234.104684,39.00126404,-76.49953865,0.002490026313,3,0,60
234.1549379,39.00126539,-76.49953864,0.002463952828,3,0,60
234.2051131,39.00126674,-76.49953864,0.002438158446,3,0,60
234.2552823,39.00126809,-76.49953863,0.002412629561,3,0,60
234.3055176,39.00126944,-76.49953863,0.00238736811,3,0,60
234.3557446,39.00127079,-76.49953863,0.002362366648,3,0,60
234.4059518,39.00127214,-76.49953862,0.002337625058,3,0,60
234.4561279,39.00127349,-76.49953862,0.002313149351,3,0,60
234.5062863,39.00127485,-76.49953861,0.002288926593,3,0,60
234.5564966,39.0012762,-76.49953861,0.002264923822,3,0,60
234.6067317,39.00127755,-76.49953861,0.002241237777,3,0,60
234.6569553,39.0012789,-76.4995386,0.002217751798,3,0,60
234.7071175,39.00128025,-76.4995386,0.002194543693,3,0,60
234.7573249,39.0012816,-76.49953859,0.002171557957,3,0,60
234.8074986,39.00128295,-76.49953859,0.002148820664,3,0,60
234.8577168,39.0012843,-76.49953859,0.002126309504,3,0,60
234.907911,39.00128566,-76.49953858,0.002104051481,3,0,60
234.9580718,39.00128701,-76.49953858,0.002081990588,3,0,60
235.0082796,39.00128836,-76.49953858,0.002060208923,3,0,60
235.0584439,39.00128971,-76.49953857,0.002038641083,3,0,60
235.1086353,39.00129106,-76.49953857,0.002017288808,3,0,60
235.1588144,39.00129241,-76.49953857,0.00199616076,3,0,60
235.2090342,39.00129376,-76.49953856,0.001975260425,3,0,60
235.2592219,39.00129511,-76.49953856,0.001954574602,3,0,60
235.309474,39.00129646,-76.49953856,0.001934102455,3,0,60
235.3596661,39.00129782,-76.49953855,0.001913855106,3,0,60
235.4098638,39.00129917,-76.49953855,0.001893814028,3,0,60
235.4600806,39.00130052,-76.49953855,0.001873959579,3,0,60
235.5103615,39.00130187,-76.49953854,0.00185435595,3,0,60
235.5605967,39.00130322,-76.49953854,0.001834937,3,0,60
235.6107636,39.00130457,-76.49953854,0.001815723953,3,0,60
235.6610082,39.00130592,-76.49953853,0.00179671018,3,0,60
235.7111878,39.00130727,-76.49953853,0.001777897011,3,0,60
235.7614126,39.00130862,-76.49953853,0.001759273631,3,0,60
235.8117467,39.00130998,-76.49953852,0.001740855245,3,0,60
235.8620225,39.00131133,-76.49953852,0.001722611992,3,0,60
235.9122613,39.00131268,-76.49953852,0.001704583184,3,0,60
235.9625008,39.00131403,-76.49953851,0.001686734258,3,0,60
236.0127203,39.00131538,-76.49953851,0.001669072673,3,0,60
236.0628943,39.00131673,-76.49953851,0.001651577306,3,0,60
236.1131233,39.00131808,-76.49953851,0.001634295802,3,0,60
236.1633546,39.00131944,-76.4995385,0.001617182378,3,0,60
236.2135383,39.00132079,-76.4995385,0.001600231081,3,0,60
236.2637465,39.00132214,-76.4995385,0.001583489044,3,0,60
236.3139355,39.00132349,-76.49953849,0.001566910227,3,0,60
236.3642124,39.00132484,-76.49953849,0.00155049627,3,0,60
236.4143866,39.00132619,-76.49953849,0.001534258841,3,0,60
236.4645256,39.00132754,-76.49953849,0.001518191924,3,0,60
236.514775,39.00132889,-76.49953848,0.001502278272,3,0,60
236.5650679,39.00133024,-76.49953848,0.001486563468,3,0,60
236.6152187,39.00133159,-76.49953848,0.001470995845,3,0,60
236.6654448,39.00133295,-76.49953848,0.001455592464,3,0,60
236.7157579,39.0013343,-76.49953847,0.00144034884,3,0,60
236.7659317,39.00133565,-76.49953847,0.001425232194,3,0,60
236.8161759,39.001337,-76.49953847,0.001410327365,3,0,60
236.8664424,39.00133835,-76.49953847,0.001395569514,3,0,60
236.9166045,39.0013397,-76.49953846,0.001380955595,3,0,60
236.9668692,39.00134105,-76.49953846,0.001366495659,3,0,60
237.0171141,39.0013424,-76.49953846,0.001352181418,3,0,60
237.0674273,39.00134376,-76.49953846,0.001338025642,3,0,60
237.1176294,39.00134511,-76.49953845,0.001324015332,3,0,60
237.1679436,39.00134646,-76.49953845,0.001310139252,3,0,60
237.2181301,39.00134781,-76.49953845,0.001296423646,3,0,60
237.2683038,39.00134916,-76.49953845,0.001282847714,3,0,60
237.318472,39.00135051,-76.49953845,0.001269417424,3,0,60
237.3686335,39.00135186,-76.49953844,0.001256124491,3,0,60
237.4188172,39.00135321,-76.49953844,0.001242975826,3,0,60
237.4690074,39.00135456,-76.49953844,0.001229957481,3,0,60
237.5192691,39.00135592,-76.49953844,0.001217080844,3,0,60
237.5697458,39.00135727,-76.49953844,0.0012043333,3,0,60
237.6199484,39.00135862,-76.49953843,0.0012043333,3,0,60
237.6701848,39.00135997,-76.49953843,0.001179109256,3,0,60
237.7204257,39.00136132,-76.49953843,0.001166761588,3,0,60
237.770628,39.00136267,-76.49953843,0.001154543338,3,0,60
237.8208071,39.00136402,-76.49953843,0.001142454016,3,0,60
237.8709576,39.00136537,-76.49953842,0.001130488959,3,0,60
237.9211091,39.00136672,-76.49953842,0.001118649801,3,0,60
237.9712742,39.00136808,-76.49953842,0.001106936986,3,0,60
238.0214437,39.00136943,-76.49953842,0.001095345768,3,0,60
238.071609,39.00137078,-76.49953842,0.001083872305,3,0,60
238.1218062,39.00137213,-76.49953841,0.001072525138,3,0,60
238.1720359,39.00137348,-76.49953841,0.001061292821,3,0,60
238.2222665,39.00137483,-76.49953841,0.001050179508,3,0,60
238.272537,39.00137618,-76.49953841,0.001039181478,3,0,60
238.3227527,39.00137753,-76.49953841,0.0010282997,3,0,60
238.3729653,39.00137888,-76.4995384,0.001017530866,3,0,60
238.4231777,39.00138024,-76.4995384,0.001006876052,3,0,60
238.473399,39.00138159,-76.4995384,0.0009963297152,3,0,60
238.5236585,39.00138294,-76.4995384,0.0009858959595,3,0,60
238.573887,39.00138429,-76.4995384,0.0009755713445,3,0,60
238.6240927,39.00138564,-76.4995384,0.0009653576551,3,0,60
238.6743136,39.00138699,-76.49953839,0.0009552478024,3,0,60
238.7245383,39.00138834,-76.49953839,0.0009452451305,3,0,60
238.7747929,39.00138969,-76.49953839,0.0009353451365,3,0,60
238.8249866,39.00139105,-76.49953839,0.0009255535318,3,0,60
238.8751856,39.0013924,-76.49953839,0.0009158591477,3,0,60
238.9253884,39.00139375,-76.49953839,0.0009062687935,3,0,60
238.9756165,39.0013951,-76.49953838,0.0008967746464,3,0,60
239.0257872,39.00139645,-76.49953838,0.000887385829,3,0,60
239.0760048,39.0013978,-76.49953838,0.0008780860986,3,0,60
239.1262637,39.00139915,-76.49953838,0.000868896472,3,0,60
239.1764687,39.0014005,-76.49953838,0.0008597972925,3,0,60
239.2266332,39.00140186,-76.49953838,0.0008507930885,3,0,60
239.2768366,39.00140321,-76.49953838,0.0008418801417,3,0,60
239.3271352,39.00140456,-76.49953837,0.0008330642251,3,0,60
239.3773558,39.00140591,-76.49953837,0.0008243436784,3,0,60
239.4275545,39.00140726,-76.49953837,0.0008157111636,3,0,60
239.4777761,39.00140861,-76.49953837,0.0008071687979,3,0,60
239.5281415,39.00140996,-76.49953837,0.0007987172584,3,0,60
239.5783641,39.00141131,-76.49953837,0.0007903524461,3,0,60
239.628689,39.00141267,-76.49953837,0.0007820657976,3,0,60
239.6788858,39.00141402,-76.49953836,0.0007738791198,3,0,60
239.7290601,39.00141537,-76.49953836,0.0007657762576,3,0,60
239.7793789,39.00141672,-76.49953836,0.0007577576944,3,0,60
239.829562,39.00141807,-76.49953836,0.0007498274332,3,0,60
239.8798477,39.00141942,-76.49953836,0.0007419754502,3,0,60
239.9303041,39.00142077,-76.49953836,0.0007341979927,3,0,60
239.9804648,39.00142212,-76.49953836,0.0007265168736,3,0,60
240.0306212,39.00142347,-76.49953836,0.0007189089516,3,0,60
240.0808354,39.00142482,-76.49953835,0.0007113805942,3,0,60
240.1309989,39.00142618,-76.49953835,0.000703931142,3,0,60
240.1811413,39.00142753,-76.49953835,0.0006965606444,3,0,60
240.2313084,39.00142888,-76.49953835,0.0006892657973,3,0,60
240.2815028,39.00143023,-76.49953835,0.000682047188,3,0,60
240.3318432,39.00143158,-76.49953835,0.0006749053903,3,0,60
240.3819876,39.00143293,-76.49953835,0.0006678307862,3,0,60
240.4322061,39.00143428,-76.49953835,0.0006608446607,3,0,60
240.4824183,39.00143563,-76.49953834,0.000653916673,3,0,60
240.5326691,39.00143699,-76.49953834,0.0006470796272,3,0,60
240.5829139,39.00143834,-76.49953834,0.0006402996974,3,0,60
240.6330874,39.00143969,-76.49953834,0.000633595416,3,0,60
240.6834543,39.00144104,-76.49953834,0.000626959828,3,0,60
240.7336346,39.00144239,-76.49953834,0.000620394624,3,0,60
240.7838528,39.00144374,-76.49953834,0.0006138977253,3,0,60
240.8340149,39.00144509,-76.49953834,0.0006074681548,3,0,60
240.8841828,39.00144779,-76.49953833,0.0005948105097,3,0,60
240.9343521,39.00144915,-76.49953833,0.0005885825288,3,0,60
240.9845238,39.0014505,-76.49953833,0.0005824174668,3,0,60
241.0347127,39.00145185,-76.49953833,0.0005763195941,3,0,60
241.0848716,39.0014532,-76.49953833,0.0005702845441,3,0,60
241.1350252,39.00145455,-76.49953833,0.0005643091118,3,0,60
241.1851944,39.0014559,-76.49953833,0.0005584044936,3,0,60
241.2353539,39.00145725,-76.49953833,0.0005525556007,3,0,60
241.2856309,39.0014586,-76.49953833,0.000546769291,3,0,60
241.3358111,39.00145995,-76.49953833,0.0005410441451,3,0,60
241.3859488,39.00146131,-76.49953833,0.0005353793336,3,0,60
241.4360747,39.00146266,-76.49953832,0.0005297716892,3,0,60
241.486273,39.00146401,-76.49953832,0.0005242248798,3,0,60
241.536439,39.00146536,-76.49953832,0.0005187340267,3,0,60
241.5866393,39.00146671,-76.49953832,0.0005133032182,3,0,60
241.6368206,39.00146806,-76.49953832,0.0005079269445,3,0,60
241.6870349,39.00146941,-76.49953832,0.0005026075542,3,0,60
241.7372415,39.00147076,-76.49953832,0.0004973436599,3,0,60
241.7873797,39.00147212,-76.49953832,0.0004921369105,3,0,60
241.8376074,39.00147347,-76.49953832,0.0004869826734,3,0,60
241.8877888,39.00147482,-76.49953832,0.0004818828693,3,0,60
241.937957,39.00147617,-76.49953832,0.0004768369284,3,0,60
241.9881364,39.00147752,-76.49953831,0.0004718442448,3,0,60
242.0383044,39.00147887,-76.49953831,0.0004669023913,3,0,60
242.0885124,39.00148022,-76.49953831,0.0004620085385,3,0,60
242.1387117,39.00148157,-76.49953831,0.0004571699698,3,0,60
242.1889186,39.00148292,-76.49953831,0.0004523872175,3,0,60
242.239112,39.00148428,-76.49953831,0.0004476493962,3,0,60
242.2893174,39.00148563,-76.49953831,0.0004429624204,3,0,60
242.3395551,39.00148698,-76.49953831,0.000438320076,3,0,60
242.3897469,39.00148833,-76.49953831,0.0004337334647,3,0,60
242.4399256,39.00148968,-76.49953831,0.0004291901133,3,0,60
242.4901054,39.00149103,-76.49953831,0.0004246919295,3,0,60
242.5402891,39.00149238,-76.49953831,0.0004202477967,3,0,60
242.59047,39.00149373,-76.49953831,0.0004158471121,3,0,60
242.6407149,39.00149509,-76.4995383,0.0004114917931,3,0,60
242.6908793,39.00149644,-76.4995383,0.000407183301,3,0,60
242.7410529,39.00149779,-76.4995383,0.0004029142424,3,0,60
242.7912499,39.00149914,-76.4995383,0.0003986999832,3,0,60
242.841454,39.00150049,-76.4995383,0.0003945205408,3,0,60
242.8917166,39.00150184,-76.4995383,0.000390394449,3,0,60
242.9418867,39.00150319,-76.4995383,0.0003863050544,3,0,60
242.9921711,39.00150454,-76.4995383,0.0003822599776,3,0,60
243.0423383,39.00150589,-76.4995383,0.0003782568491,3,0,60
243.0926148,39.00150725,-76.4995383,0.0003742961632,3,0,60
243.142935,39.0015086,-76.4995383,0.0003703734411,3,0,60
243.1931405,39.00150995,-76.4995383,0.0003664979609,3,0,60
243.2433049,39.0015113,-76.4995383,0.0003626600134,3,0,60
243.2934555,39.00151265,-76.4995383,0.0003588629512,3,0,60
243.3436252,39.001514,-76.4995383,0.0003551045935,3,0,60
243.3938883,39.00151535,-76.49953829,0.0003513864313,3,0,60
243.4440199,39.0015167,-76.49953829,0.0003477059401,3,0,60
243.494259,39.00151805,-76.49953829,0.0003440617611,3,0,60
243.5443865,39.00151941,-76.49953829,0.0003404618148,3,0,60
243.5946499,39.00152076,-76.49953829,0.0003368971271,3,0,60
243.6448944,39.00152211,-76.49953829,0.0003333680693,3,0,60
243.6951182,39.00152346,-76.49953829,0.0003298768817,3,0,60
243.7453653,39.00152481,-76.49953829,0.0003264214715,3,0,60
243.7955361,39.00152616,-76.49953829,0.0003230053136,3,0,60
243.8457194,39.00152751,-76.49953829,0.0003196220728,3,0,60
243.8958893,39.00152886,-76.49953829,0.0003162731349,3,0,60
243.9460632,39.00153022,-76.49953829,0.0003129631201,3,0,60
243.9962474,39.00153157,-76.49953829,0.0003096864182,3,0,60
244.04647,39.00153292,-76.49953829,0.000306438539,3,0,60
244.0966834,39.00153427,-76.49953829,0.0003032336392,3,0,60
244.146863,39.00153562,-76.49953829,0.0003000580456,3,0,60
244.1970705,39.00153697,-76.49953829,0.0002969165359,3,0,60
244.247311,39.00153832,-76.49953829,0.0002938049229,3,0,60
244.2975395,39.00153967,-76.49953828,0.0002907305026,3,0,60
244.3477786,39.00154102,-76.49953828,0.0002876852211,3,0,60
244.3979367,39.00154238,-76.49953828,0.0002846736487,3,0,60
244.448136,39.00154373,-76.49953828,0.0002816911822,3,0,60
244.4983394,39.00154508,-76.49953828,0.0002787422678,3,0,60
244.5485596,39.00154643,-76.49953828,0.0002758228662,3,0,60
244.598785,39.00154778,-76.49953828,0.000272933731,3,0,60
244.648964,39.00154913,-76.49953828,0.0002700756711,3,0,60
244.6991332,39.00155048,-76.49953828,0.0002672494635,3,0,60
244.7493053,39.00155183,-76.49953828,0.0002644492717,3,0,60
244.7994829,39.00155319,-76.49953828,0.0002616794035,3,0,60
244.8496989,39.00155454,-76.49953828,0.0002616794035,3,0,60
244.8998865,39.00155589,-76.49953828,0.0002561992096,3,0,60
244.9500772,39.00155724,-76.49953828,0.0002535160624,3,0,60
245.0003031,39.00155859,-76.49953828,0.0002508615078,3,0,60
245.0504776,39.00155994,-76.49953828,0.0002482341194,3,0,60
245.1006588,39.00156129,-76.49953828,0.000245635101,3,0,60
245.1508505,39.00156264,-76.49953828,0.0002430627021,3,0,60
245.2010823,39.00156399,-76.49953828,0.0002405179867,3,0,60
245.2513053,39.00156535,-76.49953828,0.0002379980464,3,0,60
245.3015439,39.0015667,-76.49953828,0.0002355060185,3,0,60
245.3517785,39.00156805,-76.49953827,0.0002330394357,3,0,60
245.4020181,39.0015694,-76.49953827,0.0002305996431,3,0,60
245.4522251,39.00157075,-76.49953827,0.0002281850461,3,0,60
245.502405,39.0015721,-76.49953827,0.0002257958024,3,0,60
245.5526329,39.00157345,-76.49953827,0.0002234308051,3,0,60
245.6029028,39.0015748,-76.49953827,0.0002210915741,3,0,60
245.653217,39.00157615,-76.49953827,0.0002187760692,3,0,60
245.7034279,39.00157751,-76.49953827,0.0002164853141,3,0,60
245.7536083,39.00157886,-76.49953827,0.0002142178489,3,0,60
245.8038401,39.00158021,-76.49953827,0.0002119756236,3,0,60
245.8539946,39.00158156,-76.49953827,0.000209754513,3,0,60
245.9042285,39.00158291,-76.49953827,0.0002075584494,3,0,60
245.9544048,39.00158426,-76.49953827,0.0002053846885,3,0,60
246.0045678,39.00158561,-76.49953827,0.0002032341627,3,0,60
246.0547626,39.00158696,-76.49953827,0.0002011059317,3,0,60
246.104961,39.00158832,-76.49953827,0.0001989985255,3,0,60
246.1551228,39.00158967,-76.49953827,0.0001969155507,3,0,60
246.2053407,39.00159102,-76.49953827,0.0001948536638,3,0,60
246.2555533,39.00159237,-76.49953827,0.0001928111505,3,0,60
246.3057337,39.00159372,-76.49953827,0.0001907935553,3,0,60
246.3559195,39.00159507,-76.49953827,0.0001887943675,3,0,60
246.4061023,39.00159642,-76.49953827,0.0001868170304,3,0,60
246.456388,39.00159777,-76.49953827,0.0001848620887,3,0,60
246.5065599,39.00159912,-76.49953827,0.0001829264358,3,0,60
246.5568862,39.00160048,-76.49953827,0.0001810109054,3,0,60
246.6071645,39.00160183,-76.49953827,0.0001791151457,3,0,60
246.6572604,39.00160318,-76.49953827,0.0001772394805,3,0,60
246.707468,39.00160453,-76.49953827,0.0001753826656,3,0,60
246.7576284,39.00160588,-76.49953826,0.0001735464377,3,0,60
246.8078885,39.00160723,-76.49953826,0.000171729635,3,0,60
246.8581676,39.00160858,-76.49953826,0.0001699311597,3,0,60
246.9082966,39.00160993,-76.49953826,0.0001681517485,3,0,60
246.9585403,39.00161129,-76.49953826,0.0001663908067,3,0,60
247.0088237,39.00161264,-76.49953826,0.0001646482753,3,0,60
247.0590607,39.00161399,-76.49953826,0.0001629238856,3,0,60
247.1092856,39.00161534,-76.49953826,0.0001612180457,3,0,60
247.1594359,39.00161669,-76.49953826,0.0001595297437,3,0,60
247.2096321,39.00161804,-76.49953826,0.0001578572068,3,0,60
247.2598737,39.00161939,-76.49953826,0.000156206148,3,0,60
247.310023,39.00162074,-76.49953826,0.0001545700871,3,0,60
247.3601515,39.0016221,-76.49953826,0.0001529513957,3,0,60
247.410377,39.00162345,-76.49953826,0.0001513493125,3,0,60
247.4605608,39.0016248,-76.49953826,0.0001497650467,3,0,60
247.5107519,39.00162615,-76.49953826,0.0001481966377,3,0,60
247.5608959,39.0016275,-76.49953826,0.0001466448093,3,0,60
247.6111111,39.00162885,-76.49953826,0.0001451089468,3,0,60
247.6614395,39.0016302,-76.49953826,0.0001435895253,3,0,60
247.7116427,39.00163155,-76.49953826,0.0001420844111,3,0,60
247.7618597,39.0016329,-76.49953826,0.0001405969429,3,0,60
247.8120575,39.00163426,-76.49953826,0.0001391251772,3,0,60
247.8622465,39.00163561,-76.49953826,0.0001376677992,3,0,60
247.9124702,39.00163696,-76.49953826,0.0001362270565,3,0,60
247.9626425,39.00163831,-76.49953826,0.0001348003576,3,0,60
248.012829,39.00163966,-76.49953826,0.0001333888537,3,0,60
248.0630148,39.00164101,-76.49953826,0.0001319919108,3,0,60
248.1132325,39.00164236,-76.49953826,0.0001306101279,3,0,60
248.1634801,39.00164372,-76.49953826,0.0001292417865,3,0,60
248.2137331,39.00164507,-76.49953826,0.0001278850118,3,0,60
248.2639534,39.00164642,-76.49953826,0.0001265483465,3,0,60
248.3142464,39.00164777,-76.49953826,0.0001252232259,3,0,60
248.3644745,39.00164912,-76.49953826,0.0001239120267,3,0,60
248.4147285,39.00165047,-76.49953826,0.0001226152347,3,0,60
248.4648589,39.00165182,-76.49953826,0.0001213311092,3,0,60
248.5150821,39.00165317,-76.49953826,0.0001200606507,3,0,60
248.5653236,39.00165452,-76.49953826,0.0001188030897,3,0,60
248.6154829,39.00165587,-76.49953826,0.0001175592663,3,0,60
248.6657154,39.00165722,-76.49953826,0.0001163278194,3,0,60
248.7159304,39.00165858,-76.49953826,0.000115109941,3,0,60
248.7661162,39.00165993,-76.49953825,0.0001139041398,3,0,60
248.8162643,39.00166128,-76.49953825,0.0001127116073,3,0,60
248.8665243,39.00166263,-76.49953825,0.0001115307952,3,0,60
248.9168305,39.00166398,-76.49953825,0.0001103631157,3,0,60
248.9669947,39.00166533,-76.49953825,0.0001092067369,3,0,60
249.0172505,39.00166668,-76.49953825,0.0001080640146,3,0,60
249.0674503,39.00166803,-76.49953825,0.0001069321047,3,0,60
249.1176205,39.00166939,-76.49953825,0.0001058127035,3,0,60
249.1678075,39.00167074,-76.49953825,0.0001047045031,3,0,60
249.218001,39.00167209,-76.49953825,0.0001036080575,3,0,60
249.2682241,39.00167344,-76.49953825,0.000102522984,3,0,60
249.3184063,39.00167479,-76.49953825,0.000101448925,3,0,60
249.3686143,39.00167614,-76.49953825,0.00010038579,3,0,60
249.4189305,39.00167749,-76.49953825,9.933579783e-05,3,0,60
249.4691594,39.00167884,-76.49953825,9.829409027e-05,3,0,60
249.5193284,39.00168019,-76.49953825,9.726534489e-05,3,0,60
249.5695128,39.00168155,-76.49953825,9.624752423e-05,3,0,60
249.6197468,39.0016829,-76.49953825,9.523961065e-05,3,0,60
249.6699803,39.00168425,-76.49953825,9.424208837e-05,3,0,60
249.7201323,39.0016856,-76.49953825,9.32544269e-05,3,0,60
249.7702668,39.00168695,-76.49953825,9.227769787e-05,3,0,60
249.8204099,39.0016883,-76.49953825,9.131254023e-05,3,0,60
249.8707044,39.00168965,-76.49953825,9.035580048e-05,3,0,60
249.9208844,39.001691,-76.49953825,8.941015656e-05,3,0,60
249.9710436,39.00169236,-76.49953825,8.847319023e-05,3,0,60
250.0212124,39.00169371,-76.49953825,8.754713753e-05,3,0,60
250.0713942,39.00169506,-76.49953825,8.663016333e-05,3,0,60
250.1217372,39.00169641,-76.49953825,8.572330499e-05,3,0,60
250.1719589,39.00169776,-76.49953825,8.482524775e-05,3,0,60
250.2221769,39.00169911,-76.49953825,8.393736303e-05,3,0,60
250.2723828,39.00170046,-76.49953825,8.305772393e-05,3,0,60
250.3226636,39.00170181,-76.49953825,8.218863777e-05,3,0,60
250.3729007,39.00170316,-76.49953825,8.132771443e-05,3,0,60
250.4231406,39.00170452,-76.49953825,8.04761086e-05,3,0,60
250.4733354,39.00170587,-76.49953825,7.963313257e-05,3,0,60
250.5234886,39.00170722,-76.49953825,7.879958198e-05,3,0,60
250.5736251,39.00170857,-76.49953825,7.797446882e-05,3,0,60
250.623859,39.00170992,-76.49953825,7.715792106e-05,3,0,60
250.6742065,39.00171127,-76.49953825,7.634944197e-05,3,0,60
250.7243478,39.00171262,-76.49953825,7.555041604e-05,3,0,60
250.7745487,39.00171397,-76.49953825,7.475851418e-05,3,0,60
250.8247986,39.00171533,-76.49953825,7.397632191e-05,3,0,60
250.8749911,39.00171668,-76.49953825,7.320124835e-05,3,0,60
250.9252308,39.00171803,-76.49953825,7.243498832e-05,3,0,60
250.975456,39.00171938,-76.49953825,7.167654233e-05,3,0,60
251.0256615,39.00172073,-76.49953825,7.092603398e-05,3,0,60
251.0759019,39.00172208,-76.49953825,7.018349427e-05,3,0,60
251.1261928,39.00172343,-76.49953825,6.944836995e-05,3,0,60
251.1763681,39.00172478,-76.49953825,6.871977608e-05,3,0,60
251.2266145,39.00172613,-76.49953825,6.800130136e-05,3,0,60
251.2768987,39.00172748,-76.49953825,6.728919359e-05,3,0,60
251.3270979,39.00172884,-76.49953825,6.658465178e-05,3,0,60
251.377332,39.00173019,-76.49953825,6.588710605e-05,3,0,60
251.4275995,39.00173154,-76.49953825,6.519731803e-05,3,0,60
251.4778163,39.00173289,-76.49953825,6.451420917e-05,3,0,60
251.5280408,39.00173424,-76.49953825,6.383895056e-05,3,0,60
251.5782473,39.00173559,-76.49953825,6.317032238e-05,3,0,60
251.6285182,39.00173694,-76.49953825,6.250837585e-05,3,0,60
251.6787429,39.0017383,-76.49953825,6.185424165e-05,3,0,60
251.7289499,39.00173965,-76.49953825,6.120595253e-05,3,0,60
251.7791875,39.001741,-76.49953825,6.056557571e-05,3,0,60
251.829376,39.00174235,-76.49953825,5.993125364e-05,3,0,60
251.8796594,39.0017437,-76.49953825,5.930379397e-05,3,0,60
251.9298833,39.00174505,-76.49953825,5.868278063e-05,3,0,60
251.9800697,39.0017464,-76.49953825,5.806798587e-05,3,0,60
252.0304138,39.00174775,-76.49953825,5.745954416e-05,3,0,60
252.0806773,39.0017491,-76.49953824,5.685827426e-05,3,0,60
252.130955,39.00175045,-76.49953824,5.626296315e-05,3,0,60
252.181187,39.00175181,-76.49953824,5.567382623e-05,3,0,60
252.2313909,39.00175316,-76.49953824,5.567382623e-05,3,0,60
252.281532,39.00175451,-76.49953824,5.45072322e-05,3,0,60
252.3317839,39.00175586,-76.49953824,5.393632442e-05,3,0,60
252.3819835,39.00175721,-76.49953824,5.337161153e-05,3,0,60
252.4321652,39.00175856,-76.49953824,5.281321995e-05,3,0,60
252.4822958,39.00175991,-76.49953824,5.226001798e-05,3,0,60
252.5325117,39.00176126,-76.49953824,5.171298682e-05,3,0,60
252.5827801,39.00176262,-76.49953824,5.117140498e-05,3,0,60
252.6329927,39.00176397,-76.49953824,5.063554814e-05,3,0,60
252.6831316,39.00176532,-76.49953824,5.010507686e-05,3,0,60
252.7333794,39.00176667,-76.49953824,4.958056028e-05,3,0,60
252.7835424,39.00176802,-76.49953824,4.906076771e-05,3,0,60
252.8337607,39.00176937,-76.49953824,4.854762697e-05,3,0,60
252.8839871,39.00177072,-76.49953824,4.803920309e-05,3,0,60
252.9341676,39.00177343,-76.49953824,4.703811589e-05,3,0,60
252.9843036,39.00177478,-76.49953824,4.65451193e-05,3,0,60
253.0344786,39.00177613,-76.49953824,4.605821635e-05,3,0,60
253.0846219,39.00177748,-76.49953824,4.557590271e-05,3,0,60
253.1348472,39.00177883,-76.49953824,4.509875581e-05,3,0,60
253.1850138,39.00178018,-76.49953824,4.462642528e-05,3,0,60
253.2352101,39.00178153,-76.49953824,4.41586332e-05,3,0,60
253.2853763,39.00178288,-76.49953824,4.369671535e-05,3,0,60
253.3355583,39.00178423,-76.49953824,4.32388583e-05,3,0,60
253.3857858,39.00178559,-76.49953824,4.27863569e-05,3,0,60
253.4359753,39.00178694,-76.49953824,4.233765541e-05,3,0,60
253.4861324,39.00178829,-76.49953824,4.189483222e-05,3,0,60
253.5363011,39.00178964,-76.49953824,4.145502729e-05,3,0,60
253.5864757,39.00179099,-76.49953824,4.102217067e-05,3,0,60
253.6367275,39.00179234,-76.49953824,4.059232208e-05,3,0,60
253.6869008,39.00179369,-76.49953824,4.016732978e-05,3,0,60
253.7371649,39.00179504,-76.49953824,3.974642149e-05,3,0,60
253.7873338,39.00179639,-76.49953824,3.933054426e-05,3,0,60
253.8376599,39.00179775,-76.49953824,3.891846944e-05,3,0,60
253.8879034,39.0017991,-76.49953824,3.851115193e-05,3,0,60
253.9380849,39.00180045,-76.49953824,3.81076099e-05,3,0,60
253.9882328,39.0018018,-76.49953824,3.770859357e-05,3,0,60
254.0383792,39.00180315,-76.49953824,3.731345312e-05,3,0,60
254.0885242,39.0018045,-76.49953824,3.692301111e-05,3,0,60
254.1386881,39.00180585,-76.49953824,3.65364326e-05,3,0,60
254.1888955,39.00180721,-76.49953824,3.615365747e-05,3,0,60
254.2390714,39.00180856,-76.49953824,3.57748189e-05,3,0,60
254.2893445,39.00180991,-76.49953824,3.540049418e-05,3,0,60
254.3395065,39.00181126,-76.49953824,3.502974758e-05,3,0,60
254.3896316,39.00181261,-76.49953824,3.46629563e-05,3,0,60
254.439907,39.00181396,-76.49953824,3.429993778e-05,3,0,60
254.4900643,39.00181531,-76.49953824,3.39404867e-05,3,0,60
254.5402171,39.00181666,-76.49953824,3.358509595e-05,3,0,60
254.5903914,39.00181801,-76.49953824,3.323343675e-05,3,0,60
254.6406254,39.00181936,-76.49953824,3.288562268e-05,3,0,60
254.6908222,39.00182072,-76.49953824,3.254117421e-05,3,0,60
254.7410327,39.00182207,-76.49953824,3.22004225e-05,3,0,60
254.7912319,39.00182342,-76.49953824,3.186326766e-05,3,0,60
254.8414233,39.00182477,-76.49953824,3.152927534e-05,3,0,60
254.891636,39.00182612,-76.49953824,3.119946398e-05,3,0,60
254.9418507,39.00182747,-76.49953824,3.087272431e-05,3,0,60
254.992099,39.00182882,-76.49953824,3.054942481e-05,3,0,60
255.0423005,39.00183017,-76.49953824,3.022946452e-05,3,0,60
255.0925003,39.00183152,-76.49953824,2.991294954e-05,3,0,60
255.1427143,39.00183288,-76.49953824,2.959961572e-05,3,0,60
255.1929441,39.00183423,-76.49953824,2.928978563e-05,3,0,60
255.2431108,39.00183558,-76.49953824,2.898298915e-05,3,0,60
255.2933386,39.00183693,-76.49953824,2.867951469e-05,3,0,60
255.3434897,39.00183828,-76.49953824,2.837917328e-05,3,0,60
255.393744,39.00183963,-76.49953824,2.808200225e-05,3,0,60
255.4439441,39.00184098,-76.49953824,2.778781245e-05,3,0,60
255.4941751,39.00184234,-76.49953824,2.749690845e-05,3,0,60
255.5443299,39.00184369,-76.49953824,2.72087069e-05,3,0,60
255.5944651,39.00184504,-76.49953824,2.692396767e-05,3,0,60
255.6446185,39.00184639,-76.49953824,2.66419846e-05,3,0,60
255.6948107,39.00184774,-76.49953824,2.636309388e-05,3,0,60
255.7449713,39.00184909,-76.49953824,2.608697201e-05,3,0,60
255.795132,39.00185044,-76.49953824,2.581364168e-05,3,0,60
255.845287,39.00185179,-76.49953824,2.554341907e-05,3,0,60
255.8954659,39.00185314,-76.49953824,2.527574935e-05,3,0,60
255.9456239,39.0018545,-76.49953824,2.501134642e-05,3,0,60
255.9958922,39.00185585,-76.49953824,2.474903786e-05,3,0,60
256.0460698,39.0018572,-76.49953824,2.449014067e-05,3,0,60
256.0963099,39.00185855,-76.49953824,2.423368293e-05,3,0,60
256.1464643,39.0018599,-76.49953824,2.398006499e-05,3,0,60
256.1966534,39.00186125,-76.49953824,2.372879695e-05,3,0,60
256.2468242,39.0018626,-76.49953824,2.34801143e-05,3,0,60
256.2970051,39.00186395,-76.49953824,2.323445698e-05,3,0,60
256.3471951,39.0018653,-76.49953824,2.299109352e-05,3,0,60
256.3973847,39.00186666,-76.49953824,2.275022116e-05,3,0,60
256.4475622,39.00186801,-76.49953824,2.251214199e-05,3,0,60
256.4977428,39.00186936,-76.49953824,2.227640642e-05,3,0,60
256.5479103,39.00187071,-76.49953824,2.204302549e-05,3,0,60
256.5980944,39.00187206,-76.49953824,2.18122305e-05,3,0,60
256.6482862,39.00187341,-76.49953824,2.15837369e-05,3,0,60
256.6984583,39.00187476,-76.49953824,2.135780158e-05,3,0,60
256.7486999,39.00187611,-76.49953824,2.113409191e-05,3,0,60
256.798947,39.00187746,-76.49953824,2.091288892e-05,3,0,60
256.8491045,39.00187882,-76.49953824,2.069382256e-05,3,0,60
256.8993421,39.00188017,-76.49953824,2.047703299e-05,3,0,60
256.9494796,39.00188152,-76.49953824,2.026275287e-05,3,0,60
256.9996576,39.00188287,-76.49953824,2.005057933e-05,3,0,60
257.0498318,39.00188422,-76.49953824,1.984052707e-05,3,0,60
257.0999977,39.00188557,-76.49953824,1.963279859e-05,3,0,60
257.1501465,39.00188692,-76.49953824,1.942714652e-05,3,0,60
257.2002988,39.00188827,-76.49953824,1.922380689e-05,3,0,60
257.2504516,39.00188962,-76.49953824,1.902237191e-05,3,0,60
257.3006411,39.00189098,-76.49953824,1.882326548e-05,3,0,60
257.3508112,39.00189233,-76.49953824,1.862590867e-05,3,0,60
257.4009928,39.00189368,-76.49953824,1.843103013e-05,3,0,60
257.4511807,39.00189503,-76.49953824,1.823797373e-05,3,0,60
257.5013938,39.00189638,-76.49953824,1.804713181e-05,3,0,60
257.5515887,39.00189773,-76.49953824,1.785805774e-05,3,0,60
257.6018005,39.00189908,-76.49953824,1.767105479e-05,3,0,60
257.651964,39.00190043,-76.49953824,1.748594275e-05,3,0,60
257.7021363,39.00190179,-76.49953824,1.730291009e-05,3,0,60
257.7523133,39.00190314,-76.49953824,1.712172142e-05,3,0,60
257.802497,39.00190449,-76.49953824,1.694237813e-05,3,0,60
257.8527424,39.00190584,-76.49953824,1.676498436e-05,3,0,60
257.9029307,39.00190719,-76.49953824,1.658942816e-05,3,0,60
257.9531105,39.00190854,-76.49953824,1.641565932e-05,3,0,60
258.0032987,39.00190989,-76.49953824,1.624376332e-05,3,0,60
258.0535008,39.00191124,-76.49953824,1.607358056e-05,3,0,60
258.103701,39.00191259,-76.49953824,1.590541946e-05,3,0,60
258.153922,39.00191395,-76.49953824,1.573879104e-05,3,0,60
258.2041525,39.0019153,-76.49953824,1.557395211e-05,3,0,60
258.2543448,39.00191665,-76.49953824,1.541084511e-05,3,0,60
258.3045413,39.001918,-76.49953824,1.524954197e-05,3,0,60
258.3547382,39.00191935,-76.49953824,1.508979175e-05,3,0,60
258.4049222,39.0019207,-76.49953824,1.493180847e-05,3,0,60
258.4551317,39.00192205,-76.49953824,1.477541653e-05,3,0,60
258.5053618,39.0019234,-76.49953824,1.462070891e-05,3,0,60
258.5556077,39.00192475,-76.49953824,1.446758891e-05,3,0,60
258.6057683,39.00192611,-76.49953824,1.43161432e-05,3,0,60
258.6559638,39.00192746,-76.49953824,1.416618847e-05,3,0,60
258.7061417,39.00192881,-76.49953824,1.401785512e-05,3,0,60
258.7563622,39.00193016,-76.49953824,1.387097808e-05,3,0,60
258.8065288,39.00193151,-76.49953824,1.372574519e-05,3,0,60
258.856761,39.00193286,-76.49953824,1.358204684e-05,3,0,60
258.9069899,39.00193421,-76.49953824,1.343967099e-05,3,0,60
258.9572201,39.00193556,-76.49953824,1.329907586e-05,3,0,60
259.00738,39.00193692,-76.49953824,1.315976077e-05,3,0,60
259.0576256,39.00193827,-76.49953824,1.302180426e-05,3,0,60
259.1078426,39.00193962,-76.49953824,1.288547335e-05,3,0,60
259.1580224,39.00194097,-76.49953824,1.275062757e-05,3,0,60
259.2082543,39.00194232,-76.49953824,1.261719415e-05,3,0,60
259.2584306,39.00194367,-76.49953824,1.24850096e-05,3,0,60
259.308664,39.00194502,-76.49953824,1.235439307e-05,3,0,60
259.3588718,39.00194637,-76.49953824,1.222490779e-05,3,0,60
259.40904,39.00194773,-76.49953824,1.209683606e-05,3,0,60
259.4592576,39.00194908,-76.49953824,1.209683606e-05,3,0,60
259.5094942,39.00195043,-76.49953824,1.184350681e-05,3,0,60
259.5597207,39.00195178,-76.49953824,1.171945115e-05,3,0,60
259.6099103,39.00195313,-76.49953824,1.159683846e-05,3,0,60
259.660088,39.00195448,-76.49953824,1.147542239e-05,3,0,60
259.7103351,39.00195583,-76.49953824,1.135520197e-05,3,0,60
259.7605305,39.00195718,-76.49953824,1.123633063e-05,3,0,60
259.8107864,39.00195853,-76.49953824,1.111860352e-05,3,0,60
259.8610406,39.00195988,-76.49953824,1.100215223e-05,3,0,60
259.9112877,39.00196124,-76.49953824,1.088698215e-05,3,0,60
259.9614961,39.00196259,-76.49953824,1.077294693e-05,3,0,60
260.0117334,39.00196394,-76.49953824,1.066019699e-05,3,0,60
260.0619809,39.00196529,-76.49953824,1.054854437e-05,3,0,60
260.1121554,39.00196664,-76.49953824,1.043805901e-05,3,0,60
260.16234,39.00196799,-76.49953824,1.03287358e-05,3,0,60
260.212539,39.00196934,-76.49953824,1.022060936e-05,3,0,60
260.2627532,39.00197069,-76.49953824,1.011355788e-05,3,0,60
260.3129435,39.00197205,-76.49953824,1.000764777e-05,3,0,60
260.3631363,39.0019734,-76.49953824,9.902765715e-06,3,0,60
260.4133997,39.00197475,-76.49953824,9.799094155e-06,3,0,60
260.4636395,39.0019761,-76.49953824,9.696478776e-06,3,0,60
260.5138487,39.00197745,-76.49953824,9.595109153e-06,3,0,60
260.5640404,39.0019788,-76.49953824,9.494400074e-06,3,0,60
260.6142802,39.00198015,-76.49953824,9.395098089e-06,3,0,60
260.6644855,39.0019815,-76.49953824,9.296691247e-06,3,0,60
260.7147024,39.00198286,-76.49953824,9.199317943e-06,3,0,60
260.7648825,39.00198421,-76.49953824,9.102928799e-06,3,0,60
260.8150783,39.00198556,-76.49953824,9.007668366e-06,3,0,60
260.8652597,39.00198691,-76.49953824,8.9133195e-06,3,0,60
260.9154865,39.00198826,-76.49953824,8.819983011e-06,3,0,60
260.9657206,39.00198961,-76.49953824,8.727619974e-06,3,0,60
261.0159089,39.00199096,-76.49953824,8.636249593e-06,3,0,60
261.0661463,39.00199231,-76.49953824,8.545724439e-06,3,0,60
261.11635,39.00199367,-76.49953824,8.45630469e-06,3,0,60
261.1665367,39.00199502,-76.49953824,8.367673272e-06,3,0,60
261.2168145,39.00199637,-76.49953824,8.280139574e-06,3,0,60
261.2670074,39.00199772,-76.49953824,8.193359468e-06,3,0,60
261.3172014,39.00199907,-76.49953824,8.107656081e-06,3,0,60
261.3674159,39.00200042,-76.49953824,8.02267991e-06,3,0,60
261.4176488,39.00200177,-76.49953824,7.9387608e-06,3,0,60
261.467903,39.00200312,-76.49953824,7.855597364e-06,3,0,60
261.5181406,39.00200447,-76.49953824,7.773265773e-06,3,0,60
261.5683074,39.00200582,-76.49953824,7.691880843e-06,3,0,60
261.6184921,39.00200718,-76.49953824,7.611332925e-06,3,0,60
261.6687112,39.00200853,-76.49953824,7.531686945e-06,3,0,60
261.718922,39.00200988,-76.49953824,7.452796999e-06,3,0,60
261.769125,39.00201123,-76.49953824,7.374770511e-06,3,0,60
261.819317,39.00201258,-76.49953824,7.297485938e-06,3,0,60
261.8695245,39.00201393,-76.49953824,7.221042918e-06,3,0,60
261.9197449,39.00201528,-76.49953824,7.145481324e-06,3,0,60
261.9699232,39.00201663,-76.49953824,7.070582607e-06,3,0,60
262.0201019,39.00201799,-76.49953824,6.996618133e-06,3,0,60
262.0702846,39.00201934,-76.49953824,6.923351165e-06,3,0,60
262.1204742,39.00202069,-76.49953824,6.850763184e-06,3,0,60
262.1706495,39.00202204,-76.49953823,6.779131638e-06,3,0,60
262.2209021,39.00202339,-76.49953823,6.708153003e-06,3,0,60
262.2711896,39.00202474,-76.49953823,6.637846794e-06,3,0,60
262.3213942,39.00202609,-76.49953823,6.568317061e-06,3,0,60
262.3716513,39.00202744,-76.49953823,6.499595469e-06,3,0,60
262.421894,39.00202879,-76.49953823,6.431521012e-06,3,0,60
262.472093,39.00203015,-76.49953823,6.364139462e-06,3,0,60
262.5223252,39.0020315,-76.49953823,6.297466617e-06,3,0,60
262.5726068,39.00203285,-76.49953823,6.23154159e-06,3,0,60
262.6229132,39.0020342,-76.49953823,6.166295732e-06,3,0,60
262.6731159,39.00203555,-76.49953823,6.101778271e-06,3,0,60
262.7233205,39.0020369,-76.49953823,6.037835032e-06,3,0,60
262.7735226,39.00203825,-76.49953823,5.974576056e-06,3,0,60
262.823807,39.0020396,-76.49953823,5.912000363e-06,3,0,60
262.8740101,39.00204095,-76.49953823,5.850149987e-06,3,0,60
262.9242733,39.00204231,-76.49953823,5.788864804e-06,3,0,60
262.9744995,39.00204366,-76.49953823,5.728167581e-06,3,0,60
263.024739,39.00204501,-76.49953823,5.668277227e-06,3,0,60
263.0749939,39.00204636,-76.49953823,5.608833649e-06,3,0,60
263.1251967,39.00204771,-76.49953823,5.550139661e-06,3,0,60
263.1753927,39.00204906,-76.49953823,5.491972289e-06,3,0,60
263.2256349,39.00205041,-76.49953823,5.434538166e-06,3,0,60
263.2758717,39.00205176,-76.49953823,5.377576847e-06,3,0,60
263.3260923,39.00205312,-76.49953823,5.321291451e-06,3,0,60
263.3763416,39.00205447,-76.49953823,5.265610891e-06,3,0,60
263.4266333,39.00205582,-76.49953823,5.210401981e-06,3,0,60
263.4768548,39.00205717,-76.49953823,5.155838274e-06,3,0,60
263.5270631,39.00205852,-76.49953823,5.101856468e-06,3,0,60
263.5772933,39.00205987,-76.49953823,5.048440919e-06,3,0,60
263.6275254,39.00206122,-76.49953823,4.995603928e-06,3,0,60
263.6777742,39.00206257,-76.49953823,4.943270702e-06,3,0,60
263.7280135,39.00206392,-76.49953823,4.891517758e-06,3,0,60
263.7782429,39.00206528,-76.49953823,4.840312487e-06,3,0,60
263.8284427,39.00206663,-76.49953823,4.789526255e-06,3,0,60
263.8787223,39.00206798,-76.49953823,4.739437709e-06,3,0,60
263.9289449,39.00206933,-76.49953823,4.689767023e-06,3,0,60
263.9791869,39.00207068,-76.49953823,4.640621892e-06,3,0,60
264.0293575,39.00207203,-76.49953823,4.592062689e-06,3,0,60
264.0796037,39.00207338,-76.49953823,4.54401492e-06,3,0,60
264.1297888,39.00207473,-76.49953823,4.496347245e-06,3,0,60
264.1799743,39.00207609,-76.49953823,4.449374513e-06,3,0,60
264.2303286,39.00207744,-76.49953823,4.402720138e-06,3,0,60
264.2805027,39.002079,-76.49953823,4.356672086e-06,3,0,60
264.3307448,39.00208014,-76.49953823,4.303879026e-06,3,0,60
264.3809667,39.00208149,-76.49953823,4.265909925e-06,3,0,60
264.4312143,39.00208284,-76.49953823,4.221137502e-06,3,0,60
264.4814377,39.00208419,-76.49953823,4.1769679e-06,3,0,60
264.5316298,39.00208554,-76.49953823,4.133244806e-06,3,0,60
264.5818604,39.00208689,-76.49953823,4.089985558e-06,3,0,60
264.6320659,39.00208825,-76.49953823,4.047175881e-06,3,0,60
264.682241,39.0020896,-76.49953823,4.004737801e-06,3,0,60
264.7324313,39.00209095,-76.49953823,3.962798898e-06,3,0,60
264.7826052,39.0020923,-76.49953823,3.921296547e-06,3,0,60
264.8327733,39.00209365,-76.49953823,3.88021952e-06,3,0,60
264.8829587,39.002095,-76.49953823,3.839580643e-06,3,0,60
264.9331349,39.00209635,-76.49953823,3.799365656e-06,3,0,60
264.9833472,39.0020977,-76.49953823,3.759639375e-06,3,0,60
265.0335277,39.00209905,-76.49953823,3.720275747e-06,3,0,60
265.0837246,39.00210041,-76.49953823,3.681281949e-06,3,0,60
265.1338964,39.00210176,-76.49953823,3.642772697e-06,3,0,60
265.1840643,39.00210446,-76.49953823,3.566806821e-06,3,0,60
265.2342644,39.00210581,-76.49953823,3.52953351e-06,3,0,60
265.2844315,39.00210716,-76.49953823,3.492571626e-06,3,0,60
265.3346503,39.00210851,-76.49953823,3.455858707e-06,3,0,60
265.3849032,39.00210986,-76.49953823,3.419723655e-06,3,0,60
265.4350502,39.00211122,-76.49953823,3.38395322e-06,3,0,60
265.4852414,39.00211257,-76.49953823,3.348541541e-06,3,0,60
265.5354677,39.00211392,-76.49953823,3.313429019e-06,3,0,60
265.5856565,39.00211527,-76.49953823,3.278780124e-06,3,0,60
265.6358886,39.00211662,-76.49953823,3.24434794e-06,3,0,60
265.6860917,39.00211797,-76.49953823,3.21041781e-06,3,0,60
265.7362604,39.00211932,-76.49953823,3.176864164e-06,3,0,60
265.7864507,39.00212067,-76.49953823,3.143486982e-06,3,0,60
265.8366439,39.00212202,-76.49953823,3.11060452e-06,3,0,60
265.8868269,39.00212338,-76.49953823,3.07801841e-06,3,0,60
265.9370107,39.00212473,-76.49953823,3.045889483e-06,3,0,60
265.9872298,39.00212608,-76.49953823,3.013934047e-06,3,0,60
266.0374631,39.00212743,-76.49953823,2.982377086e-06,3,0,60
266.0876679,39.00212878,-76.49953823,2.951068327e-06,3,0,60
266.1377738,39.00213013,-76.49953823,2.920222545e-06,3,0,60
266.1879802,39.00213148,-76.49953823,2.889613637e-06,3,0,60
266.2381621,39.00213283,-76.49953823,2.859395924e-06,3,0,60
266.2883521,39.00213419,-76.49953823,2.829515804e-06,3,0,60
266.338537,39.00213554,-76.49953823,2.799777566e-06,3,0,60
266.3887796,39.00213689,-76.49953823,2.770491376e-06,3,0,60
266.4389754,39.00213824,-76.49953823,2.741525437e-06,3,0,60
266.4891455,39.00213959,-76.49953823,2.712818746e-06,3,0,60
266.5392965,39.00214094,-76.49953823,2.68436006e-06,3,0,60
266.5894687,39.00214229,-76.49953823,2.656246181e-06,3,0,60
266.6396784,39.00214364,-76.49953823,2.628429746e-06,3,0,60
266.6898841,39.002145,-76.49953823,2.628429746e-06,3,0,60
266.7400653,39.00214635,-76.49953823,2.600940135e-06,3,0,60
266.7902342,39.0021477,-76.49953823,2.546168481e-06,3,0,60
266.8404115,39.00214905,-76.49953823,2.519503189e-06,3,0,60
266.8905927,39.0021504,-76.49953823,2.493154239e-06,3,0,60
266.9408113,39.00215175,-76.49953823,2.467033646e-06,3,0,60
266.9909824,39.0021531,-76.49953823,2.441153589e-06,3,0,60
267.0411913,39.00215445,-76.49953823,2.415657241e-06,3,0,60
267.0913688,39.0021558,-76.49953823,2.390297674e-06,3,0,60
267.1416407,39.00215715,-76.49953823,2.365323724e-06,3,0,60
267.1918672,39.00215851,-76.49953823,2.340539938e-06,3,0,60
267.2420437,39.00215986,-76.49953823,2.3159699e-06,3,0,60
267.2922502,39.00216121,-76.49953823,2.291750575e-06,3,0,60
267.3424309,39.00216256,-76.49953823,2.267730746e-06,3,0,60
267.3926038,39.00216391,-76.49953823,2.244010401e-06,3,0,60
267.4427757,39.00216526,-76.49953823,2.220502479e-06,3,0,60
267.4929595,39.00216662,-76.49953823,2.197256131e-06,3,0,60
267.5431931,39.00216797,-76.49953823,2.17426253e-06,3,0,60
267.5933689,39.00216932,-76.49953823,2.151459564e-06,3,0,60
267.6435379,39.00217067,-76.49953823,2.128929784e-06,3,0,60
267.6937272,39.00217202,-76.49953823,2.106645381e-06,3,0,60
267.7438856,39.00217337,-76.49953823,2.084642779e-06,3,0,60
267.794052,39.00217472,-76.49953823,2.062728408e-06,3,0,60
267.844228,39.00217607,-76.49953823,2.041145465e-06,3,0,60
267.8944472,39.00217742,-76.49953823,2.019762673e-06,3,0,60
267.9446561,39.00217877,-76.49953823,1.998616544e-06,3,0,60
267.9948392,39.00218012,-76.49953823,1.977738627e-06,3,0,60
268.0450425,39.00218148,-76.49953823,1.957038427e-06,3,0,60
268.0952326,39.00218283,-76.49953823,1.936497541e-06,3,0,60
268.1454105,39.00218418,-76.49953823,1.91623164e-06,3,0,60
268.1956315,39.00218553,-76.49953823,1.896125419e-06,3,0,60
268.2458058,39.00218688,-76.49953823,1.876325128e-06,3,0,60
268.2959857,39.00218823,-76.49953823,1.856681737e-06,3,0,60
268.346147,39.00218958,-76.49953823,1.837261993e-06,3,0,60
268.396313,39.00219093,-76.49953823,1.817926405e-06,3,0,60
268.4464854,39.00219229,-76.49953823,1.798919506e-06,3,0,60
268.4966624,39.00219364,-76.49953823,1.780114295e-06,3,0,60
268.546841,39.00219499,-76.49953823,1.761463147e-06,3,0,60
268.5970106,39.00219634,-76.49953823,1.742989469e-06,3,0,60
268.6472121,39.00219769,-76.49953823,1.724760986e-06,3,0,60
268.6973779,39.00219904,-76.49953823,1.706731165e-06,3,0,60
268.7475555,39.00220039,-76.49953823,1.688771753e-06,3,0,60
268.7978335,39.00220174,-76.49953823,1.671161105e-06,3,0,60
268.8479789,39.00220309,-76.49953823,1.653638291e-06,3,0,60
268.8983376,39.00220445,-76.49953823,1.636347509e-06,3,0,60
268.9486073,39.0022058,-76.49953823,1.619172499e-06,3,0,60
268.9988138,39.00220715,-76.49953823,1.602245768e-06,3,0,60
269.0489771,39.0022085,-76.49953823,1.585407149e-06,3,0,60
269.0991456,39.00220985,-76.49953823,1.568808198e-06,3,0,60
269.1493157,39.0022112,-76.49953823,1.552414582e-06,3,0,60
269.1994825,39.00221255,-76.49953823,1.536170858e-06,3,0,60
269.2496714,39.0022139,-76.49953823,1.520016558e-06,3,0,60
269.2998846,39.00221526,-76.49953823,1.504180398e-06,3,0,60
269.3500648,39.00221661,-76.49953823,1.488409434e-06,3,0,60
269.400268,39.00221796,-76.49953823,1.472841353e-06,3,0,60
269.450542,39.00221931,-76.49953823,1.457412726e-06,3,0,60
269.500804,39.00222066,-76.49953823,1.44214426e-06,3,0,60
269.5510043,39.00222201,-76.49953823,1.427035719e-06,3,0,60
269.6011841,39.00222336,-76.49953823,1.412166776e-06,3,0,60
269.6513935,39.00222471,-76.49953823,1.397299325e-06,3,0,60
269.7016348,39.00222606,-76.49953823,1.382660837e-06,3,0,60
269.7518628,39.00222742,-76.49953823,1.368208588e-06,3,0,60
269.8020416,39.00222877,-76.49953823,1.35391134e-06,3,0,60
269.8522644,39.00223012,-76.49953823,1.339664669e-06,3,0,60
269.9024785,39.00223147,-76.49953823,1.325674567e-06,3,0,60
269.9527209,39.00223282,-76.49953823,1.311804083e-06,3,0,60
270.002929,39.00223417,-76.49953823,1.298023689e-06,3,0,60
270.0531361,39.00223552,-76.49953823,1.284377763e-06,3,0,60
270.1033151,39.00223688,-76.49953823,1.271005377e-06,3,0,60
270.1535132,39.00223822,-76.49953823,1.257621452e-06,3,0,60
270.2037252,39.00223958,-76.49953823,1.244520774e-06,3,0,60
270.2539677,39.00224093,-76.49953823,1.231474364e-06,3,0,60
270.3042568,39.00224228,-76.49953823,1.218589004e-06,3,0,60
270.354508,39.00224363,-76.49953823,1.205808609e-06,3,0,60
270.4047681,39.00224498,-76.49953823,1.193205478e-06,3,0,60
270.4550035,39.00224633,-76.49953823,1.180693601e-06,3,0,60
270.5052485,39.00224768,-76.49953823,1.168324882e-06,3,0,60
270.5554555,39.00224903,-76.49953823,1.156122067e-06,3,0,60
270.6056193,39.00225039,-76.49953823,1.144015927e-06,3,0,60
270.6558652,39.00225174,-76.49953823,1.132070997e-06,3,0,60
270.7061748,39.00225309,-76.49953823,1.120193813e-06,3,0,60
270.7563345,39.00225444,-76.49953823,1.108437799e-06,3,0,60
270.8064998,39.00225579,-76.49953823,1.096822812e-06,3,0,60
270.8567345,39.00225714,-76.49953823,1.085315981e-06,3,0,60
270.9069688,39.00225849,-76.49953823,1.073966437e-06,3,0,60
270.957178,39.00225984,-76.49953823,1.062725546e-06,3,0,60
271.0073515,39.00226119,-76.49953823,1.051631929e-06,3,0,60
271.0575344,39.00226255,-76.49953823,1.040658754e-06,3,0,60
271.1077321,39.0022639,-76.49953823,1.029694347e-06,3,0,60
271.1578907,39.00226525,-76.49953823,1.018910742e-06,3,0,60
271.2080703,39.0022666,-76.49953823,1.008238091e-06,3,0,60
271.2582567,39.00226795,-76.49953823,9.977034989e-07,3,0,60
271.3085027,39.0022693,-76.49953823,9.871986902e-07,3,0,60
271.3586722,39.00227065,-76.49953823,9.769093339e-07,3,0,60
271.4088641,39.002272,-76.49953823,9.666392421e-07,3,0,60
271.4590598,39.00227335,-76.49953823,9.565307332e-07,3,0,60
271.5092473,39.00227471,-76.49953823,9.465549369e-07,3,0,60
271.5594212,39.00227606,-76.49953823,9.36591153e-07,3,0,60
271.6096304,39.00227741,-76.49953823,9.267897944e-07,3,0,60
271.6598552,39.00227876,-76.49953823,9.171146215e-07,3,0,60
271.7100428,39.00228011,-76.49953823,9.074677181e-07,3,0,60
271.7602868,39.00228146,-76.49953823,8.980212735e-07,3,0,60
271.8104548,39.00228281,-76.49953823,8.88550389e-07,3,0,60
271.8606464,39.00228416,-76.49953823,8.792954053e-07,3,0,60
271.9108068,39.00228552,-76.49953823,8.70085425e-07,3,0,60
271.9609978,39.00228687,-76.49953823,8.609930257e-07,3,0,60
272.0112,39.00228822,-76.49953823,8.519609657e-07,3,0,60
272.061393,39.00228957,-76.49953823,8.430321528e-07,3,0,60
272.1116121,39.00229092,-76.49953823,8.341883428e-07,3,0,60
272.1617994,39.00229227,-76.49953823,8.254566162e-07,3,0,60
272.2120479,39.00229362,-76.49953823,8.168218318e-07,3,0,60
272.2622389,39.00229497,-76.49953823,8.083277539e-07,3,0,60
272.3124228,39.00229633,-76.49953823,7.998130359e-07,3,0,60
272.3626097,39.00229768,-76.49953823,7.914406473e-07,3,0,60
272.4128712,39.00229903,-76.49953823,7.831491977e-07,3,0,60
272.4630596,39.00230038,-76.49953823,7.749914685e-07,3,0,60
272.5132808,39.00230173,-76.49953823,7.668304091e-07,3,0,60
272.5634828,39.00230308,-76.49953823,7.588435595e-07,3,0,60
272.6137214,39.00230443,-76.49953823,7.508503686e-07,3,0,60
272.6639353,39.00230578,-76.49953823,7.430535094e-07,3,0,60
272.7141662,39.00230713,-76.49953823,7.352265015e-07,3,0,60
272.7643406,39.00230849,-76.49953823,7.274897559e-07,3,0,60
272.814505,39.00230984,-76.49953823,7.198929527e-07,3,0,60
272.8647443,39.00231119,-76.49953823,7.123759049e-07,3,0,60
272.9149619,39.00231254,-76.49953823,7.048933816e-07,3,0,60
272.9651952,39.00231389,-76.49953823,6.975542391e-07,3,0,60
273.0154143,39.00231524,-76.49953823,6.902036802e-07,3,0,60
273.0658793,39.00231659,-76.49953823,6.830094133e-07,3,0,60
273.1160881,39.00231794,-76.49953823,6.758380264e-07,3,0,60
273.1662993,39.00231929,-76.49953823,6.687497595e-07,3,0,60
273.2165098,39.00232065,-76.49953823,6.617601757e-07,3,0,60
273.2667364,39.002322,-76.49953823,6.548263553e-07,3,0,60
273.3169123,39.00232335,-76.49953823,6.479518004e-07,3,0,60
273.3673711,39.0023247,-76.49953823,6.411582034e-07,3,0,60
273.4175992,39.00232605,-76.49953823,6.344695087e-07,3,0,60
273.4677697,39.0023274,-76.49953823,6.278505216e-07,3,0,60
273.5179996,39.00232875,-76.49953823,6.212168693e-07,3,0,60
273.5682283,39.0023301,-76.49953823,6.147718674e-07,3,0,60
273.6184987,39.00233145,-76.49953823,6.083421529e-07,3,0,60
273.6687721,39.00233281,-76.49953823,6.019689406e-07,3,0,60
273.7188755,39.00233416,-76.49953823,5.956181025e-07,3,0,60
273.7691518,39.00233551,-76.49953823,5.894241428e-07,3,0,60
273.8193706,39.00233686,-76.49953823,5.83253358e-07,3,0,60
273.8695499,39.00233821,-76.49953823,5.771128451e-07,3,0,60
273.9197566,39.00233956,-76.49953823,5.710863544e-07,3,0,60
273.9698654,39.00234091,-76.49953823,5.65067615e-07,3,0,60
274.0200735,39.00234227,-76.49953823,5.592051637e-07,3,0,60
274.0702706,39.00234362,-76.49953823,5.533284409e-07,3,0,60
274.1206773,39.00234497,-76.49953823,5.533284409e-07,3,0,60
274.1708611,39.00234632,-76.49953823,5.416975231e-07,3,0,60
274.221067,39.00234767,-76.49953823,5.360426123e-07,3,0,60
274.2712789,39.00234902,-76.49953823,5.304222697e-07,3,0,60
274.3215375,39.00235037,-76.49953823,5.249640609e-07,3,0,60
274.3717903,39.00235172,-76.49953823,5.19446101e-07,3,0,60
274.4219657,39.00235361,-76.49953823,5.139404037e-07,3,0,60
274.472148,39.00235443,-76.49953823,5.139404037e-07,3,0,60
274.5223105,39.00235578,-76.49953823,5.032369008e-07,3,0,60
274.5725012,39.00235713,-76.49953823,4.979346852e-07,3,0,60
274.6226619,39.00235848,-76.49953823,4.927586e-07,3,0,60
274.6728876,39.00235983,-76.49953823,4.875758458e-07,3,0,60
274.72315,39.00236118,-76.49953823,4.824048777e-07,3,0,60
274.7733638,39.00236253,-76.49953823,4.774491332e-07,3,0,60
274.8236406,39.00236388,-76.49953823,4.723844656e-07,3,0,60
274.8739051,39.00236523,-76.49953823,4.674773838e-07,3,0,60
274.9241467,39.00236659,-76.49953823,4.625821955e-07,3,0,60
274.9743833,39.00236794,-76.49953823,4.577484649e-07,3,0,60
275.0245567,39.00236929,-76.49953823,4.529726537e-07,3,0,60
275.0747924,39.00237064,-76.49953823,4.48154556e-07,3,0,60
275.1249569,39.00237199,-76.49953823,4.435244177e-07,3,0,60
275.1751484,39.00237334,-76.49953823,4.388020264e-07,3,0,60
275.2253846,39.00237469,-76.49953823,4.342232012e-07,3,0,60
275.2756137,39.00237604,-76.49953823,4.296824014e-07,3,0,60
275.3258433,39.00237739,-76.49953823,4.252098497e-07,3,0,60
275.3760747,39.00237875,-76.49953823,4.207374671e-07,3,0,60
275.426308,39.0023801,-76.49953823,4.163694627e-07,3,0,60
275.4765083,39.00238145,-76.49953823,4.119530688e-07,3,0,60
275.5267838,39.0023828,-76.49953823,4.076949205e-07,3,0,60
275.5769718,39.00238415,-76.49953823,4.034025908e-07,3,0,60
275.627197,39.0023855,-76.49953823,3.991740166e-07,3,0,60
275.6774354,39.00238685,-76.49953823,3.94982301e-07,3,0,60
275.727675,39.0023882,-76.49953823,3.908562785e-07,3,0,60
275.7779083,39.00238955,-76.49953823,3.867726256e-07,3,0,60
275.8280995,39.00239091,-76.49953823,3.827767375e-07,3,0,60
275.8783526,39.00239226,-76.49953823,3.787502761e-07,3,0,60
275.9286327,39.00239361,-76.49953823,3.748005096e-07,3,0,60
275.9788757,39.00239496,-76.49953823,3.708173019e-07,3,0,60
276.0291188,39.00239631,-76.49953823,3.669809079e-07,3,0,60
276.0793542,39.00239766,-76.49953823,3.630901913e-07,3,0,60
276.129626,39.00239901,-76.49953823,3.592536999e-07,3,0,60
276.1798716,39.00240036,-76.49953823,3.554903654e-07,3,0,60
276.2300821,39.00240172,-76.49953823,3.517893835e-07,3,0,60
276.2802993,39.00240307,-76.49953823,3.48097376e-07,3,0,60
276.3304752,39.00240442,-76.49953823,3.444837796e-07,3,0,60
276.3806724,39.00240577,-76.49953823,3.408797281e-07,3,0,60
276.4308231,39.00240712,-76.49953823,3.372628371e-07,3,0,60
276.480965,39.00240847,-76.49953823,3.337462053e-07,3,0,60
276.5311608,39.00240982,-76.49953823,3.30324042e-07,3,0,60
276.5813579,39.00241117,-76.49953823,3.2683203e-07,3,0,60
276.6315364,39.00241252,-76.49953823,3.233742076e-07,3,0,60
276.6817519,39.00241388,-76.49953823,3.200298567e-07,3,0,60
276.7319433,39.00241523,-76.49953823,3.166674157e-07,3,0,60
276.7821267,39.00241658,-76.49953823,3.134213046e-07,3,0,60
276.8323388,39.00241793,-76.49953823,3.100670588e-07,3,0,60
276.8825173,39.00241928,-76.49953823,3.068883652e-07,3,0,60
276.9327562,39.00242063,-76.49953823,3.036452198e-07,3,0,60
276.9830143,39.00242198,-76.49953823,3.004595307e-07,3,0,60
277.033255,39.00242333,-76.49953823,2.972577622e-07,3,0,60
277.083559,39.00242468,-76.49953823,2.94202653e-07,3,0,60
277.1337344,39.00242604,-76.49953823,2.910846887e-07,3,0,60
277.1839334,39.00242739,-76.49953823,2.880818793e-07,3,0,60
277.2341776,39.00243009,-76.49953823,2.82022685e-07,3,0,60
277.2843863,39.00243144,-76.49953823,2.790696398e-07,3,0,60
277.3345512,39.00243279,-76.49953823,2.761502629e-07,3,0,60
277.3847148,39.00243414,-76.49953823,2.732316762e-07,3,0,60
277.4348511,39.00243549,-76.49953823,2.704053067e-07,3,0,60
277.4849936,39.00243685,-76.49953823,2.675777352e-07,3,0,60
277.5351707,39.0024382,-76.49953823,2.648168876e-07,3,0,60
277.5853656,39.00243955,-76.49953823,2.619824299e-07,3,0,60
277.6356006,39.0024409,-76.49953823,2.592423168e-07,3,0,60
277.6857865,39.00244225,-76.49953823,2.565788881e-07,3,0,60
277.7360398,39.0024436,-76.49953823,2.538411571e-07,3,0,60
277.786192,39.00244495,-76.49953823,2.512473223e-07,3,0,60
277.8363509,39.0024463,-76.49953823,2.486179374e-07,3,0,60
277.8865352,39.00244766,-76.49953823,2.460046665e-07,3,0,60
277.9367128,39.00244901,-76.49953823,2.433878766e-07,3,0,60
277.986895,39.00245036,-76.49953823,2.4086834e-07,3,0,60
278.0371051,39.00245171,-76.49953823,2.383596309e-07,3,0,60
278.0872746,39.00245306,-76.49953823,2.358963087e-07,3,0,60
278.1374639,39.00245441,-76.49953823,2.33342447e-07,3,0,60
278.1877107,39.00245576,-76.49953823,2.308938207e-07,3,0,60
278.2378691,39.00245711,-76.49953823,2.285427514e-07,3,0,60
278.2880568,39.00245846,-76.49953823,2.261121956e-07,3,0,60
278.3382205,39.00245982,-76.49953823,2.237963472e-07,3,0,60
278.3884245,39.00246117,-76.49953823,2.213945022e-07,3,0,60
278.4385885,39.00246252,-76.49953823,2.190746808e-07,3,0,60
278.4887837,39.00246387,-76.49953823,2.168378102e-07,3,0,60
278.538942,39.00246522,-76.49953823,2.145324938e-07,3,0,60
278.5891138,39.00246657,-76.49953823,2.122799302e-07,3,0,60
278.6393218,39.00246792,-76.49953823,2.100699099e-07,3,0,60
278.6894913,39.00246927,-76.49953823,2.079146088e-07,3,0,60
278.7396731,39.00247062,-76.49953823,2.056925755e-07,3,0,60
278.7898557,39.00247198,-76.49953823,2.035514268e-07,3,0,60
278.8400214,39.00247333,-76.49953823,2.014009119e-07,3,0,60
278.8901759,39.00247468,-76.49953823,1.99302279e-07,3,0,60
278.94043,39.00247603,-76.49953823,1.971751366e-07,3,0,60
278.9906396,39.00247738,-76.49953823,1.951408529e-07,3,0,60
279.0408093,39.00247873,-76.49953823,1.931248799e-07,3,0,60
279.09099,39.00248008,-76.49953823,1.910884742e-07,3,0,60
279.1411569,39.00248143,-76.49953823,1.890751199e-07,3,0,60
279.1913292,39.00248279,-76.49953823,1.870699214e-07,3,0,60
279.2415222,39.00248414,-76.49953823,1.851959401e-07,3,0,60
279.2917465,39.00248549,-76.49953823,1.83203767e-07,3,0,60
279.3419117,39.00248684,-76.49953823,1.812663629e-07,3,0,60
279.3920847,39.00248819,-76.49953823,1.793762363e-07,3,0,60
279.4422498,39.00248954,-76.49953823,1.774595547e-07,3,0,60
279.4924291,39.00249089,-76.49953823,1.756421098e-07,3,0,60
279.5426118,39.00249224,-76.49953823,1.737885383e-07,3,0,60
279.5928028,39.00249359,-76.49953823,1.720017258e-07,3,0,60
279.6429802,39.00249495,-76.49953823,1.701927364e-07,3,0,60
279.6932229,39.0024963,-76.49953823,1.683832243e-07,3,0,60
279.7433868,39.00249765,-76.49953823,1.666555002e-07,3,0,60
279.7935561,39.002499,-76.49953823,1.649156019e-07,3,0,60
279.8437331,39.00250035,-76.49953823,1.632183612e-07,3,0,60
279.8939554,39.0025017,-76.49953823,1.614962863e-07,3,0,60
279.9441181,39.00250305,-76.49953823,1.597836364e-07,3,0,60
279.994276,39.0025044,-76.49953823,1.580759237e-07,3,0,60
280.0445048,39.00250575,-76.49953823,1.564106993e-07,3,0,60
280.0946959,39.00250711,-76.49953823,1.548093226e-07,3,0,60
280.1448617,39.00250846,-76.49953823,1.532011105e-07,3,0,60
280.1950232,39.00250981,-76.49953823,1.515721635e-07,3,0,60
280.2452182,39.00251116,-76.49953823,1.500136293e-07,3,0,60
280.2953847,39.00251251,-76.49953823,1.484712993e-07,3,0,60
280.3455882,39.00251386,-76.49953823,1.468827674e-07,3,0,60
280.3958265,39.00251521,-76.49953823,1.453353328e-07,3,0,60
280.4460018,39.00251657,-76.49953823,1.437869059e-07,3,0,60
280.4961886,39.00251792,-76.49953823,1.423482066e-07,3,0,60
280.546366,39.00251927,-76.49953823,1.408435864e-07,3,0,60
280.5966033,39.00252062,-76.49953823,1.394026328e-07,3,0,60
280.6467716,39.00252197,-76.49953823,1.378695491e-07,3,0,60
280.6970023,39.00252332,-76.49953823,1.364229588e-07,3,0,60
280.74725,39.00252467,-76.49953823,1.350047997e-07,3,0,60
280.7974833,39.00252602,-76.49953823,1.335911039e-07,3,0,60
280.8476577,39.00252737,-76.49953823,1.322304382e-07,3,0,60
280.897825,39.00252872,-76.49953823,1.308248307e-07,3,0,60
280.9479926,39.00253008,-76.49953823,1.294364705e-07,3,0,60
280.9981953,39.00253143,-76.49953823,1.280634757e-07,3,0,60
281.0483872,39.00253278,-76.49953823,1.269388555e-07,3,0,60
281.0985538,39.00253413,-76.49953823,1.256506346e-07,3,0,60
281.1487976,39.00253548,-76.49953823,1.256506346e-07,3,0,60
281.1990003,39.00253683,-76.49953823,1.230259893e-07,3,0,60
281.2491856,39.00253818,-76.49953823,1.217547188e-07,3,0,60
281.2993467,39.00253953,-76.49953823,1.204673517e-07,3,0,60
281.3496496,39.00254089,-76.49953823,1.191784291e-07,3,0,60
281.3998893,39.00254224,-76.49953823,1.180013417e-07,3,0,60
281.4501258,39.00254359,-76.49953823,1.167224963e-07,3,0,60
281.5002921,39.00254494,-76.49953823,1.155203646e-07,3,0,60
281.5505125,39.00254629,-76.49953823,1.143013098e-07,3,0,60
281.6007534,39.00254764,-76.49953823,1.130920963e-07,3,0,60
281.6509544,39.00254899,-76.49953823,1.119492518e-07,3,0,60
281.7011332,39.00255035,-76.49953823,1.107190625e-07,3,0,60
281.7512856,39.00255169,-76.49953823,1.095759231e-07,3,0,60
281.8014466,39.00255305,-76.49953823,1.084046921e-07,3,0,60
281.8516489,39.0025544,-76.49953823,1.072749693e-07,3,0,60
281.9019174,39.00255575,-76.49953823,1.06171505e-07,3,0,60
281.9521349,39.0025571,-76.49953823,1.050518458e-07,3,0,60
282.0023338,39.00255845,-76.49953823,1.039515575e-07,3,0,60
282.0525435,39.0025598,-76.49953823,1.029009461e-07,3,0,60
282.1027715,39.00256115,-76.49953823,1.01781343e-07,3,0,60
282.1529921,39.00256251,-76.49953823,1.007642488e-07,3,0,60
282.2031629,39.00256385,-76.49953823,9.970554372e-08,3,0,60
282.2533367,39.00256521,-76.49953823,9.861010282e-08,3,0,60
282.303507,39.00256656,-76.49953823,9.75838269e-08,3,0,60
282.3536575,39.00256791,-76.49953823,9.654768494e-08,3,0,60
282.4038334,39.00256926,-76.49953823,9.55760515e-08,3,0,60
282.4540095,39.00257061,-76.49953823,9.4501029e-08,3,0,60
282.5042135,39.00257196,-76.49953823,9.355159585e-08,3,0,60
282.554362,39.00257331,-76.49953823,9.2578684e-08,3,0,60
282.6045614,39.00257466,-76.49953823,9.158567403e-08,3,0,60
282.6547354,39.00257602,-76.49953823,9.064242171e-08,3,0,60
282.7049134,39.00257737,-76.49953823,8.973408859e-08,3,0,60
282.755078,39.00257872,-76.49953823,8.877825387e-08,3,0,60
282.8052524,39.00258007,-76.49953823,8.78240477e-08,3,0,60
282.8554263,39.00258142,-76.49953823,8.699085528e-08,3,0,60
282.9056443,39.00258277,-76.49953823,8.604192911e-08,3,0,60
282.9558459,39.00258412,-76.49953823,8.511300083e-08,3,0,60
283.0060825,39.00258547,-76.49953823,8.428055349e-08,3,0,60
283.0563591,39.00258682,-76.49953823,8.340376552e-08,3,0,60
283.1065994,39.00258818,-76.49953823,8.244856823e-08,3,0,60
283.1567969,39.00258953,-76.49953823,8.168379648e-08,3,0,60
283.2069645,39.00259088,-76.49953823,8.083052382e-08,3,0,60
283.2571422,39.00259223,-76.49953823,7.998274346e-08,3,0,60
283.307316,39.00259358,-76.49953823,7.911495478e-08,3,0,60
283.3575214,39.00259493,-76.49953823,7.826027034e-08,3,0,60
283.4077339,39.00259628,-76.49953823,7.749950919e-08,3,0,60
283.4579391,39.00259763,-76.49953823,7.663497164e-08,3,0,60
283.5081217,39.00259899,-76.49953823,7.582291061e-08,3,0,60
283.5583203,39.00260034,-76.49953823,7.502546282e-08,3,0,60
283.6086092,39.00260169,-76.49953823,7.424410403e-08,3,0,60
283.6588998,39.00260304,-76.49953823,7.350313839e-08,3,0,60
283.7091147,39.00260439,-76.49953823,7.272179151e-08,3,0,60
283.7593238,39.00260574,-76.49953823,7.195180636e-08,3,0,60
283.809526,39.00260709,-76.49953823,7.127919938e-08,3,0,60
283.8597326,39.00260844,-76.49953823,7.046322796e-08,3,0,60
283.9099174,39.00260979,-76.49953823,6.973103998e-08,3,0,60
283.9601608,39.00261115,-76.49953823,6.904814783e-08,3,0,60
284.0103793,39.0026125,-76.49953823,6.828932724e-08,3,0,60
284.0606025,39.00261385,-76.49953823,6.760804825e-08,3,0,60
284.1108605,39.0026152,-76.49953823,6.690268933e-08,3,0,60
284.1610295,39.00261655,-76.49953823,6.616863669e-08,3,0,60
284.2112033,39.0026179,-76.49953823,6.547825611e-08,3,0,60
284.2613794,39.00261925,-76.49953823,6.479100464e-08,3,0,60
284.3115608,39.0026206,-76.49953823,6.412157489e-08,3,0,60
284.3617589,39.00262195,-76.49953823,6.343091801e-08,3,0,60
284.4119827,39.00262331,-76.49953823,6.283078655e-08,3,0,60
284.462203,39.00262466,-76.49953823,6.21729208e-08,3,0,60
284.5123816,39.00262601,-76.49953823,6.155488467e-08,3,0,60
284.5626334,39.00262736,-76.49953823,6.088271025e-08,3,0,60
284.6128164,39.00262871,-76.49953823,6.027219678e-08,3,0,60
284.6630172,39.00263006,-76.49953823,5.960782925e-08,3,0,60
284.7132406,39.00263141,-76.49953823,5.900796803e-08,3,0,60
284.7634402,39.00263276,-76.49953823,5.833499496e-08,3,0,60
284.8658718,39.00263566,-76.49953823,5.780361096e-08,3,0,60
284.9160793,39.00263682,-76.49953823,5.644481009e-08,3,0,60
284.9662373,39.00263817,-76.49953823,5.597652361e-08,3,0,60
285.0164029,39.00263952,-76.49953823,5.537827457e-08,3,0,60
285.0666162,39.00264087,-76.49953823,5.476127084e-08,3,0,60
285.1167964,39.00264222,-76.49953823,5.421484898e-08,3,0,60
285.1669897,39.00264357,-76.49953823,5.366008349e-08,3,0,60
285.2172098,39.00264492,-76.49953823,5.314144807e-08,3,0,60
285.2674098,39.00264628,-76.49953823,5.254958125e-08,3,0,60
285.3176753,39.00264763,-76.49953823,5.203345635e-08,3,0,60
285.3679036,39.00264898,-76.49953823,5.151787761e-08,3,0,60
285.4180845,39.00265033,-76.49953823,5.091988007e-08,3,0,60
285.4683111,39.00265168,-76.49953823,5.040653406e-08,3,0,60
285.5185078,39.00265303,-76.49953823,4.990124149e-08,3,0,60
285.5687391,39.00265438,-76.49953823,4.940253154e-08,3,0,60
285.6189312,39.00265573,-76.49953823,4.89027154e-08,3,0,60
285.6690988,39.00265708,-76.49953823,4.834745237e-08,3,0,60
285.7192715,39.00265844,-76.49953823,4.785606666e-08,3,0,60
285.7694269,39.00265979,-76.49953823,4.73704829e-08,3,0,60
285.8196176,39.00266114,-76.49953823,4.684697772e-08,3,0,60
285.8697771,39.00266249,-76.49953823,4.634971377e-08,3,0,60
285.9199497,39.00266384,-76.49953823,4.592068596e-08,3,0,60
285.9701023,39.00266519,-76.49953823,4.53867448e-08,3,0,60
286.0202757,39.00266654,-76.49953823,4.49081285e-08,3,0,60
286.0704219,39.00266789,-76.49953823,4.448249866e-08,3,0,60
286.1205954,39.00266925,-76.49953823,4.405505971e-08,3,0,60
286.170765,39.0026706,-76.49953823,4.352405271e-08,3,0,60
286.2209707,39.00267195,-76.49953823,4.310541523e-08,3,0,60
286.271133,39.0026733,-76.49953823,4.261294068e-08,3,0,60
286.3212986,39.00267465,-76.49953823,4.216790721e-08,3,0,60
286.3714634,39.002676,-76.49953823,4.175597291e-08,3,0,60
286.4216127,39.00267735,-76.49953823,4.132826719e-08,3,0,60
286.4717663,39.0026787,-76.49953823,4.084509067e-08,3,0,60
286.5219517,39.00268005,-76.49953823,4.048237431e-08,3,0,60
286.5721548,39.00268141,-76.49953823,4.005384553e-08,3,0,60
286.6223123,39.00268276,-76.49953823,3.962547052e-08,3,0,60
286.6725362,39.00268411,-76.49953823,3.917982988e-08,3,0,60
286.7227883,39.00268546,-76.49953823,3.880028391e-08,3,0,60
286.7729824,39.00268681,-76.49953823,3.842530262e-08,3,0,60
286.8232181,39.00268816,-76.49953823,3.802836352e-08,3,0,60
286.8733884,39.00268951,-76.49953823,3.760389147e-08,3,0,60
286.9236263,39.00269086,-76.49953823,3.726642324e-08,3,0,60
286.9738016,39.00269222,-76.49953823,3.685774602e-08,3,0,60
287.0239681,39.00269357,-76.49953823,3.646052814e-08,3,0,60
287.0741323,39.00269492,-76.49953823,3.611718081e-08,3,0,60
287.124304,39.00269627,-76.49953823,3.564975498e-08,3,0,60
287.1744684,39.00269762,-76.49953823,3.529123126e-08,3,0,60
287.2246436,39.00269897,-76.49953823,3.495739861e-08,3,0,60
287.2748082,39.00270032,-76.49953823,3.45811246e-08,3,0,60
287.3249749,39.00270167,-76.49953823,3.423275808e-08,3,0,60
287.3751349,39.00270303,-76.49953823,3.391207333e-08,3,0,60
287.4253245,39.00270438,-76.49953823,3.351049762e-08,3,0,60
287.4755475,39.00270573,-76.49953825,-0.01309092127,3,0,60
287.5257897,39.00270708,-76.4995383,-0.02618741548,3,0,60
287.575987,39.00270843,-76.49953837,-0.03928074061,3,0,60
287.6261724,39.00270978,-76.49953846,-0.05237614939,3,0,60
287.6763991,39.00271113,-76.49953857,-0.06546123515,3,0,60
287.7266002,39.00271247,-76.49953871,-0.07854121213,3,0,60
287.776776,39.00271382,-76.49953886,-0.09163147734,3,0,60
287.8269614,39.00271516,-76.49953904,-0.1047199715,3,0,60
287.8771932,39.0027165,-76.49953925,-0.1178107467,3,0,60
287.9274087,39.00271784,-76.49953947,-0.1309082048,3,0,60
287.9776744,39.00271918,-76.49953972,-0.1439983383,3,0,60
288.0279638,39.00272051,-76.49953999,-0.1570794507,3,0,60
288.0782627,39.00272185,-76.49954029,-0.1701683352,3,0,60
288.1285056,39.00272317,-76.4995406,-0.1832579457,3,0,60
288.1787429,39.0027245,-76.49954094,-0.1963488353,3,0,60
288.2289377,39.00272582,-76.4995413,-0.2094432293,3,0,60
288.2791487,39.00272714,-76.49954168,-0.2225283289,3,0,60
288.32937,39.00272845,-76.49954209,-0.2356178056,3,0,60
288.3795597,39.00272976,-76.49954251,-0.2487068862,3,0,60
288.4297857,39.00273107,-76.49954296,-0.2618162808,3,0,60
288.4800593,39.00273237,-76.49954343,-0.2748868309,3,0,60
288.5303,39.00273366,-76.49954392,-0.2879786939,3,0,60
288.5804795,39.00273495,-76.49954444,-0.3010779645,3,0,60
288.6306389,39.00273624,-76.49954497,-0.3141642967,3,0,60
288.6808834,39.00273752,-76.49954553,-0.3272470741,3,0,60
288.7311074,39.00273879,-76.49954611,-0.3403373676,3,0,60
288.7813087,39.00274006,-76.49954671,-0.3534284237,3,0,60
288.8314907,39.00274132,-76.49954733,-0.3665355873,3,0,60
288.881717,39.00274258,-76.49954797,-0.3796091067,3,0,60
288.9319445,39.00274382,-76.49954863,-0.3926987475,3,0,60
288.9821845,39.00274507,-76.49954931,-0.40578852,3,0,60
289.0324001,39.0027463,-76.49955002,-0.418887638,3,0,60
289.082655,39.00274753,-76.49955074,-0.4319671896,3,0,60
289.1328671,39.00274875,-76.49955149,-0.4450728337,3,0,60
289.1830947,39.00274996,-76.49955225,-0.458147294,3,0,60
289.2334407,39.00275116,-76.49955304,-0.4712433209,3,0,60
289.2836232,39.00275236,-76.49955385,-0.4843237055,3,0,60
289.3337308,39.00275355,-76.49955467,-0.4974363426,3,0,60
289.3839633,39.00275473,-76.49955552,-0.5105153009,3,0,60
289.434121,39.00275706,-76.49955727,-0.536688785,3,0,60
289.4842732,39.00275821,-76.49955817,-0.5497777805,3,0,60
289.5344767,39.00275935,-76.4995591,-0.5628668312,3,0,60
289.5846182,39.00276048,-76.49956004,-0.5759588821,3,0,60
289.6347662,39.00276161,-76.499561,-0.589048303,3,0,60
289.6849192,39.00276272,-76.49956198,-0.6021377257,3,0,60
289.7350582,39.00276382,-76.49956298,-0.6152266898,3,0,60
289.7852041,39.00276492,-76.499564,-0.6283164215,3,0,60
289.8353508,39.002766,-76.49956504,-0.6414061997,3,0,60
289.8854964,39.00276707,-76.49956609,-0.6545004388,3,0,60
289.9356399,39.00276813,-76.49956716,-0.6675872307,3,0,60
289.9857252,39.00276919,-76.49956824,-0.6730257913,3,0,60
290.0358782,39.00277025,-76.49956932,-0.6718302177,3,0,60
290.0860302,39.00277131,-76.4995704,-0.6706473105,3,0,60
290.1361874,39.00277237,-76.49957147,-0.6694766272,3,0,60
290.1863337,39.00277343,-76.49957255,-0.6683182817,3,0,60
290.2364931,39.00277449,-76.49957362,-0.6671720745,3,0,60
290.2866941,39.00277555,-76.49957469,-0.666038028,3,0,60
290.3369277,39.00277662,-76.49957574,-0.6529528682,3,0,60
290.3870844,39.00277771,-76.49957677,-0.6398604819,3,0,60
290.4372737,39.0027788,-76.49957779,-0.626768244,3,0,60
290.4874304,39.00277991,-76.49957879,-0.6136768078,3,0,60
290.5376309,39.00278102,-76.49957976,-0.6005920812,3,0,60
290.5878358,39.00278214,-76.49958072,-0.587501532,3,0,60
290.6379842,39.00278328,-76.49958166,-0.5744152838,3,0,60
290.6881779,39.00278442,-76.49958259,-0.5613160802,3,0,60
290.738342,39.00278558,-76.49958349,-0.5482326797,3,0,60
290.7886279,39.00278674,-76.49958437,-0.5351231041,3,0,60
290.8387946,39.0027879,-76.49958526,-0.5362835806,3,0,60
290.8889812,39.00278906,-76.49958614,-0.5379674171,3,0,60
290.9391461,39.00279022,-76.49958703,-0.5396367616,3,0,60
290.9893051,39.00279138,-76.49958793,-0.5412885286,3,0,60
291.0395055,39.00279254,-76.4995888,-0.5282011683,3,0,60
291.0897194,39.00279372,-76.49958965,-0.5151005604,3,0,60
291.1398982,39.00279491,-76.49959049,-0.5020179631,3,0,60
291.190064,39.0027961,-76.4995913,-0.4889237549,3,0,60
291.2402334,39.0027973,-76.49959209,-0.475839065,3,0,60
291.2904165,39.00279851,-76.49959287,-0.4627444257,3,0,60
291.3406043,39.00279973,-76.49959362,-0.4496483849,3,0,60
291.3907638,39.00280095,-76.49959435,-0.4365684283,3,0,60
291.4409259,39.00280218,-76.49959507,-0.4265380891,3,0,60
291.4910831,39.00280341,-76.49959579,-0.4293973206,3,0,60
291.5412489,39.00280463,-76.49959651,-0.4322298764,3,0,60
291.5914113,39.00280586,-76.49959724,-0.4350287346,3,0,60
291.6416214,39.00280708,-76.49959798,-0.4378023627,3,0,60
291.6918361,39.00280832,-76.49959869,-0.4247098963,3,0,60
291.74199,39.00280955,-76.49959938,-0.4116185051,3,0,60
291.7921758,39.0028108,-76.49960006,-0.398523007,3,0,60
291.8423317,39.00281205,-76.49960071,-0.3854426632,3,0,60
291.8924595,39.00281331,-76.49960134,-0.3723442118,3,0,60
291.9426058,39.00281457,-76.49960194,-0.35925298,3,0,60
291.992802,39.00281585,-76.49960253,-0.3461593198,3,0,60
292.0429729,39.00281712,-76.4996031,-0.3330755035,3,0,60
292.0931292,39.00281841,-76.49960364,-0.31997787,3,0,60
292.143267,39.00281969,-76.49960419,-0.3183727141,3,0,60
292.1935049,39.00282097,-76.49960473,-0.3209102165,3,0,60
292.2436758,39.00282225,-76.49960528,-0.3234210801,3,0,60
292.2937948,39.00282353,-76.49960584,-0.3259046508,3,0,60
292.3439845,39.00282482,-76.49960637,-0.3128159708,3,0,60
292.3941505,39.00282611,-76.49960688,-0.2997264604,3,0,60
292.4443141,39.0028274,-76.49960737,-0.2866363195,3,0,60
292.49448,39.0028287,-76.49960784,-0.2735472617,3,0,60
292.544722,39.00283001,-76.49960828,-0.2604529782,3,0,60
292.5948992,39.00283132,-76.49960871,-0.2473640916,3,0,60
292.6451119,39.00283263,-76.49960911,-0.2342773657,3,0,60
292.695304,39.00283395,-76.49960949,-0.2211865289,3,0,60
292.7454697,39.00283527,-76.49960985,-0.2080942618,3,0,60
292.7956573,39.0028366,-76.4996102,-0.2039315352,3,0,60
292.8458148,39.00283792,-76.49961055,-0.2062083777,3,0,60
292.895997,39.00283924,-76.49961091,-0.2084601353,3,0,60
292.9461573,39.00284056,-76.49961127,-0.2106909086,3,0,60
292.9963541,39.00284189,-76.49961161,-0.1975956684,3,0,60
293.046541,39.00284322,-76.49961193,-0.1845063672,3,0,60
293.0967793,39.00284455,-76.49961223,-0.1714234863,3,0,60
293.1469478,39.00284588,-76.4996125,-0.1583313322,3,0,60
293.1971411,39.00284722,-76.49961275,-0.1452387833,3,0,60
293.2473099,39.00284856,-76.49961298,-0.1321429578,3,0,60
293.2975018,39.0028499,-76.49961318,-0.1190554074,3,0,60
293.347689,39.00285124,-76.49961337,-0.1059632075,3,0,60
293.3978613,39.00285259,-76.49961353,-0.09287806391,3,0,60
293.4480251,39.00285393,-76.49961368,-0.08589750999,3,0,60
293.4981761,39.00285528,-76.49961383,-0.0879452109,3,0,60
293.5483388,39.00285663,-76.49961398,-0.08997496858,3,0,60
293.5984812,39.00285797,-76.49961414,-0.09198023492,3,0,60
293.648653,39.00285932,-76.49961428,-0.07888909504,3,0,60
293.6988214,39.00286067,-76.49961439,-0.06579900995,3,0,60
293.7490234,39.00286202,-76.49961448,-0.05271058651,3,0,60
293.7991932,39.00286337,-76.49961455,-0.03961739805,3,0,60
293.8493653,39.00286472,-76.4996146,-0.02653071768,3,0,60
293.8995237,39.00286607,-76.49961462,-0.01344010192,3,0,60
293.9497268,39.00286742,-76.49961462,-0.0003493324922,3,0,60
293.9999068,39.00286877,-76.4996146,0.01274804556,3,0,60
294.0501469,39.00287012,-76.49961456,0.02583352453,3,0,60
294.100375,39.00287147,-76.49961449,0.03577013644,3,0,60
294.1505943,39.00287282,-76.49961443,0.0339111009,3,0,60
294.2007771,39.00287417,-76.49961438,0.03207097355,3,0,60
294.2509506,39.00287552,-76.4996143,0.04514783642,3,0,60
294.301143,39.00287687,-76.4996142,0.0582402743,3,0,60
294.3513732,39.00287822,-76.49961408,0.0713293258,3,0,60
294.4015965,39.00287957,-76.49961393,0.08442020807,3,0,60
294.4517827,39.00288091,-76.49961376,0.09750755839,3,0,60
294.5019501,39.00288225,-76.49961357,0.1106011712,3,0,60
294.5521298,39.00288359,-76.49961336,0.1236889598,3,0,60
294.6022927,39.00288493,-76.49961312,0.1367805492,3,0,60
294.6524701,39.00288627,-76.49961286,0.1498684998,3,0,60
294.7026579,39.0028876,-76.49961258,0.1611959889,3,0,60
294.7528925,39.00288894,-76.49961231,0.159485763,3,0,60
294.8030773,39.00289027,-76.49961204,0.1577948263,3,0,60
294.8533137,39.0028916,-76.49961174,0.1708843009,3,0,60
294.9034781,39.00289293,-76.49961143,0.1839764212,3,0,60
294.9537072,39.00289426,-76.49961109,0.1970649572,3,0,60
295.0038673,39.00289558,-76.49961073,0.2101566414,3,0,60
295.0540266,39.00289689,-76.49961034,0.2232463408,3,0,60
295.1042535,39.00289821,-76.49960994,0.2363377462,3,0,60
295.1544222,39.00289952,-76.49960951,0.249425423,3,0,60
295.2045965,39.00290082,-76.49960906,0.2625215758,3,0,60
295.2547681,39.00290212,-76.49960859,0.2756045336,3,0,60
295.3049766,39.00290342,-76.4996081,0.2884325257,3,0,60
295.3551472,39.00290471,-76.4996076,0.2884325257,3,0,60
295.4053554,39.00290601,-76.49960712,0.2852764379,3,0,60
295.4555876,39.0029073,-76.49960661,0.2983604804,3,0,60
295.5057657,39.00290859,-76.49960608,0.3114587038,3,0,60
295.5560003,39.00290987,-76.49960552,0.3245428418,3,0,60
295.6062313,39.00291114,-76.49960495,0.337634969,3,0,60
295.656473,39.00291241,-76.49960436,0.3507217386,3,0,60
295.7066549,39.00291368,-76.49960374,0.3638214454,3,0,60
295.7568858,39.00291493,-76.4996031,0.3769048292,3,0,60
295.8070928,39.00291618,-76.49960244,0.3899990892,3,0,60
295.8572927,39.00291742,-76.49960176,0.4030843166,3,0,60
295.9075237,39.00291866,-76.49960106,0.4161854575,3,0,60
295.9577282,39.0029199,-76.49960037,0.4160597817,3,0,60
296.0079391,39.00292112,-76.49959964,0.4291526372,3,0,60
296.0581368,39.00292234,-76.4995989,0.4422405357,3,0,60
296.1083063,39.00292356,-76.49959814,0.4553309423,3,0,60
296.1584966,39.00292476,-76.49959736,0.4684191134,3,0,60
296.2086809,39.00292596,-76.49959656,0.4815228058,3,0,60
296.2588875,39.00292715,-76.49959574,0.4945988552,3,0,60
296.3091259,39.00292833,-76.49959489,0.5077028128,3,0,60
296.3593277,39.0029295,-76.49959403,0.5207856364,3,0,60
296.4094995,39.00293067,-76.49959315,0.5338702569,3,0,60
296.4597075,39.00293182,-76.49959225,0.5469702689,3,0,60
296.5098859,39.00293298,-76.49959135,0.546993357,3,0,60
296.5600974,39.00293413,-76.49959045,0.5456335195,3,0,60
296.6102826,39.00293528,-76.49958953,0.5587253319,3,0,60
296.6604928,39.00293641,-76.4995886,0.5718258191,3,0,60
296.7106741,39.00293754,-76.49958764,0.5849148939,3,0,60
296.7608465,39.00293866,-76.49958667,0.5979935868,3,0,60
296.8110265,39.00293976,-76.49958567,0.6110863849,3,0,60
296.8612663,39.00294086,-76.49958466,0.6241732721,3,0,60
296.9114421,39.00294194,-76.49958363,0.6372611866,3,0,60
296.9616054,39.00294302,-76.49958258,0.6503502017,3,0,60
297.0118187,39.00294408,-76.49958151,0.6634468504,3,0,60
297.0619905,39.00294514,-76.49958043,0.6765304237,3,0,60
297.112188,39.00294619,-76.49957934,0.6784689859,3,0,60
297.1623646,39.00294723,-76.49957824,0.6915631815,3,0,60
297.2125391,39.00294826,-76.49957712,0.7046519817,3,0,60
297.2627321,39.00294928,-76.49957598,0.7177375753,3,0,60
297.3129701,39.00295028,-76.49957482,0.7308280144,3,0,60
297.3631412,39.00295128,-76.49957365,0.743917334,3,0,60
297.4133219,39.00295226,-76.49957246,0.7570272203,3,0,60
297.4635246,39.00295323,-76.49957126,0.770096931,3,0,60
297.5137136,39.00295419,-76.49957003,0.783189287,3,0,60
297.5638864,39.00295513,-76.4995688,0.796277273,3,0,60
297.6140824,39.00295606,-76.49956754,0.80937712,3,0,60
297.6642804,39.00295699,-76.49956629,0.8115809748,3,0,60
297.7145061,39.00295791,-76.49956501,0.8246761171,3,0,60
297.7647804,39.00295882,-76.49956373,0.8377586252,3,0,60
297.8150118,39.00295971,-76.49956243,0.8508500824,3,0,60
297.8652113,39.00296058,-76.49956111,0.8639406217,3,0,60
297.915428,39.00296145,-76.49955978,0.8770346518,3,0,60
297.9656155,39.0029623,-76.49955843,0.8901218155,3,0,60
298.0158635,39.00296313,-76.49955707,0.903209408,3,0,60
298.066029,39.00296396,-76.4995557,0.9163019113,3,0,60
298.1162614,39.00296477,-76.49955431,0.9294002195,3,0,60
298.1664377,39.00296556,-76.49955291,0.9424922919,3,0,60
298.2166541,39.00296635,-76.49955151,0.9450804445,3,0,60
298.2668874,39.00296713,-76.49955009,0.9581704183,3,0,60
298.317117,39.00296789,-76.49954866,0.9712619533,3,0,60
298.3673171,39.00296864,-76.49954722,0.9843502236,3,0,60
298.4175103,39.00296937,-76.49954576,0.9974404068,3,0,60
298.467737,39.00297009,-76.4995443,1.01053084,3,0,60
298.5179699,39.00297079,-76.49954282,1.023620763,3,0,60
298.5681668,39.00297148,-76.49954133,1.036710381,3,0,60
298.6183892,39.00297215,-76.49953982,1.049801584,3,0,60
298.6686542,39.00297281,-76.49953831,1.062890551,3,0,60
298.7188668,39.00297345,-76.49953679,1.075983652,3,0,60
298.7691044,39.00297409,-76.49953526,1.079053699,3,0,60
298.8193315,39.00297473,-76.49953374,1.077972615,3,0,60
298.8695934,39.00297535,-76.4995322,1.091058962,3,0,60
298.9198279,39.00297596,-76.49953065,1.104157988,3,0,60
298.9700445,39.00297655,-76.4995291,1.11724088,3,0,60
299.0202482,39.00297713,-76.49952753,1.130333039,3,0,60
299.0704763,39.00297769,-76.49952595,1.143414964,3,0,60
299.1207099,39.00297823,-76.49952437,1.156519715,3,0,60
299.1709365,39.00297876,-76.49952278,1.169597138,3,0,60
299.2211116,39.00297927,-76.49952117,1.182691382,3,0,60
299.2713337,39.00297977,-76.49951956,1.195781765,3,0,60
299.3215516,39.00298024,-76.49951794,1.208869865,3,0,60
299.3717454,39.00298072,-76.49951632,1.214019978,3,0,60
299.4219338,39.00298117,-76.49951469,1.227118168,3,0,60
299.4721116,39.00298161,-76.49951305,1.240204545,3,0,60
299.5223006,39.00298203,-76.49951141,1.253295444,3,0,60
299.5725279,39.00298244,-76.49950975,1.266380034,3,0,60
299.622772,39.00298282,-76.49950809,1.279474559,3,0,60
299.6729878,39.0029832,-76.49950643,1.2925632,3,0,60
299.7232072,39.00298355,-76.49950476,1.305670347,3,0,60
299.7734185,39.00298389,-76.49950308,1.318742368,3,0,60
299.8236204,39.00298421,-76.4995014,1.331835391,3,0,60
299.873774,39.00298451,-76.49949971,1.344923117,3,0,60
299.9294709,39.0029848,-76.49949802,1.350468353,3,0,60
299.9797367,39.00298508,-76.49949633,1.36353949,3,0,60
300.0299705,39.00298534,-76.49949463,1.376641654,3,0,60
300.0802395,39.00298559,-76.49949293,1.389727138,3,0,60
300.1304987,39.00298581,-76.49949122,1.402821494,3,0,60
300.1807016,39.00298602,-76.49948951,1.415919974,3,0,60
300.2308742,39.00298621,-76.49948779,1.428999901,3,0,60
300.2811108,39.00298639,-76.49948608,1.442088558,3,0,60
300.3313032,39.00298654,-76.49948435,1.455179331,3,0,60
300.381509,39.00298668,-76.49948263,1.468270064,3,0,60
300.4317381,39.0029868,-76.49948091,1.481369338,3,0,60
300.4819353,39.0029869,-76.49947918,1.494451,3,0,60
300.5321094,39.00298699,-76.49947745,1.507543162,3,0,60
300.6041035,39.00298711,-76.49947399,1.533739701,3,0,60
300.6542762,39.00298714,-76.49947226,1.546808229,3,0,60
300.7044596,39.00298715,-76.49947053,1.559898784,3,0,60
300.7546187,39.00298715,-76.4994688,1.572985528,3,0,60
300.8048118,39.00298713,-76.49946707,1.58608003,3,0,60
300.8549628,39.00298709,-76.49946534,1.599171469,3,0,60
300.905143,39.00298704,-76.49946361,1.612265366,3,0,60
300.9553398,39.00298696,-76.49946187,1.624808457,3,0,60
301.0055556,39.00298687,-76.49946015,1.637897546,3,0,60
301.055785,39.00298676,-76.49945842,1.65096671,3,0,60
301.1059598,39.00298664,-76.4994567,1.664061548,3,0,60
301.1561391,39.00298649,-76.49945498,1.677151935,3,0,60
301.2063064,39.00298633,-76.49945326,1.6902517,3,0,60
301.2565103,39.00298616,-76.49945154,1.703329307,3,0,60
301.3066917,39.00298596,-76.49944983,1.716430946,3,0,60
301.3569447,39.00298575,-76.49944812,1.729522435,3,0,60
301.4071806,39.00298551,-76.49944641,1.74261497,3,0,60
301.4574844,39.00298527,-76.49944471,1.755689592,3,0,60
301.5077344,39.00298501,-76.49944301,1.761125647,3,0,60
301.5579679,39.00298474,-76.49944131,1.774214038,3,0,60
301.6081545,39.00298445,-76.49943962,1.787310972,3,0,60
301.6583719,39.00298414,-76.49943794,1.80039695,3,0,60
301.7086076,39.00298381,-76.49943625,1.813484817,3,0,60
301.7587628,39.00298347,-76.49943458,1.826576422,3,0,60
301.8089594,39.00298311,-76.49943291,1.839664547,3,0,60
301.8591575,39.00298274,-76.49943125,1.852757931,3,0,60
301.9093823,39.00298235,-76.49942959,1.86584282,3,0,60
301.9596379,39.00298194,-76.49942794,1.878933572,3,0,60
302.0097906,39.00298151,-76.4994263,1.892017846,3,0,60
302.0599751,39.00298107,-76.49942466,1.898049213,3,0,60
302.1101388,39.00298062,-76.49942303,1.911123064,3,0,60
302.160315,39.00298016,-76.4994214,1.924227038,3,0,60
302.2105083,39.00297967,-76.49941978,1.937317703,3,0,60
302.2607299,39.00297917,-76.49941818,1.950404572,3,0,60
302.3109307,39.00297865,-76.49941658,1.963496613,3,0,60
302.3611181,39.00297812,-76.49941498,1.976585026,3,0,60
302.4113096,39.00297757,-76.4994134,1.989679416,3,0,60
302.4615941,39.00297701,-76.49941183,2.00276604,3,0,60
302.5117797,39.00297642,-76.49941027,2.015856596,3,0,60
302.5620052,39.00297583,-76.49940871,2.028948417,3,0,60
302.6122082,39.00297522,-76.49940717,2.035567961,3,0,60
302.6624076,39.0029746,-76.49940563,2.048653415,3,0,60
302.7126175,39.00297396,-76.4994041,2.061744978,3,0,60
302.7627871,39.00297331,-76.49940259,2.074830052,3,0,60
302.8129629,39.00297264,-76.49940108,2.087925484,3,0,60
302.8631164,39.00297196,-76.49939959,2.101013195,3,0,60
302.9133256,39.00297126,-76.4993981,2.114105709,3,0,60
302.9635003,39.00297055,-76.49939663,2.127194307,3,0,60
303.0137185,39.00296982,-76.49939517,2.140287209,3,0,60
303.0639245,39.00296907,-76.49939373,2.153364004,3,0,60
303.1141034,39.00296831,-76.49939229,2.166482376,3,0,60
303.1642794,39.00296754,-76.49939088,2.179553395,3,0,60
303.2144475,39.00296676,-76.49938947,2.192659386,3,0,60
303.2646113,39.00296595,-76.49938807,2.205734068,3,0,60
303.3147987,39.00296514,-76.49938669,2.218842943,3,0,60
303.3649839,39.00296431,-76.49938533,2.231914924,3,0,60
303.4151853,39.00296347,-76.49938397,2.245006014,3,0,60
303.4653513,39.00296261,-76.49938263,2.25809689,3,0,60
303.5155487,39.00296174,-76.49938131,2.271189368,3,0,60
303.5657672,39.00296085,-76.49938,2.284273834,3,0,60
303.615955,39.00295996,-76.49937871,2.297365668,3,0,60
303.6661625,39.00295905,-76.49937743,2.310453019,3,0,60
303.7163939,39.00295812,-76.49937616,2.32354428,3,0,60
303.7666023,39.00295719,-76.49937492,2.336633429,3,0,60
303.8167913,39.00295623,-76.49937368,2.349743372,3,0,60
303.8670163,39.00295527,-76.49937247,2.36281457,3,0,60
303.9172669,39.0029543,-76.49937127,2.375911591,3,0,60
303.9674555,39.00295331,-76.49937008,2.388993988,3,0,60
304.0176541,39.00295232,-76.49936892,2.402087687,3,0,60
304.0678829,39.00295131,-76.49936777,2.415174251,3,0,60
304.1180403,39.00295028,-76.49936663,2.428269535,3,0,60
304.1682248,39.00294925,-76.49936552,2.441368684,3,0,60
304.2184463,39.00294821,-76.49936441,2.450398922,3,0,60
304.2686212,39.00294716,-76.49936333,2.463493217,3,0,60
304.3187878,39.00294609,-76.49936226,2.476572728,3,0,60
304.3689695,39.00294502,-76.49936121,2.489667338,3,0,60
304.4191485,39.00294393,-76.49936018,2.502753794,3,0,60
304.4693292,39.00294284,-76.49935916,2.515845867,3,0,60
304.5195036,39.00294173,-76.49935817,2.528937979,3,0,60
304.5697726,39.00294062,-76.49935719,2.542031974,3,0,60
304.6199533,39.00293949,-76.49935623,2.555115143,3,0,60
304.6701731,39.00293836,-76.49935529,2.568199568,3,0,60
304.7203515,39.00293721,-76.49935437,2.58129381,3,0,60
304.7706226,39.00293606,-76.49935346,2.588730076,3,0,60
304.8209533,39.0029349,-76.49935257,2.601822368,3,0,60
304.8712108,39.00293374,-76.4993517,2.614911848,3,0,60
304.9214486,39.00293256,-76.49935085,2.628008167,3,0,60
304.9716784,39.00293138,-76.49935002,2.641088196,3,0,60
305.0218558,39.00293018,-76.49934921,2.654183514,3,0,60
305.0720832,39.00292898,-76.49934842,2.66727226,3,0,60
305.1222548,39.00292777,-76.49934765,2.680364116,3,0,60
305.172434,39.00292655,-76.4993469,2.693451516,3,0,60
305.2226637,39.00292533,-76.49934617,2.706545079,3,0,60
305.2728744,39.00292409,-76.49934546,2.719629828,3,0,60
305.3231049,39.00292285,-76.49934477,2.732725772,3,0,60
305.3733548,39.00292161,-76.4993441,2.745811205,3,0,60
305.4235652,39.00292035,-76.49934345,2.758913882,3,0,60
305.4737672,39.00291909,-76.49934283,2.772002375,3,0,60
305.5239796,39.00291783,-76.49934222,2.785092789,3,0,60
305.5741536,39.00291655,-76.49934164,2.798185523,3,0,60
305.6243417,39.00291528,-76.49934108,2.811264458,3,0,60
305.6745499,39.00291399,-76.49934054,2.82435007,3,0,60
305.7247929,39.0029127,-76.49934002,2.837442198,3,0,60
305.774976,39.00291141,-76.49933952,2.850531713,3,0,60
305.8252178,39.00291011,-76.49933905,2.863622437,3,0,60
305.8754512,39.00290881,-76.4993386,2.876711294,3,0,60
305.9257225,39.0029075,-76.49933816,2.889810125,3,0,60
305.9759138,39.00290618,-76.49933776,2.902892804,3,0,60
306.0261177,39.00290487,-76.49933737,2.915983505,3,0,60
306.0763403,39.00290355,-76.499337,2.929073682,3,0,60
306.1265626,39.00290222,-76.49933666,2.942163194,3,0,60
306.176809,39.0029009,-76.49933634,2.955250364,3,0,60
306.2270188,39.00289956,-76.49933604,2.968368858,3,0,60
306.2772401,39.00289823,-76.49933576,2.981431806,3,0,60
306.3274891,39.00289689,-76.49933551,2.994524577,3,0,60
306.3777418,39.00289555,-76.49933528,3.007612565,3,0,60
306.4279332,39.00289421,-76.49933507,3.020702458,3,0,60
306.4781712,39.00289287,-76.49933488,3.033789964,3,0,60
306.5284047,39.00289152,-76.49933472,3.046883733,3,0,60
306.5786618,39.00289018,-76.49933458,3.059971288,3,0,60
306.6288766,39.00288883,-76.49933446,3.073062223,3,0,60
306.6790772,39.00288748,-76.49933436,3.08615069,3,0,60
306.7292674,39.00288613,-76.49933429,3.099243578,3,0,60
306.7794987,39.00288478,-76.49933424,3.112333623,3,0,60
306.8297094,39.00288343,-76.49933421,3.125432054,3,0,60
306.8799339,39.00288208,-76.4993342,3.132370688,3,0,60
306.9301559,39.00288073,-76.49933416,3.119264534,3,0,60
306.9803529,39.00287938,-76.4993341,3.10619097,3,0,60
307.0305321,39.00287803,-76.49933401,3.093103215,3,0,60
307.0807121,39.00287668,-76.49933391,3.080013279,3,0,60
307.1308751,39.00287533,-76.49933378,3.06692451,3,0,60
307.1810738,39.00287399,-76.49933363,3.053835424,3,0,60
307.2312745,39.00287264,-76.49933345,3.040731194,3,0,60
307.281449,39.0028713,-76.49933325,3.027650968,3,0,60
307.3316586,39.00286996,-76.49933303,3.014552825,3,0,60
307.3818916,39.00286862,-76.4993328,3.005191247,3,0,60
307.4320664,39.00286728,-76.49933257,3.007213026,3,0,60
307.4822228,39.00286594,-76.49933231,2.994136302,3,0,60
307.5324375,39.00286461,-76.49933204,2.981038521,3,0,60
307.58268,39.00286328,-76.49933174,2.967957235,3,0,60
307.6328648,39.00286195,-76.49933144,2.969673072,3,0,60
307.6830519,39.00286061,-76.49933115,2.973286255,3,0,60
307.7333068,39.00285928,-76.49933087,2.976868831,3,0,60
307.7834706,39.00285795,-76.49933059,2.980416394,3,0,60
307.8336387,39.00285662,-76.49933032,2.983939088,3,0,60
307.8838591,39.00285528,-76.49933005,2.987427938,3,0,60
307.9340312,39.00285395,-76.49932979,2.990886969,3,0,60
307.9841902,39.00285127,-76.49932929,2.997720557,3,0,60
308.0343524,39.00284993,-76.49932905,3.001092606,3,0,60
308.0845182,39.00284859,-76.49932881,3.004435322,3,0,60
308.134794,39.00284726,-76.49932858,3.007221265,3,0,60
308.1851366,39.00284591,-76.49932835,3.00912013,3,0,60
308.2352868,39.00284458,-76.49932812,3.011002718,3,0,60
308.2855004,39.00284324,-76.4993279,3.012863843,3,0,60
308.3356846,39.0028419,-76.49932768,3.014708153,3,0,60
308.3858308,39.00284055,-76.49932747,3.016535398,3,0,60
308.4359918,39.00283921,-76.49932725,3.018346181,3,0,60
308.4861709,39.00283787,-76.49932704,3.020136399,3,0,60
308.5363423,39.00283653,-76.49932684,3.02191086,3,0,60
308.5864908,39.00283519,-76.49932663,3.023668551,3,0,60
308.6366505,39.00283385,-76.49932643,3.025407386,3,0,60
308.6868096,39.00283251,-76.49932623,3.027129921,3,0,60
308.7369603,39.00283116,-76.49932604,3.028836317,3,0,60
308.7871148,39.00282982,-76.49932585,3.030525248,3,0,60
308.8373531,39.00282848,-76.49932566,3.032199333,3,0,60
308.8875206,39.00282713,-76.49932547,3.031280477,3,0,60
308.9377233,39.00282579,-76.49932528,3.032419782,3,0,60
308.9878906,39.00282445,-76.49932509,3.033547094,3,0,60
309.0380476,39.0028231,-76.49932491,3.034663448,3,0,60
309.0882199,39.00282176,-76.49932472,3.035768623,3,0,60
309.1384092,39.00282042,-76.49932454,3.036862644,3,0,60
309.1886165,39.00281907,-76.49932436,3.037945114,3,0,60
309.2388009,39.00281773,-76.49932419,3.039017833,3,0,60
309.2890071,39.00281638,-76.49932401,3.040078288,3,0,60
309.3391771,39.00281504,-76.49932384,3.041129406,3,0,60
309.3893553,39.00281369,-76.49932367,3.04216874,3,0,60
309.4395959,39.00281235,-76.4993235,3.04319906,3,0,60
309.4897652,39.00281101,-76.49932333,3.044216845,3,0,60
309.5399554,39.00280966,-76.49932316,3.045225306,3,0,60
309.5901684,39.00280832,-76.499323,3.046223646,3,0,60
309.6403658,39.00280697,-76.49932283,3.047212125,3,0,60
309.6905379,39.00280563,-76.49932267,3.048190192,3,0,60
309.7407213,39.00280428,-76.49932251,3.049158498,3,0,60
309.7908807,39.00280294,-76.49932235,3.050117259,3,0,60
309.8410274,39.00280159,-76.4993222,3.051065748,3,0,60
309.8911867,39.00280024,-76.49932204,3.052004854,3,0,60
309.9413557,39.0027989,-76.49932189,3.052934751,3,0,60
309.9916143,39.00279755,-76.49932174,3.053854198,3,0,60
310.04172,39.00279621,-76.49932159,3.054765342,3,0,60
310.0919212,39.00279486,-76.49932144,3.055665988,3,0,60
310.1420838,39.00279351,-76.49932129,3.056557978,3,0,60
310.1922886,39.00279217,-76.49932115,3.057441398,3,0,60
310.242459,39.00279082,-76.499321,3.058315409,3,0,60
310.2927059,39.00278947,-76.49932086,3.059180455,3,0,60
310.3428691,39.00278813,-76.49932072,3.06003674,3,0,60
310.3930885,39.00278678,-76.49932058,3.060883968,3,0,60
310.4433164,39.00278543,-76.49932044,3.061723008,3,0,60
310.4934928,39.00278409,-76.4993203,3.062553309,3,0,60
310.5437273,39.00278274,-76.49932017,3.063374959,3,0,60
310.5939026,39.00278139,-76.49932003,3.064188323,3,0,60
310.6440725,39.00278005,-76.4993199,3.064993615,3,0,60
310.6942532,39.0027787,-76.49931977,3.065789966,3,0,60
310.7444748,39.00277735,-76.49931964,3.066579417,3,0,60
310.7946438,39.002776,-76.49931951,3.067358994,3,0,60
310.8448324,39.00277466,-76.49931939,3.068131785,3,0,60
310.8950328,39.00277331,-76.49931926,3.068895909,3,0,60
310.9452899,39.00277196,-76.49931914,3.069652565,3,0,60
310.9954638,39.00277061,-76.49931901,3.070401324,3,0,60
311.0456439,39.00276927,-76.49931889,3.071142662,3,0,60
311.0958938,39.00276792,-76.49931877,3.071876056,3,0,60
311.1460704,39.00276657,-76.49931865,3.072602087,3,0,60
311.1962552,39.00276522,-76.49931853,3.073320611,3,0,60
311.2464253,39.00276387,-76.49931842,3.074031714,3,0,60
311.2965988,39.00276253,-76.4993183,3.074735394,3,0,60
311.3467906,39.00276118,-76.49931819,3.075432117,3,0,60
311.3969789,39.00275983,-76.49931807,3.076121299,3,0,60
311.4471976,39.00275848,-76.49931796,3.076804362,3,0,60
311.4974313,39.00275713,-76.49931785,3.077478694,3,0,60
311.5476151,39.00275578,-76.49931774,3.078147006,3,0,60
311.5978054,39.00275443,-76.49931763,3.078808217,3,0,60
311.6479908,39.00275309,-76.49931752,3.079463517,3,0,60
311.6981776,39.00275174,-76.49931742,3.080110417,3,0,60
311.748362,39.00275039,-76.49931731,3.080751517,3,0,60
311.7985457,39.00274904,-76.49931721,3.081385888,3,0,60
311.8487488,39.00274769,-76.4993171,3.082013682,3,0,60
311.898928,39.00274634,-76.499317,3.082635126,3,0,60
311.9491009,39.00274499,-76.4993169,3.083250133,3,0,60
311.999271,39.00274365,-76.4993168,3.083858576,3,0,60
312.0495051,39.0027423,-76.4993167,3.084460896,3,0,60
312.0997196,39.00274095,-76.4993166,3.085056802,3,0,60
312.1498879,39.0027396,-76.49931651,3.085646897,3,0,60
312.2000803,39.00273825,-76.49931641,3.086230301,3,0,60
312.2502674,39.0027369,-76.49931632,3.086809123,3,0,60
312.3004508,39.00273555,-76.49931622,3.087379896,3,0,60
312.3506178,39.0027342,-76.49931613,3.087946298,3,0,60
312.4008189,39.00273285,-76.49931604,3.088505586,3,0,60
312.4509958,39.0027315,-76.49931595,3.089060345,3,0,60
312.5012064,39.00273015,-76.49931586,3.08960801,3,0,60
312.5514032,39.0027288,-76.49931577,3.090150819,3,0,60
312.6016013,39.00272745,-76.49931568,3.090687796,3,0,60
312.6517765,39.00272611,-76.49931559,3.091219547,3,0,60
312.7019689,39.00272476,-76.49931551,3.091745142,3,0,60
312.7521819,39.00272341,-76.49931542,3.092265887,3,0,60
312.8023877,39.00272206,-76.49931534,3.09278098,3,0,60
312.8526041,39.00272071,-76.49931525,3.09278098,3,0,60
312.9027982,39.00271936,-76.49931517,3.093800404,3,0,60
312.9530137,39.00271801,-76.49931509,3.094299703,3,0,60
313.0031866,39.00271666,-76.49931501,3.094793502,3,0,60
313.0534223,39.00271531,-76.49931493,3.095282369,3,0,60
313.103659,39.00271396,-76.49931485,3.095766152,3,0,60
313.1538196,39.00271261,-76.49931477,3.096244991,3,0,60
313.2040051,39.00271126,-76.49931469,3.096718702,3,0,60
313.254186,39.00270991,-76.49931461,3.097187544,3,0,60
313.304372,39.00270856,-76.49931454,3.097651452,3,0,60
313.3546361,39.00270721,-76.49931446,3.098110468,3,0,60
313.4048601,39.00270586,-76.49931439,3.098564882,3,0,60
313.4550508,39.00270451,-76.49931432,3.099014657,3,0,60
313.5052619,39.00270316,-76.49931424,3.09945945,3,0,60
313.5554603,39.00270181,-76.49931417,3.099899779,3,0,60
313.6057318,39.00270046,-76.4993141,3.100335502,3,0,60
313.6559281,39.00269911,-76.49931403,3.100766879,3,0,60
313.706175,39.00269776,-76.49931396,3.101193365,3,0,60
313.7563722,39.00269641,-76.49931389,3.101615721,3,0,60
313.8066411,39.00269506,-76.49931382,3.102033529,3,0,60
313.8568644,39.00269371,-76.49931375,3.102447054,3,0,60
313.9070853,39.00269236,-76.49931369,3.102856262,3,0,60
313.9573159,39.00269101,-76.49931362,3.1032612,3,0,60
314.0074899,39.00268966,-76.49931355,3.103661962,3,0,60
314.0576544,39.00268831,-76.49931349,3.104058768,3,0,60
314.1079038,39.00268696,-76.49931342,3.104450887,3,0,60
314.1581271,39.00268561,-76.49931336,3.104839686,3,0,60
314.208358,39.00268426,-76.4993133,3.10522347,3,0,60
314.2586096,39.00268291,-76.49931324,3.10560391,3,0,60
314.3088641,39.00268156,-76.49931317,3.105980112,3,0,60
314.3590803,39.00268021,-76.49931311,3.106352592,3,0,60
314.4093374,39.00267886,-76.49931305,3.106720977,3,0,60
314.4595617,39.00267751,-76.49931299,3.107085811,3,0,60
314.5098188,39.00267616,-76.49931293,3.107446497,3,0,60
314.5600403,39.00267481,-76.49931288,3.107803654,3,0,60
314.6102646,39.00267345,-76.49931282,3.10815699,3,0,60
314.6606271,39.00267211,-76.49931276,3.10850696,3,0,60
314.710805,39.00267075,-76.4993127,3.108852683,3,0,60
314.7609892,39.0026694,-76.49931265,3.109195193,3,0,60
314.8111894,39.00266805,-76.49931259,3.109533949,3,0,60
314.8614001,39.0026667,-76.49931254,3.109869636,3,0,60
314.9116005,39.00266535,-76.49931248,3.110201103,3,0,60
314.9617836,39.002664,-76.49931243,3.110529545,3,0,60
315.011981,39.00266265,-76.49931238,3.110854383,3,0,60
315.0621584,39.0026613,-76.49931232,3.111176038,3,0,60
315.1123738,39.00265995,-76.49931227,3.111494153,3,0,60
315.1625433,39.0026586,-76.49931222,3.111809073,3,0,60
315.2127221,39.00265725,-76.49931217,3.112120634,3,0,60
315.2628706,39.0026559,-76.49931212,3.112428931,3,0,60
315.3130195,39.00265455,-76.49931207,3.112734009,3,0,60
315.3631758,39.0026532,-76.49931202,3.113035963,3,0,60
315.4133218,39.00265185,-76.49931197,3.113334797,3,0,60
315.4634812,39.0026505,-76.49931192,3.113630574,3,0,60
315.5137742,39.00264915,-76.49931187,3.113922919,3,0,60
315.5639646,39.00264779,-76.49931183,3.114212395,3,0,60
315.614194,39.00264644,-76.49931178,3.114499301,3,0,60
315.6644001,39.00264509,-76.49931173,3.114782441,3,0,60
315.714646,39.00264374,-76.49931169,3.115062848,3,0,60
315.7648106,39.00264239,-76.49931164,3.115340457,3,0,60
315.8150126,39.00264104,-76.4993116,3.115615295,3,0,60
315.8652001,39.00263969,-76.49931155,3.115887224,3,0,60
315.9154415,39.00263834,-76.49931151,3.116155931,3,0,60
315.9656457,39.00263699,-76.49931146,3.116422329,3,0,60
316.0158566,39.00263564,-76.49931142,3.116685497,3,0,60
316.0660342,39.00263429,-76.49931138,3.1169462,3,0,60
316.116218,39.00263294,-76.49931134,3.117204097,3,0,60
316.1664886,39.00263159,-76.49931129,3.117459461,3,0,60
316.2166592,39.00263024,-76.49931125,3.117711852,3,0,60
316.2668653,39.00262889,-76.49931121,3.117961872,3,0,60
316.3170585,39.00262753,-76.49931117,3.118209012,3,0,60
316.3672825,39.00262618,-76.49931113,3.118453833,3,0,60
316.4175015,39.00262483,-76.49931109,3.11869595,3,0,60
316.4677221,39.00262348,-76.49931105,3.11893568,3,0,60
316.5179525,39.00262213,-76.49931101,3.119172726,3,0,60
316.5682271,39.00262078,-76.49931098,3.11940736,3,0,60
316.6184439,39.00261943,-76.49931094,3.119639534,3,0,60
316.6686847,39.00261808,-76.4993109,3.119869326,3,0,60
316.7189132,39.00261673,-76.49931086,3.120096733,3,0,60
316.7691319,39.00261538,-76.49931083,3.120321723,3,0,60
316.8193294,39.00261403,-76.49931079,3.120544281,3,0,60
316.8695191,39.00261267,-76.49931075,3.120764669,3,0,60
316.91971,39.00261132,-76.49931072,3.120982651,3,0,60
316.9699252,39.00260997,-76.49931068,3.121198379,3,0,60
317.0202966,39.00260862,-76.49931065,3.121412002,3,0,60
317.0704908,39.00260727,-76.49931061,3.12162306,3,0,60
317.1206626,39.00260592,-76.49931058,3.121832036,3,0,60
317.1708508,39.00260457,-76.49931055,3.1220389,3,0,60
317.2210486,39.00260322,-76.49931051,3.122243554,3,0,60
317.271278,39.00260187,-76.49931048,3.122446106,3,0,60
317.3215297,39.00260052,-76.49931045,3.122646501,3,0,60
317.3717718,39.00259917,-76.49931041,3.122844862,3,0,60
317.4220254,39.00259782,-76.49931038,3.12304107,3,0,60
317.4722333,39.00259646,-76.49931035,3.123235282,3,0,60
317.5224464,39.00259511,-76.49931032,3.123427439,3,0,60
317.5726605,39.00259376,-76.49931029,3.123617636,3,0,60
317.6228708,39.00259241,-76.49931026,3.12380576,3,0,60
317.6730714,39.00259106,-76.49931023,3.123991961,3,0,60
317.7233258,39.00258971,-76.4993102,3.124176147,3,0,60
317.7735359,39.00258836,-76.49931017,3.124358535,3,0,60
317.8237746,39.00258701,-76.49931014,3.124538921,3,0,60
317.8739897,39.00258566,-76.49931011,3.124717674,3,0,60
317.9241665,39.00258431,-76.49931008,3.124894115,3,0,60
317.974359,39.00258295,-76.49931005,3.125068949,3,0,60
318.0245444,39.0025816,-76.49931002,3.125241891,3,0,60
318.0747889,39.00258025,-76.49930999,3.125413133,3,0,60
318.1249598,39.0025789,-76.49930997,3.125582408,3,0,60
318.1751551,39.00257755,-76.49930994,3.125750227,3,0,60
318.2253538,39.0025762,-76.49930991,3.125915903,3,0,60
318.2755402,39.00257485,-76.49930988,3.126080047,3,0,60
318.3257777,39.0025735,-76.49930986,3.12624244,3,0,60
318.3760426,39.00257215,-76.49930983,3.126403175,3,0,60
318.4262554,39.0025708,-76.49930981,3.126562165,3,0,60
318.4764508,39.00256944,-76.49930978,3.126719544,3,0,60
318.5266477,39.00256809,-76.49930975,3.126875491,3,0,60
318.5768652,39.00256674,-76.49930973,3.127029333,3,0,60
318.6270451,39.00256539,-76.4993097,3.127181805,3,0,60
318.6772293,39.00256404,-76.49930968,3.127332704,3,0,60
318.7274363,39.00256269,-76.49930965,3.127481973,3,0,60
318.7776222,39.00256134,-76.49930963,3.127629712,3,0,60
318.8278723,39.00255999,-76.49930961,3.127776016,3,0,60
318.8781054,39.00255863,-76.49930958,3.12792057,3,0,60
318.9283431,39.00255729,-76.49930956,3.128063943,3,0,60
318.978542,39.00255593,-76.49930954,3.128205334,3,0,60
319.028781,39.00255458,-76.49930951,3.128345504,3,0,60
319.1091403,39.00255188,-76.49930947,3.128484325,3,0,60
319.1593487,39.00255053,-76.49930945,3.128758686,3,0,60
319.2095051,39.00254918,-76.49930942,3.128893067,3,0,60
319.2597027,39.00254783,-76.4993094,3.12902603,3,0,60
319.3098934,39.00254648,-76.49930938,3.129157598,3,0,60
319.3600805,39.00254513,-76.49930936,3.129287876,3,0,60
319.4102831,39.00254377,-76.49930934,3.129416631,3,0,60
319.4604529,39.00254242,-76.49930932,3.129544139,3,0,60
319.510681,39.00254107,-76.4993093,3.12967026,3,0,60
319.5608626,39.00253972,-76.49930928,3.129795102,3,0,60
319.6110936,39.00253837,-76.49930926,3.12991852,3,0,60
319.6613557,39.00253702,-76.49930924,3.130040882,3,0,60
319.7115469,39.00253567,-76.49930922,3.130161807,3,0,60
319.7617666,39.00253432,-76.4993092,3.130281523,3,0,60
319.8119563,39.00253297,-76.49930918,3.130399911,3,0,60
319.8621357,39.00253162,-76.49930916,3.130517122,3,0,60
319.9123287,39.00253026,-76.49930914,3.13063308,3,0,60
319.9625318,39.00252891,-76.49930912,3.130747887,3,0,60
320.0127697,39.00252756,-76.4993091,3.130861377,3,0,60
320.06298,39.00252621,-76.49930908,3.130973759,3,0,60
320.113191,39.00252486,-76.49930907,3.131084931,3,0,60
320.1633637,39.00252351,-76.49930905,3.13119496,3,0,60
320.2135549,39.00252216,-76.49930903,3.131303866,3,0,60
320.2638152,39.00252081,-76.49930901,3.131411692,3,0,60
320.3140202,39.00251945,-76.49930899,3.131518254,3,0,60
320.3642317,39.0025181,-76.49930898,3.131623783,3,0,60
320.4143961,39.00251675,-76.49930896,3.131728136,3,0,60
320.4646531,39.0025154,-76.49930894,3.131831431,3,0,60
320.5148564,39.00251405,-76.49930893,3.131933639,3,0,60
320.565075,39.0025127,-76.49930891,3.132034805,3,0,60
320.6152665,39.00251135,-76.49930889,3.132134764,3,0,60
320.6654443,39.00251,-76.49930888,3.132233828,3,0,60
320.7156108,39.00250865,-76.49930886,3.132331788,3,0,60
320.765737,39.0025073,-76.49930885,3.132428771,3,0,60
320.8159287,39.00250594,-76.49930883,3.132524717,3,0,60
320.8660978,39.00250459,-76.49930881,3.132619729,3,0,60
320.9163241,39.00250324,-76.4993088,3.132713626,3,0,60
320.9665018,39.00250189,-76.49930878,3.132806594,3,0,60
321.0167084,39.00250054,-76.49930877,3.132898591,3,0,60
321.0668714,39.00249919,-76.49930875,3.132989649,3,0,60
321.1170829,39.00249784,-76.49930874,3.133079732,3,0,60
321.1672496,39.00249649,-76.49930872,3.133168876,3,0,60
321.2174703,39.00249514,-76.49930871,3.133257073,3,0,60
321.2676851,39.00249378,-76.4993087,3.13334436,3,0,60
321.317904,39.00249243,-76.49930868,3.133430709,3,0,60
321.3680861,39.00249108,-76.49930867,3.13351619,3,0,60
321.4182869,39.00248973,-76.49930865,3.13360076,3,0,60
321.4685026,39.00248838,-76.49930864,3.133684445,3,0,60
321.5187272,39.00248703,-76.49930863,3.133767251,3,0,60
321.5689328,39.00248568,-76.49930861,3.133849195,3,0,60
321.6191382,39.00248433,-76.4993086,3.133930272,3,0,60
321.6693297,39.00248298,-76.49930859,3.134010513,3,0,60
321.7195453,39.00248162,-76.49930857,3.134089902,3,0,60
321.7698039,39.00248027,-76.49930856,3.134168475,3,0,60
321.8200232,39.00247892,-76.49930855,3.134246201,3,0,60
321.8702547,39.00247757,-76.49930854,3.134323145,3,0,60
321.920454,39.00247622,-76.49930852,3.134399261,3,0,60
321.9706571,39.00247487,-76.49930851,3.13447461,3,0,60
322.0208978,39.00247352,-76.4993085,3.13454917,3,0,60
322.0710978,39.00247217,-76.49930849,3.134622908,3,0,60
322.1213189,39.00247082,-76.49930847,3.13469584,3,0,60
322.1715542,39.00246946,-76.49930846,3.134768074,3,0,60
322.2217959,39.00246811,-76.49930845,3.134839563,3,0,60
322.2720538,39.00246676,-76.49930844,3.134910257,3,0,60
322.3222756,39.00246541,-76.49930843,3.13498036,3,0,60
322.3724952,39.00246406,-76.49930842,3.13504956,3,0,60
322.4227051,39.00246271,-76.49930841,3.135118051,3,0,60
322.472899,39.00246136,-76.49930839,3.135185791,3,0,60
322.5230948,39.00246001,-76.49930838,3.135252888,3,0,60
322.5733336,39.00245865,-76.49930837,3.135319271,3,0,60
322.6235828,39.0024573,-76.49930836,3.135384963,3,0,60
322.6738151,39.00245595,-76.49930835,3.135449959,3,0,60
322.7240348,39.0024546,-76.49930834,3.135514287,3,0,60
322.7742637,39.00245325,-76.49930833,3.135577933,3,0,60
322.824476,39.0024519,-76.49930832,3.135640931,3,0,60
322.8746555,39.00245055,-76.49930831,3.135703235,3,0,60
322.9248622,39.0024492,-76.4993083,3.135703235,3,0,60
322.9750673,39.00244785,-76.49930829,3.135764929,3,0,60
323.0252557,39.00244649,-76.49930828,3.135887614,3,0,60
323.0754951,39.00244514,-76.49930827,3.135947339,3,0,60
323.1257305,39.00244379,-76.49930826,3.136006538,3,0,60
323.1759078,39.00244244,-76.49930825,3.136064965,3,0,60
323.2261115,39.00244109,-76.49930824,3.13612285,3,0,60
323.2763272,39.00243974,-76.49930823,3.13618016,3,0,60
323.3265479,39.00243839,-76.49930822,3.136236806,3,0,60
323.3768142,39.00243704,-76.49930821,3.136292959,3,0,60
323.4270356,39.00243568,-76.4993082,3.136348399,3,0,60
323.4772664,39.00243433,-76.4993082,3.13640334,3,0,60
323.5274649,39.00243298,-76.49930819,3.136457651,3,0,60
323.577661,39.00243163,-76.49930818,3.136511421,3,0,60
323.6279578,39.00243028,-76.49930817,3.136564658,3,0,60
323.6781809,39.00242893,-76.49930816,3.136617287,3,0,60
323.7284055,39.00242758,-76.49930815,3.136669389,3,0,60
323.7786495,39.00242623,-76.49930814,3.136720974,3,0,60
323.8288541,39.00242487,-76.49930814,3.136771994,3,0,60
323.8790133,39.00242352,-76.49930813,3.136822489,3,0,60
323.9292256,39.00242217,-76.49930812,3.136872427,3,0,60
323.9794203,39.00242082,-76.49930811,3.136921815,3,0,60
324.0297157,39.00241947,-76.4993081,3.136970761,3,0,60
324.0798797,39.00241812,-76.4993081,3.137019163,3,0,60
324.1301124,39.00241677,-76.49930809,3.13706701,3,0,60
324.1803484,39.00241542,-76.49930808,3.137114409,3,0,60
324.2305626,39.00241407,-76.49930807,3.137161328,3,0,60
324.2808134,39.00241272,-76.49930806,3.137207713,3,0,60
324.3310095,39.00241136,-76.49930806,3.13725363,3,0,60
324.3812429,39.00241001,-76.49930805,3.137299084,3,0,60
324.4314901,39.00240866,-76.49930804,3.137344023,3,0,60
324.4817112,39.00240731,-76.49930803,3.137388521,3,0,60
324.5319125,39.00240596,-76.49930803,3.137432566,3,0,60
324.5820925,39.00240461,-76.49930802,3.137476127,3,0,60
324.6322944,39.00240326,-76.49930801,3.137519203,3,0,60
324.6825178,39.00240191,-76.49930801,3.137561864,3,0,60
324.7327568,39.00240056,-76.499308,3.137604074,3,0,60
324.7829306,39.0023992,-76.49930799,3.137645846,3,0,60
324.8330953,39.00239785,-76.49930799,3.137687172,3,0,60
324.8832688,39.0023965,-76.49930798,3.137728069,3,0,60
324.9334508,39.00239515,-76.49930797,3.137768529,3,0,60
324.9836648,39.0023938,-76.49930797,3.137808635,3,0,60
325.0338165,39.00239245,-76.49930796,3.137848204,3,0,60
325.0839935,39.0023911,-76.49930795,3.137887442,3,0,60
325.134151,39.0023884,-76.49930794,3.137964646,3,0,60
325.1843176,39.00238704,-76.49930793,3.138002611,3,0,60
325.234496,39.00238569,-76.49930793,3.1380402,3,0,60
325.2846441,39.00238434,-76.49930792,3.138077413,3,0,60
325.3347819,39.00238299,-76.49930792,3.138114227,3,0,60
325.3849334,39.00238164,-76.49930791,3.138150647,3,0,60
325.4351081,39.00238029,-76.4993079,3.138186731,3,0,60
325.4852631,39.00237894,-76.4993079,3.138222365,3,0,60
325.5354214,39.00237759,-76.49930789,3.138257655,3,0,60
325.585599,39.00237623,-76.49930789,3.138292561,3,0,60
325.6357845,39.00237488,-76.49930788,3.138327147,3,0,60
325.6859589,39.00237353,-76.49930788,3.138361319,3,0,60
325.7361504,39.00237218,-76.49930787,3.138395176,3,0,60
325.7863119,39.00237083,-76.49930787,3.138428639,3,0,60
325.8365336,39.00236948,-76.49930786,3.13846179,3,0,60
325.8867464,39.00236813,-76.49930785,3.138494563,3,0,60
325.9369663,39.00236678,-76.49930785,3.138527034,3,0,60
325.9871157,39.00236543,-76.49930784,3.138559112,3,0,60
326.0372901,39.00236407,-76.49930784,3.138590868,3,0,60
326.0874323,39.00236272,-76.49930783,3.138622322,3,0,60
326.1376622,39.00236137,-76.49930783,3.13865341,3,0,60
326.1878724,39.00236002,-76.49930782,3.138684193,3,0,60
326.2380639,39.00235867,-76.49930782,3.138714655,3,0,60
326.2882635,39.00235732,-76.49930781,3.13874479,3,0,60
326.3384585,39.00235597,-76.49930781,3.138774618,3,0,60
326.3886291,39.00235462,-76.4993078,3.138804132,3,0,60
326.438824,39.00235327,-76.4993078,3.138833354,3,0,60
326.4889881,39.00235191,-76.49930779,3.138862222,3,0,60
326.5391481,39.00235056,-76.49930779,3.138890834,3,0,60
326.5893475,39.00234921,-76.49930779,3.138919124,3,0,60
326.6423951,39.00234786,-76.49930778,3.138947106,3,0,60
326.6926538,39.00234651,-76.49930778,3.138974832,3,0,60
326.7428466,39.00234516,-76.49930777,3.139002261,3,0,60
326.793007,39.00234381,-76.49930777,3.139029346,3,0,60
326.8431784,39.00234246,-76.49930776,3.139056218,3,0,60
326.8933633,39.0023411,-76.49930776,3.139082725,3,0,60
326.9435337,39.00233975,-76.49930775,3.139109053,3,0,60
326.9937846,39.0023384,-76.49930775,3.139135073,3,0,60
327.0439761,39.00233705,-76.49930775,3.139160798,3,0,60
327.0941363,39.0023357,-76.49930774,3.139186251,3,0,60
327.1443701,39.00233435,-76.49930774,3.13921146,3,0,60
327.1945564,39.002333,-76.49930773,3.139236384,3,0,60
327.2447788,39.00233165,-76.49930773,3.139261063,3,0,60
327.2949893,39.00233029,-76.49930773,3.139285472,3,0,60
327.3451636,39.00232894,-76.49930772,3.139309659,3,0,60
327.3953624,39.00232759,-76.49930772,3.139333539,3,0,60
327.4455969,39.00232624,-76.49930771,3.139357209,3,0,60
327.4958203,39.00232489,-76.49930771,3.139380615,3,0,60
327.5459934,39.00232354,-76.49930771,3.139403776,3,0,60
327.5962141,39.00232219,-76.4993077,3.139426697,3,0,60
327.6463925,39.00232084,-76.4993077,3.139449393,3,0,60
327.6966069,39.00231949,-76.49930769,3.139471823,3,0,60
327.7467986,39.00231813,-76.49930769,3.139494042,3,0,60
327.7969948,39.00231678,-76.49930769,3.13951601,3,0,60
327.8472368,39.00231543,-76.49930768,3.139537766,3,0,60
327.897386,39.00231408,-76.49930768,3.139559276,3,0,60
327.9475284,39.00231273,-76.49930768,3.139580583,3,0,60
327.9977137,39.00231138,-76.49930767,3.13960164,3,0,60
328.0478603,39.00231003,-76.49930767,3.139622475,3,0,60
328.0980034,39.00230868,-76.49930767,3.139643121,3,0,60
328.1481912,39.00230733,-76.49930766,3.139663541,3,0,60
328.1984011,39.00230597,-76.49930766,3.139683733,3,0,60
328.2486363,39.00230462,-76.49930766,3.139703757,3,0,60
328.2988162,39.00230327,-76.49930765,3.139723508,3,0,60
328.3490043,39.00230192,-76.49930765,3.139743091,3,0,60
328.3991707,39.00230057,-76.49930765,3.139762451,3,0,60
328.4493414,39.00229922,-76.49930764,3.139781623,3,0,60
328.4995004,39.00229787,-76.49930764,3.139800582,3,0,60
328.5497214,39.00229652,-76.49930764,3.139819358,3,0,60
328.5999148,39.00229517,-76.49930764,3.139837918,3,0,60
328.650106,39.00229381,-76.49930763,3.139856293,3,0,60
328.7002897,39.00229246,-76.49930763,3.139874477,3,0,60
328.750463,39.00229111,-76.49930763,3.139892466,3,0,60
328.80071,39.00228976,-76.49930762,3.139910268,3,0,60
328.850868,39.00228841,-76.49930762,3.139927904,3,0,60
328.9010637,39.00228706,-76.49930762,3.139945319,3,0,60
328.9512472,39.00228571,-76.49930761,3.139962579,3,0,60
329.0014406,39.00228436,-76.49930761,3.139979644,3,0,60
329.0516215,39.00228301,-76.49930761,3.139996536,3,0,60
329.1017985,39.00228165,-76.49930761,3.140013246,3,0,60
329.1519628,39.0022803,-76.4993076,3.14002979,3,0,60
329.2021219,39.00227895,-76.4993076,3.140046152,3,0,60
329.2522823,39.0022776,-76.4993076,3.140062346,3,0,60
329.302451,39.00227625,-76.4993076,3.140078372,3,0,60
329.3527136,39.0022749,-76.49930759,3.140094231,3,0,60
329.4028852,39.00227355,-76.49930759,3.140109921,3,0,60
329.4530509,39.0022722,-76.49930759,3.140125452,3,0,60
329.5032535,39.00227084,-76.49930759,3.140140813,3,0,60
329.5534129,39.00226949,-76.49930758,3.140156031,3,0,60
329.6036306,39.00226814,-76.49930758,3.14017106,3,0,60
329.6537831,39.00226679,-76.49930758,3.140185948,3,0,60
329.7039414,39.00226544,-76.49930758,3.140200678,3,0,60
329.7540911,39.00226409,-76.49930757,3.140215256,3,0,60
329.8042615,39.00226274,-76.49930757,3.140229679,3,0,60
329.8544068,39.00226139,-76.49930757,3.140243952,3,0,60
329.9045811,39.00226004,-76.49930757,3.140258075,3,0,60
329.9547267,39.00225868,-76.49930756,3.140272051,3,0,60
330.0048823,39.00225733,-76.49930756,3.14028588,3,0,60
330.0550299,39.00225598,-76.49930756,3.140299566,3,0,60
330.1051944,39.00225463,-76.49930756,3.140313106,3,0,60
330.1553505,39.00225328,-76.49930756,3.140326509,3,0,60
330.2055049,39.00225193,-76.49930755,3.140339768,3,0,60
330.2556773,39.00225058,-76.49930755,3.140352886,3,0,60
330.3058332,39.00224923,-76.49930755,3.140365874,3,0,60
330.3560782,39.00224787,-76.49930755,3.140365874,3,0,60
330.406277,39.00224652,-76.49930755,3.14037872,3,0,60
330.4564958,39.00224517,-76.49930754,3.140404276,3,0,60
330.5066812,39.00224382,-76.49930754,3.140416718,3,0,60
330.5568864,39.00224247,-76.49930754,3.140429036,3,0,60
330.6070643,39.00224112,-76.49930754,3.140441219,3,0,60
330.6572188,39.00223977,-76.49930754,3.140453285,3,0,60
330.7074125,39.00223842,-76.49930753,3.14046521,3,0,60
330.757639,39.00223707,-76.49930753,3.140477016,3,0,60
330.8078851,39.00223571,-76.49930753,3.140488698,3,0,60
330.858051,39.00223436,-76.49930753,3.140500261,3,0,60
330.90827,39.00223301,-76.49930753,3.140511698,3,0,60
330.9584565,39.00223166,-76.49930752,3.140523021,3,0,60
331.0086763,39.00223031,-76.49930752,3.140534218,3,0,60
331.0588398,39.00222896,-76.49930752,3.140545314,3,0,60
331.1089718,39.00222761,-76.49930752,3.140556271,3,0,60
331.1591574,39.00222626,-76.49930752,3.140567137,3,0,60
331.2093196,39.0022249,-76.49930751,3.140577866,3,0,60
331.2594717,39.00222355,-76.49930751,3.140588494,3,0,60
331.3096216,39.0022222,-76.49930751,3.14059901,3,0,60
331.3598247,39.00222085,-76.49930751,3.140609414,3,0,60
331.4099732,39.0022195,-76.49930751,3.140619713,3,0,60
331.4601775,39.00221815,-76.49930751,3.140629898,3,0,60
331.510336,39.0022168,-76.4993075,3.14063999,3,0,60
331.5605141,39.00221545,-76.4993075,3.140649955,3,0,60
331.6106937,39.00221409,-76.4993075,3.140659826,3,0,60
331.6608439,39.00221274,-76.4993075,3.140669603,3,0,60
331.7110396,39.00221139,-76.4993075,3.140679261,3,0,60
331.7612117,39.00221004,-76.4993075,3.140688828,3,0,60
331.8114266,39.00220869,-76.4993075,3.140698291,3,0,60
331.8617098,39.00220734,-76.49930749,3.140707659,3,0,60
331.9119358,39.00220599,-76.49930749,3.140716924,3,0,60
331.9621065,39.00220464,-76.49930749,3.140726096,3,0,60
332.0122826,39.00220329,-76.49930749,3.140735169,3,0,60
332.062431,39.00220194,-76.49930749,3.140744159,3,0,60
332.1126053,39.00220058,-76.49930749,3.140753035,3,0,60
332.1628181,39.00219923,-76.49930749,3.140761835,3,0,60
332.2129854,39.00219788,-76.49930748,3.140770529,3,0,60
332.2631404,39.00219653,-76.49930748,3.140779139,3,0,60
332.3132974,39.00219518,-76.49930748,3.140787656,3,0,60
332.3634507,39.00219383,-76.49930748,3.140796089,3,0,60
332.4136267,39.00219248,-76.49930748,3.140804428,3,0,60
332.4638474,39.00219113,-76.49930748,3.140812689,3,0,60
332.5140108,39.00218977,-76.49930748,3.14082085,3,0,60
332.5642387,39.00218842,-76.49930747,3.140828933,3,0,60
332.6144518,39.00218707,-76.49930747,3.14083693,3,0,60
332.6646865,39.00218572,-76.49930747,3.140844845,3,0,60
332.7148754,39.00218437,-76.49930747,3.140852674,3,0,60
332.7650477,39.00218302,-76.49930747,3.140860431,3,0,60
332.8152312,39.00218167,-76.49930747,3.140868092,3,0,60
332.8654,39.00218032,-76.49930747,3.140875681,3,0,60
332.9156509,39.00217897,-76.49930747,3.140883188,3,0,60
332.9658505,39.00217761,-76.49930746,3.14089062,3,0,60
333.0160597,39.00217626,-76.49930746,3.14089797,3,0,60
333.0662241,39.00217491,-76.49930746,3.140905246,3,0,60
333.1164297,39.00217356,-76.49930746,3.140912443,3,0,60
333.1666497,39.00217221,-76.49930746,3.140919566,3,0,60
333.2168611,39.00217086,-76.49930746,3.140926616,3,0,60
333.2670465,39.00216951,-76.49930746,3.140933592,3,0,60
333.3172567,39.00216816,-76.49930746,3.140940491,3,0,60
333.3674639,39.00216681,-76.49930746,3.140947321,3,0,60
333.4177396,39.00216545,-76.49930745,3.140954077,3,0,60
333.4679305,39.0021641,-76.49930745,3.140960766,3,0,60
333.5181517,39.00216275,-76.49930745,3.140967386,3,0,60
333.5683888,39.0021614,-76.49930745,3.140973938,3,0,60
333.6186636,39.00216005,-76.49930745,3.14098041,3,0,60
333.6688572,39.0021587,-76.49930745,3.140986822,3,0,60
333.7190423,39.00215735,-76.49930745,3.140993165,3,0,60
333.7692116,39.002156,-76.49930745,3.140999444,3,0,60
333.8193916,39.00215464,-76.49930745,3.141005654,3,0,60
333.8696268,39.00215329,-76.49930744,3.141011803,3,0,60
333.9198537,39.00215194,-76.49930744,3.141017885,3,0,60
333.9700187,39.00215059,-76.49930744,3.141023913,3,0,60
334.0201839,39.00214924,-76.49930744,3.141029868,3,0,60
334.0703414,39.00214789,-76.49930744,3.141035766,3,0,60
334.1205358,39.00214654,-76.49930744,3.141041585,3,0,60
334.170694,39.00214519,-76.49930744,3.141047357,3,0,60
334.2208736,39.00214384,-76.49930744,3.141053067,3,0,60
334.2710247,39.00214248,-76.49930744,3.141058718,3,0,60
334.3211867,39.00214113,-76.49930744,3.141064309,3,0,60
334.3713418,39.00213978,-76.49930744,3.141069842,3,0,60
334.4216235,39.00213843,-76.49930743,3.141075316,3,0,60
334.47185,39.00213708,-76.49930743,3.141080736,3,0,60
334.5220251,39.00213573,-76.49930743,3.141086093,3,0,60
334.5722027,39.00213438,-76.49930743,3.141091401,3,0,60
334.6223567,39.00213303,-76.49930743,3.14109665,3,0,60
334.6725175,39.00213167,-76.49930743,3.141101843,3,0,60
334.7227165,39.00213032,-76.49930743,3.141106983,3,0,60
334.7728619,39.00212897,-76.49930743,3.141112069,3,0,60
334.8230212,39.00212762,-76.49930743,3.141117101,3,0,60
334.8731899,39.00212627,-76.49930743,3.141122081,3,0,60
334.9233618,39.00212492,-76.49930743,3.141127009,3,0,60
334.9735285,39.00212357,-76.49930743,3.141131885,3,0,60
335.0237045,39.00212222,-76.49930742,3.14113671,3,0,60
335.073864,39.00212087,-76.49930742,3.141141485,3,0,60
335.1240163,39.00211951,-76.49930742,3.141146209,3,0,60
335.1741635,39.00211816,-76.49930742,3.141150885,3,0,60
335.2243277,39.00211681,-76.49930742,3.141155511,3,0,60
335.2744757,39.00211546,-76.49930742,3.141160089,3,0,60
335.324636,39.00211411,-76.49930742,3.141164618,3,0,60
335.3747895,39.00211276,-76.49930742,3.141169101,3,0,60
335.4249535,39.00211141,-76.49930742,3.141173536,3,0,60
335.4750984,39.00211006,-76.49930742,3.141177925,3,0,60
335.5252544,39.00210871,-76.49930742,3.141182268,3,0,60
335.5754173,39.00210735,-76.49930742,3.141186566,3,0,60
335.6255872,39.002106,-76.49930742,3.141190818,3,0,60
335.6757447,39.00210465,-76.49930742,3.141195027,3,0,60
335.7258883,39.0021033,-76.49930741,3.14119919,3,0,60
335.7760306,39.00210195,-76.49930741,3.141203311,3,0,60
335.8261837,39.0021006,-76.49930741,3.141207388,3,0,60
335.8763421,39.00209925,-76.49930741,3.141211426,3,0,60
335.9265106,39.0020979,-76.49930741,3.141215414,3,0,60
335.976728,39.00209654,-76.49930741,3.141219365,3,0,60
336.0269477,39.00209519,-76.49930741,3.141223274,3,0,60
336.0771156,39.00209384,-76.49930741,3.141227145,3,0,60
336.1272858,39.00209249,-76.49930741,3.14123097,3,0,60
336.1774428,39.00209114,-76.49930741,3.141234757,3,0,60
336.2276032,39.00208979,-76.49930741,3.141238506,3,0,60
336.2777554,39.00208844,-76.49930741,3.141242214,3,0,60
336.3279187,39.00208709,-76.49930741,3.141245886,3,0,60
336.3780792,39.00208574,-76.49930741,3.141249516,3,0,60
336.4282428,39.00208438,-76.49930741,3.141253105,3,0,60
336.4784006,39.00208303,-76.49930741,3.14125667,3,0,60
336.5285601,39.00208168,-76.4993074,3.141260183,3,0,60
336.5787619,39.00208033,-76.4993074,3.141263665,3,0,60
336.6289325,39.00207898,-76.4993074,3.141267109,3,0,60
336.6791286,39.00207763,-76.4993074,3.141270519,3,0,60
336.7293483,39.00207628,-76.4993074,3.141273892,3,0,60
336.779548,39.00207493,-76.4993074,3.14127723,3,0,60
336.8297609,39.00207357,-76.4993074,3.141280533,3,0,60
336.8799527,39.00207222,-76.4993074,3.141283802,3,0,60
336.9301982,39.00207087,-76.4993074,3.141287034,3,0,60
336.9804652,39.00206952,-76.4993074,3.141290237,3,0,60
337.0306448,39.00206817,-76.4993074,3.141293404,3,0,60
337.080846,39.00206682,-76.4993074,3.141296539,3,0,60
337.1310339,39.00206547,-76.4993074,3.141299639,3,0,60
337.1812181,39.00206412,-76.4993074,3.14130271,3,0,60
337.2314081,39.00206277,-76.4993074,3.141305746,3,0,60
337.2816031,39.00206141,-76.4993074,3.141308748,3,0,60
337.331767,39.00206006,-76.4993074,3.141311721,3,0,60
337.3819409,39.00205871,-76.4993074,3.141314667,3,0,60
337.4321539,39.00205736,-76.4993074,3.141317574,3,0,60
337.4823276,39.00205601,-76.4993074,3.141320455,3,0,60
337.5325072,39.00205466,-76.49930739,3.141323305,3,0,60
337.582746,39.00205331,-76.49930739,3.141326125,3,0,60
337.632931,39.00205196,-76.49930739,3.141328917,3,0,60
337.6830846,39.0020506,-76.49930739,3.141331679,3,0,60
337.7332407,39.00204925,-76.49930739,3.141334412,3,0,60
337.7834148,39.0020479,-76.49930739,3.141337116,3,0,60
337.8335983,39.00204655,-76.49930739,3.141339794,3,0,60
337.8837606,39.0020452,-76.49930739,3.14134244,3,0,60
337.9339424,39.00204385,-76.49930739,3.14134244,3,0,60
337.9840866,39.00204115,-76.49930739,3.141350272,3,0,60
338.0342209,39.0020398,-76.49930739,3.141352811,3,0,60
338.0843552,39.00203844,-76.49930739,3.141355322,3,0,60
338.1345461,39.00203709,-76.49930739,3.141357808,3,0,60
338.1847678,39.00203574,-76.49930739,3.141360267,3,0,60
338.2349719,39.00203439,-76.49930739,3.141362703,3,0,60
338.285185,39.00203304,-76.49930739,3.141365109,3,0,60
338.3353431,39.00203169,-76.49930739,3.141367492,3,0,60
338.3855472,39.00203034,-76.49930739,3.141369849,3,0,60
338.435755,39.00202899,-76.49930739,3.141372184,3,0,60
338.4859068,39.00202764,-76.49930739,3.141374492,3,0,60
338.5360889,39.00202628,-76.49930739,3.141376776,3,0,60
338.5862998,39.00202493,-76.49930739,3.141379038,3,0,60
338.6364941,39.00202358,-76.49930739,3.141381274,3,0,60
338.6866845,39.00202223,-76.49930739,3.141383487,3,0,60
338.7368889,39.00202088,-76.49930738,3.14138568,3,0,60
338.7870467,39.00201953,-76.49930738,3.141387845,3,0,60
338.8372465,39.00201818,-76.49930738,3.141389992,3,0,60
338.887414,39.00201683,-76.49930738,3.141392112,3,0,60
338.9376247,39.00201548,-76.49930738,3.141394214,3,0,60
338.9878526,39.00201412,-76.49930738,3.14139629,3,0,60
339.0380147,39.00201277,-76.49930738,3.141398345,3,0,60
339.0881429,39.00201142,-76.49930738,3.141400381,3,0,60
339.138291,39.00201007,-76.49930738,3.141402395,3,0,60
339.1885461,39.00200872,-76.49930738,3.141404387,3,0,60
339.2387188,39.00200737,-76.49930738,3.141406359,3,0,60
339.2889495,39.00200601,-76.49930738,3.141408312,3,0,60
339.3391355,39.00200467,-76.49930738,3.141410243,3,0,60
339.3893255,39.00200331,-76.49930738,3.141412151,3,0,60
339.4395008,39.00200196,-76.49930738,3.141414041,3,0,60
339.4897173,39.00200061,-76.49930738,3.14141591,3,0,60
339.5398815,39.00199926,-76.49930738,3.141417762,3,0,60
339.5900306,39.00199791,-76.49930738,3.141419593,3,0,60
339.6402087,39.00199656,-76.49930738,3.141421406,3,0,60
339.690413,39.00199521,-76.49930738,3.141423199,3,0,60
339.740629,39.00199386,-76.49930738,3.141424973,3,0,60
339.7907856,39.00199251,-76.49930738,3.14142673,3,0,60
339.8409552,39.00199115,-76.49930738,3.141428467,3,0,60
339.8911218,39.0019898,-76.49930738,3.141430186,3,0,60
339.9413667,39.00198845,-76.49930738,3.141431888,3,0,60
339.9915461,39.0019871,-76.49930738,3.141433571,3,0,60
340.0417515,39.00198575,-76.49930738,3.141435237,3,0,60
340.0919257,39.0019844,-76.49930738,3.141436885,3,0,60
340.1420815,39.00198305,-76.49930738,3.141438517,3,0,60
340.1922431,39.0019817,-76.49930738,3.141440131,3,0,60
340.2424069,39.00198034,-76.49930738,3.141441728,3,0,60
340.2926388,39.00197899,-76.49930738,3.141443309,3,0,60
340.3428446,39.00197764,-76.49930738,3.141444873,3,0,60
340.3930228,39.00197629,-76.49930738,3.141446421,3,0,60
340.4432021,39.00197494,-76.49930737,3.141447953,3,0,60
340.493373,39.00197359,-76.49930737,3.141449467,3,0,60
340.543548,39.00197224,-76.49930737,3.141450967,3,0,60
340.5937463,39.00197089,-76.49930737,3.14145245,3,0,60
340.6439036,39.00196954,-76.49930737,3.141453918,3,0,60
340.6940683,39.00196818,-76.49930737,3.141455371,3,0,60
340.7442843,39.00196683,-76.49930737,3.141456809,3,0,60
340.7944438,39.00196548,-76.49930737,3.141458231,3,0,60
340.8446132,39.00196413,-76.49930737,3.141459639,3,0,60
340.8947808,39.00196278,-76.49930737,3.141461032,3,0,60
340.9449526,39.00196143,-76.49930737,3.141462411,3,0,60
340.9951449,39.00196008,-76.49930737,3.141463774,3,0,60
341.0453669,39.00195873,-76.49930737,3.141465124,3,0,60
341.0955317,39.00195737,-76.49930737,3.14146646,3,0,60
341.145733,39.00195602,-76.49930737,3.141467782,3,0,60
341.1958881,39.00195467,-76.49930737,3.141469088,3,0,60
341.2460365,39.00195332,-76.49930737,3.141470382,3,0,60
341.2961874,39.00195197,-76.49930737,3.141471663,3,0,60
341.3463561,39.00195062,-76.49930737,3.141472931,3,0,60
341.3965208,39.00194927,-76.49930737,3.141474184,3,0,60
341.4466945,39.00194792,-76.49930737,3.141475424,3,0,60
341.496911,39.00194657,-76.49930737,3.141476652,3,0,60
341.5470805,39.00194521,-76.49930737,3.141477867,3,0,60
341.5973761,39.00194386,-76.49930737,3.141479069,3,0,60
341.647622,39.00194251,-76.49930737,3.141480258,3,0,60
341.6978341,39.00194116,-76.49930737,3.141481435,3,0,60
341.7480556,39.00193981,-76.49930737,3.1414826,3,0,60
341.7982656,39.00193846,-76.49930737,3.141483752,3,0,60
341.8485138,39.00193711,-76.49930737,3.141484894,3,0,60
341.8987944,39.00193576,-76.49930737,3.141486021,3,0,60
341.9490485,39.00193441,-76.49930737,3.141487138,3,0,60
341.9992204,39.00193305,-76.49930737,3.141488243,3,0,60
342.0494501,39.0019317,-76.49930737,3.141489337,3,0,60
342.0996317,39.00193035,-76.49930737,3.141490417,3,0,60
342.1497805,39.001929,-76.49930737,3.14149149,3,0,60
342.1999541,39.00192765,-76.49930737,3.141492548,3,0,60
342.2501069,39.0019263,-76.49930737,3.141493597,3,0,60
342.3002645,39.00192495,-76.49930737,3.141494634,3,0,60
342.3504767,39.0019236,-76.49930737,3.14149566,3,0,60
342.4006432,39.00192224,-76.49930737,3.141496676,3,0,60
342.4508443,39.00192089,-76.49930737,3.141497681,3,0,60
342.5010203,39.00191954,-76.49930737,3.141498676,3,0,60
342.5511923,39.00191819,-76.49930737,3.14149966,3,0,60
342.6013595,39.00191684,-76.49930737,3.141500633,3,0,60
342.6515209,39.00191549,-76.49930737,3.141501597,3,0,60
342.7017264,39.00191414,-76.49930737,3.141502551,3,0,60
342.7518844,39.00191279,-76.49930737,3.141503494,3,0,60
342.8020435,39.00191143,-76.49930737,3.141504428,3,0,60
342.8522234,39.00191008,-76.49930737,3.141505353,3,0,60
342.9023821,39.00190873,-76.49930737,3.141506266,3,0,60
342.9525353,39.00190738,-76.49930737,3.141507171,3,0,60
343.0027429,39.00190603,-76.49930737,3.141508066,3,0,60
343.0529085,39.00190468,-76.49930737,3.141508952,3,0,60
343.1030752,39.00190333,-76.49930737,3.141509828,3,0,60
343.1532383,39.00190198,-76.49930737,3.141510696,3,0,60
343.2034066,39.00190063,-76.49930737,3.141511554,3,0,60
343.2535601,39.00189927,-76.49930737,3.141512403,3,0,60
343.3037647,39.00189792,-76.49930737,3.141513244,3,0,60
343.3539223,39.00189657,-76.49930736,3.141514076,3,0,60
343.4041048,39.00189522,-76.49930736,3.141514899,3,0,60
343.4542774,39.00189387,-76.49930736,3.141515712,3,0,60
343.5045099,39.00189252,-76.49930736,3.141516518,3,0,60
343.554691,39.00189117,-76.49930736,3.141517315,3,0,60
343.6048564,39.00188982,-76.49930736,3.141518104,3,0,60
343.6550198,39.00188847,-76.49930736,3.141518885,3,0,60
343.7051943,39.00188711,-76.49930736,3.141519657,3,0,60
343.7553442,39.00188576,-76.49930736,3.141520422,3,0,60
343.8055105,39.00188441,-76.49930736,3.141521178,3,0,60
343.8556817,39.00188306,-76.49930736,3.141521927,3,0,60
343.905835,39.00188171,-76.49930736,3.141522667,3,0,60
343.9560365,39.00188036,-76.49930736,3.1415234,3,0,60
344.0062143,39.00187901,-76.49930736,3.141524125,3,0,60
344.0563744,39.00187766,-76.49930736,3.141524843,3,0,60
344.106517,39.00187631,-76.49930736,3.141525553,3,0,60
344.156684,39.00187495,-76.49930736,3.141526256,3,0,60
344.2068434,39.0018736,-76.49930736,3.141526951,3,0,60
344.2570023,39.00187225,-76.49930736,3.141527639,3,0,60
344.3071756,39.0018709,-76.49930736,3.14152832,3,0,60
344.3573456,39.00186955,-76.49930736,3.141528994,3,0,60
344.4075534,39.0018682,-76.49930736,3.14152966,3,0,60
344.4577833,39.00186685,-76.49930736,3.14153032,3,0,60
344.5079608,39.0018655,-76.49930736,3.141530973,3,0,60
344.5581392,39.00186414,-76.49930736,3.141531619,3,0,60
344.6083599,39.00186279,-76.49930736,3.141532258,3,0,60
344.6585482,39.00186144,-76.49930736,3.141532891,3,0,60
344.7087962,39.00186009,-76.49930736,3.141533517,3,0,60
344.7589986,39.00185874,-76.49930736,3.141534136,3,0,60
344.8091944,39.00185739,-76.49930736,3.141534748,3,0,60
344.859403,39.00185604,-76.49930736,3.141535355,3,0,60
344.9095991,39.00185469,-76.49930736,3.141535955,3,0,60
344.9598669,39.00185334,-76.49930736,3.141536549,3,0,60
345.0100851,39.00185198,-76.49930736,3.141537136,3,0,60
345.0602806,39.00185063,-76.49930736,3.141537717,3,0,60
345.1104409,39.00184928,-76.49930736,3.141538293,3,0,60
345.1606533,39.00184793,-76.49930736,3.141538862,3,0,60
345.2108277,39.00184658,-76.49930736,3.141539425,3,0,60
345.2610056,39.00184523,-76.49930736,3.141539983,3,0,60
345.3111815,39.00184388,-76.49930736,3.141540534,3,0,60
345.3613927,39.00184253,-76.49930736,3.14154108,3,0,60
345.4116576,39.00184118,-76.49930736,3.14154162,3,0,60
345.461875,39.00183982,-76.49930736,3.141542155,3,0,60
345.5120427,39.00183847,-76.49930736,3.141542684,3,0,60
345.5622671,39.00183712,-76.49930736,3.141543207,3,0,60
345.6124504,39.00183577,-76.49930736,3.141543207,3,0,60
345.6626123,39.00183442,-76.49930736,3.141544242,3,0,60
345.7128205,39.00183307,-76.49930736,3.141544749,3,0,60
345.7630426,39.00183172,-76.49930736,3.141545251,3,0,60
345.8132705,39.00183037,-76.49930736,3.141545747,3,0,60
345.863487,39.00182901,-76.49930736,3.141546239,3,0,60
345.9136702,39.00182766,-76.49930736,3.141546724,3,0,60
345.963893,39.00182631,-76.49930736,3.141547206,3,0,60
346.0140975,39.00182496,-76.49930736,3.141547681,3,0,60
346.0642689,39.00182361,-76.49930736,3.141548153,3,0,60
346.11445,39.00182226,-76.49930736,3.141548618,3,0,60
346.1646238,39.00182091,-76.49930736,3.14154908,3,0,60
346.2148253,39.00181956,-76.49930736,3.141549536,3,0,60
346.2650795,39.00181821,-76.49930736,3.141549987,3,0,60
346.3152854,39.00181685,-76.49930736,3.141550434,3,0,60
346.3654951,39.0018155,-76.49930736,3.141550877,3,0,60
346.415674,39.00181415,-76.49930736,3.141551314,3,0,60
346.4658473,39.0018128,-76.49930736,3.141551747,3,0,60
346.5160019,39.00181145,-76.49930736,3.141552175,3,0,60
346.5662097,39.0018101,-76.49930736,3.141552599,3,0,60
346.6164321,39.00180875,-76.49930736,3.141553018,3,0,60
346.6666481,39.0018074,-76.49930736,3.141553433,3,0,60
346.716837,39.00180604,-76.49930736,3.141553844,3,0,60
346.7670174,39.00180469,-76.49930736,3.141554251,3,0,60
346.8171933,39.00180334,-76.49930736,3.141554653,3,0,60
346.8673906,39.00180199,-76.49930736,3.141555051,3,0,60
346.9176563,39.00180064,-76.49930736,3.141555444,3,0,60
346.9679005,39.00179929,-76.49930736,3.141555834,3,0,60
347.0180562,39.00179794,-76.49930736,3.14155622,3,0,60
347.0682228,39.00179659,-76.49930736,3.141556601,3,0,60
347.1183835,39.00179524,-76.49930736,3.141556979,3,0,60
347.1686207,39.00179388,-76.49930736,3.141557352,3,0,60
347.2188314,39.00179253,-76.49930736,3.141557722,3,0,60
347.2690159,39.00179118,-76.49930736,3.141558088,3,0,60
347.319192,39.00178983,-76.49930736,3.14155845,3,0,60
347.3693643,39.00178848,-76.49930736,3.141558808,3,0,60
347.4195541,39.00178713,-76.49930736,3.141559162,3,0,60
347.4697468,39.00178578,-76.49930736,3.141559514,3,0,60
347.5199235,39.00178443,-76.49930736,3.14155986,3,0,60
347.5700769,39.00178307,-76.49930736,3.141560204,3,0,60
347.6202437,39.00178172,-76.49930736,3.141560544,3,0,60
347.6703968,39.00178037,-76.49930736,3.14156088,3,0,60
347.7206456,39.00177902,-76.49930736,3.141561212,3,0,60
347.7708083,39.00177767,-76.49930736,3.141561542,3,0,60
347.8209794,39.00177632,-76.49930736,3.141561867,3,0,60
347.8711332,39.00177497,-76.49930736,3.14156219,3,0,60
347.9212883,39.00177362,-76.49930736,3.141562509,3,0,60
347.9714597,39.00177227,-76.49930736,3.141562825,3,0,60
348.0216238,39.00177091,-76.49930736,3.141563137,3,0,60
348.0718433,39.00176956,-76.49930736,3.141563446,3,0,60
348.1220178,39.00176821,-76.49930736,3.141563752,3,0,60
348.1722436,39.00176686,-76.49930736,3.141564055,3,0,60
348.2225195,39.00176551,-76.49930736,3.141564354,3,0,60
348.2727107,39.00176416,-76.49930736,3.14156465,3,0,60
348.3228668,39.00176281,-76.49930736,3.141564944,3,0,60
348.3730326,39.00176146,-76.49930736,3.141565234,3,0,60
348.4231984,39.0017601,-76.49930736,3.141565521,3,0,60
348.4733613,39.00175875,-76.49930736,3.141565805,3,0,60
348.5235254,39.0017574,-76.49930736,3.141566086,3,0,60
348.5737201,39.00175605,-76.49930736,3.141566364,3,0,60
348.6239365,39.0017547,-76.49930736,3.14156664,3,0,60
348.6741659,39.00175335,-76.49930736,3.141566912,3,0,60
348.7243653,39.001752,-76.49930736,3.141567182,3,0,60
348.7745426,39.00175065,-76.49930736,3.141567448,3,0,60
348.8247799,39.0017493,-76.49930736,3.141567712,3,0,60
348.8750086,39.00174795,-76.49930736,3.141567974,3,0,60
348.9251934,39.00174659,-76.49930736,3.141568232,3,0,60
348.9753852,39.00174524,-76.49930736,3.141568488,3,0,60
349.0255868,39.00174389,-76.49930736,3.141568741,3,0,60
349.0757617,39.00174254,-76.49930736,3.141568991,3,0,60
349.1259402,39.00174119,-76.49930736,3.141569239,3,0,60
349.1761094,39.00173984,-76.49930736,3.141569484,3,0,60
349.2262713,39.00173849,-76.49930736,3.141569727,3,0,60
349.2764381,39.00173714,-76.49930736,3.141569967,3,0,60
349.326623,39.00173578,-76.49930736,3.141570204,3,0,60
349.3767974,39.00173443,-76.49930736,3.14157044,3,0,60
349.427013,39.00173308,-76.49930736,3.141570672,3,0,60
349.4771729,39.00173173,-76.49930736,3.141570902,3,0,60
349.5273373,39.00173038,-76.49930736,3.14157113,3,0,60
349.577523,39.00172903,-76.49930736,3.141571356,3,0,60
349.6277126,39.00172768,-76.49930736,3.141571579,3,0,60
349.6779192,39.00172633,-76.49930736,3.141571799,3,0,60
349.7281036,39.00172498,-76.49930736,3.141572018,3,0,60
349.7783781,39.00172362,-76.49930736,3.141572234,3,0,60
349.8285591,39.00172227,-76.49930736,3.141572448,3,0,60
349.8787382,39.00172092,-76.49930736,3.141572659,3,0,60
349.9289119,39.00171957,-76.49930736,3.141572869,3,0,60
349.9790947,39.00171822,-76.49930736,3.141573076,3,0,60
350.029266,39.00171687,-76.49930736,3.141573281,3,0,60
350.0794517,39.00171552,-76.49930736,3.141573484,3,0,60
350.1296361,39.00171417,-76.49930736,3.141573684,3,0,60
350.1798338,39.00171281,-76.49930736,3.141573883,3,0,60
350.2299969,39.00171146,-76.49930736,3.14157408,3,0,60
350.2801592,39.00171011,-76.49930736,3.141574274,3,0,60
350.3303316,39.00170876,-76.49930736,3.141574467,3,0,60
350.3805013,39.00170741,-76.49930736,3.141574657,3,0,60
350.4307337,39.00170606,-76.49930736,3.141574846,3,0,60
350.480922,39.00170471,-76.49930736,3.141575032,3,0,60
350.5310951,39.00170336,-76.49930736,3.141575217,3,0,60
350.5812608,39.00170201,-76.49930736,3.141575399,3,0,60
350.6314887,39.00170065,-76.49930736,3.14157558,3,0,60
350.6816757,39.0016993,-76.49930736,3.141575759,3,0,60
350.7319099,39.00169795,-76.49930736,3.141575936,3,0,60
350.7820652,39.0016966,-76.49930736,3.141576111,3,0,60
350.8322364,39.00169525,-76.49930736,3.141576284,3,0,60
350.8824482,39.0016939,-76.49930736,3.141576455,3,0,60
350.9326885,39.00169255,-76.49930736,3.141576625,3,0,60
350.9828798,39.0016912,-76.49930736,3.141576793,3,0,60
351.0330817,39.00168984,-76.49930736,3.141576959,3,0,60
351.0832633,39.00168849,-76.49930736,3.141577123,3,0,60
351.1334314,39.00168714,-76.49930736,3.141577286,3,0,60
351.1836009,39.00168579,-76.49930736,3.141577447,3,0,60
351.2337678,39.00168444,-76.49930736,3.141577606,3,0,60
351.2839298,39.00168309,-76.49930736,3.141577764,3,0,60
351.3340743,39.00168039,-76.49930736,3.141578074,3,0,60
351.3842232,39.00167903,-76.49930736,3.141578227,3,0,60
351.4344104,39.00167768,-76.49930736,3.141578378,3,0,60
351.4845886,39.00167633,-76.49930736,3.141578527,3,0,60
351.5347403,39.00167498,-76.49930736,3.141578675,3,0,60
351.584972,39.00167363,-76.49930736,3.141578821,3,0,60
351.6351696,39.00167228,-76.49930736,3.141578966,3,0,60
351.6853275,39.00167093,-76.49930736,3.14157911,3,0,60
351.7355169,39.00166958,-76.49930736,3.141579251,3,0,60
351.7857103,39.00166823,-76.49930736,3.141579392,3,0,60
351.8358633,39.00166688,-76.49930736,3.141579531,3,0,60
351.8860103,39.00166552,-76.49930736,3.141579668,3,0,60
351.9361613,39.00166417,-76.49930736,3.141579804,3,0,60
351.986318,39.00166282,-76.49930736,3.141579939,3,0,60
352.0364722,39.00166147,-76.49930736,3.141580072,3,0,60
352.086624,39.00166012,-76.49930736,3.141580203,3,0,60
352.1367822,39.00165877,-76.49930736,3.141580334,3,0,60
352.1869542,39.00165742,-76.49930736,3.141580463,3,0,60
352.2371165,39.00165607,-76.49930736,3.141580591,3,0,60
352.2873666,39.00165471,-76.49930736,3.141580717,3,0,60
352.3375601,39.00165336,-76.49930736,3.141580842,3,0,60
352.3877632,39.00165201,-76.49930736,3.141580966,3,0,60
352.437933,39.00165066,-76.49930736,3.141581088,3,0,60
352.4880942,39.00164931,-76.49930736,3.141581209,3,0,60
352.5382596,39.00164796,-76.49930736,3.141581329,3,0,60
352.5884463,39.00164661,-76.49930736,3.141581447,3,0,60
352.6386124,39.00164526,-76.49930736,3.141581565,3,0,60
352.6887865,39.00164391,-76.49930736,3.141581681,3,0,60
352.7389524,39.00164255,-76.49930736,3.141581796,3,0,60
352.7891146,39.0016412,-76.49930736,3.14158191,3,0,60
352.8392936,39.00163985,-76.49930736,3.141582022,3,0,60
352.8894844,39.0016385,-76.49930736,3.141582134,3,0,60
352.9397247,39.00163715,-76.49930736,3.141582244,3,0,60
352.989924,39.0016358,-76.49930736,3.141582353,3,0,60
353.0401265,39.00163445,-76.49930736,3.141582461,3,0,60
353.0902954,39.0016331,-76.49930736,3.141582567,3,0,60
353.1404846,39.00163174,-76.49930736,3.141582673,3,0,60
353.1906447,39.00163039,-76.49930736,3.141582777,3,0,60
353.2407938,39.00162904,-76.49930736,3.141582881,3,0,60
353.2909517,39.00162769,-76.49930736,3.141582881,3,0,60
353.3411107,39.00162634,-76.49930736,3.141582983,3,0,60
353.3912675,39.00162499,-76.49930736,3.141583187,3,0,60
353.4414353,39.00162364,-76.49930736,3.141583286,3,0,60
353.4916034,39.00162229,-76.49930736,3.141583384,3,0,60
353.5417353,39.00162094,-76.49930736,3.141583481,3,0,60
353.5918904,39.00161958,-76.49930736,3.141583577,3,0,60
353.6420432,39.00161823,-76.49930736,3.141583672,3,0,60
353.6922093,39.00161688,-76.49930736,3.141583766,3,0,60
353.742364,39.00161553,-76.49930736,3.141583859,3,0,60
353.7926102,39.00161418,-76.49930736,3.141583951,3,0,60
353.8427764,39.00161283,-76.49930736,3.141584043,3,0,60
353.8930112,39.00161148,-76.49930736,3.141584133,3,0,60
353.9432121,39.00161013,-76.49930736,3.141584222,3,0,60
353.9934165,39.00160878,-76.49930736,3.14158431,3,0,60
354.0437039,39.00160742,-76.49930736,3.141584398,3,0,60
354.0938723,39.00160607,-76.49930736,3.141584484,3,0,60
354.1440517,39.00160472,-76.49930736,3.14158457,3,0,60
354.194243,39.00160337,-76.49930736,3.141584654,3,0,60
354.2444065,39.00160202,-76.49930736,3.141584738,3,0,60
354.2945568,39.00160067,-76.49930736,3.141584821,3,0,60
354.3447698,39.00159932,-76.49930736,3.141584903,3,0,60
354.394938,39.00159796,-76.49930736,3.141584984,3,0,60
354.4451623,39.00159661,-76.49930736,3.141585065,3,0,60
354.4953794,39.00159526,-76.49930736,3.141585144,3,0,60
354.5455804,39.00159391,-76.49930736,3.141585223,3,0,60
354.5957513,39.00159256,-76.49930736,3.1415853,3,0,60
354.6459096,39.00159121,-76.49930736,3.141585377,3,0,60
354.6961021,39.00158986,-76.49930736,3.141585454,3,0,60
354.7462758,39.00158851,-76.49930736,3.141585529,3,0,60
354.7964847,39.00158716,-76.49930736,3.141585604,3,0,60
354.8466484,39.00158581,-76.49930736,3.141585677,3,0,60
354.8968132,39.00158445,-76.49930736,3.14158575,3,0,60
354.9469786,39.0015831,-76.49930736,3.141585823,3,0,60
354.997199,39.00158175,-76.49930736,3.141585894,3,0,60
355.0473678,39.0015804,-76.49930736,3.141585965,3,0,60
355.0975207,39.00157905,-76.49930736,3.141586035,3,0,60
355.1477112,39.0015777,-76.49930736,3.141586104,3,0,60
355.1978998,39.00157635,-76.49930736,3.141586173,3,0,60
355.2480889,39.001575,-76.49930736,3.141586241,3,0,60
355.2982954,39.00157364,-76.49930736,3.141586308,3,0,60
355.3484706,39.00157229,-76.49930736,3.141586374,3,0,60
355.3986206,39.00157094,-76.49930736,3.14158644,3,0,60
355.4487692,39.00156959,-76.49930736,3.141586505,3,0,60
355.4989205,39.00156824,-76.49930736,3.14158657,3,0,60
355.5490707,39.00156689,-76.49930736,3.141586633,3,0,60
355.5992393,39.00156554,-76.49930736,3.141586696,3,0,60
355.6493994,39.00156419,-76.49930736,3.141586759,3,0,60
355.6995491,39.00156283,-76.49930736,3.141586821,3,0,60
355.7497312,39.00156148,-76.49930736,3.141586882,3,0,60
355.7998803,39.00156013,-76.49930736,3.141586942,3,0,60
355.850022,39.00155878,-76.49930736,3.141587002,3,0,60
355.9001923,39.00155743,-76.49930736,3.141587061,3,0,60
355.9503331,39.00155608,-76.49930736,3.14158712,3,0,60
356.0004749,39.00155473,-76.49930736,3.141587178,3,0,60
356.0506117,39.00155338,-76.49930736,3.141587235,3,0,60
356.1008212,39.00155202,-76.49930736,3.141587292,3,0,60
356.1509792,39.00155067,-76.49930736,3.141587348,3,0,60
356.2011713,39.00154932,-76.49930736,3.141587403,3,0,60
356.2513553,39.00154797,-76.49930736,3.141587458,3,0,60
356.3015209,39.00154662,-76.49930736,3.141587513,3,0,60
356.3516948,39.00154527,-76.49930736,3.141587567,3,0,60
356.401834,39.00154392,-76.49930736,3.14158762,3,0,60
356.4519821,39.00154257,-76.49930736,3.141587673,3,0,60
356.5021409,39.00154122,-76.49930736,3.141587725,3,0,60
356.5522925,39.00153987,-76.49930736,3.141587776,3,0,60
356.6024539,39.00153851,-76.49930736,3.141587827,3,0,60
356.6526104,39.00153716,-76.49930736,3.141587878,3,0,60
356.7027682,39.00153581,-76.49930736,3.141587928,3,0,60
356.7529346,39.00153446,-76.49930736,3.141587977,3,0,60
356.8031061,39.00153311,-76.49930736,3.141588026,3,0,60
356.8532572,39.00153176,-76.49930736,3.141588075,3,0,60
356.9034468,39.00153041,-76.49930736,3.141588123,3,0,60
356.953605,39.00152906,-76.49930736,3.14158817,3,0,60
357.0037654,39.0015277,-76.49930736,3.141588217,3,0,60
357.0539254,39.00152635,-76.49930736,3.141588264,3,0,60
357.1040725,39.001525,-76.49930736,3.14158831,3,0,60
357.1542371,39.00152365,-76.49930736,3.141588355,3,0,60
357.2044268,39.0015223,-76.49930736,3.1415884,3,0,60
357.2546126,39.00152095,-76.49930736,3.141588445,3,0,60
357.3047973,39.0015196,-76.49930736,3.141588489,3,0,60
357.354956,39.00151825,-76.49930736,3.141588532,3,0,60
357.405122,39.0015169,-76.49930736,3.141588576,3,0,60
357.455296,39.00151554,-76.49930736,3.141588618,3,0,60
357.505518,39.00151419,-76.49930736,3.14158866,3,0,60
357.5557431,39.00151284,-76.49930736,3.141588702,3,0,60
357.6059526,39.00151149,-76.49930736,3.141588744,3,0,60
357.6561247,39.00151014,-76.49930736,3.141588785,3,0,60
357.7062851,39.00150879,-76.49930736,3.141588825,3,0,60
357.7564558,39.00150744,-76.49930736,3.141588865,3,0,60
357.8066191,39.00150609,-76.49930736,3.141588905,3,0,60
357.8568248,39.00150474,-76.49930736,3.141588944,3,0,60
357.9070114,39.00150338,-76.49930736,3.141588983,3,0,60
357.9571745,39.00150203,-76.49930736,3.141589022,3,0,60
358.0073286,39.00150068,-76.49930736,3.14158906,3,0,60
358.0574909,39.00149933,-76.49930736,3.141589097,3,0,60
358.1076977,39.00149798,-76.49930736,3.141589134,3,0,60
358.1578862,39.00149663,-76.49930736,3.141589171,3,0,60
358.2080612,39.00149528,-76.49930736,3.141589208,3,0,60
358.2582117,39.00149392,-76.49930736,3.141589244,3,0,60
358.3083673,39.00149257,-76.49930736,3.14158928,3,0,60
358.3585163,39.00149122,-76.49930736,3.141589315,3,0,60
358.4087029,39.00148987,-76.49930736,3.14158935,3,0,60
358.4588462,39.00148852,-76.49930736,3.141589384,3,0,60
358.5090026,39.00148717,-76.49930736,3.141589419,3,0,60
358.559145,39.00148582,-76.49930736,3.141589452,3,0,60
358.6092949,39.00148447,-76.49930736,3.141589486,3,0,60
358.659451,39.00148312,-76.49930736,3.141589519,3,0,60
358.7096041,39.00148177,-76.49930736,3.141589552,3,0,60
358.7597497,39.00148041,-76.49930736,3.141589584,3,0,60
358.8098927,39.00147906,-76.49930736,3.141589617,3,0,60
358.8600481,39.00147771,-76.49930736,3.141589648,3,0,60
358.9101937,39.00147636,-76.49930736,3.14158968,3,0,60
358.9603749,39.00147483,-76.49930736,3.141589711,3,0,60
359.0105383,39.00147366,-76.49930736,3.141589746,3,0,60
359.0607415,39.00147231,-76.49930736,3.141589772,3,0,60
359.110913,39.00147096,-76.49930736,3.141589802,3,0,60
359.1610723,39.0014696,-76.49930736,3.141589832,3,0,60
359.2112468,39.00146825,-76.49930736,3.141589862,3,0,60
359.2614446,39.0014669,-76.49930736,3.141589891,3,0,60
359.3116032,39.00146555,-76.49930736,3.14158992,3,0,60
359.3617244,39.0014642,-76.49930736,3.141589949,3,0,60
359.4118965,39.00146285,-76.49930736,3.141589977,3,0,60
359.4621049,39.0014615,-76.49930736,3.141590005,3,0,60
359.5123203,39.00146015,-76.49930736,3.141590033,3,0,60
359.5625326,39.0014588,-76.49930736,3.14159006,3,0,60
359.6127431,39.00145744,-76.49930736,3.141590087,3,0,60
359.6629087,39.00145609,-76.49930736,3.141590114,3,0,60
359.7130597,39.00145474,-76.49930736,3.141590141,3,0,60
359.7632702,39.00145339,-76.49930736,3.141590167,3,0,60
359.8134566,39.00145204,-76.49930736,3.141590193,3,0,60
359.8637022,39.00145069,-76.49930736,3.141590219,3,0,60
359.913885,39.00144934,-76.49930736,3.141590244,3,0,60
359.9641077,39.00144799,-76.49930736,3.14159027,3,0,60
360.0143477,39.00144664,-76.49930736,3.141590295,3,0,60
360.0645399,39.00144528,-76.49930736,3.141590319,3,0,60
360.1147963,39.00144393,-76.49930736,3.141590344,3,0,60
360.1650062,39.00144258,-76.49930736,3.141590368,3,0,60
360.2152295,39.00144123,-76.49930736,3.141590392,3,0,60
360.2654538,39.00143988,-76.49930736,3.141590416,3,0,60
360.3156271,39.00143853,-76.49930736,3.141590439,3,0,60
360.3657961,39.00143718,-76.49930736,3.141590462,3,0,60
360.415984,39.00143582,-76.49930736,3.141590485,3,0,60
360.466199,39.00143447,-76.49930736,3.141590508,3,0,60
360.5164129,39.00143312,-76.49930736,3.14159053,3,0,60
360.5666126,39.00143177,-76.49930736,3.141590553,3,0,60
360.616776,39.00143042,-76.49930736,3.141590575,3,0,60
360.666949,39.00142907,-76.49930736,3.141590596,3,0,60
360.7171228,39.00142772,-76.49930736,3.141590618,3,0,60
360.7673651,39.00142637,-76.49930736,3.141590639,3,0,60
360.8175584,39.00142502,-76.49930736,3.14159066,3,0,60
360.8677674,39.00142367,-76.49930736,3.141590681,3,0,60
360.9179764,39.00142231,-76.49930736,3.141590702,3,0,60
360.9681555,39.00142096,-76.49930736,3.141590722,3,0,60
361.0183596,39.00141961,-76.49930736,3.141590722,3,0,60
361.0685329,39.00141826,-76.49930736,3.141590763,3,0,60
361.1187607,39.00141691,-76.49930736,3.141590782,3,0,60
361.1689828,39.00141556,-76.49930736,3.141590802,3,0,60
361.219213,39.00141421,-76.49930736,3.141590821,3,0,60
361.2694046,39.00141286,-76.49930736,3.141590841,3,0,60
361.319612,39.00141151,-76.49930736,3.14159086,3,0,60
361.3698297,39.00141015,-76.49930736,3.141590878,3,0,60
361.4200985,39.0014088,-76.49930736,3.141590897,3,0,60
361.4703054,39.00140745,-76.49930736,3.141590915,3,0,60
361.5204807,39.0014061,-76.49930736,3.141590934,3,0,60
361.5706979,39.00140475,-76.49930736,3.141590952,3,0,60
361.620871,39.0014034,-76.49930736,3.141590969,3,0,60
361.6711094,39.00140205,-76.49930736,3.141590987,3,0,60
361.7213268,39.00140069,-76.49930736,3.141591005,3,0,60
361.7715948,39.00139934,-76.49930736,3.141591022,3,0,60
361.8217718,39.00139799,-76.49930736,3.141591039,3,0,60
361.8719779,39.00139664,-76.49930736,3.141591056,3,0,60
361.92217,39.00139529,-76.49930736,3.141591073,3,0,60
361.9723429,39.00139394,-76.49930736,3.141591089,3,0,60
362.0225009,39.00139259,-76.49930736,3.141591105,3,0,60
362.0726794,39.00139124,-76.49930736,3.141591122,3,0,60
362.122832,39.00138989,-76.49930736,3.141591138,3,0,60
362.1730158,39.00138854,-76.49930736,3.141591154,3,0,60
362.223203,39.00138718,-76.49930736,3.141591169,3,0,60
362.2733864,39.00138583,-76.49930736,3.141591185,3,0,60
362.3235924,39.00138448,-76.49930736,3.1415912,3,0,60
362.3737793,39.00138313,-76.49930736,3.141591215,3,0,60
362.4239939,39.00138178,-76.49930736,3.141591231,3,0,60
362.4741926,39.00138043,-76.49930736,3.141591245,3,0,60
362.5243624,39.00137908,-76.49930736,3.14159126,3,0,60
362.5745183,39.00137773,-76.49930736,3.141591275,3,0,60
362.6247214,39.00137637,-76.49930736,3.141591289,3,0,60
362.6748844,39.00137502,-76.49930736,3.141591303,3,0,60
362.7250391,39.00137367,-76.49930736,3.141591318,3,0,60
362.7752018,39.00137232,-76.49930736,3.141591332,3,0,60
362.8253525,39.00137097,-76.49930736,3.141591345,3,0,60
362.875511,39.00136962,-76.49930736,3.141591359,3,0,60
362.9257058,39.00136827,-76.49930736,3.141591373,3,0,60
362.9758784,39.00136692,-76.49930736,3.141591386,3,0,60
363.0260308,39.00136557,-76.49930736,3.141591399,3,0,60
363.0762123,39.00136421,-76.49930736,3.141591413,3,0,60
363.1263691,39.00136286,-76.49930736,3.141591426,3,0,60
363.1765268,39.00136151,-76.49930736,3.141591438,3,0,60
363.226708,39.00136016,-76.49930736,3.141591451,3,0,60
363.2768649,39.00135881,-76.49930736,3.141591464,3,0,60
363.3270113,39.00135746,-76.49930736,3.141591476,3,0,60
363.3771578,39.00135611,-76.49930736,3.141591488,3,0,60
363.4273932,39.00135476,-76.49930736,3.141591501,3,0,60
363.4776143,39.00135341,-76.49930736,3.141591513,3,0,60
363.5279251,39.00135205,-76.49930736,3.141591525,3,0,60
363.578093,39.0013507,-76.49930736,3.141591536,3,0,60
363.6283052,39.00134935,-76.49930736,3.141591548,3,0,60
363.6784844,39.001348,-76.49930736,3.14159156,3,0,60
363.7287358,39.00134665,-76.49930736,3.141591571,3,0,60
363.7789186,39.0013453,-76.49930736,3.141591583,3,0,60
363.8290883,39.00134395,-76.49930736,3.141591594,3,0,60
363.8792625,39.0013426,-76.49930736,3.141591605,3,0,60
363.9294416,39.00134124,-76.49930736,3.141591616,3,0,60
363.9796149,39.00133989,-76.49930736,3.141591627,3,0,60
364.0297667,39.00133854,-76.49930736,3.141591637,3,0,60
364.0799205,39.00133719,-76.49930736,3.141591648,3,0,60
364.130085,39.00133584,-76.49930736,3.141591659,3,0,60
364.1802748,39.00133449,-76.49930736,3.141591669,3,0,60
364.2304599,39.00133314,-76.49930736,3.141591679,3,0,60
364.2806875,39.00133179,-76.49930736,3.14159169,3,0,60
364.3308526,39.00133044,-76.49930736,3.1415917,3,0,60
364.381029,39.00132908,-76.49930736,3.14159171,3,0,60
364.4312394,39.00132773,-76.49930736,3.14159172,3,0,60
364.4814196,39.00132638,-76.49930736,3.141591729,3,0,60
364.5316304,39.00132503,-76.49930736,3.141591739,3,0,60
364.5818984,39.00132368,-76.49930736,3.141591749,3,0,60
364.6320578,39.00132233,-76.49930736,3.141591758,3,0,60
364.6822165,39.00132098,-76.49930736,3.141591767,3,0,60
364.7323745,39.00131963,-76.49930736,3.141591777,3,0,60
364.7825177,39.00131828,-76.49930736,3.141591786,3,0,60
364.8326925,39.00131692,-76.49930736,3.141591795,3,0,60
364.8828399,39.00131557,-76.49930736,3.141591804,3,0,60
364.9329931,39.00131422,-76.49930736,3.141591813,3,0,60
364.9831501,39.00131287,-76.49930736,3.141591822,3,0,60
365.0333063,39.00131152,-76.49930736,3.14159183,3,0,60
365.0835163,39.00131017,-76.49930736,3.141591839,3,0,60
365.1337235,39.00130882,-76.49930736,3.141591848,3,0,60
365.1839332,39.00130747,-76.49930736,3.141591856,3,0,60
365.2340764,39.00130476,-76.49930736,3.141591873,3,0,60
365.2843626,39.00130341,-76.49930736,3.141591881,3,0,60
365.3345486,39.00130206,-76.49930736,3.141591889,3,0,60
365.3847625,39.00130071,-76.49930736,3.141591897,3,0,60
365.4349733,39.00129936,-76.49930736,3.141591905,3,0,60
365.4851196,39.00129801,-76.49930736,3.141591913,3,0,60
365.5352507,39.00129666,-76.49930736,3.14159192,3,0,60
365.5854002,39.00129531,-76.49930736,3.141591928,3,0,60
365.6355505,39.00129395,-76.49930736,3.141591936,3,0,60
365.6857737,39.0012926,-76.49930736,3.141591943,3,0,60
365.735926,39.00129125,-76.49930736,3.141591951,3,0,60
365.7860707,39.0012899,-76.49930736,3.141591958,3,0,60
365.8362507,39.00128855,-76.49930736,3.141591965,3,0,60
365.8864543,39.0012872,-76.49930736,3.141591972,3,0,60
365.9366182,39.00128585,-76.49930736,3.14159198,3,0,60
365.9867598,39.0012845,-76.49930736,3.141591987,3,0,60
366.0369114,39.00128314,-76.49930736,3.141591994,3,0,60
366.087128,39.00128179,-76.49930736,3.141592001,3,0,60
366.1373015,39.00128044,-76.49930736,3.141592007,3,0,60
366.1874707,39.00127909,-76.49930736,3.141592014,3,0,60
366.2377237,39.00127774,-76.49930736,3.141592021,3,0,60
366.2878832,39.00127639,-76.49930736,3.141592027,3,0,60
366.3380441,39.00127504,-76.49930736,3.141592034,3,0,60
366.3882289,39.00127369,-76.49930736,3.141592041,3,0,60
366.4384048,39.00127233,-76.49930736,3.141592047,3,0,60
366.4886046,39.00127098,-76.49930736,3.141592053,3,0,60
366.5387756,39.00126963,-76.49930736,3.14159206,3,0,60
366.5889706,39.00126828,-76.49930736,3.141592066,3,0,60
366.6391327,39.00126693,-76.49930736,3.141592072,3,0,60
366.6893155,39.00126558,-76.49930736,3.141592078,3,0,60
366.7394954,39.00126423,-76.49930736,3.141592084,3,0,60
366.7896451,39.00126288,-76.49930736,3.14159209,3,0,60
366.8398325,39.00126153,-76.49930736,3.141592096,3,0,60
366.8899768,39.00126017,-76.49930736,3.141592102,3,0,60
366.9401308,39.00125882,-76.49930736,3.141592108,3,0,60
366.9902839,39.00125747,-76.49930736,3.141592113,3,0,60
367.0404614,39.00125612,-76.49930736,3.141592119,3,0,60
367.0906683,39.00125477,-76.49930736,3.141592125,3,0,60
367.1408756,39.00125342,-76.49930736,3.14159213,3,0,60
367.1910731,39.00125207,-76.49930736,3.141592136,3,0,60
367.2412671,39.00125072,-76.49930736,3.141592141,3,0,60
367.2914923,39.00124937,-76.49930736,3.141592146,3,0,60
367.3417287,39.00124801,-76.49930736,3.141592152,3,0,60
367.3919531,39.00124666,-76.49930736,3.141592157,3,0,60
367.4421196,39.00124531,-76.49930736,3.141592162,3,0,60
367.4923348,39.00124396,-76.49930736,3.141592167,3,0,60
367.5425024,39.00124261,-76.49930736,3.141592172,3,0,60
367.5927032,39.00124126,-76.49930736,3.141592177,3,0,60
367.6428986,39.00123991,-76.49930736,3.141592182,3,0,60
367.6931042,39.00123856,-76.49930736,3.141592187,3,0,60
367.7432838,39.00123721,-76.49930736,3.141592192,3,0,60
367.7934409,39.00123585,-76.49930736,3.141592197,3,0,60
367.8436029,39.0012345,-76.49930736,3.141592202,3,0,60
367.8937595,39.00123315,-76.49930736,3.141592206,3,0,60
367.94397,39.0012318,-76.49930736,3.141592211,3,0,60
367.9941417,39.00123045,-76.49930736,3.141592216,3,0,60
368.0443141,39.0012291,-76.49930736,3.14159222,3,0,60
368.0944845,39.00122775,-76.49930736,3.141592225,3,0,60
368.1446533,39.0012264,-76.49930736,3.141592229,3,0,60
368.1948155,39.00122504,-76.49930736,3.141592234,3,0,60
368.2450217,39.00122369,-76.49930736,3.141592238,3,0,60
368.2951944,39.00122234,-76.49930736,3.141592243,3,0,60
368.3454171,39.00122099,-76.49930736,3.141592247,3,0,60
368.395629,39.00121964,-76.49930736,3.141592251,3,0,60
368.4457974,39.00121829,-76.49930736,3.141592255,3,0,60
368.495974,39.00121694,-76.49930736,3.141592255,3,0,60
368.546146,39.00121559,-76.49930736,3.14159226,3,0,60
368.5963241,39.00121423,-76.49930736,3.141592268,3,0,60
368.6465276,39.00121288,-76.49930736,3.141592272,3,0,60
368.6967801,39.00121153,-76.49930736,3.141592276,3,0,60
368.7469477,39.00121018,-76.49930736,3.14159228,3,0,60
368.7971698,39.00120883,-76.49930736,3.141592284,3,0,60
368.8474215,39.00120748,-76.49930736,3.141592288,3,0,60
368.8976038,39.00120613,-76.49930736,3.141592291,3,0,60
368.9478233,39.00120478,-76.49930736,3.141592295,3,0,60
368.9979821,39.00120343,-76.49930736,3.141592299,3,0,60
369.0481791,39.00120208,-76.49930736,3.141592303,3,0,60
369.0983538,39.00120072,-76.49930736,3.141592306,3,0,60
369.1486016,39.00119937,-76.49930736,3.14159231,3,0,60
369.1987893,39.00119802,-76.49930736,3.141592314,3,0,60
369.2490164,39.00119667,-76.49930736,3.141592317,3,0,60
369.299199,39.00119532,-76.49930736,3.141592321,3,0,60
369.3494316,39.00119397,-76.49930736,3.141592324,3,0,60
369.3996237,39.00119262,-76.49930736,3.141592328,3,0,60
369.4497984,39.00119127,-76.49930736,3.141592331,3,0,60
369.4999702,39.00118991,-76.49930736,3.141592334,3,0,60
369.5501819,39.00118856,-76.49930736,3.141592338,3,0,60
369.6003748,39.00118721,-76.49930736,3.141592341,3,0,60
369.6506423,39.00118586,-76.49930736,3.141592344,3,0,60
369.7008218,39.00118451,-76.49930736,3.141592348,3,0,60
369.7509674,39.00118316,-76.49930736,3.141592351,3,0,60
369.8011239,39.00118181,-76.49930736,3.141592354,3,0,60
369.851284,39.00118046,-76.49930736,3.141592357,3,0,60
369.9014544,39.0011791,-76.49930736,3.14159236,3,0,60
369.9516677,39.00117775,-76.49930736,3.141592363,3,0,60
370.0018256,39.0011764,-76.49930736,3.141592366,3,0,60
370.0519989,39.00117505,-76.49930736,3.141592369,3,0,60
370.1021698,39.0011737,-76.49930736,3.141592372,3,0,60
370.1523313,39.00117235,-76.49930736,3.141592375,3,0,60
370.2024795,39.001171,-76.49930736,3.141592378,3,0,60
370.2526976,39.00116965,-76.49930736,3.141592381,3,0,60
370.3028611,39.0011683,-76.49930736,3.141592384,3,0,60
370.3530417,39.00116694,-76.49930736,3.141592387,3,0,60
370.403223,39.00116559,-76.49930736,3.141592389,3,0,60
370.4534409,39.00116424,-76.49930736,3.141592392,3,0,60
370.5036402,39.00116289,-76.49930736,3.141592395,3,0,60
370.5538602,39.00116154,-76.49930736,3.141592398,3,0,60
370.6040282,39.00116019,-76.49930736,3.1415924,3,0,60
370.6541966,39.00115884,-76.49930736,3.141592403,3,0,60
370.7043585,39.00115749,-76.49930736,3.141592406,3,0,60
370.7545203,39.00115613,-76.49930736,3.141592408,3,0,60
370.8046957,39.00115478,-76.49930736,3.141592411,3,0,60
370.8549924,39.00115343,-76.49930736,3.141592413,3,0,60
370.9051583,39.00115208,-76.49930736,3.141592416,3,0,60
370.9553417,39.00115073,-76.49930736,3.141592418,3,0,60
371.0055044,39.00114938,-76.49930736,3.141592421,3,0,60
371.0557194,39.00114803,-76.49930736,3.141592423,3,0,60
371.1058736,39.00114668,-76.49930736,3.141592426,3,0,60
371.1560264,39.00114533,-76.49930736,3.141592428,3,0,60
371.206186,39.00114397,-76.49930736,3.14159243,3,0,60
371.2563757,39.00114262,-76.49930736,3.141592433,3,0,60
371.3065402,39.00114127,-76.49930736,3.141592435,3,0,60
371.3567224,39.00113992,-76.49930736,3.141592437,3,0,60
371.4068804,39.00113857,-76.49930736,3.14159244,3,0,60
371.4571204,39.00113722,-76.49930736,3.141592442,3,0,60
371.5072821,39.00113587,-76.49930736,3.141592444,3,0,60
371.5574505,39.00113452,-76.49930736,3.141592446,3,0,60
371.6076184,39.00113316,-76.49930736,3.141592448,3,0,60
371.6577533,39.00113181,-76.49930736,3.141592451,3,0,60
371.707965,39.00113046,-76.49930736,3.141592453,3,0,60
371.7581628,39.00112911,-76.49930736,3.141592455,3,0,60
371.8083568,39.00112776,-76.49930736,3.141592457,3,0,60
371.858587,39.00112641,-76.49930736,3.141592459,3,0,60
371.908807,39.00112506,-76.49930736,3.141592461,3,0,60
371.959012,39.00112371,-76.49930736,3.141592463,3,0,60
372.0092183,39.00112236,-76.49930736,3.141592465,3,0,60
372.0594721,39.001121,-76.49930736,3.141592467,3,0,60
372.1096641,39.00111965,-76.49930736,3.141592469,3,0,60
372.159884,39.0011183,-76.49930736,3.141592471,3,0,60
372.2100427,39.00111695,-76.49930736,3.141592473,3,0,60
372.2602126,39.0011156,-76.49930736,3.141592475,3,0,60
372.3104223,39.00111425,-76.49930736,3.141592477,3,0,60
372.3606113,39.0011129,-76.49930736,3.141592478,3,0,60
372.4108047,39.00111155,-76.49930736,3.14159248,3,0,60
372.4609654,39.0011102,-76.49930736,3.141592482,3,0,60
372.5111319,39.00110885,-76.49930736,3.141592484,3,0,60
372.5612948,39.00110749,-76.49930736,3.141592486,3,0,60
372.611469,39.00110614,-76.49930736,3.141592487,3,0,60
372.661652,39.00110479,-76.49930736,3.141592489,3,0,60
372.7119214,39.00110344,-76.49930736,3.141592491,3,0,60
372.7620894,39.00110209,-76.49930736,3.141592493,3,0,60
372.812257,39.00110074,-76.49930736,3.141592494,3,0,60
372.8624056,39.00109939,-76.49930736,3.141592496,3,0,60
372.9126138,39.00109804,-76.49930736,3.141592498,3,0,60
372.962804,39.00109668,-76.49930736,3.141592499,3,0,60
373.0129652,39.00109533,-76.49930736,3.141592501,3,0,60
373.0631366,39.00109398,-76.49930736,3.141592502,3,0,60
373.1132975,39.00109263,-76.49930736,3.141592504,3,0,60
373.1635041,39.00109128,-76.49930736,3.141592506,3,0,60
373.2136958,39.00108993,-76.49930736,3.141592507,3,0,60
373.2639058,39.00108858,-76.49930736,3.141592509,3,0,60
373.3140692,39.00108723,-76.49930736,3.14159251,3,0,60
373.3642468,39.00108587,-76.49930736,3.141592512,3,0,60
373.4144893,39.00108452,-76.49930736,3.141592513,3,0,60
373.4646956,39.00108317,-76.49930736,3.141592515,3,0,60
373.5148703,39.00108182,-76.49930736,3.141592516,3,0,60
373.5650633,39.00108047,-76.49930736,3.141592517,3,0,60
373.6152261,39.00107912,-76.49930736,3.141592519,3,0,60
373.6654036,39.00107777,-76.49930736,3.14159252,3,0,60
373.7156442,39.00107642,-76.49930736,3.141592522,3,0,60
373.7658592,39.00107506,-76.49930736,3.141592523,3,0,60
373.8160172,39.00107371,-76.49930736,3.141592524,3,0,60
373.8661965,39.00107236,-76.49930736,3.141592526,3,0,60
373.9163497,39.00107101,-76.49930736,3.141592527,3,0,60
373.9665151,39.00106966,-76.49930736,3.141592529,3,0,60
374.0166795,39.00106831,-76.49930736,3.14159253,3,0,60
374.0668387,39.00106696,-76.49930736,3.141592531,3,0,60
374.1169957,39.00106561,-76.49930736,3.141592533,3,0,60
374.1671477,39.00106426,-76.49930736,3.141592534,3,0,60
374.2173098,39.0010629,-76.49930736,3.141592535,3,0,60
374.2675483,39.00106155,-76.49930736,3.141592536,3,0,60
374.3177885,39.0010602,-76.49930736,3.141592538,3,0,60
374.3680092,39.00105885,-76.49930736,3.141592539,3,0,60
374.4181667,39.0010575,-76.49930736,3.14159254,3,0,60
374.4683696,39.00105615,-76.49930736,3.141592541,3,0,60
374.5185862,39.0010548,-76.49930736,3.141592542,3,0,60
374.5688018,39.00105345,-76.49930736,3.141592544,3,0,60
374.6190094,39.0010521,-76.49930736,3.141592545,3,0,60
374.6692012,39.00105075,-76.49930736,3.141592546,3,0,60
374.7194141,39.00104939,-76.49930736,3.141592547,3,0,60
374.7696591,39.00104804,-76.49930736,3.141592548,3,0,60
374.8199065,39.00104669,-76.49930736,3.141592549,3,0,60
374.8701036,39.00104534,-76.49930736,3.14159255,3,0,60
374.9202652,39.00104399,-76.49930736,3.141592551,3,0,60
374.9704295,39.00104264,-76.49930736,3.141592552,3,0,60
375.0206062,39.00104129,-76.49930736,3.141592554,3,0,60
375.0707647,39.00103994,-76.49930736,3.141592555,3,0,60
375.1209335,39.00103858,-76.49930736,3.141592556,3,0,60
375.1710803,39.00103723,-76.49930736,3.141592557,3,0,60
375.221253,39.00103588,-76.49930736,3.141592558,3,0,60
375.2714292,39.00103453,-76.49930736,3.141592559,3,0,60
375.32164,39.00103318,-76.49930736,3.14159256,3,0,60
375.3718937,39.00103183,-76.49930736,3.141592561,3,0,60
375.4220857,39.00103048,-76.49930736,3.141592562,3,0,60
375.4722906,39.00102913,-76.49930736,3.141592563,3,0,60
375.5224915,39.00102777,-76.49930736,3.141592564,3,0,60
375.5727705,39.00102642,-76.49930736,3.141592564,3,0,60
375.6230003,39.00102507,-76.49930736,3.141592565,3,0,60
375.6732197,39.00102372,-76.49930736,3.141592566,3,0,60
375.7234498,39.00102237,-76.49930736,3.141592567,3,0,60
375.7736573,39.00102102,-76.49930736,3.141592568,3,0,60
375.8239188,39.00101967,-76.49930736,3.141592569,3,0,60
375.8740941,39.00101832,-76.49930736,3.14159257,3,0,60
375.9242675,39.00101697,-76.49930736,3.141592571,3,0,60
375.9744638,39.00101561,-76.49930736,3.141592572,3,0,60
376.024676,39.00101426,-76.49930736,3.141592573,3,0,60
376.074882,39.00101291,-76.49930736,3.141592573,3,0,60
376.125073,39.00101156,-76.49930736,3.141592574,3,0,60
376.1752772,39.00101021,-76.49930736,3.141592575,3,0,60
376.225555,39.00100886,-76.49930736,3.141592576,3,0,60
376.2758011,39.00100751,-76.49930736,3.141592577,3,0,60
376.326035,39.00100616,-76.49930736,3.141592577,3,0,60
376.3762398,39.0010048,-76.49930736,3.141592578,3,0,60
376.4264328,39.00100345,-76.49930736,3.141592579,3,0,60
376.4766014,39.0010021,-76.49930736,3.14159258,3,0,60
376.5268145,39.00100075,-76.49930736,3.141592581,3,0,60
376.577036,39.0009994,-76.49930736,3.141592581,3,0,60
376.6272488,39.00099805,-76.49930736,3.141592582,3,0,60
376.6774544,39.0009967,-76.49930736,3.141592583,3,0,60
376.7276769,39.00099535,-76.49930736,3.141592584,3,0,60
376.7778791,39.000994,-76.49930736,3.141592584,3,0,60
376.8281181,39.00099265,-76.49930736,3.141592585,3,0,60
376.878338,39.00099129,-76.49930736,3.141592586,3,0,60
376.9285508,39.00098994,-76.49930736,3.141592586,3,0,60
376.9787795,39.00098859,-76.49930736,3.141592587,3,0,60
377.028988,39.00098724,-76.49930736,3.141592588,3,0,60
377.0792225,39.00098589,-76.49930736,3.141592589,3,0,60
377.1294712,39.00098454,-76.49930736,3.141592589,3,0,60
377.1796677,39.00098319,-76.49930736,3.14159259,3,0,60
377.2298964,39.00098183,-76.49930736,3.141592591,3,0,60
377.280101,39.00098048,-76.49930736,3.141592591,3,0,60
377.3302793,39.00097913,-76.49930736,3.141592592,3,0,60
377.380442,39.00097778,-76.49930736,3.141592593,3,0,60
377.43062,39.00097643,-76.49930736,3.141592593,3,0,60
377.4808092,39.00097508,-76.49930736,3.141592594,3,0,60
377.530979,39.00097373,-76.49930736,3.141592595,3,0,60
377.5811802,39.00097238,-76.49930736,3.141592595,3,0,60
377.6313644,39.00097103,-76.49930736,3.141592596,3,0,60
377.681552,39.00096968,-76.49930736,3.141592596,3,0,60
377.7317507,39.00096832,-76.49930736,3.141592597,3,0,60
377.7819272,39.00096697,-76.49930736,3.141592598,3,0,60
377.8321092,39.00096562,-76.49930736,3.141592598,3,0,60
377.8822828,39.00096427,-76.49930736,3.141592599,3,0,60
377.9324683,39.00096292,-76.49930736,3.141592599,3,0,60
377.9826475,39.00096157,-76.49930736,3.1415926,3,0,60
378.0328212,39.00096022,-76.49930736,3.1415926,3,0,60
378.0830037,39.00095887,-76.49930736,3.141592601,3,0,60
378.1333027,39.00095751,-76.49930736,3.141592602,3,0,60
378.1835255,39.00095616,-76.49930736,3.141592602,3,0,60
378.2337705,39.00095481,-76.49930736,3.141592603,3,0,60
378.2839811,39.00095346,-76.49930736,3.141592603,3,0,60
378.3341573,39.00095076,-76.49930736,3.141592604,3,0,60
378.3843393,39.00094941,-76.49930736,3.141592605,3,0,60
378.4345177,39.00094805,-76.49930736,3.141592605,3,0,60
378.4847359,39.00094671,-76.49930736,3.141592606,3,0,60
378.5349795,39.00094535,-76.49930736,3.141592606,3,0,60
378.5851954,39.000944,-76.49930736,3.141592607,3,0,60
378.6354157,39.00094265,-76.49930736,3.141592607,3,0,60
378.6856413,39.0009413,-76.49930736,3.141592608,3,0,60
378.735851,39.00093995,-76.49930736,3.141592608,3,0,60
378.7860067,39.0009386,-76.49930736,3.141592609,3,0,60
378.8361708,39.00093725,-76.49930736,3.141592609,3,0,60
378.8863382,39.0009359,-76.49930736,3.14159261,3,0,60
378.9365078,39.00093455,-76.49930736,3.14159261,3,0,60
378.9866758,39.00093319,-76.49930736,3.141592611,3,0,60
379.0368452,39.00093184,-76.49930736,3.141592611,3,0,60
379.0870528,39.00093049,-76.49930736,3.141592611,3,0,60
379.137228,39.00092914,-76.49930736,3.141592612,3,0,60
379.1874029,39.00092779,-76.49930736,3.141592612,3,0,60
379.2376478,39.00092644,-76.49930736,3.141592613,3,0,60
379.2878867,39.00092509,-76.49930736,3.141592613,3,0,60
379.3380111,39.00092374,-76.49930736,3.141592614,3,0,60
379.3881684,39.00092238,-76.49930736,3.141592614,3,0,60
379.4383273,39.00092103,-76.49930736,3.141592614,3,0,60
379.4884865,39.00091968,-76.49930736,3.141592615,3,0,60
379.5386747,39.00091833,-76.49930736,3.141592615,3,0,60
379.5888259,39.00091698,-76.49930736,3.141592616,3,0,60
379.6390373,39.00091563,-76.49930736,3.141592616,3,0,60
379.6892421,39.00091428,-76.49930736,3.141592616,3,0,60
379.7394343,39.00091293,-76.49930736,3.141592617,3,0,60
379.7895931,39.00091157,-76.49930736,3.141592617,3,0,60
379.8397599,39.00091022,-76.49930736,3.141592618,3,0,60
379.8899559,39.00090887,-76.49930736,3.141592618,3,0,60
379.9401571,39.00090752,-76.49930736,3.141592618,3,0,60
379.9903364,39.00090617,-76.49930736,3.141592619,3,0,60
380.0405149,39.00090482,-76.49930736,3.141592619,3,0,60
380.0907058,39.00090347,-76.49930736,3.14159262,3,0,60
380.1409171,39.00090212,-76.49930736,3.14159262,3,0,60
380.1910981,39.00090076,-76.49930736,3.14159262,3,0,60
380.2412801,39.00089944,-76.49930736,3.14159262,2.950001188,0,60
