elapsed_s,lat_deg,lon_deg,yaw_rad,speed_mps,depth_m,alt_asf_m
1.008e-06,39,-76.5,0,0,0,60
0.05025007,39,-76.5,0,0,0,60
0.100492219,39,-76.5,0,0,0,60
0.150684852,39.00000002,-76.5,8.240075289e-13,0.04993415,0.00998683,59.99001317
0.200878646,39.00000007,-76.5,-5.023885704e-12,0.099937432,0.0199874864,59.98001251
0.251083852,39.00000014,-76.5,1.855545295e-12,0.149952584,0.0299905168,59.97000948
0.301301454,39.00000023,-76.5,3.497074842e-12,0.200013554,0.0400027108,59.95999729
0.351512334,39.00000034,-76.5,1.2452454e-11,0.249965996,0.0499931992,59.9500068
0.401705832,39.00000047,-76.5,-6.014586686e-12,0.29998009,0.059996018,59.94000398
0.451893918,39.00000063,-76.5,-1.079879712e-11,0.349949122,0.0699898244,59.93001018
0.502069838,39.00000081,-76.5,1.779579682e-14,0.399951088,0.0799902176,59.92000978
0.552288235,39.00000101,-76.5,-6.84597406e-12,0.449951823,0.0899903646,59.91000964
0.60247433,39.00000124,-76.5,-7.485538397e-12,0.499956296,0.0999912592,59.90000874
0.652648165,39.00000149,-76.5,1.80083569e-12,0.549939833,0.1099879666,59.89001203
0.702839865,39.00000176,-76.5,-1.396694237e-11,0.599972447,0.1199944894,59.88000551
0.753033784,39.00000205,-76.5,-1.195051355e-11,0.649942536,0.1299885072,59.87001149
0.803216527,39.00000237,-76.5,-9.736750106e-12,0.700086011,0.1400172022,59.8599828
0.853413072,39.0000027,-76.5,-1.100297951e-12,0.74996091,0.149992182,59.85000782
0.903610267,39.00000306,-76.5,8.201929772e-13,0.799937577,0.1599875154,59.84001248
0.953831948,39.00000344,-76.5,-4.967647503e-12,0.84993964,0.169987928,59.83001207
1.004015977,39.00000385,-76.5,1.104874186e-11,0.899935138,0.1799870276,59.82001297
1.054253525,39.00000428,-76.5,-3.982493462e-12,0.949947009,0.1899894018,59.8100106
1.104432372,39.00000473,-76.5,-1.313092099e-11,0.999954414,0.1999908828,59.80000912
1.154636696,39.0000052,-76.5,7.95182869e-12,1.049964107,0.2099928214,59.79000718
1.204819473,39.0000057,-76.5,1.105918597e-12,1.099975146,0.2199950292,59.78000497
1.25499988,39.00000621,-76.5,7.331818383e-12,1.149964256,0.2299928512,59.77000715
1.305159777,39.00000676,-76.5,-2.794326327e-12,1.199971414,0.2399942828,59.76000572
1.355307335,39.00000732,-76.5,-1.128837049e-11,1.249937073,0.2499874146,59.75001259
1.405459608,39.0000079,-76.5,-1.34018449e-12,1.299940915,0.259988183,59.74001182
1.455617758,39.00000851,-76.5,5.89316332e-12,1.34993638,0.269987276,59.73001272
1.505768011,39.00000914,-76.5,4.524474304e-12,1.399973524,0.2799947048,59.7200053
1.555933436,39.0000098,-76.5,7.195549028e-12,1.449952398,0.2899904796,59.71000952
1.606085099,39.00001047,-76.5,-4.248533604e-12,1.500030322,0.3000060644,59.69999394
1.656277684,39.00001117,-76.5,-8.029451421e-12,1.549941455,0.309988291,59.69001171
1.706492075,39.00001189,-76.5,2.328408322e-12,1.599941483,0.3199882966,59.6800117
1.75675616,39.00001263,-76.5,-2.071315298e-12,1.649943696,0.3299887392,59.67001126
1.80701604,39.0000134,-76.5,-2.400490504e-12,1.69994292,0.339988584,59.66001142
1.857237345,39.00001419,-76.5,7.142282944e-12,1.749940411,0.3499880822,59.65001192
1.90751519,39.000015,-76.5,-2.416940166e-13,1.799950859,0.3599901718,59.64000983
1.957738015,39.00001583,-76.5,3.722116203e-12,1.849943899,0.3699887798,59.63001122
2.00793525,39.00001669,-76.5,-5.325267492e-12,1.899985149,0.3799970298,59.62000297
2.058181843,39.00001756,-76.5,-6.917702389e-12,1.949946799,0.3899893598,59.61001064
2.108406533,39.00001847,-76.5,2.350935488e-12,1.999965873,0.3999931746,59.60000683
2.158592931,39.00001939,-76.5,8.678951546e-12,2.049949151,0.4099898302,59.59001017
2.20879557,39.00002033,-76.5,-1.551091146e-12,2.099971813,0.4199943626,59.58000564
2.259009935,39.0000213,-76.5,-2.20238072e-12,2.149960334,0.4299920668,59.57000793
2.309203622,39.00002229,-76.5,-3.720988834e-12,2.199950666,0.4399901332,59.56000987
2.359401467,39.00002331,-76.5,-1.1224254e-11,2.249937376,0.4499874752,59.55001252
2.409577244,39.00002434,-76.5,1.085621647e-11,2.299953005,0.459990601,59.5400094
2.459764715,39.0000254,-76.5,-2.553631869e-12,2.349933939,0.4699867878,59.53001321
2.509946059,39.00002648,-76.5,-2.377309684e-12,2.399940935,0.479988187,59.52001181
2.560159062,39.00002758,-76.5,-9.083292716e-12,2.44993609,0.489987218,59.51001278
2.610405304,39.00002871,-76.5,-4.887984374e-12,2.499935956,0.4999871912,59.50001281
2.660559807,39.00002986,-76.5,-1.317671424e-12,2.549936065,0.509987213,59.49001279
2.710726663,39.00003103,-76.5,8.879409995e-12,2.599940991,0.5199881982,59.4800118
2.76087738,39.00003222,-76.5,-3.343749066e-12,2.649934802,0.5299869604,59.47001304
2.811042318,39.00003344,-76.5,-5.81010538e-12,2.699988455,0.539997691,59.46000231
2.861233921,39.00003468,-76.5,-3.057441226e-12,2.749936451,0.5499872902,59.45001271
2.911430516,39.00003594,-76.5,-1.242089788e-11,2.799936373,0.5599872746,59.44001273
2.961602012,39.00003722,-76.5,-1.182943049e-11,2.849957558,0.5699915116,59.43000849
3.011790263,39.00003853,-76.5,3.69909356e-12,2.899937605,0.579987521,59.42001248
3.062027474,39.00003986,-76.5,7.658940517e-12,2.949936902,0.5899873804,59.41001262
3.112309117,39.00004121,-76.5,-1.565952322e-12,2.999987088,0.5999974176,59.40000258
3.162471499,39.00004256,-76.5,1.733024773e-12,3,0.6099873946,59.39001261
3.212653044,39.00004391,-76.5,1.738498932e-12,3,0.619996178,59.38000382
3.262834914,39.00004526,-76.5,-1.31528155e-12,3,0.6299867242,59.37001328
3.312995494,39.00004661,-76.5,-2.725326761e-12,3,0.6399967272,59.36000327
3.363163178,39.00004796,-76.5,-1.178775152e-12,3,0.6499904678,59.35000953
3.413325443,39.00004932,-76.5,-8.908896609e-12,3,0.6599881658,59.34001183
3.463528438,39.00005067,-76.5,-9.697210315e-13,3,0.6699882376,59.33001176
3.513703156,39.00005202,-76.5,-1.623210627e-13,3,0.679988154,59.32001185
3.563878535,39.00005337,-76.5,-9.448751006e-12,3,0.6899983766,59.31000162
3.614051809,39.00005472,-76.5,-4.176964595e-13,3,0.6999973874,59.30000261
3.664265794,39.00005607,-76.5,5.634213446e-12,3,0.7099968438,59.29000316
3.714420647,39.00005742,-76.5,-1.210463642e-11,3,0.7199882292,59.28001177
3.764582968,39.00005877,-76.5,-1.056262736e-11,3,0.729987819,59.27001218
3.814744246,39.00006013,-76.5,-7.051425828e-12,3,0.7399882622,59.26001174
3.864898289,39.00006148,-76.5,-7.051425828e-12,3,0.7499870502,59.25001295
3.915048482,39.00006283,-76.5,-7.033864913e-12,3,0.7599872538,59.24001275
3.965193085,39.00006418,-76.5,-1.282407805e-11,3,0.769986825,59.23001317
4.015354279,39.00006553,-76.5,-6.559763727e-12,3,0.7799892926,59.22001071
4.065503865,39.00006688,-76.5,-1.459638121e-12,3,0.7899873028,59.2100127
4.115659667,39.00006823,-76.5,4.522853457e-13,3,0.7999878608,59.20001214
4.165817971,39.00006958,-76.5,-4.451022463e-12,3,0.8099878524,59.19001215
4.215959808,39.00007094,-76.5,1.345343193e-12,3,0.8199986092,59.18000139
4.266093749,39.00007229,-76.5,-2.084626038e-13,3,0.8299850038,59.170015
4.316260487,39.00007364,-76.5,-9.957791953e-12,3,0.8399870922,59.16001291
4.366426957,39.00007499,-76.5,1.648215393e-12,3,0.849987423,59.15001258
4.416583322,39.00007634,-76.5,-8.608890266e-12,3,0.8599886496,59.14001135
4.466773714,39.00007769,-76.5,-9.119457127e-12,3,0.8699912364,59.13000876
4.516966669,39.00007904,-76.5,7.692772366e-12,3,0.8799977744,59.12000223
4.567161477,39.00008039,-76.5,6.579895406e-13,3,0.8899948702,59.11000513
4.617317005,39.00008174,-76.5,-6.429770653e-12,3,0.8999891648,59.10001084
4.667525148,39.00008309,-76.5,9.509474912e-12,3,0.9099885366,59.09001146
4.717693709,39.00008445,-76.5,-5.624892267e-12,3,0.919994099,59.0800059
4.767904768,39.0000858,-76.5,1.648989251e-12,3,0.9299945696,59.07000543
4.818096433,39.00008715,-76.5,2.108097953e-12,3,0.939991186,59.06000881
4.868311157,39.0000885,-76.5,-3.654796583e-12,3,0.9499926948,59.05000731
4.918477902,39.00008985,-76.5,2.070544744e-13,3,0.9599895584,59.04001044
4.968662774,39.0000912,-76.5,-5.713104331e-12,3,0.9699912036,59.0300088
5.01884207,39.00009255,-76.5,7.232231766e-12,3,0.9799893696,59.02001063
5.069023389,39.00009391,-76.5,1.008312277e-11,3,0.9899952504,59.01000475
5.119177724,39.00009526,-76.5,6.69005464e-12,3,0.9999943232,59.00000568
5.169339332,39.00009661,-76.5,7.374711492e-12,3,1.009994485,58.99000552
5.219495606,39.00009796,-76.5,-4.951387242e-12,3,1.019991749,58.98000825
5.269667203,39.00009931,-76.5,-6.580155276e-12,3,1.029992415,58.97000758
5.319909934,39.00010066,-76.5,3.111053064e-12,3,1.03999916,58.96000084
5.370132668,39.00010201,-76.5,7.194908114e-12,3,1.050004761,58.94999524
5.420301045,39.00010336,-76.5,6.080136279e-12,3,1.060001004,58.939999
5.470452102,39.00010471,-76.5,5.195168686e-12,3,1.06999704,58.93000296
5.520601255,39.00010607,-76.5,-5.175676461e-12,3,1.079991904,58.9200081
5.570766152,39.00010742,-76.5,5.96287167e-12,3,1.089987963,58.91001204
5.62096953,39.00010877,-76.5,-5.528341445e-12,3,1.099987225,58.90001277
5.67116205,39.00011012,-76.5,8.739065105e-13,3,1.109988401,58.8900116
5.721346564,39.00011147,-76.5,1.075821964e-11,3,1.119996946,58.88000305
5.771549093,39.00011282,-76.5,3.444146505e-13,3,1.12998853,58.87001147
5.82177325,39.00011417,-76.5,8.614375174e-12,3,1.139993775,58.86000622
5.871947399,39.00011552,-76.5,9.624448494e-12,3,1.149987424,58.85001258
5.922153526,39.00011688,-76.5,-5.034301262e-12,3,1.159997306,58.84000269
5.972260552,39.00011823,-76.5,-5.910870679e-12,3,1.169992884,58.83000712
6.022479299,39.00011958,-76.5,9.261477176e-12,3,1.179988391,58.82001161
6.072641267,39.00012093,-76.5,1.326161584e-12,3,1.189988743,58.81001126
6.122806382,39.00012228,-76.5,6.635278933e-12,3,1.199987339,58.80001266
6.17298128,39.00012363,-76.5,-7.534249223e-12,3,1.209995059,58.79000494
6.223140697,39.00012498,-76.5,3.442705051e-12,3,1.219991363,58.78000864
6.273292743,39.00012633,-76.5,-1.933298974e-12,3,1.229989152,58.77001085
6.323463159,39.00012768,-76.5,-1.06372786e-11,3,1.239992663,58.76000734
6.373641272,39.00012903,-76.5,-1.316614595e-11,3,1.249988249,58.75001175
6.423809529,39.00013039,-76.5,2.135501375e-12,3,1.260000022,58.73999998
6.473998126,39.00013174,-76.5,-3.169026584e-12,3,1.269993731,58.73000627
6.52416123,39.00013309,-76.5,5.108900969e-13,3,1.279991899,58.7200081
6.574375528,39.00013444,-76.5,3.49106506e-12,3,1.289992032,58.71000797
6.624528043,39.00013579,-76.5,-7.211899917e-12,3,1.299990621,58.70000938
6.674726516,39.00013714,-76.5,-4.072429389e-12,3,1.30998609,58.69001391
6.72489035,39.00013849,-76.5,9.304064939e-12,3,1.319996726,58.68000327
6.775062205,39.00013984,-76.5,9.36436216e-13,3,1.32999062,58.67000938
6.825253181,39.0001412,-76.5,7.446710705e-12,3,1.339995345,58.66000466
6.875445348,39.00014255,-76.5,-1.020505873e-12,3,1.349993774,58.65000623
6.925609747,39.0001439,-76.5,6.700763305e-12,3,1.359989088,58.64001091
6.975827693,39.0001466,-76.5,-3.414062488e-12,3,1.379989955,58.62001004
7.026045011,39.00014795,-76.5,9.378861364e-12,3,1.389992901,58.6100071
7.076297512,39.0001493,-76.5,-1.013819678e-12,3,1.399990723,58.60000928
7.126500008,39.00015065,-76.5,5.475003883e-12,3,1.409989116,58.59001088
7.1766654,39.000152,-76.5,2.896898804e-12,3,1.419987568,58.58001243
7.226820521,39.00015336,-76.5,-8.941224208e-12,3,1.429986902,58.5700131
7.276991586,39.00015471,-76.5,6.774135027e-12,3,1.43998785,58.56001215
7.327150754,39.00015606,-76.5,-2.99265215e-12,3,1.449986503,58.5500135
7.377310327,39.00015741,-76.5,-2.586963786e-12,3,1.459988223,58.54001178
7.427458994,39.00015876,-76.5,1.101942576e-11,3,1.469993612,58.53000639
7.477606979,39.00016011,-76.5,6.442230839e-12,3,1.47999435,58.52000565
7.527751994,39.00016146,-76.5,-7.04077283e-12,3,1.489987332,58.51001267
7.577907364,39.00016281,-76.5,-8.732411409e-13,3,1.499988136,58.50001186
7.628058249,39.00016416,-76.5,-4.29624738e-12,3,1.509988198,58.4900118
7.678223437,39.00016552,-76.5,-7.371954755e-12,3,1.519987068,58.48001293
7.728374947,39.00016687,-76.5,4.406195904e-12,3,1.529988148,58.47001185
7.778550406,39.00016822,-76.5,7.610806616e-12,3,1.539986037,58.46001396
7.828705053,39.00016957,-76.5,-3.309710791e-12,3,1.549986942,58.45001306
7.878851447,39.00017092,-76.5,-4.185078824e-12,3,1.559988553,58.44001145
7.929013545,39.00017227,-76.5,-3.037725816e-12,3,1.569989858,58.43001014
7.979170534,39.00017362,-76.5,-5.266916703e-12,3,1.579986461,58.42001354
8.029313771,39.00017497,-76.5,5.154029435e-12,3,1.589995175,58.41000483
8.079472523,39.00017633,-76.5,-2.18047638e-12,3,1.599994901,58.4000051
8.129622263,39.00017768,-76.5,2.269692671e-12,3,1.609990299,58.3900097
8.179821962,39.00017903,-76.5,3.455453467e-12,3,1.61999093,58.38000907
8.229982764,39.00018038,-76.5,7.745584016e-12,3,1.629992623,58.37000738
8.280146524,39.00018173,-76.5,-1.611896316e-12,3,1.639987558,58.36001244
8.330381897,39.00018308,-76.5,-4.866156397e-12,3,1.649986483,58.35001352
8.380535953,39.00018443,-76.5,3.421637386e-12,3,1.659987963,58.34001204
8.430690703,39.00018578,-76.5,-8.14864509e-12,3,1.669989263,58.33001074
8.480878858,39.00018714,-76.5,7.433959507e-12,3,1.679993081,58.32000692
8.531035609,39.00018849,-76.5,2.516811517e-12,3,1.689988752,58.31001125
8.581228379,39.00018984,-76.5,9.200148228e-12,3,1.699991167,58.30000883
8.631416901,39.00019119,-76.5,-2.604486173e-13,3,1.709996853,58.29000315
8.68164569,39.00019254,-76.5,8.699317566e-12,3,1.719990067,58.28000993
8.731801315,39.00019389,-76.5,-8.876692599e-12,3,1.729990096,58.2700099
8.782012461,39.00019524,-76.5,-6.192411984e-12,3,1.739995544,58.26000446
8.832193119,39.00019659,-76.5,-8.340569196e-13,3,1.749988423,58.25001158
8.882477165,39.00019795,-76.5,-9.654470436e-14,3,1.759998426,58.24000157
8.932633495,39.00019929,-76.5,-3.931732517e-12,3,1.769987642,58.23001236
8.982805464,39.00020065,-76.5,-9.343830556e-12,3,1.77998961,58.22001039
9.032963998,39.000202,-76.5,-3.29230564e-12,3,1.789987317,58.21001268
9.08317466,39.00020335,-76.5,7.673060241e-12,3,1.799997012,58.20000299
9.133345685,39.0002047,-76.5,8.739966538e-12,3,1.809989339,58.19001066
9.183554165,39.00020605,-76.5,-9.04466592e-12,3,1.819991337,58.18000866
9.233731625,39.0002074,-76.5,-5.114173029e-12,3,1.829998586,58.17000141
9.283926439,39.00020875,-76.5,2.179350566e-12,3,1.839991974,58.16000803
9.334099116,39.0002101,-76.5,5.618929016e-12,3,1.849991469,58.15000853
9.384291719,39.00021146,-76.5,7.099783214e-12,3,1.859990312,58.14000969
9.43448659,39.00021281,-76.5,7.707179524e-12,3,1.869993093,58.13000691
9.484656223,39.00021416,-76.5,-4.12238283e-12,3,1.879991862,58.12000814
9.534835771,39.00021551,-76.5,-1.15944521e-12,3,1.889993031,58.11000697
9.585005321,39.00021686,-76.5,-1.10883177e-11,3,1.899993173,58.10000683
9.635163569,39.00021821,-76.5,-2.839866113e-12,3,1.90998823,58.09001177
9.685330805,39.00021956,-76.5,4.617282631e-12,3,1.919991038,58.08000896
9.735518072,39.00022091,-76.5,-4.818139157e-12,3,1.92999049,58.07000951
9.785706153,39.00022226,-76.5,-1.345567912e-12,3,1.939989655,58.06001034
9.835903753,39.00022362,-76.5,-4.002637852e-12,3,1.949988403,58.0500116
9.886132321,39.00022497,-76.5,-3.931785564e-12,3,1.959994214,58.04000579
9.936253428,39.00022632,-76.5,1.063799636e-12,3,1.969990926,58.03000907
9.986428025,39.00022767,-76.5,-7.629097498e-13,3,1.979999638,58.02000036
10.03659217,39.00022902,-76.5,5.328522294e-12,3,1.989989471,58.01001053
10.08677262,39.00023037,-76.5,-6.62224332e-12,3,1.999994057,58.00000594
10.13694884,39.00023172,-76.5,-5.475259784e-12,3,2.009988998,57.990011
10.18719613,39.00023307,-76.5,-6.777348165e-14,3,2.019989268,57.98001073
10.23741712,39.00023443,-76.5,1.707551184e-12,3,2.029988914,57.97001109
10.28760701,39.00023578,-76.5,3.121841324e-12,3,2.039987716,57.96001228
10.33779448,39.00023713,-76.5,-1.731538194e-13,3,2.050011482,57.94998852
10.38800296,39.00023848,-76.5,8.593198079e-12,3,2.05998647,57.94001353
10.43820028,39.00023983,-76.5,2.452695102e-12,3,2.069988311,57.93001169
10.48843598,39.00024118,-76.5,-1.161100032e-11,3,2.079999077,57.92000092
10.53864925,39.00024253,-76.5,1.654546221e-12,3,2.089986223,57.91001378
10.58884544,39.00024388,-76.5,-1.27412342e-12,3,2.099987043,57.90001296
10.63901091,39.00024523,-76.5,-1.297426512e-12,3,2.109987371,57.89001263
10.68919989,39.00024659,-76.5,-1.066383699e-11,3,2.119989002,57.880011
10.73936543,39.00024794,-76.5,-5.960766513e-13,3,2.129988669,57.87001133
10.78957604,39.00024929,-76.5,9.523339891e-13,3,2.139988139,57.86001186
10.83977338,39.00025064,-76.5,-6.855817951e-12,3,2.150020293,57.84997971
10.8900251,39.00025199,-76.5,-1.444083079e-12,3,2.159987468,57.84001253
10.94023812,39.00025334,-76.5,-1.752708015e-12,3,2.169985662,57.83001434
10.9904076,39.00025469,-76.5,-7.659084684e-12,3,2.179986118,57.82001388
11.04065563,39.00025604,-76.5,5.603538651e-12,3,2.18998548,57.81001452
11.09086176,39.00025739,-76.5,1.318399143e-11,3,2.199986284,57.80001372
11.14107183,39.00025875,-76.5,-3.904174508e-12,3,2.209985956,57.79001404
11.19128697,39.0002601,-76.5,4.070374913e-13,3,2.219985755,57.78001424
11.2414511,39.00026145,-76.5,1.630316135e-12,3,2.229984664,57.77001534
11.29162611,39.0002628,-76.5,4.148417839e-12,3,2.239992253,57.76000775
11.3418054,39.00026415,-76.5,3.671851639e-12,3,2.249986438,57.75001356
11.39201625,39.0002655,-76.5,-3.496488768e-12,3,2.259986339,57.74001366
11.44219822,39.00026685,-76.5,5.292288959e-12,3,2.269984033,57.73001597
11.49239715,39.0002682,-76.5,-1.033549795e-11,3,2.279992897,57.7200071
11.54266287,39.00026956,-76.5,-5.186877591e-12,3,2.289993111,57.71000689
11.59284145,39.00027091,-76.5,-4.182544233e-12,3,2.299989634,57.70001037
11.64303542,39.00027226,-76.5,4.710773869e-12,3,2.309987673,57.69001233
11.69322692,39.00027361,-76.5,3.639927253e-12,3,2.319989635,57.68001037
11.74341608,39.00027496,-76.5,4.802813241e-12,3,2.329987597,57.6700124
11.79360943,39.00027631,-76.5,-1.942204193e-12,3,2.339988191,57.66001181
11.84378689,39.00027766,-76.5,4.976576192e-12,3,2.349986019,57.65001398
11.89397383,39.00027901,-76.5,3.139915241e-13,3,2.359986862,57.64001314
11.94417458,39.00028037,-76.5,1.209347703e-11,3,2.370010218,57.62998978
11.99445833,39.00028172,-76.5,1.209347703e-11,3,2.37998685,57.62001315
12.04464154,39.00028307,-76.5,6.41295735e-13,3,2.389989618,57.61001038
12.09482616,39.00028442,-76.5,-8.803737125e-12,3,2.399988432,57.60001157
12.14499239,39.00028577,-76.5,7.749164721e-14,3,2.409988805,57.5900112
12.19515005,39.00028712,-76.5,-6.257907472e-12,3,2.419986521,57.58001348
12.24530651,39.00028847,-76.5,6.474370227e-12,3,2.429987229,57.57001277
12.29550945,39.00028982,-76.5,3.903459922e-12,3,2.439987983,57.56001202
12.34570431,39.00029117,-76.5,5.991546781e-12,3,2.449995288,57.55000471
12.39587168,39.00029253,-76.5,-2.99432258e-12,3,2.459997763,57.54000224
12.44603159,39.00029388,-76.5,-9.53868245e-12,3,2.469987917,57.53001208
12.49618982,39.00029523,-76.5,7.613736051e-12,3,2.479996315,57.52000368
12.54638024,39.00029658,-76.5,-1.335238381e-12,3,2.489986244,57.51001376
12.59659319,39.00029793,-76.5,-4.83942077e-12,3,2.499997476,57.50000252
12.64679555,39.00029928,-76.5,-5.568103052e-12,3,2.509998097,57.4900019
12.69695825,39.00030063,-76.5,3.620432465e-12,3,2.519989522,57.48001048
12.74714953,39.00030198,-76.5,7.580679447e-12,3,2.529989841,57.47001016
12.79731981,39.00030333,-76.5,7.498407554e-12,3,2.539989317,57.46001068
12.84752691,39.00030469,-76.5,-1.808353214e-12,3,2.549992363,57.45000764
12.89770563,39.00030604,-76.5,6.540055671e-12,3,2.559991558,57.44000844
12.94788386,39.00030739,-76.5,1.517771338e-12,3,2.569988957,57.43001104
12.99804033,39.00030874,-76.5,7.483506047e-12,3,2.579990052,57.42000995
13.04822607,39.00031009,-76.5,5.311237125e-12,3,2.58998756,57.41001244
13.09841454,39.00031144,-76.5,-2.98171586e-12,3,2.599999517,57.40000048
13.14864367,39.00031279,-76.5,8.606922625e-12,3,2.610001973,57.38999803
13.19882249,39.00031414,-76.5,3.004564484e-13,3,2.619989697,57.3800103
13.24899405,39.0003155,-76.5,1.126875903e-11,3,2.629988811,57.37001119
13.29915835,39.00031685,-76.5,6.34202695e-12,3,2.639989517,57.36001048
13.3493577,39.0003182,-76.5,1.640442554e-12,3,2.649996098,57.3500039
13.39954772,39.00031955,-76.5,-2.473375301e-12,3,2.659993885,57.34000611
13.44976096,39.0003209,-76.5,-3.635930038e-12,3,2.669994455,57.33000555
13.49997117,39.00032225,-76.5,5.284240455e-12,3,2.679997569,57.32000243
13.55015917,39.0003236,-76.5,3.122948461e-12,3,2.689989669,57.31001033
13.60033847,39.00032495,-76.5,5.960192753e-12,3,2.699993518,57.30000648
13.65051893,39.0003263,-76.5,-1.944592843e-12,3,2.709989089,57.29001091
13.70073214,39.00032766,-76.5,-1.936153037e-12,3,2.720000559,57.27999944
13.7509412,39.00032901,-76.5,-1.022444347e-11,3,2.72999276,57.27000724
13.80117714,39.00033036,-76.5,-9.857607872e-12,3,2.739995099,57.2600049
13.85137646,39.00033171,-76.5,-5.66259412e-12,3,2.749989587,57.25001041
13.90155846,39.00033306,-76.5,8.864898657e-12,3,2.759993699,57.2400063
13.95176578,39.00033441,-76.5,1.134635889e-11,3,2.769990082,57.23000992
14.00192639,39.00033576,-76.5,-7.565965038e-13,3,2.779990671,57.22000933
14.05213353,39.00033711,-76.5,4.534260078e-12,3,2.789990304,57.2100097
14.1023945,39.00033846,-76.5,4.326515466e-13,3,2.799983012,57.20001699
14.15255449,39.00033982,-76.5,4.898261447e-13,3,2.809986773,57.19001323
14.20277613,39.00034117,-76.5,8.107920781e-12,3,2.819986895,57.1800131
14.25295204,39.00034252,-76.5,9.710432657e-12,3,2.829986487,57.17001351
14.30313579,39.00034387,-76.5,-5.695988712e-12,3,2.839988815,57.16001119
14.35332433,39.00034522,-76.5,-4.263807326e-12,3,2.849986109,57.15001389
14.40352002,39.00034657,-76.5,-1.062779419e-11,3,2.859993997,57.140006
14.45369757,39.00034792,-76.5,8.082681869e-12,3,2.869988984,57.13001102
14.50387442,39.00034928,-76.5,1.063184554e-11,3,2.880000675,57.11999932
14.55406026,39.00035063,-76.5,-7.480971648e-12,3,2.889988236,57.11001176
14.60432472,39.00035198,-76.5,4.808383456e-12,3,2.89998893,57.10001107
14.65450459,39.00035333,-76.5,7.882686764e-12,3,2.909995539,57.09000446
14.70469991,39.00035468,-76.5,7.71651266e-13,3,2.919988785,57.08001121
14.75491068,39.00035603,-76.5,-2.980865078e-12,3,2.929987097,57.0700129
14.80509742,39.00035738,-76.5,6.98993567e-13,3,2.939989881,57.06001012
14.85528829,39.00035873,-76.5,-1.287339099e-11,3,2.949991046,57.05000895
14.90545954,39.00036008,-76.5,-8.241479071e-12,3,2.959993288,57.04000671
14.95565711,39.00036143,-76.5,-4.080321058e-12,3,2.969987181,57.03001282
15.00585266,39.00036279,-76.5,2.698256404e-12,3,2.979995093,57.02000491
15.05606969,39.00036414,-76.5,1.09757109e-12,3,2.989990561,57.01000944
15.10628265,39.00036549,-76.5,6.671657425e-14,3,2.999993627,57.00000637
15.1564624,39.00036684,-76.5,1.118756887e-11,3,3.009988794,56.99001121
15.20664463,39.00036819,-76.5,-2.877403453e-12,3,3.019991354,56.98000865
15.25681267,39.00036954,-76.5,-1.104557079e-12,3,3.02998793,56.97001207
15.30701569,39.00037089,-76.5,-9.117798663e-12,3,3.039994443,56.96000556
15.35725947,39.00037224,-76.5,-2.214328825e-12,3,3.049991976,56.95000802
15.4074155,39.0003736,-76.5,-3.323550041e-13,3,3.059991708,56.94000829
15.45758193,39.00037495,-76.5,-5.898809637e-12,3,3.06998711,56.93001289
15.50773768,39.0003763,-76.5,-6.953784815e-12,3,3.079989564,56.92001044
15.55793352,39.00037765,-76.5,1.259228879e-11,3,3.089986806,56.91001319
15.60812745,39.000379,-76.5,-7.336530978e-12,3,3.099992176,56.90000782
15.65831956,39.00038035,-76.5,-5.128829219e-12,3,3.109990989,56.89000901
15.70850018,39.0003817,-76.5,8.74792801e-13,3,3.119994549,56.88000545
15.75869797,39.00038305,-76.5,3.402447549e-12,3,3.129989861,56.87001014
15.80887567,39.0003844,-76.5,-5.337699624e-12,3,3.13998811,56.86001189
15.8590834,39.00038576,-76.5,4.535489754e-13,3,3.149991302,56.8500087
15.9093136,39.00038711,-76.5,8.989156202e-12,3,3.159991698,56.8400083
15.95951808,39.00038846,-76.5,-3.977611016e-12,3,3.169991137,56.83000886
16.00981706,39.00038981,-76.5,1.29257346e-11,3,3.179988671,56.82001133
16.0599876,39.00039116,-76.5,1.262035632e-12,3,3.189989583,56.81001042
16.11025673,39.00039251,-76.5,5.299489138e-12,3,3.199986912,56.80001309
16.16046017,39.00039386,-76.5,8.736900754e-12,3,3.209987822,56.79001218
16.21064337,39.00039521,-76.5,-1.181272689e-11,3,3.219988513,56.78001149
16.26085302,39.00039657,-76.5,-5.223884051e-12,3,3.229990515,56.77000948
16.31107658,39.00039792,-76.5,-2.279607656e-12,3,3.239989696,56.7600103
16.36130651,39.00039927,-76.5,-7.550848886e-12,3,3.249989205,56.75001079
16.41149794,39.00040062,-76.5,9.72533216e-14,3,3.259989658,56.74001034
16.4616954,39.00040197,-76.5,-6.951222733e-12,3,3.269990213,56.73000979
16.51191716,39.00040332,-76.5,-9.570436386e-12,3,3.279988555,56.72001144
16.56208755,39.00040467,-76.5,1.105951072e-11,3,3.28998861,56.71001139
16.61227865,39.00040602,-76.5,-5.29343993e-13,3,3.299990717,56.70000928
16.66250412,39.00040737,-76.5,9.500863042e-13,3,3.309986268,56.69001373
16.71265463,39.00040873,-76.5,4.55837808e-13,3,3.319995357,56.68000464
16.76286266,39.00041008,-76.5,1.937506371e-12,3,3.329986852,56.67001315
16.81301841,39.00041143,-76.5,-6.862232531e-12,3,3.339989476,56.66001052
16.86317828,39.00041278,-76.5,4.597237952e-12,3,3.349987185,56.65001282
16.91332375,39.00041413,-76.5,1.194299396e-11,3,3.35998919,56.64001081
16.96346938,39.00041548,-76.5,-5.055199225e-12,3,3.369987791,56.63001221
17.01361107,39.00041683,-76.5,4.634658688e-12,3,3.379988654,56.62001135
17.06375525,39.00041818,-76.5,9.5337572e-12,3,3.38999046,56.61000954
17.11390545,39.00041954,-76.5,3.635371866e-13,3,3.39999977,56.60000023
17.16407253,39.00042089,-76.5,6.696299808e-12,3,3.409996889,56.59000311
17.21423572,39.00042224,-76.5,1.319274959e-11,3,3.419991057,56.58000894
17.26438416,39.00042359,-76.5,-4.922465658e-13,3,3.429987214,56.57001279
17.31456931,39.00042494,-76.5,6.393852461e-12,3,3.439993423,56.56000658
17.3647287,39.00042629,-76.5,-6.507182642e-12,3,3.449997349,56.55000265
17.41492791,39.00042764,-76.5,-2.834015874e-12,3,3.459994492,56.54000551
17.4650838,39.00042899,-76.5,-1.345846917e-12,3,3.469989689,56.53001031
17.51526854,39.00043034,-76.5,5.805453921e-12,3,3.479993773,56.52000623
17.56545168,39.00043169,-76.5,-4.63621143e-12,3,3.489987587,56.51001241
17.61561785,39.00043305,-76.5,2.74544309e-12,3,3.49999829,56.50000171
17.66577293,39.0004344,-76.5,7.598169085e-12,3,3.510000303,56.4899997
17.71594043,39.00043575,-76.5,7.037579001e-12,3,3.519993155,56.48000685
17.76610142,39.0004371,-76.5,1.229990582e-11,3,3.529994579,56.47000542
17.8162552,39.00043845,-76.5,4.617660167e-12,3,3.53999824,56.46000176
17.86643666,39.0004398,-76.5,9.163703421e-13,3,3.549988989,56.45001101
17.91669328,39.00044115,-76.5,8.772187422e-12,3,3.559990718,56.44000928
17.9668985,39.0004425,-76.5,-3.184923613e-12,3,3.569988512,56.43001149
18.01706959,39.00044386,-76.5,-1.575158962e-12,3,3.579993609,56.42000639
18.06729126,39.00044521,-76.5,-5.611965781e-12,3,3.589992032,56.41000797
18.11746094,39.00044656,-76.5,5.006636743e-13,3,3.599992679,56.40000732
18.16762629,39.00044791,-76.5,6.198718279e-12,3,3.609986909,56.39001309
18.21784394,39.00044926,-76.5,-6.869335621e-13,3,3.620000698,56.3799993
18.26801963,39.00045061,-76.5,-1.441160396e-12,3,3.629988507,56.37001149
18.31816921,39.00045196,-76.5,-9.998332284e-12,3,3.639994966,56.36000503
18.36824777,39.00045331,-76.5,8.180993182e-12,3,3.649989748,56.35001025
18.41839509,39.00045467,-76.5,-5.645687741e-12,3,3.659994301,56.3400057
18.4685427,39.00045602,-76.5,8.050986001e-12,3,3.669987316,56.33001268
18.51871032,39.00045737,-76.5,-6.317386943e-12,3,3.680001789,56.31999821
18.56892049,39.00045872,-76.5,-6.561980153e-12,3,3.689985696,56.3100143
18.61910217,39.00046007,-76.5,-7.685730676e-12,3,3.699985674,56.30001433
18.66935603,39.00046142,-76.5,4.158241046e-12,3,3.709995686,56.29000431
18.7195118,39.00046277,-76.5,-2.913479271e-12,3,3.719998269,56.28000173
18.76965796,39.00046412,-76.5,-7.478204573e-13,3,3.730001484,56.26999852
18.81981408,39.00046547,-76.5,5.796069705e-12,3,3.739988206,56.26001179
18.86999844,39.00046683,-76.5,-5.177752095e-12,3,3.749989783,56.25001022
18.92018805,39.00046818,-76.5,1.279037435e-11,3,3.759997149,56.24000285
18.9704884,39.00046953,-76.5,1.458605712e-12,3,3.76999938,56.23000062
19.02067323,39.00047088,-76.5,6.067083575e-13,3,3.779986773,56.22001323
19.07089589,39.00047223,-76.5,9.252985992e-13,3,3.789987853,56.21001215
19.12105712,39.00047358,-76.5,1.520636538e-12,3,3.799987761,56.20001224
19.17124541,39.00047493,-76.5,-5.476808477e-12,3,3.809995096,56.1900049
19.22144115,39.00047628,-76.5,-7.160583261e-12,3,3.820000277,56.17999972
19.27167257,39.00047763,-76.5,-3.636727535e-12,3,3.829988316,56.17001168
19.32187826,39.00047899,-76.5,9.721933456e-12,3,3.840030309,56.15996969
19.37209159,39.00048034,-76.5,9.721933456e-12,3,3.849985635,56.15001436
19.42227216,39.00048169,-76.5,2.437095889e-12,3,3.859998,56.140002
19.47243122,39.00048304,-76.5,-2.740875892e-12,3,3.869988745,56.13001125
19.5639987,39.00048574,-76.5,1.417375721e-11,3,3.889986176,56.11001382
19.61416849,39.00048709,-76.5,1.029394568e-11,3,3.899997303,56.1000027
19.66432168,39.00048844,-76.5,-8.773403079e-12,3,3.909985875,56.09001412
19.71451927,39.00048979,-76.5,9.303223863e-12,3,3.919987854,56.08001215
19.76472399,39.00049115,-76.5,8.608513265e-12,3,3.929985471,56.07001453
19.81488992,39.0004925,-76.5,8.901069518e-12,3,3.939991647,56.06000835
19.8650974,39.00049385,-76.5,1.016800638e-11,3,3.949983636,56.05001636
19.91534533,39.0004952,-76.5,-5.462761776e-12,3,3.959993871,56.04000613
19.96551144,39.00049655,-76.5,3.985218054e-12,3,3.969989129,56.03001087
20.01569487,39.0004979,-76.5,1.379883845e-11,3,3.980001184,56.01999882
20.06589057,39.00049925,-76.5,-2.28257706e-12,3,3.989992852,56.01000715
20.11609478,39.00050061,-76.5,9.813568724e-12,3,3.999996362,56.00000364
20.16628994,39.00050196,-76.5,-4.225663621e-12,3,4.009993386,55.99000661
20.2164805,39.00050331,-76.5,6.129772806e-12,3,4.019998043,55.98000196
20.26664192,39.00050466,-76.5,3.008480773e-13,3,4.02998939,55.97001061
20.31684425,39.00050601,-76.5,2.116035349e-12,3,4.039990009,55.96000999
20.36701675,39.00050736,-76.5,-7.871929997e-12,3,4.049988574,55.95001143
20.41720953,39.00050871,-76.5,-3.707612816e-12,3,4.060003407,55.93999659
20.46745384,39.00051006,-76.5,5.786235678e-13,3,4.069990349,55.93000965
20.51762765,39.00051141,-76.5,-9.681066922e-12,3,4.079990162,55.92000984
20.5678426,39.00051276,-76.5,-4.040485469e-13,3,4.089986302,55.9100137
20.61802825,39.00051412,-76.5,-1.796525535e-12,3,4.099989508,55.90001049
20.66826799,39.00051547,-76.5,-1.649494175e-12,3,4.109986121,55.89001388
20.71845226,39.00051682,-76.5,7.172392291e-12,3,4.120000646,55.87999935
20.76861136,39.00051817,-76.5,-7.213679306e-14,3,4.129988007,55.87001199
20.81876288,39.00051952,-76.5,-6.394362449e-13,3,4.139987452,55.86001255
20.86891796,39.00052087,-76.5,5.739760879e-12,3,4.14998631,55.85001369
20.9190691,39.00052222,-76.5,1.566028392e-11,3,4.159992435,55.84000757
20.96924769,39.00052357,-76.5,6.498500546e-12,3,4.169989455,55.83001055
21.01942002,39.00052493,-76.5,-2.839513717e-12,3,4.179991771,55.82000823
21.0696098,39.00052628,-76.5,-6.540122629e-12,3,4.189986488,55.81001351
21.11978095,39.00052763,-76.5,2.946349968e-12,3,4.199988949,55.80001105
21.16994327,39.00052898,-76.5,-3.228162281e-13,3,4.209987496,55.7900125
21.22014274,39.00053033,-76.5,7.323000315e-14,3,4.21998578,55.78001422
21.27036256,39.00053168,-76.5,8.273066736e-12,3,4.229985812,55.77001419
21.32051521,39.00053303,-76.5,8.477389544e-12,3,4.239986728,55.76001327
21.37071767,39.00053438,-76.5,8.477389544e-12,3,4.249994089,55.75000591
21.42087029,39.00053574,-76.5,3.872225741e-12,3,4.259998463,55.74000154
21.47101788,39.00053709,-76.5,-3.353879045e-12,3,4.269993015,55.73000699
21.52116504,39.00053844,-76.5,-4.515256056e-13,3,4.279990656,55.72000934
21.57131885,39.00053979,-76.5,6.376970481e-12,3,4.289995089,55.71000491
21.62147836,39.00054114,-76.5,-8.43994905e-12,3,4.299992774,55.70000723
21.67164286,39.00054249,-76.5,5.681030587e-12,3,4.309996686,55.69000331
21.72178355,39.00054384,-76.5,-3.185850852e-12,3,4.319999578,55.68000042
21.77194736,39.00054519,-76.5,-2.527388533e-12,3,4.329993175,55.67000683
21.82210208,39.00054654,-76.5,-3.999608327e-12,3,4.339991613,55.66000839
21.87226307,39.0005479,-76.5,1.040623072e-11,3,4.349991788,55.65000821
21.92247368,39.00054925,-76.5,2.135974488e-12,3,4.359995775,55.64000422
21.97263082,39.0005506,-76.5,-4.820108539e-12,3,4.36999633,55.63000367
22.02278931,39.00055195,-76.5,-1.406194677e-12,3,4.379987769,55.62001223
22.07294518,39.0005533,-76.5,6.217097887e-12,3,4.389992859,55.61000714
22.1230991,39.00055465,-76.5,1.021487071e-11,3,4.399983408,55.60001659
22.17325534,39.000556,-76.5,8.972693132e-12,3,4.410003119,55.58999688
22.22340385,39.00055735,-76.5,-3.243771297e-13,3,4.419991006,55.58000899
22.27361387,39.0005587,-76.5,-3.70057946e-12,3,4.429989957,55.57001004
22.32378497,39.00056006,-76.5,6.134222172e-13,3,4.440003044,55.55999696
22.37396825,39.00056141,-76.5,-4.787401007e-12,3,4.449995991,55.55000401
22.42413159,39.00056276,-76.5,6.417399626e-12,3,4.459992983,55.54000702
22.47428543,39.00056411,-76.5,-1.297651399e-12,3,4.469998339,55.53000166
22.5245434,39.00056546,-76.5,-9.61993814e-13,3,4.479990912,55.52000909
22.57471521,39.00056681,-76.5,-8.714624709e-12,3,4.489998982,55.51000102
22.62486819,39.00056816,-76.5,5.692090745e-12,3,4.499989231,55.50001077
22.67514375,39.00056952,-76.5,7.261220222e-14,3,4.510002744,55.48999726
22.72534681,39.00057087,-76.5,2.1091205e-12,3,4.51999926,55.48000074
22.77551071,39.00057222,-76.5,3.748647262e-12,3,4.529991239,55.47000876
22.82565958,39.00057357,-76.5,1.496485629e-11,3,4.539989982,55.46001002
22.87589135,39.00057627,-76.5,1.38424302e-11,3,4.559999842,55.44000016
22.92609671,39.00057762,-76.5,7.636634491e-12,3,4.569993975,55.43000602
22.97624213,39.00057897,-76.5,2.857474045e-12,3,4.579988264,55.42001174
23.02638293,39.00058032,-76.5,-2.615417182e-12,3,4.589987602,55.4100124
23.0765329,39.00058167,-76.5,-5.554214396e-12,3,4.599988839,55.40001116
23.12668488,39.00058303,-76.5,3.262839537e-12,3,4.609995003,55.390005
23.17682997,39.00058438,-76.5,-3.997818504e-12,3,4.619983775,55.38001623
23.22696992,39.00058573,-76.5,7.398041378e-13,3,4.629998021,55.37000198
23.27710737,39.00058708,-76.5,3.932489923e-12,3,4.639994683,55.36000532
23.3272768,39.00058843,-76.5,-2.399812063e-12,3,4.649997537,55.35000246
23.37742523,39.00058978,-76.5,-6.017207525e-12,3,4.659990959,55.34000904
23.42759313,39.00059113,-76.5,3.738124989e-12,3,4.669997312,55.33000269
23.47774064,39.00059248,-76.5,5.455788676e-12,3,4.6799887,55.3200113
23.52787889,39.00059383,-76.5,8.798634954e-12,3,4.689988527,55.31001147
23.57802,39.00059519,-76.5,-4.366058128e-12,3,4.699988925,55.30001107
23.62816538,39.00059654,-76.5,6.267791276e-12,3,4.709994347,55.29000565
23.67833977,39.00059789,-76.5,1.503549149e-11,3,4.719998862,55.28000114
23.72848164,39.00059924,-76.5,2.512447745e-12,3,4.729990477,55.27000952
23.77871242,39.00060059,-76.5,-5.348323656e-12,3,4.739987635,55.26001236
23.82891491,39.00060194,-76.5,8.07669237e-12,3,4.749989345,55.25001066
23.87907536,39.00060329,-76.5,-5.254549073e-12,3,4.75999602,55.24000398
23.92935888,39.00060464,-76.5,2.607234393e-12,3,4.769992418,55.23000758
23.97951749,39.000606,-76.5,-1.063616412e-12,3,4.779995229,55.22000477
24.0296655,39.00060735,-76.5,2.328597053e-12,3,4.789990164,55.21000984
24.07981332,39.0006087,-76.5,-1.016471834e-12,3,4.800000438,55.19999956
24.13001819,39.00061005,-76.5,-2.331924307e-12,3,4.809988185,55.19001182
24.18025509,39.0006114,-76.5,1.8950103e-12,3,4.820000504,55.1799995
24.23040578,39.00061275,-76.5,-3.038903165e-12,3,4.829987374,55.17001263
24.28054355,39.0006141,-76.5,6.878509198e-12,3,4.83998627,55.16001373
24.330709,39.00061545,-76.5,-1.014833376e-11,3,4.849997118,55.15000288
24.38092312,39.00061681,-76.5,-1.086221069e-12,3,4.859997135,55.14000287
24.43115923,39.00061816,-76.5,2.757026693e-12,3,4.869987127,55.13001287
24.48133023,39.00061951,-76.5,1.172139883e-11,3,4.879993886,55.12000611
24.5314738,39.00062086,-76.5,1.724822174e-13,3,4.889989557,55.11001044
24.58161956,39.00062221,-76.5,3.682443389e-13,3,4.899989288,55.10001071
24.6318129,39.00062356,-76.5,1.439026305e-11,3,4.910000652,55.08999935
24.68197115,39.00062491,-76.5,4.330131187e-12,3,4.919989878,55.08001012
24.73212994,39.00062626,-76.5,-1.04519537e-11,3,4.929996955,55.07000304
24.78227649,39.00062761,-76.5,1.452294653e-12,3,4.939998084,55.06000192
24.83241354,39.00062897,-76.5,5.590943275e-12,3,4.949995172,55.05000483
24.88257143,39.00063032,-76.5,-5.771646135e-13,3,4.959995374,55.04000463
24.93274505,39.00063167,-76.5,-9.276775744e-13,3,4.969998762,55.03000124
24.98290052,39.00063302,-76.5,-3.964193847e-12,3,4.979997756,55.02000224
25.03304751,39.00063437,-76.5,-5.146713698e-12,3,4.989996198,55.0100038
25.08318936,39.00063572,-76.5,2.49345073e-12,3,4.999989869,55.00001013
25.13335658,39.00063707,-76.5,-1.702847171e-12,3,5,55
25.18358841,39.00063842,-76.5,-7.353058757e-12,3,5,55
25.23374929,39.00063977,-76.5,-1.890457339e-12,3,5,55
25.28392614,39.00064113,-76.5,3.694184717e-12,3,5,55
25.33406031,39.00064248,-76.5,1.539660009e-12,3,5,55
25.3842237,39.00064383,-76.5,-8.71320918e-12,3,5,55
25.43438082,39.00064518,-76.5,3.717598661e-12,3,5,55
25.48455176,39.00064653,-76.5,-1.033650981e-12,3,5,55
25.53471104,39.00064788,-76.5,6.313346837e-12,3,5,55
25.58488582,39.00064923,-76.5,1.294403708e-11,3,5,55
25.63504709,39.00065058,-76.5,9.402665715e-12,3,5,55
25.68526538,39.00065194,-76.5,3.529339763e-12,3,5,55
25.73549734,39.00065329,-76.5,-1.25105854e-12,3,5,55
25.78573343,39.00065464,-76.5,1.468708601e-11,3,5,55
25.83591191,39.00065599,-76.5,5.624890465e-12,3,5,55
25.88607959,39.00065734,-76.5,3.846234865e-12,3,5,55
25.93630815,39.00065869,-76.5,-1.366722566e-12,3,5,55
25.98654089,39.00066004,-76.5,-4.127394056e-13,3,5,55
26.03674741,39.00066139,-76.5,-5.806870783e-12,3,5,55
26.08691991,39.00066274,-76.5,-3.098603069e-12,3,5,55
26.13708192,39.0006641,-76.5,3.341240155e-12,3,5,55
26.18732417,39.00066545,-76.5,4.785448801e-12,3,5,55
26.23755442,39.0006668,-76.5,4.361874842e-14,3,5,55
26.28776038,39.00066815,-76.5,-1.23845577e-11,3,5,55
26.33794326,39.0006695,-76.5,9.389918446e-12,3,5,55
26.38809675,39.00067085,-76.5,-1.116014616e-11,3,5,55
26.43831169,39.0006722,-76.5,1.536899538e-11,3,5,55
26.48848453,39.00067355,-76.5,5.700234613e-12,3,5,55
26.53864873,39.0006749,-76.5,9.654598617e-12,3,5,55
26.58880259,39.00067626,-76.5,-1.524641841e-12,3,5,55
26.63910695,39.00067761,-76.5,-3.116031635e-12,3,5,55
26.68929154,39.00067896,-76.5,-4.006493268e-12,3,5,55
26.73951635,39.00068031,-76.5,4.154655184e-12,3,5,55
26.7898673,39.00068166,-76.5,-3.324155257e-12,3,5,55
26.84006941,39.00068301,-76.5,-3.449342546e-12,3,5,55
26.8902833,39.00068436,-76.5,-3.448645061e-12,3,5,55
26.9404429,39.00068571,-76.5,-5.382560628e-12,3,5,55
26.99058641,39.00068706,-76.5,6.092723268e-12,3,5,55
27.04076323,39.00068842,-76.5,-5.328097266e-12,3,5,55
27.09092425,39.00068977,-76.5,3.195167103e-12,3,5,55
27.14108587,39.00069112,-76.5,5.851366842e-12,3,5,55
27.19128012,39.00069247,-76.5,6.36420599e-13,3,5,55
27.24145935,39.00069382,-76.5,1.139192625e-11,3,5,55
27.29163819,39.00069518,-76.5,-5.265601985e-12,3,5,55
27.34180871,39.00069652,-76.5,4.044053167e-12,3,5,55
27.39199237,39.00069787,-76.5,1.304598767e-11,3,5,55
27.44218547,39.00069923,-76.5,-9.916629238e-12,3,5,55
27.49235946,39.00070058,-76.5,7.600100249e-13,3,5,55
27.54254314,39.00070193,-76.5,-5.080572599e-12,3,5,55
27.59273809,39.00070328,-76.5,1.334254823e-11,3,5,55
27.64293206,39.00070463,-76.5,1.055405442e-11,3,5,55
27.69313757,39.00070598,-76.5,5.555271749e-12,3,5,55
27.74332224,39.00070733,-76.5,6.812962959e-12,3,5,55
27.79358747,39.00070868,-76.5,1.073471709e-11,3,5,55
27.84378857,39.00071004,-76.5,-4.416055598e-12,3,5,55
27.89398919,39.00071139,-76.5,1.743271264e-12,3,5,55
27.94419107,39.00071274,-76.5,-8.682541716e-13,3,5,55
27.99447307,39.00071409,-76.5,5.950471241e-13,3,5,55
28.04467666,39.00071544,-76.5,-3.440393874e-12,3,5,55
28.0949244,39.00071679,-76.5,-5.888845627e-12,3,5,55
28.14512923,39.00071814,-76.5,8.266488632e-12,3,5,55
28.1953784,39.00071949,-76.5,8.698624815e-12,3,5,55
28.24558412,39.00072084,-76.5,4.126444314e-12,3,5,55
28.29576602,39.00072219,-76.5,8.268068672e-12,3,5,55
28.34594952,39.00072355,-76.5,8.268068672e-12,3,5,55
28.39617491,39.0007249,-76.5,6.884419853e-13,3,5,55
28.44642178,39.00072625,-76.5,1.223336721e-11,3,5,55
28.49660452,39.0007276,-76.5,7.89099294e-12,3,5,55
28.54680614,39.00072895,-76.5,8.723314372e-12,3,5,55
28.59701268,39.0007303,-76.5,4.323271158e-12,3,5,55
28.64721347,39.00073165,-76.5,4.500803535e-12,3,5,55
28.69743251,39.000733,-76.5,-1.447670132e-12,3,5,55
28.74762493,39.00073436,-76.5,4.872865617e-12,3,5,55
28.79782268,39.00073571,-76.5,2.877908445e-13,3,5,55
28.84802207,39.00073706,-76.5,1.711042025e-12,3,5,55
28.89831238,39.00073841,-76.5,1.690778036e-12,3,5,55
28.9485477,39.00073976,-76.5,-7.798406643e-12,3,5,55
28.99877752,39.00074111,-76.5,2.728279778e-14,3,5,55
29.04895083,39.00074246,-76.5,1.04837929e-11,3,5,55
29.09916929,39.00074381,-76.5,-7.542971195e-12,3,5,55
29.14939013,39.00074517,-76.5,-5.193708753e-12,3,5,55
29.1995902,39.00074652,-76.5,1.992324168e-12,3,5,55
29.24980227,39.00074787,-76.5,-4.52652914e-13,3,5,55
29.30004373,39.00074922,-76.5,-7.021818471e-12,3,5,55
29.35033852,39.00075057,-76.5,-8.715377344e-13,3,5,55
29.40052564,39.00075192,-76.5,5.95124537e-12,3,5,55
29.4507288,39.00075327,-76.5,3.272381935e-12,3,5,55
29.500931,39.00075462,-76.5,-3.116722072e-12,3,5,55
29.55118968,39.00075597,-76.5,3.071182924e-13,3,5,55
29.60140649,39.00075733,-76.5,-4.899512739e-12,3,5,55
29.65158255,39.00075868,-76.5,5.915145133e-12,3,5,55
29.70180364,39.00076003,-76.5,6.942295197e-12,3,5,55
29.75200922,39.00076138,-76.5,3.350943149e-12,3,5,55
29.80219465,39.00076273,-76.5,5.824216109e-12,3,5,55
29.85243146,39.00076408,-76.5,1.657649252e-11,3,5,55
29.9026552,39.00076543,-76.5,7.406272444e-12,3,5,55
29.95286856,39.00076678,-76.5,-6.072766683e-13,3,5,55
30.00308217,39.00076813,-76.5,8.752457635e-12,3,5,55
30.05331593,39.00076949,-76.5,-1.038298156e-11,3,5,55
30.10350154,39.00077084,-76.5,-4.131185107e-14,3,5,55
30.15372821,39.00077219,-76.5,8.377292128e-12,3,5,55
30.20392907,39.00077354,-76.5,1.224930559e-11,3,5,55
30.25419812,39.00077489,-76.5,1.41046184e-11,3,5,55
30.30438219,39.00077624,-76.5,8.663976998e-12,3,5,55
30.35462692,39.00077759,-76.5,-1.987330096e-12,3,5,55
30.40484495,39.00077894,-76.5,-2.585376101e-12,3,5,55
30.45502914,39.00078029,-76.5,2.360717794e-12,3,5,55
30.50521409,39.00078165,-76.5,6.726061952e-12,3,5,55
30.55540953,39.000783,-76.5,-8.731141091e-12,3,5,55
30.60559747,39.00078435,-76.5,-3.274221681e-12,3,5,55
30.65580631,39.0007857,-76.5,6.277360054e-12,3,5,55
30.70599849,39.00078705,-76.5,7.531331125e-12,3,5,55
30.75625107,39.0007884,-76.5,-5.283650881e-12,3,5,55
30.80647677,39.00078975,-76.5,2.651045998e-12,3,5,55
30.8566747,39.0007911,-76.5,9.170134512e-12,3,5,55
30.90690811,39.00079246,-76.5,1.537558441e-11,3,5,55
30.95713901,39.00079381,-76.5,-1.736199346e-12,3,5,55
31.00735305,39.00079516,-76.5,1.458031004e-11,3,5,55
31.05757797,39.00079651,-76.5,1.520410773e-12,3,5,55
31.10778565,39.00079786,-76.5,1.497097129e-11,3,5,55
31.15800172,39.00079921,-76.5,2.789352919e-12,3,5,55
31.20822895,39.00080056,-76.5,1.025825813e-12,3,5,55
31.25845239,39.00080191,-76.5,3.523762868e-12,3,5,55
31.30877823,39.00080327,-76.5,1.104847197e-11,3,5,55
31.35897809,39.00080462,-76.5,-5.513931497e-12,3,5,55
31.40914782,39.00080597,-76.5,-1.073866681e-11,3,5,55
31.45930954,39.00080732,-76.5,3.028869498e-12,3,5,55
31.50947423,39.00080867,-76.5,8.712476442e-12,3,5,55
31.55963648,39.00081002,-76.5,7.77056224e-13,3,5,55
31.60983456,39.00081137,-76.5,7.424494301e-12,3,5,55
31.66002374,39.00081272,-76.5,9.758740384e-13,3,5,55
31.7102751,39.00081407,-76.5,-8.666461811e-12,3,5,55
31.76044954,39.00081543,-76.5,8.079012024e-12,3,5,55
31.81062771,39.00081678,-76.5,-2.584579884e-12,3,5,55
31.86082461,39.00081813,-76.5,8.317381025e-12,3,5,55
31.9109969,39.00081948,-76.5,3.115342502e-12,3,5,55
31.961153,39.00082083,-76.5,8.246471959e-12,3,5,55
32.01136161,39.00082218,-76.5,-8.165392093e-12,3,5,55
32.06153858,39.00082353,-76.5,-3.886857516e-12,3,5,55
32.11180188,39.00082488,-76.5,4.138493068e-12,3,5,55
32.16199105,39.00082624,-76.5,-2.044240443e-12,3,5,55
32.21225178,39.00082759,-76.5,1.034465389e-11,3,5,55
32.26249297,39.00082894,-76.5,-3.110114099e-12,3,5,55
32.31269004,39.00083029,-76.5,1.216173045e-11,3,5,55
32.36289713,39.00083164,-76.5,4.499116811e-12,3,5,55
32.41309455,39.00083299,-76.5,6.153526599e-12,3,5,55
32.46326936,39.00083434,-76.5,3.058855901e-12,3,5,55
32.51354189,39.00083569,-76.5,5.840290505e-12,3,5,55
32.56362905,39.00083705,-76.5,2.228599913e-12,3,5,55
32.61379618,39.0008384,-76.5,-1.111888249e-11,3,5,55
32.66395846,39.00083975,-76.5,1.710862201e-11,3,5,55
32.71414545,39.0008411,-76.5,9.359837755e-13,3,5,55
32.76443708,39.00084245,-76.5,1.959779147e-12,3,5,55
32.81459716,39.0008438,-76.5,5.885992303e-12,3,5,55
32.86479263,39.00084515,-76.5,-4.916734641e-12,3,5,55
32.91496632,39.0008465,-76.5,-7.683773537e-12,3,5,55
32.96515239,39.00084785,-76.5,2.211204921e-12,3,5,55
33.01530992,39.0008492,-76.5,1.080751618e-11,3,5,55
33.06549749,39.00085056,-76.5,-1.29153718e-12,3,5,55
33.11569594,39.00085191,-76.5,9.579673204e-12,3,5,55
33.16591361,39.00085326,-76.5,3.737724682e-12,3,5,55
33.21617264,39.00085461,-76.5,1.262298494e-11,3,5,55
33.26638015,39.00085596,-76.5,-9.340956753e-12,3,5,55
33.31653985,39.00085731,-76.5,1.686947363e-11,3,5,55
33.36671932,39.00085867,-76.5,-2.133402422e-12,3,5,55
33.41688454,39.00086001,-76.5,8.527752302e-12,3,5,55
33.46714288,39.00086136,-76.5,3.450699202e-12,3,5,55
33.51733933,39.00086272,-76.5,2.893949162e-12,3,5,55
33.56757901,39.00086407,-76.5,-4.055566072e-12,3,5,55
33.61781732,39.00086542,-76.5,-1.454922486e-12,3,5,55
33.66804477,39.00086677,-76.5,-2.989893259e-12,3,5,55
33.71824332,39.00086812,-76.5,-5.809865695e-13,3,5,55
33.76853375,39.00086947,-76.5,4.442990763e-12,3,5,55
33.81873714,39.00087082,-76.5,-4.585722563e-12,3,5,55
33.86889164,39.00087217,-76.5,1.230013618e-11,3,5,55
33.91906669,39.00087353,-76.5,2.530675117e-12,3,5,55
33.96923866,39.00087488,-76.5,1.01749331e-11,3,5,55
34.0194098,39.00087623,-76.5,9.018464676e-12,3,5,55
34.06957678,39.00087758,-76.5,1.080345828e-11,3,5,55
34.11978109,39.00087893,-76.5,-3.423034502e-12,3,5,55
34.16997876,39.00088028,-76.5,1.590241639e-11,3,5,55
34.22023871,39.00088163,-76.5,6.208484529e-12,3,5,55
34.27042678,39.00088298,-76.5,5.472038383e-12,3,5,55
34.32060207,39.00088434,-76.5,6.20193223e-12,3,5,55
34.37078184,39.00088569,-76.5,3.077859388e-12,3,5,55
34.42101164,39.00088704,-76.5,3.83540255e-12,3,5,55
34.47116472,39.00088839,-76.5,7.590110804e-12,3,5,55
34.52143995,39.00088974,-76.5,-4.011647727e-12,3,5,55
34.57181098,39.00089109,-76.5,3.099478902e-12,3,5,55
34.62205526,39.00089244,-76.5,-1.117935281e-11,3,5,55
34.67230372,39.00089379,-76.5,2.381461002e-12,3,5,55
34.72253836,39.00089514,-76.5,2.451725247e-12,3,5,55
34.77279522,39.0008965,-76.5,3.292856778e-12,3,5,55
34.82303838,39.00089785,-76.5,2.952016834e-12,3,5,55
34.87326773,39.0008992,-76.5,1.997060882e-12,3,5,55
34.92341109,39.00090055,-76.5,-3.680345074e-13,3,5,55
34.97358261,39.0009019,-76.5,-1.514477895e-12,3,5,55
35.02379796,39.00090325,-76.5,6.959939666e-12,3,5,55
35.07399055,39.0009046,-76.5,-1.159906679e-12,3,5,55
35.12425148,39.00090595,-76.5,1.175752648e-11,3,5,55
35.17440556,39.0009073,-76.5,5.619186119e-12,3,5,55
35.22454803,39.00090866,-76.5,5.619186119e-12,3,5,55
35.27474022,39.00091001,-76.5,7.654513531e-12,3,5,55
35.32489449,39.00091136,-76.5,5.920135066e-12,3,5,55
35.37502906,39.00091271,-76.5,9.684386921e-12,3,5,55
35.42525061,39.00091406,-76.5,1.098201222e-11,3,5,55
35.47540382,39.00091541,-76.5,-1.363381458e-13,3,5,55
35.52555873,39.00091676,-76.5,1.584199797e-11,3,5,55
35.57576689,39.00091812,-76.5,-6.277830647e-12,3,5,55
35.625945,39.00092082,-76.5,5.921020628e-12,3,5,55
35.67626158,39.00092217,-76.5,2.813823673e-12,3,5,55
35.72642245,39.00092352,-76.5,1.731291062e-11,3,5,55
35.77656718,39.00092487,-76.5,5.822024317e-12,3,5,55
35.82676984,39.00092622,-76.5,5.371936921e-12,3,5,55
35.87692566,39.00092757,-76.5,-3.049245747e-12,3,5,55
35.92712446,39.00092892,-76.5,7.674762397e-12,3,5,55
35.97733448,39.00093028,-76.5,8.436894058e-12,3,5,55
36.02753076,39.00093163,-76.5,1.349014405e-11,3,5,55
36.07769505,39.00093298,-76.5,1.154245776e-11,3,5,55
36.12786079,39.00093433,-76.5,3.427095971e-12,3,5,55
36.17810602,39.00093568,-76.5,1.654827986e-11,3,5,55
36.22825396,39.00093703,-76.5,3.524590553e-12,3,5,55
36.27843321,39.00093838,-76.5,1.131329431e-12,3,5,55
36.32862976,39.00093973,-76.5,5.170274152e-12,3,5,55
36.37881944,39.00094108,-76.5,-9.89776058e-13,3,5,55
36.42902449,39.00094243,-76.5,9.619275707e-12,3,5,55
36.47922123,39.00094379,-76.5,-2.992574508e-12,3,5,55
36.5293998,39.00094514,-76.5,-4.672381229e-12,3,5,55
36.57958118,39.00094649,-76.5,3.37033612e-12,3,5,55
36.62975753,39.00094784,-76.5,-7.087272251e-12,3,5,55
36.67994084,39.00094919,-76.5,7.148063686e-12,3,5,55
36.7301727,39.00095054,-76.5,1.238607829e-11,3,5,55
36.78039984,39.00095189,-76.5,-7.108259674e-12,3,5,55
36.83062628,39.00095324,-76.5,5.96072277e-12,3,5,55
36.8807882,39.0009546,-76.5,-5.351587854e-12,3,5,55
36.93098693,39.00095595,-76.5,-4.800187578e-13,3,5,55
36.98124911,39.0009573,-76.5,-5.563506254e-12,3,5,55
37.03142992,39.00095865,-76.5,1.200244605e-11,3,5,55
37.08165157,39.00096,-76.5,4.64083421e-12,3,5,55
37.13189284,39.00096135,-76.5,5.996802229e-13,3,5,55
37.18206542,39.0009627,-76.5,9.726275086e-12,3,5,55
37.23229829,39.00096405,-76.5,8.655486336e-12,3,5,55
37.28247871,39.0009654,-76.5,2.495689595e-12,3,5,55
37.33264646,39.00096676,-76.5,5.60415999e-12,3,5,55
37.3828618,39.00096811,-76.5,8.207643259e-12,3,5,55
37.43302125,39.00096946,-76.5,9.187428373e-12,3,5,55
37.48322891,39.00097081,-76.5,1.073890908e-11,3,5,55
37.53341197,39.00097216,-76.5,1.233168032e-11,3,5,55
37.58359061,39.00097351,-76.5,-1.611562952e-12,3,5,55
37.63375521,39.00097486,-76.5,-1.020318705e-12,3,5,55
37.68397517,39.00097621,-76.5,1.495813338e-11,3,5,55
37.73415495,39.00097757,-76.5,6.845619313e-12,3,5,55
37.78439902,39.00097892,-76.5,6.35361299e-12,3,5,55
37.83460412,39.00098027,-76.5,8.465508913e-12,3,5,55
37.88477398,39.00098162,-76.5,4.941860264e-12,3,5,55
37.93510675,39.00098297,-76.5,8.221719562e-12,3,5,55
37.98530429,39.00098432,-76.5,9.950414087e-12,3,5,55
38.0354414,39.00098567,-76.5,-2.98796099e-12,3,5,55
38.08573156,39.00098702,-76.5,4.423273555e-12,3,5,55
38.13587769,39.00098837,-76.5,3.878558838e-12,3,5,55
38.18619853,39.00098973,-76.5,4.368239896e-12,3,5,55
38.23639314,39.00099108,-76.5,1.554551113e-11,3,5,55
38.28660357,39.00099243,-76.5,6.10828785e-12,3,5,55
38.33681272,39.00099378,-76.5,5.645420725e-12,3,5,55
38.38705559,39.00099513,-76.5,1.153798838e-11,3,5,55
38.43726649,39.00099648,-76.5,-2.152894798e-12,3,5,55
38.48750612,39.00099783,-76.5,9.387244752e-12,3,5,55
38.53764448,39.00099918,-76.5,6.280666704e-12,3,5,55
38.58786612,39.00100054,-76.5,5.91502114e-12,3,5,55
38.6380874,39.00100189,-76.5,2.278648929e-12,3,5,55
38.68832056,39.00100324,-76.5,-1.019131704e-11,3,5,55
38.73856064,39.00100459,-76.5,5.409942749e-13,3,5,55
38.78874778,39.00100594,-76.5,4.294327176e-12,3,5,55
38.83893176,39.00100729,-76.5,6.301932179e-12,3,5,55
38.88914617,39.00100864,-76.5,-3.571482142e-13,3,5,55
38.93936016,39.00100999,-76.5,-1.80714811e-13,3,5,55
38.98952208,39.00101134,-76.5,1.150897978e-11,3,5,55
39.03969802,39.0010127,-76.5,1.720550053e-12,3,5,55
39.0899431,39.00101405,-76.5,9.480760796e-12,3,5,55
39.14026628,39.0010154,-76.5,9.636472734e-12,3,5,55
39.19037277,39.00101675,-76.5,6.132068091e-13,3,5,55
39.2406442,39.0010181,-76.5,2.356788415e-12,3,5,55
39.29093025,39.00101945,-76.5,8.723824652e-12,3,5,55
39.34109007,39.0010208,-76.5,6.556014644e-12,3,5,55
39.39133807,39.00102215,-76.5,-5.10557776e-13,3,5,55
39.44157377,39.0010235,-76.5,-1.246876381e-13,3,5,55
39.49182769,39.00102486,-76.5,1.128275527e-11,3,5,55
39.54195743,39.00102621,-76.5,-3.462736777e-12,3,5,55
39.59219301,39.00102756,-76.5,1.309248464e-12,3,5,55
39.64247028,39.00102891,-76.5,-7.572640152e-12,3,5,55
39.69268098,39.00103026,-76.5,3.723191591e-12,3,5,55
39.74289236,39.00103161,-76.5,7.099280046e-12,3,5,55
39.79303317,39.00103296,-76.5,1.874210062e-11,3,5,55
39.84318628,39.00103431,-76.5,1.350472447e-11,3,5,55
39.8934628,39.00103567,-76.5,8.19962595e-12,3,5,55
39.94366929,39.00103702,-76.5,-2.204405663e-12,3,5,55
39.99391431,39.00103837,-76.5,-3.816872975e-12,3,5,55
40.04423417,39.00103972,-76.5,3.44950814e-12,3,5,55
40.09454273,39.00104107,-76.5,-1.456516088e-12,3,5,55
40.14474875,39.00104242,-76.5,-2.806317849e-12,3,5,55
40.19492527,39.00104377,-76.5,1.49652365e-11,3,5,55
40.24517027,39.00104512,-76.5,-5.967034606e-12,3,5,55
40.29535315,39.00104648,-76.5,5.509856527e-12,3,5,55
40.34562175,39.00104783,-76.5,5.245168692e-12,3,5,55
40.39583328,39.00104918,-76.5,-6.520529066e-12,3,5,55
40.44604126,39.00105053,-76.5,1.056325547e-11,3,5,55
40.49623656,39.00105188,-76.5,1.796803813e-11,3,5,55
40.54642767,39.00105323,-76.5,4.901940425e-12,3,5,55
40.59663324,39.00105458,-76.5,-5.080695014e-12,3,5,55
40.64683715,39.00105593,-76.5,6.360206685e-13,3,5,55
40.69705844,39.00105728,-76.5,-1.085587568e-12,3,5,55
40.74732657,39.00105864,-76.5,9.245172613e-12,3,5,55
40.7975372,39.00105999,-76.5,-2.400476183e-12,3,5,55
40.84772706,39.00106134,-76.5,3.084332492e-12,3,5,55
40.89792153,39.00106269,-76.5,8.079540049e-12,3,5,55
40.94816773,39.00106404,-76.5,8.175971721e-12,3,5,55
40.99844494,39.00106539,-76.5,3.858021485e-12,3,5,55
41.04867878,39.00106674,-76.5,4.15164006e-12,3,5,55
41.09891075,39.00106809,-76.5,-7.786868397e-13,3,5,55
41.14916903,39.00106944,-76.5,2.685451604e-12,3,5,55
41.19937619,39.00107079,-76.5,-8.636215851e-13,3,5,55
41.24955437,39.00107215,-76.5,-3.965247126e-12,3,5,55
41.29978472,39.0010735,-76.5,3.816548005e-12,3,5,55
41.35000214,39.00107485,-76.5,-1.608626865e-13,3,5,55
41.40023588,39.0010762,-76.5,9.036910272e-12,3,5,55
41.45043666,39.00107755,-76.5,-2.654629608e-12,3,5,55
41.50069154,39.0010789,-76.5,1.552865988e-11,3,5,55
41.55086183,39.00108025,-76.5,1.210931961e-11,3,5,55
41.60104637,39.00108161,-76.5,2.546336987e-12,3,5,55
41.65126704,39.00108296,-76.5,2.355065528e-12,3,5,55
41.70161786,39.00108431,-76.5,-6.184058761e-12,3,5,55
41.75182317,39.00108566,-76.5,9.574517634e-12,3,5,55
41.80200942,39.00108701,-76.5,7.132891151e-12,3,5,55
41.85228634,39.00108836,-76.5,5.493633436e-12,3,5,55
41.90251485,39.00108971,-76.5,1.756311497e-12,3,5,55
41.9527488,39.00109106,-76.5,9.593163824e-12,3,5,55
42.00296984,39.00109241,-76.5,-2.088701558e-12,3,5,55
42.05316986,39.00109377,-76.5,-5.551949549e-12,3,5,55
42.10338411,39.00109512,-76.5,5.41302373e-12,3,5,55
42.15360192,39.00109647,-76.5,6.03898261e-12,3,5,55
42.20381337,39.00109782,-76.5,6.54765652e-13,3,5,55
42.25401532,39.00109917,-76.5,1.479447383e-11,3,5,55
42.30423602,39.00110052,-76.5,-8.989115122e-12,3,5,55
42.35444655,39.00110187,-76.5,-8.989115122e-12,3,5,55
42.40464829,39.00110322,-76.5,2.581733412e-12,3,5,55
42.45485327,39.00110457,-76.5,-6.291969456e-12,3,5,55
42.50520702,39.00110593,-76.5,7.857655801e-12,3,5,55
42.55540735,39.00110728,-76.5,6.230797442e-12,3,5,55
42.60562841,39.00110863,-76.5,1.02785428e-11,3,5,55
42.65585267,39.00110998,-76.5,-8.54499719e-12,3,5,55
42.70606197,39.00111133,-76.5,7.031271357e-12,3,5,55
42.75636458,39.00111268,-76.5,9.793003788e-12,3,5,55
42.80674482,39.00111403,-76.5,3.016614179e-12,3,5,55
42.8568896,39.00111538,-76.5,1.53199353e-11,3,5,55
42.90708932,39.00111673,-76.5,1.1952663e-11,3,5,55
42.95729603,39.00111809,-76.5,8.482220203e-12,3,5,55
43.00749826,39.00111944,-76.5,-2.887876811e-12,3,5,55
43.05770163,39.00112079,-76.5,8.20085093e-12,3,5,55
43.10790042,39.00112214,-76.5,6.635752527e-12,3,5,55
43.15814838,39.00112349,-76.5,5.238318892e-12,3,5,55
43.20835636,39.00112484,-76.5,-1.37511847e-12,3,5,55
43.25859216,39.00112619,-76.5,-5.530352455e-12,3,5,55
43.30889832,39.00112754,-76.5,2.292354278e-12,3,5,55
43.35905456,39.0011289,-76.5,-9.260950217e-13,3,5,55
43.40924807,39.00113025,-76.5,1.513036852e-11,3,5,55
43.4594363,39.0011316,-76.5,-1.772957485e-12,3,5,55
43.50961907,39.00113295,-76.5,4.692300715e-12,3,5,55
43.55981068,39.0011343,-76.5,7.643278298e-12,3,5,55
43.61000291,39.00113565,-76.5,8.427977256e-12,3,5,55
43.66027437,39.001137,-76.5,4.297045936e-12,3,5,55
43.71046813,39.00113835,-76.5,5.016769181e-12,3,5,55
43.76064077,39.0011397,-76.5,4.448485244e-12,3,5,55
43.81083333,39.00114106,-76.5,1.925736662e-11,3,5,55
43.86119255,39.00114241,-76.5,1.935124138e-12,3,5,55
43.91136025,39.00114376,-76.5,6.170133869e-12,3,5,55
43.9615405,39.00114511,-76.5,1.291886965e-12,3,5,55
44.01182498,39.00114646,-76.5,5.568068662e-12,3,5,55
44.06201718,39.00114781,-76.5,-1.911472761e-12,3,5,55
44.11222746,39.00114916,-76.5,1.138791186e-11,3,5,55
44.16243302,39.00115051,-76.5,1.518192724e-11,3,5,55
44.21270938,39.00115186,-76.5,6.735074562e-12,3,5,55
44.26287906,39.00115322,-76.5,6.007065023e-12,3,5,55
44.31305098,39.00115457,-76.5,4.611864202e-12,3,5,55
44.36329195,39.00115592,-76.5,-1.418215703e-12,3,5,55
44.41343429,39.00115727,-76.5,2.596055417e-12,3,5,55
44.46358003,39.00115862,-76.5,4.798230108e-12,3,5,55
44.51372334,39.00115997,-76.5,1.852000875e-11,3,5,55
44.56384343,39.00116132,-76.5,6.380781205e-12,3,5,55
44.61401375,39.00116267,-76.5,1.266572982e-11,3,5,55
44.66426952,39.00116403,-76.5,7.724491994e-12,3,5,55
44.71445752,39.00116538,-76.5,4.903881711e-12,3,5,55
44.76462307,39.00116673,-76.5,1.830282956e-12,3,5,55
44.81479675,39.00116808,-76.5,8.676346666e-13,3,5,55
44.86500615,39.00116943,-76.5,-9.315995588e-13,3,5,55
44.91525397,39.00117078,-76.5,1.256497196e-11,3,5,55
44.96550283,39.00117213,-76.5,5.003826958e-12,3,5,55
45.01575732,39.00117348,-76.5,7.644027123e-12,3,5,55
45.06590198,39.00117483,-76.5,6.46584077e-12,3,5,55
45.1162621,39.00117619,-76.5,1.63348236e-12,3,5,55
45.16646093,39.00117754,-76.5,3.010970406e-12,3,5,55
45.21671538,39.00117889,-76.5,7.466474726e-12,3,5,55
45.26689,39.00118024,-76.5,6.39990756e-12,3,5,55
45.31705275,39.00118159,-76.5,6.979743371e-12,3,5,55
45.36723983,39.00118294,-76.5,-7.235709093e-12,3,5,55
45.41739592,39.00118429,-76.5,6.415379455e-12,3,5,55
45.46757873,39.00118564,-76.5,-2.077229589e-13,3,5,55
45.51774084,39.00118699,-76.5,-7.028439958e-13,3,5,55
45.56791669,39.00118835,-76.5,7.045460829e-12,3,5,55
45.61809085,39.0011897,-76.5,7.653323442e-12,3,5,55
45.66832469,39.00119105,-76.5,5.321580797e-12,3,5,55
45.71852686,39.0011924,-76.5,8.031463743e-12,3,5,55
45.76866865,39.00119375,-76.5,6.743161556e-12,3,5,55
45.81885285,39.0011951,-76.5,1.017412638e-12,3,5,55
45.86903896,39.00119645,-76.5,-1.543178411e-13,3,5,55
45.91921638,39.0011978,-76.5,4.963667817e-12,3,5,55
45.96940782,39.00119916,-76.5,3.655272547e-12,3,5,55
46.01966444,39.00120051,-76.5,-2.284279103e-12,3,5,55
46.0698362,39.00120186,-76.5,4.669842714e-12,3,5,55
46.12006896,39.00120321,-76.5,7.672652267e-12,3,5,55
46.17023327,39.00120456,-76.5,-3.257509182e-13,3,5,55
46.22040557,39.00120591,-76.5,6.674992873e-12,3,5,55
46.27064366,39.00120726,-76.5,-3.405365658e-12,3,5,55
46.32078296,39.00120862,-76.5,7.855489896e-12,3,5,55
46.37097582,39.00120997,-76.5,1.205950365e-11,3,5,55
46.42113699,39.00121132,-76.5,1.264454545e-11,3,5,55
46.47130682,39.00121267,-76.5,2.838007392e-12,3,5,55
46.52148928,39.00121402,-76.5,1.480028458e-11,3,5,55
46.57165807,39.00121537,-76.5,-1.271402579e-12,3,5,55
46.62182962,39.00121672,-76.5,1.064276275e-11,3,5,55
46.6720825,39.00121807,-76.5,1.977149647e-12,3,5,55
46.72236458,39.00121942,-76.5,3.09917496e-12,3,5,55
46.77257678,39.00122077,-76.5,9.256129987e-12,3,5,55
46.82277104,39.00122212,-76.5,6.6312127e-12,3,5,55
46.87297643,39.00122348,-76.5,1.980907217e-12,3,5,55
46.92315776,39.00122483,-76.5,6.205755839e-12,3,5,55
46.97334063,39.00122618,-76.5,6.09408164e-12,3,5,55
47.02356008,39.00122753,-76.5,-5.64002385e-13,3,5,55
47.07377171,39.00122888,-76.5,8.665675177e-13,3,5,55
47.12401524,39.00123023,-76.5,8.182810696e-12,3,5,55
47.17424148,39.00123158,-76.5,1.67823471e-11,3,5,55
47.22440206,39.00123293,-76.5,-2.243595274e-12,3,5,55
47.27457569,39.00123429,-76.5,1.414546748e-11,3,5,55
47.32474886,39.00123564,-76.5,4.508695768e-13,3,5,55
47.37494003,39.00123699,-76.5,1.746015111e-12,3,5,55
47.42513167,39.00123834,-76.5,1.083142592e-11,3,5,55
47.47531621,39.00123969,-76.5,4.756707379e-12,3,5,55
47.5255048,39.00124104,-76.5,9.057934661e-12,3,5,55
47.57572572,39.00124239,-76.5,-4.049591103e-12,3,5,55
47.62593878,39.0012451,-76.5,4.018383726e-12,3,5,55
47.67617098,39.00124645,-76.5,1.284460767e-11,3,5,55
47.72637597,39.0012478,-76.5,1.840596133e-12,3,5,55
47.776535,39.00124915,-76.5,3.239918026e-12,3,5,55
47.82676705,39.0012505,-76.5,-9.832863705e-13,3,5,55
47.87692196,39.00125185,-76.5,5.082397452e-12,3,5,55
47.92714956,39.0012532,-76.5,9.039373089e-12,3,5,55
47.97734454,39.00125455,-76.5,1.126858762e-11,3,5,55
48.0275455,39.00125591,-76.5,2.294677944e-12,3,5,55
48.07770198,39.00125726,-76.5,6.346392862e-12,3,5,55
48.12788023,39.00125861,-76.5,5.726019433e-12,3,5,55
48.17806933,39.00125996,-76.5,4.853904836e-12,3,5,55
48.22827682,39.00126131,-76.5,7.270633201e-12,3,5,55
48.27845281,39.00126266,-76.5,3.609708814e-12,3,5,55
48.32863354,39.00126401,-76.5,6.505859715e-12,3,5,55
48.37896077,39.00126536,-76.5,8.73085663e-12,3,5,55
48.4292267,39.00126671,-76.5,7.349801373e-12,3,5,55
48.47932464,39.00126807,-76.5,3.383799044e-12,3,5,55
48.52949462,39.00126942,-76.5,1.253938321e-12,3,5,55
48.57965089,39.00127077,-76.5,-2.96802967e-12,3,5,55
48.62980317,39.00127212,-76.5,2.413605895e-12,3,5,55
48.67996342,39.00127347,-76.5,7.728022034e-12,3,5,55
48.73013676,39.00127482,-76.5,1.981264486e-13,3,5,55
48.78026099,39.00127617,-76.5,1.32213253e-12,3,5,55
48.8304245,39.00127752,-76.5,9.706627207e-12,3,5,55
48.88057716,39.00127887,-76.5,3.157674634e-12,3,5,55
48.93073562,39.00128022,-76.5,1.763743286e-11,3,5,55
48.98088868,39.00128158,-76.5,4.028642669e-12,3,5,55
49.03104361,39.00128293,-76.5,-2.310964787e-12,3,5,55
49.08121058,39.00128428,-76.5,4.008946491e-12,3,5,55
49.13137038,39.00128563,-76.5,9.850425049e-12,3,5,55
49.18152171,39.00128698,-76.5,4.647264581e-12,3,5,55
49.23167765,39.00128833,-76.5,9.694777704e-13,3,5,55
49.28182717,39.00128968,-76.5,7.528937231e-13,3,5,55
49.33199487,39.00129103,-76.5,6.760052257e-12,3,5,55
49.38218879,39.00129239,-76.5,1.238227148e-11,3,5,55
49.43235956,39.00129374,-76.5,5.311969428e-12,3,5,55
49.48252381,39.00129509,-76.5,1.887724622e-11,3,5,55
49.53271262,39.00129644,-76.5,1.887724622e-11,3,5,55
49.58289943,39.00129779,-76.5,4.353247714e-12,3,5,55
49.63307225,39.00129914,-76.5,7.168248387e-12,3,5,55
49.68336891,39.00130049,-76.5,1.433194986e-11,3,5,55
49.73353898,39.00130184,-76.5,3.775381948e-12,3,5,55
49.78370793,39.0013032,-76.5,3.453393154e-12,3,5,55
49.83388002,39.00130455,-76.5,-2.858690436e-12,3,5,55
49.88406825,39.0013059,-76.5,4.568170059e-12,3,5,55
49.93433033,39.00130725,-76.5,7.357925245e-12,3,5,55
49.98454425,39.0013086,-76.5,1.435669369e-11,3,5,55
50.03477931,39.00130995,-76.5,6.213674481e-12,3,5,55
50.08493591,39.0013113,-76.5,9.592245164e-12,3,5,55
50.13509886,39.00131265,-76.5,9.489514554e-12,3,5,55
50.18528647,39.001314,-76.5,9.586437074e-12,3,5,55
50.23545301,39.00131536,-76.5,-1.442621508e-12,3,5,55
50.28561331,39.00131671,-76.5,-5.249724704e-13,3,5,55
50.33578475,39.00131806,-76.5,1.598364174e-11,3,5,55
50.38597681,39.00131941,-76.5,5.36382399e-12,3,5,55
50.43623656,39.00132076,-76.5,1.715546207e-11,3,5,55
50.4864164,39.00132211,-76.5,-6.51601025e-12,3,5,55
50.53658837,39.00132346,-76.5,2.13461662e-12,3,5,55
50.58676172,39.00132481,-76.5,9.701359091e-12,3,5,55
50.63700121,39.00132617,-76.5,9.163345637e-12,3,5,55
50.68719747,39.00132752,-76.5,6.803568136e-12,3,5,55
50.73739424,39.00132887,-76.5,1.33298459e-11,3,5,55
50.78761717,39.00133022,-76.5,2.640834821e-12,3,5,55
50.83780639,39.00133157,-76.5,3.476133329e-12,3,5,55
50.8879936,39.00133292,-76.5,6.224960556e-12,3,5,55
50.93816945,39.00133427,-76.5,6.438218794e-12,3,5,55
50.98834098,39.00133562,-76.5,7.312455016e-12,3,5,55
51.03855916,39.00133697,-76.5,1.825063785e-11,3,5,55
51.08877403,39.00133833,-76.5,1.218579309e-12,3,5,55
51.13898383,39.00133968,-76.5,1.345770908e-12,3,5,55
51.18915091,39.00134103,-76.5,1.044358249e-11,3,5,55
51.23935936,39.00134238,-76.5,7.961776387e-12,3,5,55
51.28954074,39.00134373,-76.5,7.180700999e-12,3,5,55
51.33972508,39.00134508,-76.5,9.913907662e-12,3,5,55
51.38992857,39.00134643,-76.5,-6.390198924e-12,3,5,55
51.44013218,39.00134778,-76.5,1.472378055e-11,3,5,55
51.49036797,39.00134914,-76.5,7.409421577e-12,3,5,55
51.54055371,39.00135049,-76.5,-5.271000536e-12,3,5,55
51.59079739,39.00135184,-76.5,2.573038515e-12,3,5,55
51.64097722,39.00135319,-76.5,9.33841407e-12,3,5,55
51.69117732,39.00135454,-76.5,-6.134789997e-12,3,5,55
51.74138183,39.00135589,-76.5,1.051147882e-11,3,5,55
51.7915613,39.00135724,-76.5,3.833799174e-12,3,5,55
51.84174483,39.00135859,-76.5,4.211251514e-12,3,5,55
51.89192869,39.00135994,-76.5,-2.590444098e-12,3,5,55
51.94213218,39.00136129,-76.5,-1.239990494e-12,3,5,55
51.99239017,39.00136265,-76.5,-1.742791812e-12,3,5,55
52.04255014,39.001364,-76.5,5.326171799e-12,3,5,55
52.09286366,39.00136535,-76.5,6.736151107e-12,3,5,55
52.14302258,39.0013667,-76.5,9.142711477e-12,3,5,55
52.19327584,39.00136805,-76.5,1.296797081e-11,3,5,55
52.24345343,39.0013694,-76.5,6.411081918e-12,3,5,55
52.29372166,39.00137075,-76.5,5.269118989e-12,3,5,55
52.34397247,39.00137211,-76.5,6.807326429e-12,3,5,55
52.39419401,39.00137346,-76.5,8.855732436e-12,3,5,55
52.44434502,39.00137481,-76.5,3.754759508e-12,3,5,55
52.49455667,39.00137616,-76.5,6.381307524e-12,3,5,55
52.54476651,39.00137751,-76.5,3.868249397e-12,3,5,55
52.59496912,39.00137886,-76.5,2.454201322e-12,3,5,55
52.64524043,39.00138021,-76.5,7.906025167e-12,3,5,55
52.69551465,39.00138156,-76.5,9.90798569e-14,3,5,55
52.74574988,39.00138291,-76.5,5.652605809e-12,3,5,55
52.79615025,39.00138427,-76.5,9.821132411e-12,3,5,55
52.84632065,39.00138562,-76.5,1.335720676e-11,3,5,55
52.89650094,39.00138697,-76.5,1.618540473e-11,3,5,55
52.94671642,39.00138832,-76.5,6.270231237e-12,3,5,55
52.99692623,39.00138967,-76.5,-2.851506203e-12,3,5,55
53.04715041,39.00139102,-76.5,1.521199834e-11,3,5,55
53.09726912,39.00139237,-76.5,8.487928692e-12,3,5,55
53.14746824,39.00139372,-76.5,2.792692834e-12,3,5,55
53.19769414,39.00139508,-76.5,-6.787151125e-12,3,5,55
53.24796559,39.00139643,-76.5,1.392651363e-11,3,5,55
53.29821072,39.00139778,-76.5,9.363267144e-12,3,5,55
53.34840663,39.00139913,-76.5,8.77092594e-12,3,5,55
53.39857411,39.00140048,-76.5,9.813499943e-13,3,5,55
53.44881054,39.00140183,-76.5,9.234134958e-12,3,5,55
53.49906847,39.00140318,-76.5,5.355437084e-12,3,5,55
53.54938864,39.00140453,-76.5,-3.418060498e-12,3,5,55
53.5995488,39.00140588,-76.5,9.509291078e-12,3,5,55
53.64982855,39.00140723,-76.5,3.031775519e-12,3,5,55
53.70014794,39.00140859,-76.5,6.076987964e-12,3,5,55
53.75033803,39.00140994,-76.5,7.12485937e-12,3,5,55
53.80052718,39.00141129,-76.5,8.100039843e-12,3,5,55
53.85076344,39.00141264,-76.5,-1.13353271e-12,3,5,55
53.9012015,39.00141399,-76.5,4.263707338e-12,3,5,55
53.95143605,39.00141534,-76.5,5.266928087e-12,3,5,55
54.00158724,39.00141669,-76.5,1.418616397e-11,3,5,55
54.05173703,39.00141804,-76.5,4.280423538e-12,3,5,55
54.10188966,39.00141939,-76.5,2.832391696e-12,3,5,55
54.15208368,39.00142075,-76.5,6.087685312e-12,3,5,55
54.20237159,39.0014221,-76.5,1.340691367e-11,3,5,55
54.25258864,39.00142345,-76.5,1.472801255e-12,3,5,55
54.30283431,39.0014248,-76.5,6.405764773e-12,3,5,55
54.35306126,39.00142615,-76.5,3.026844015e-12,3,5,55
54.40328507,39.0014275,-76.5,6.664348064e-12,3,5,55
54.45359555,39.00142885,-76.5,3.183243762e-12,3,5,55
54.50388477,39.00143021,-76.5,2.245436825e-11,3,5,55
54.55413557,39.00143156,-76.5,1.243677263e-11,3,5,55
54.60433515,39.00143291,-76.5,2.189241332e-12,3,5,55
54.65455339,39.00143426,-76.5,2.922839944e-13,3,5,55
54.70478188,39.00143561,-76.5,1.615726004e-11,3,5,55
54.75503415,39.00143696,-76.5,9.246490862e-13,3,5,55
54.80518186,39.00143831,-76.5,-5.36038462e-13,3,5,55
54.85542476,39.00143966,-76.5,1.607608316e-12,3,5,55
54.90559574,39.00144101,-76.5,1.177219755e-11,3,5,55
54.95583593,39.00144237,-76.5,6.487189466e-12,3,5,55
55.00603339,39.00144372,-76.5,1.258016114e-11,3,5,55
55.05628359,39.00144507,-76.5,1.750666332e-11,3,5,55
55.10656853,39.00144642,-76.5,-1.735802667e-12,3,5,55
55.15674418,39.00144777,-76.5,9.524321947e-12,3,5,55
55.20700726,39.00144912,-76.5,1.956340132e-11,3,5,55
55.2572276,39.00145047,-76.5,5.138355659e-12,3,5,55
55.30749999,39.00145182,-76.5,1.438994934e-11,3,5,55
55.35763031,39.00145317,-76.5,-1.654205972e-12,3,5,55
55.40785726,39.00145452,-76.5,1.475990234e-11,3,5,55
55.45808429,39.00145588,-76.5,9.923823758e-12,3,5,55
55.50829962,39.00145723,-76.5,1.128816802e-11,3,5,55
55.55855946,39.00145858,-76.5,1.459407469e-11,3,5,55
55.60890919,39.00145993,-76.5,7.53021243e-12,3,5,55
55.65902799,39.00146128,-76.5,2.92356115e-12,3,5,55
55.70919151,39.00146263,-76.5,8.979842828e-12,3,5,55
55.75940821,39.00146398,-76.5,9.403654189e-12,3,5,55
55.80957654,39.00146533,-76.5,2.00876041e-11,3,5,55
55.85979762,39.00146669,-76.5,9.111623338e-12,3,5,55
55.91006024,39.00146804,-76.5,6.440826966e-12,3,5,55
55.96026254,39.00146939,-76.5,1.044045495e-11,3,5,55
56.01045468,39.00147074,-76.5,3.961938959e-12,3,5,55
56.06062232,39.00147209,-76.5,8.472260423e-12,3,5,55
56.11084844,39.00147344,-76.5,6.067337329e-12,3,5,55
56.16107679,39.00147479,-76.5,7.727571913e-12,3,5,55
56.2113851,39.00147614,-76.5,-3.859171603e-13,3,5,55
56.26171808,39.0014775,-76.5,1.14610221e-11,3,5,55
56.31189082,39.00147885,-76.5,1.379936948e-11,3,5,55
56.36216566,39.0014802,-76.5,7.772019824e-12,3,5,55
56.41234539,39.00148155,-76.5,1.484966007e-11,3,5,55
56.46255,39.0014829,-76.5,1.393984413e-11,3,5,55
56.51272217,39.00148425,-76.5,7.877276879e-12,3,5,55
56.56301804,39.0014856,-76.5,9.965616989e-12,3,5,55
56.61317158,39.00148695,-76.5,2.12592078e-11,3,5,55
56.66330273,39.00148831,-76.5,5.971035267e-12,3,5,55
56.7134973,39.00148966,-76.5,1.282290942e-12,3,5,55
56.76361587,39.00149101,-76.5,7.583350956e-12,3,5,55
56.81378546,39.00149236,-76.5,1.238262141e-11,3,5,55
56.86394844,39.00149371,-76.5,8.312693575e-12,3,5,55
56.91414482,39.00149506,-76.5,4.074370071e-12,3,5,55
56.96425719,39.00149641,-76.5,-3.780176631e-13,3,5,55
57.01442952,39.00149776,-76.5,5.480625508e-13,3,5,55
57.0645992,39.00149911,-76.5,5.480625508e-13,3,5,55
57.1148437,39.00150047,-76.5,6.784753224e-13,3,5,55
57.16502727,39.00150182,-76.5,2.499885231e-12,3,5,55
57.21523531,39.00150317,-76.5,1.596074161e-11,3,5,55
57.26544096,39.00150452,-76.5,4.347841519e-12,3,5,55
57.31561334,39.00150587,-76.5,1.09842325e-11,3,5,55
57.36578162,39.00150722,-76.5,1.03869293e-11,3,5,55
57.41596834,39.00150857,-76.5,4.229121262e-12,3,5,55
57.46614473,39.00150992,-76.5,-5.973763411e-12,3,5,55
57.51632304,39.00151127,-76.5,1.246622914e-11,3,5,55
57.5665225,39.00151262,-76.5,1.024211999e-11,3,5,55
57.61669366,39.00151398,-76.5,-1.610139402e-12,3,5,55
57.66686337,39.00151533,-76.5,6.534017015e-12,3,5,55
57.71703152,39.00151668,-76.5,4.836010931e-13,3,5,55
57.76720407,39.00151803,-76.5,1.891599593e-12,3,5,55
57.81736741,39.00151938,-76.5,7.943400715e-12,3,5,55
57.86762442,39.00152073,-76.5,5.314761815e-12,3,5,55
57.91780183,39.00152208,-76.5,1.365981981e-11,3,5,55
57.96796754,39.00152343,-76.5,9.740955818e-12,3,5,55
58.01814015,39.00152479,-76.5,8.867344406e-12,3,5,55
58.06825249,39.00152614,-76.5,1.273950906e-12,3,5,55
58.11844193,39.00152749,-76.5,-4.40417711e-12,3,5,55
58.16861867,39.00152884,-76.5,5.433010848e-12,3,5,55
58.21880135,39.00153019,-76.5,9.270680405e-12,3,5,55
58.26896767,39.00153154,-76.5,6.24570039e-12,3,5,55
58.31917654,39.00153289,-76.5,3.826637146e-12,3,5,55
58.36934506,39.00153424,-76.5,6.566785099e-12,3,5,55
58.41953734,39.0015356,-76.5,1.317144119e-11,3,5,55
58.46972786,39.00153695,-76.5,1.942091867e-11,3,5,55
58.51994894,39.0015383,-76.5,1.737961083e-11,3,5,55
58.57014637,39.00153965,-76.5,-5.535185044e-13,3,5,55
58.6202605,39.001541,-76.5,9.228856267e-12,3,5,55
58.67049569,39.00154235,-76.5,1.156421441e-11,3,5,55
58.7206921,39.0015437,-76.5,-4.835855865e-12,3,5,55
58.77088256,39.00154505,-76.5,8.434762959e-12,3,5,55
58.82104486,39.0015464,-76.5,4.513411234e-12,3,5,55
58.87123357,39.00154776,-76.5,1.244004221e-11,3,5,55
58.92140225,39.00154911,-76.5,1.444032687e-11,3,5,55
58.97156665,39.00155046,-76.5,-1.950414187e-13,3,5,55
59.02175419,39.00155181,-76.5,2.024479337e-11,3,5,55
59.071946,39.00155316,-76.5,6.362436121e-12,3,5,55
59.12213571,39.00155451,-76.5,1.741396657e-12,3,5,55
59.17236317,39.00155586,-76.5,6.372996886e-12,3,5,55
59.22258326,39.00155721,-76.5,1.906770652e-11,3,5,55
59.27292136,39.00155856,-76.5,1.766630465e-11,3,5,55
59.32313453,39.00155992,-76.5,-3.694314653e-12,3,5,55
59.37340601,39.00156127,-76.5,6.506982037e-12,3,5,55
59.42355283,39.00156262,-76.5,8.176146736e-12,3,5,55
59.47369509,39.00156397,-76.5,3.428367588e-12,3,5,55
59.52382884,39.00156532,-76.5,1.323752874e-11,3,5,55
59.57407674,39.00156667,-76.5,1.149236067e-11,3,5,55
59.62424297,39.00156802,-76.5,-3.884103307e-12,3,5,55
59.67441906,39.00156937,-76.5,1.124671032e-11,3,5,55
59.72457358,39.00157073,-76.5,7.770809412e-12,3,5,55
59.77480508,39.00157208,-76.5,9.86559191e-12,3,5,55
59.82498968,39.00157343,-76.5,1.31449496e-11,3,5,55
59.875206,39.00157478,-76.5,-9.524467939e-13,3,5,55
59.92539709,39.00157613,-76.5,7.138382297e-12,3,5,55
59.97561642,39.00157748,-76.5,4.309339294e-12,3,5,55
60.02579496,39.00157883,-76.5,6.823534609e-12,3,5,55
60.07596711,39.00158153,-76.5,1.086428491e-11,3,5,55
60.12615855,39.00158289,-76.5,1.153291358e-11,3,5,55
60.17631113,39.00158424,-76.5,-1.49101585e-12,3,5,55
60.22646747,39.00158559,-76.5,5.951961498e-12,3,5,55
60.27664065,39.00158694,-76.5,1.180534187e-11,3,5,55
60.32682955,39.00158829,-76.5,3.488214009e-12,3,5,55
60.37698973,39.00158964,-76.5,7.115547474e-12,3,5,55
60.4272681,39.00159099,-76.5,-3.070710781e-12,3,5,55
60.47742163,39.00159234,-76.5,1.252293392e-11,3,5,55
60.52760102,39.0015937,-76.5,9.308696702e-12,3,5,55
60.57778951,39.00159505,-76.5,1.538158185e-11,3,5,55
60.62801579,39.0015964,-76.5,5.972386696e-12,3,5,55
60.6782139,39.00159775,-76.5,1.089467383e-11,3,5,55
60.72836969,39.0015991,-76.5,8.551522706e-12,3,5,55
60.77859093,39.00160045,-76.5,1.757219773e-11,3,5,55
60.82875487,39.0016018,-76.5,3.099053659e-12,3,5,55
60.87895135,39.00160315,-76.5,1.017643095e-11,3,5,55
60.92913143,39.0016045,-76.5,1.519024562e-11,3,5,55
60.97929876,39.00160586,-76.5,1.48799066e-11,3,5,55
61.02948534,39.00160721,-76.5,5.351660029e-12,3,5,55
61.07963809,39.00160856,-76.5,1.445989559e-11,3,5,55
61.12982339,39.00160991,-76.5,1.85160735e-11,3,5,55
61.18006559,39.00161126,-76.5,6.124114887e-12,3,5,55
61.2302505,39.00161261,-76.5,7.584955843e-13,3,5,55
61.28041452,39.00161396,-76.5,1.791892304e-11,3,5,55
61.33062169,39.00161531,-76.5,1.115145802e-11,3,5,55
61.38079944,39.00161667,-76.5,1.232978633e-11,3,5,55
61.43103493,39.00161802,-76.5,7.558443429e-12,3,5,55
61.48123976,39.00161937,-76.5,1.572616758e-11,3,5,55
61.53143204,39.00162072,-76.5,1.303055755e-11,3,5,55
61.5816112,39.00162207,-76.5,2.105565452e-11,3,5,55
61.63186881,39.00162342,-76.5,1.079282152e-12,3,5,55
61.68208424,39.00162477,-76.5,1.463041875e-11,3,5,55
61.73228271,39.00162612,-76.5,8.512045892e-12,3,5,55
61.78250113,39.00162747,-76.5,4.379121662e-12,3,5,55
61.83268592,39.00162883,-76.5,8.944749755e-12,3,5,55
61.88287245,39.00163018,-76.5,3.647843772e-12,3,5,55
61.93306266,39.00163153,-76.5,2.353095086e-12,3,5,55
61.98325535,39.00163288,-76.5,1.748195763e-11,3,5,55
62.03343869,39.00163423,-76.5,1.382773306e-11,3,5,55
62.08376357,39.00163558,-76.5,-9.978768045e-13,3,5,55
62.13398888,39.00163693,-76.5,3.758482313e-12,3,5,55
62.18425492,39.00163828,-76.5,1.146238987e-11,3,5,55
62.2344386,39.00163964,-76.5,7.785589945e-12,3,5,55
62.2846135,39.00164099,-76.5,1.743229632e-11,3,5,55
62.33478184,39.00164234,-76.5,1.083423541e-11,3,5,55
62.38496038,39.00164369,-76.5,-7.837707587e-11,3,5,55
62.43513876,39.00164504,-76.5,-5.810692395e-12,3,5,55
62.48531379,39.00164639,-76.5,1.588987228e-11,3,5,55
62.53549038,39.00164774,-76.5,1.703371389e-11,3,5,55
62.58567805,39.00164909,-76.5,2.206910091e-11,3,5,55
62.63585873,39.00165044,-76.5,4.98074726e-12,3,5,55
62.68602122,39.0016518,-76.5,1.386303018e-11,3,5,55
62.73624653,39.00165315,-76.5,3.067871361e-12,3,5,55
62.78645205,39.0016545,-76.5,2.213511159e-11,3,5,55
62.83663682,39.00165585,-76.5,2.397591563e-12,3,5,55
62.88683133,39.0016572,-76.5,9.388919691e-12,3,5,55
62.93704843,39.00165855,-76.5,-2.993876825e-12,3,5,55
62.98730944,39.0016599,-76.5,1.432132657e-11,3,5,55
63.03749913,39.00166125,-76.5,1.367888322e-11,3,5,55
63.08774377,39.00166261,-76.5,1.019207539e-11,3,5,55
63.13796404,39.00166396,-76.5,2.131651811e-11,3,5,55
63.1881474,39.00166531,-76.5,1.810526609e-11,3,5,55
63.23837045,39.00166666,-76.5,-2.72159092e-12,3,5,55
63.28854395,39.00166801,-76.5,1.00434341e-11,3,5,55
63.33872998,39.00166936,-76.5,1.416442448e-11,3,5,55
63.38894397,39.00167071,-76.5,2.07309557e-11,3,5,55
63.43919252,39.00167206,-76.5,3.736185106e-12,3,5,55
63.48940435,39.00167341,-76.5,1.895463711e-11,3,5,55
63.53962613,39.00167476,-76.5,4.366716873e-12,3,5,55
63.58996217,39.00167612,-76.5,1.185293181e-11,3,5,55
63.64008818,39.00167747,-76.5,1.628594067e-11,3,5,55
63.6902878,39.00167882,-76.5,9.812463561e-12,3,5,55
63.74052454,39.00168017,-76.5,4.885435572e-12,3,5,55
63.79074868,39.00168152,-76.5,3.620029712e-12,3,5,55
63.84098471,39.00168287,-76.5,3.806815845e-12,3,5,55
63.89122437,39.00168422,-76.5,7.923836825e-12,3,5,55
63.94141676,39.00168557,-76.5,1.213560252e-11,3,5,55
63.99161546,39.00168693,-76.5,9.636756101e-12,3,5,55
64.04178771,39.00168828,-76.5,-7.123011958e-11,3,5,55
64.09198752,39.00168963,-76.5,-6.347330726e-11,3,5,55
64.14215097,39.00169098,-76.5,-8.296372238e-11,3,5,55
64.19226574,39.00169233,-76.5,1.440442245e-11,3,5,55
64.24243228,39.00169368,-76.5,1.118753956e-11,3,5,55
64.29259549,39.00169503,-76.5,1.978823688e-12,3,5,55
64.34276628,39.00169638,-76.5,1.978823688e-12,3,5,55
64.39293805,39.00169774,-76.5,-6.723550647e-11,3,5,55
64.44314627,39.00169909,-76.5,7.696411864e-12,3,5,55
64.49342335,39.00170044,-76.5,1.870683833e-11,3,5,55
64.54367135,39.00170179,-76.5,-7.266719547e-11,3,5,55
64.59390124,39.00170314,-76.5,7.405716172e-13,3,5,55
64.64418051,39.00170449,-76.5,1.199356993e-11,3,5,55
64.69441407,39.00170584,-76.5,7.366655272e-12,3,5,55
64.74461869,39.00170719,-76.5,1.46891728e-11,3,5,55
64.7948127,39.00170854,-76.5,2.065399293e-11,3,5,55
64.84503479,39.0017099,-76.5,1.053725255e-11,3,5,55
64.89526759,39.00171125,-76.5,8.892830774e-13,3,5,55
64.94544025,39.0017126,-76.5,-6.80864457e-11,3,5,55
64.99561561,39.00171395,-76.5,1.932863453e-11,3,5,55
65.04579814,39.0017153,-76.5,7.206845703e-12,3,5,55
65.09599795,39.00171665,-76.5,7.34898901e-12,3,5,55
65.14616333,39.001718,-76.5,9.374398417e-12,3,5,55
65.19635308,39.00171935,-76.5,5.266354158e-12,3,5,55
65.2465974,39.00172071,-76.5,-7.882015876e-11,3,5,55
65.29681917,39.00172206,-76.5,1.650921091e-11,3,5,55
65.34708275,39.00172341,-76.5,2.143479774e-11,3,5,55
65.39737397,39.00172476,-76.5,3.746176153e-13,3,5,55
65.44768195,39.00172611,-76.5,1.517241519e-11,3,5,55
65.49795068,39.00172746,-76.5,-1.883548729e-13,3,5,55
65.54816917,39.00172881,-76.5,2.165166675e-11,3,5,55
65.59844079,39.00173016,-76.5,2.462850059e-12,3,5,55
65.64861735,39.00173151,-76.5,1.516134948e-11,3,5,55
65.69883214,39.00173287,-76.5,1.976599245e-11,3,5,55
65.74903094,39.00173422,-76.5,-7.078955472e-11,3,5,55
65.79922757,39.00173557,-76.5,8.522240893e-12,3,5,55
65.84943927,39.00173692,-76.5,6.425943008e-12,3,5,55
65.89966521,39.00173827,-76.5,7.815659836e-12,3,5,55
65.94990492,39.00173962,-76.5,6.738007513e-12,3,5,55
66.000104,39.00174097,-76.5,-7.741323953e-11,3,5,55
66.05037146,39.00174232,-76.5,1.042274352e-11,3,5,55
66.10059153,39.00174367,-76.5,6.8524197e-12,3,5,55
66.15082019,39.00174503,-76.5,4.973392357e-12,3,5,55
66.20105845,39.00174638,-76.5,5.215490067e-12,3,5,55
66.25130409,39.00174773,-76.5,1.185568925e-11,3,5,55
66.30155676,39.00174908,-76.5,1.778355067e-11,3,5,55
66.35175595,39.00175043,-76.5,3.971468923e-13,3,5,55
66.40193991,39.00175178,-76.5,5.109430859e-12,3,5,55
66.45215092,39.00175313,-76.5,2.634892125e-12,3,5,55
66.50240126,39.00175448,-76.5,1.574238713e-11,3,5,55
66.55264045,39.00175583,-76.5,8.817998699e-12,3,5,55
66.60295024,39.00175719,-76.5,9.615428711e-12,3,5,55
66.65319272,39.00175854,-76.5,7.378003424e-12,3,5,55
66.70337263,39.00175989,-76.5,1.384160511e-11,3,5,55
66.7535681,39.00176124,-76.5,1.448525955e-11,3,5,55
66.80377031,39.00176259,-76.5,-6.984109601e-11,3,5,55
66.85396807,39.00176394,-76.5,1.482708698e-11,3,5,55
66.90417234,39.00176529,-76.5,1.508456244e-11,3,5,55
66.95440076,39.00176664,-76.5,5.237181328e-12,3,5,55
67.00457627,39.00176799,-76.5,1.047180761e-11,3,5,55
67.05477538,39.00176935,-76.5,2.071412032e-12,3,5,55
67.10499826,39.0017707,-76.5,9.699747594e-12,3,5,55
67.1552577,39.00177205,-76.5,-7.660139526e-11,3,5,55
67.20546082,39.0017734,-76.5,8.194445186e-13,3,5,55
67.25572325,39.00177475,-76.5,6.460837523e-12,3,5,55
67.30594057,39.0017761,-76.5,9.637094142e-12,3,5,55
67.35617765,39.00177745,-76.5,8.772495603e-12,3,5,55
67.4064204,39.00177881,-76.5,2.465693484e-12,3,5,55
67.45658905,39.00178016,-76.5,9.348214682e-12,3,5,55
67.50672353,39.00178151,-76.5,5.468105522e-12,3,5,55
67.55688941,39.00178286,-76.5,-8.345815326e-11,3,5,55
67.60712299,39.00178421,-76.5,8.846774041e-12,3,5,55
67.65730359,39.00178556,-76.5,1.733675779e-11,3,5,55
67.70757879,39.00178691,-76.5,2.422680553e-12,3,5,55
67.75776237,39.00178826,-76.5,2.031319874e-12,3,5,55
67.80799482,39.00178961,-76.5,5.075622867e-12,3,5,55
67.8582769,39.00179096,-76.5,3.150959091e-12,3,5,55
67.90866372,39.00179232,-76.5,5.427621202e-12,3,5,55
67.95884477,39.00179367,-76.5,2.689431036e-12,3,5,55
68.00900321,39.00179502,-76.5,9.657022173e-12,3,5,55
68.05928239,39.00179637,-76.5,7.722436271e-12,3,5,55
68.10945858,39.00179772,-76.5,6.361539062e-12,3,5,55
68.15971308,39.00179907,-76.5,3.9527777e-13,3,5,55
68.21000767,39.00180042,-76.5,1.692281457e-11,3,5,55
68.2601713,39.00180177,-76.5,1.843902626e-11,3,5,55
68.3103406,39.00180313,-76.5,-6.005726618e-12,3,5,55
68.36059914,39.00180448,-76.50000002,-0.0130909451,3,5.010000722,54.98999928
68.4108374,39.00180583,-76.50000007,-0.02618261434,3,5.020001997,54.979998
68.46107607,39.00180718,-76.50000014,-0.03927166872,3,5.030001275,54.96999873
68.51132778,39.00180853,-76.50000023,-0.05236030055,3,5.04000023,54.95999977
68.56150828,39.00180987,-76.50000034,-0.06544887688,3,5.049999142,54.95000086
68.61170967,39.00181122,-76.50000048,-0.07854170171,3,5.0600013,54.9399987
68.66190735,39.00181257,-76.50000063,-0.09163083436,3,5.070000637,54.92999936
68.71206709,39.00181391,-76.50000082,-0.1047299248,3,5.080007582,54.91999242
68.76225992,39.00181525,-76.50000102,-0.1178106139,3,5.090000469,54.90999953
68.81250304,39.00181659,-76.50000123,-0.1212358877,3,5.099998667,54.90000133
68.86274341,39.00181793,-76.50000144,-0.1212423937,3,5.109998232,54.89000177
68.91289248,39.00181928,-76.50000165,-0.1212488323,3,5.120004367,54.87999563
68.96304371,39.00182062,-76.50000186,-0.1212552079,3,5.130000595,54.86999941
69.0132899,39.00182196,-76.50000207,-0.1212615103,3,5.14000225,54.85999775
69.06354056,39.0018233,-76.50000228,-0.1212677502,3,5.150012583,54.84998742
69.11368933,39.00182464,-76.50000249,-0.12127393,3,5.160010679,54.83998932
69.16390094,39.00182598,-76.50000269,-0.1212800376,3,5.16999878,54.83000122
69.21408836,39.00182732,-76.5000029,-0.1212860752,3,5.180000541,54.81999946
69.26432636,39.00182867,-76.50000311,-0.1212920579,3,5.19000084,54.80999916
69.31452206,39.00183001,-76.50000332,-0.121297977,3,5.200012644,54.79998736
69.36477313,39.00183135,-76.50000353,-0.1213038408,3,5.210003901,54.7899961
69.41503163,39.00183269,-76.50000374,-0.1213096313,3,5.220007878,54.77999212
69.4651952,39.00183403,-76.50000395,-0.1213153685,3,5.229998683,54.77000132
69.51538398,39.00183537,-76.50000416,-0.1213210381,3,5.240004897,54.7599951
69.56557527,39.00183671,-76.50000437,-0.1213266571,3,5.25000008,54.74999992
69.61572684,39.00183805,-76.50000458,-0.121332211,3,5.260004494,54.73999551
69.66586971,39.00183939,-76.50000479,-0.1213377119,3,5.269999006,54.73000099
69.71599644,39.00184074,-76.500005,-0.1213431496,3,5.27999867,54.72000133
69.76614271,39.00184208,-76.50000521,-0.1213485334,3,5.289998546,54.71000145
69.81625122,39.00184342,-76.50000542,-0.1213538609,3,5.300008844,54.69999116
69.86641862,39.00184476,-76.50000563,-0.121359138,3,5.310004323,54.68999568
69.91658424,39.0018461,-76.50000584,-0.1213643522,3,5.32000111,54.67999889
69.96675716,39.00184744,-76.50000605,-0.1213695123,3,5.330013848,54.66998615
70.01692881,39.00184878,-76.50000626,-0.1213746266,3,5.339997895,54.6600021
70.06713639,39.00185013,-76.50000647,-0.1213796729,3,5.350011688,54.64998831
70.11731181,39.00185147,-76.50000668,-0.1213846812,3,5.360004788,54.63999521
70.16750915,39.00185281,-76.50000689,-0.1213896267,3,5.370006257,54.62999374
70.2177194,39.00185415,-76.5000071,-0.1213945246,3,5.380004836,54.61999516
70.26798851,39.00185549,-76.50000731,-0.1213993698,3,5.390008817,54.60999118
70.31807409,39.00185683,-76.50000752,-0.1214041669,3,5.400009519,54.59999048
70.3683809,39.00185817,-76.50000773,-0.1214089122,3,5.410007158,54.58999284
70.41858074,39.00185951,-76.50000794,-0.1214136063,3,5.420007266,54.57999273
70.46877026,39.00186086,-76.50000814,-0.1214182525,3,5.430008523,54.56999148
70.51898094,39.0018622,-76.50000835,-0.1214228504,3,5.440021826,54.55997817
70.56922649,39.00186354,-76.50000856,-0.1214274057,3,5.45000532,54.54999468
70.61943944,39.00186488,-76.50000877,-0.1214318999,3,5.46000203,54.53999797
70.66969287,39.00186622,-76.50000898,-0.121436353,3,5.470000744,54.52999926
70.71999129,39.00186831,-76.50000931,-0.1214407602,3,5.485600947,54.51439905
70.770163,39.0018689,-76.5000094,-0.1214475646,3,5.490012445,54.50998755
70.82028143,39.00187024,-76.50000961,-0.1214494573,3,5.500009194,54.49999081
70.87046077,39.00187158,-76.50000982,-0.1214537265,3,5.510000803,54.4899992
70.92062918,39.00187293,-76.50001003,-0.121457949,3,5.519999667,54.48000033
70.97079981,39.00187427,-76.50001024,-0.1214621302,3,5.530007822,54.46999218
71.02097516,39.00187561,-76.50001045,-0.1214662715,3,5.540005641,54.45999436
71.07114446,39.00187695,-76.50001066,-0.1214703652,3,5.55000727,54.44999273
71.12133048,39.00187829,-76.50001087,-0.1214744176,3,5.560005442,54.43999456
71.17153369,39.00187963,-76.50001108,-0.121478426,3,5.56999984,54.43000016
71.22169379,39.00188097,-76.50001129,-0.1214823911,3,5.579997202,54.4200028
71.27188799,39.00188231,-76.5000115,-0.1214863158,3,5.590000715,54.40999928
71.32206963,39.00188365,-76.50001171,-0.1214902019,3,5.599998813,54.40000119
71.37225681,39.001885,-76.50001192,-0.1214940451,3,5.609997165,54.39000283
71.42241961,39.00188634,-76.50001213,-0.1214978482,3,5.619998094,54.38000191
71.47258881,39.00188768,-76.50001234,-0.1215016125,3,5.629997898,54.3700021
71.52277377,39.00188902,-76.50001255,-0.1215053369,3,5.640011634,54.35998837
71.57292951,39.00189036,-76.50001276,-0.1215053369,3,5.649999878,54.35000012
71.62312526,39.0018917,-76.50001297,-0.1215127086,3,5.660007073,54.33999293
71.67330362,39.00189304,-76.50001318,-0.1215163194,3,5.669998961,54.33000104
71.72347725,39.00189439,-76.50001339,-0.1215198869,3,5.680007368,54.31999263
71.77364513,39.00189573,-76.5000136,-0.1215234231,3,5.689998639,54.31000136
71.82380903,39.00189707,-76.50001381,-0.1215269161,3,5.700006104,54.2999939
71.87397619,39.00189841,-76.50001402,-0.1215303782,3,5.709999898,54.2900001
71.92415495,39.00189975,-76.50001423,-0.1215337993,3,5.720001477,54.27999852
71.97440484,39.00190109,-76.50001444,-0.1215371873,3,5.730011267,54.26998873
72.02463045,39.00190243,-76.50001465,-0.1215405424,3,5.739997749,54.26000225
72.0748545,39.00190377,-76.50001486,-0.1215438547,3,5.75000082,54.24999918
72.12503461,39.00190511,-76.50001507,-0.1215471378,3,5.760006216,54.23999378
72.17520201,39.00190645,-76.50001528,-0.1215503873,3,5.769997888,54.23000211
72.22544019,39.0019078,-76.50001549,-0.1215535984,3,5.780000766,54.21999923
72.2756864,39.00190914,-76.5000157,-0.1215567793,3,5.790005578,54.20999442
72.32590738,39.00191182,-76.50001612,-0.1215630398,3,5.809999198,54.1900008
72.37613627,39.00191316,-76.50001633,-0.1215661206,3,5.820001453,54.17999855
72.42633334,39.0019145,-76.50001654,-0.1215691703,3,5.830005765,54.16999424
72.4765244,39.00191584,-76.50001675,-0.1215721886,3,5.840000119,54.15999988
72.52667564,39.00191719,-76.50001696,-0.1215751723,3,5.850013655,54.14998635
72.57683378,39.00191853,-76.50001717,-0.1215781305,3,5.860005841,54.13999416
72.6270364,39.00191987,-76.50001738,-0.1215810513,3,5.869998575,54.13000143
72.67725066,39.00192121,-76.50001759,-0.1215839419,3,5.880010802,54.1199892
72.72744403,39.00192255,-76.5000178,-0.1215868077,3,5.890005657,54.10999434
72.77764453,39.00192389,-76.50001801,-0.1215896385,3,5.900011355,54.09998865
72.8278209,39.00192523,-76.50001822,-0.1215924428,3,5.910004965,54.08999503
72.87799018,39.00192657,-76.50001843,-0.1215952143,3,5.920013194,54.07998681
72.92815792,39.00192791,-76.50001864,-0.1215979609,3,5.930004545,54.06999546
72.97842275,39.00192926,-76.50001885,-0.121600674,3,5.940008161,54.05999184
73.02857613,39.0019306,-76.50001906,-0.1216033621,3,5.950006636,54.04999336
73.07872807,39.00193194,-76.50001927,-0.1216060206,3,5.960012709,54.03998729
73.1288726,39.00193328,-76.50001948,-0.1216086534,3,5.970008953,54.02999105
73.17901974,39.00193462,-76.50001969,-0.1216112559,3,5.980004,54.019996
73.22915434,39.00193596,-76.5000199,-0.121613831,3,5.990009557,54.00999044
73.27929835,39.0019373,-76.50002011,-0.1216163817,3,6.000009481,53.99999052
73.3294991,39.00193865,-76.50002032,-0.1216189042,3,6.010009918,53.98999008
73.37969859,39.00193999,-76.50002053,-0.1216214006,3,6.020012108,53.97998789
73.42986969,39.00194133,-76.50002074,-0.1216238712,3,6.030007845,53.96999215
73.48004436,39.00194267,-76.50002095,-0.1216263144,3,6.040003789,53.95999621
73.53022447,39.00194401,-76.50002116,-0.1216287319,3,6.050008621,53.94999138
73.58037697,39.00194535,-76.50002137,-0.1216311264,3,6.060001983,53.93999802
73.63056471,39.00194669,-76.50002158,-0.1216334929,3,6.070008693,53.92999131
73.68072453,39.00194803,-76.50002179,-0.121635838,3,6.080014474,53.91998553
73.730884,39.00194937,-76.500022,-0.1216381581,3,6.090005253,53.90999475
73.78104509,39.00195072,-76.50002221,-0.1216404506,3,6.100011825,53.89998817
73.83121397,39.00195206,-76.50002242,-0.1216427227,3,6.11000133,53.88999867
73.8814026,39.0019534,-76.50002263,-0.1216449671,3,6.120002282,53.87999772
73.93160129,39.00195474,-76.50002284,-0.1216471906,3,6.130000141,53.86999986
73.98176208,39.00195608,-76.50002305,-0.1216493901,3,6.139999405,53.86000059
74.03196942,39.00195742,-76.50002326,-0.1216515669,3,6.150002982,53.84999702
74.08215711,39.00195876,-76.50002347,-0.1216537218,3,6.160001932,53.83999807
74.13233782,39.0019601,-76.50002368,-0.1216558532,3,6.170001156,53.82999884
74.18250079,39.00196144,-76.50002389,-0.1216579623,3,6.180000531,53.81999947
74.23270692,39.00196279,-76.5000241,-0.1216600493,3,6.190003229,53.80999677
74.28287443,39.00196413,-76.50002431,-0.1216621152,3,6.200008322,53.79999168
74.33307666,39.00196547,-76.50002452,-0.1216641599,3,6.210009479,53.78999052
74.38328987,39.00196681,-76.50002473,-0.1216661824,3,6.220002607,53.77999739
74.43348468,39.00196815,-76.50002494,-0.1216681822,3,6.230002687,53.76999731
74.48366818,39.00196949,-76.50002515,-0.1216701623,3,6.240000004,53.76
74.53385302,39.00197083,-76.50002536,-0.1216721212,3,6.250006919,53.74999308
74.58400849,39.00197217,-76.50002557,-0.1216740615,3,6.260002597,53.7399974
74.6342334,39.00197351,-76.50002578,-0.1216759793,3,6.270002044,53.72999796
74.68441458,39.00197486,-76.50002599,-0.1216778776,3,6.280000998,53.719999
74.73462683,39.0019762,-76.5000262,-0.121679756,3,6.290010711,53.70998929
74.78479588,39.00197754,-76.50002641,-0.1216816168,3,6.30000634,53.69999366
74.83497651,39.00197888,-76.50002662,-0.1216834555,3,6.310002629,53.68999737
74.88515176,39.00198022,-76.50002683,-0.121685275,3,6.320007617,53.67999238
74.93532668,39.00198156,-76.50002705,-0.1216870771,3,6.330007158,53.66999284
74.98548575,39.0019829,-76.50002726,-0.1216888593,3,6.339998277,53.66000172
75.03562972,39.00198424,-76.50002747,-0.1216906214,3,6.349998008,53.65000199
75.08578074,39.00198558,-76.50002768,-0.1216923665,3,6.35999998,53.64000002
75.13594205,39.00198693,-76.50002789,-0.1216940937,3,6.369999227,53.63000077
75.18609723,39.00198827,-76.5000281,-0.1216958024,3,6.380002374,53.61999763
75.23628583,39.00198961,-76.50002831,-0.1216974938,3,6.389998815,53.61000118
75.28647537,39.00199095,-76.50002852,-0.1216991664,3,6.400011818,53.59998818
75.33663155,39.00199229,-76.50002873,-0.1217008243,3,6.409999741,53.59000026
75.38683338,39.00199363,-76.50002894,-0.1217024606,3,6.420006258,53.57999374
75.43705818,39.00199497,-76.50002915,-0.1217040829,3,6.429999567,53.57000043
75.48729587,39.00199632,-76.50002936,-0.121705686,3,6.440007971,53.55999203
75.53746766,39.00199766,-76.50002957,-0.1217072747,3,6.449999177,53.55000082
75.58770468,39.001999,-76.50002978,-0.1217088442,3,6.460001957,53.53999804
75.63788056,39.00200034,-76.50002999,-0.1217103989,3,6.469998734,53.53000127
75.68808451,39.00200168,-76.5000302,-0.1217119365,3,6.480011978,53.51998802
75.73829743,39.00200302,-76.50003041,-0.1217134605,3,6.490000748,53.50999925
75.78845392,39.00200436,-76.50003062,-0.1217149648,3,6.499999639,53.50000036
75.83861912,39.0020057,-76.50003083,-0.1217164548,3,6.509997691,53.49000231
75.88877457,39.00200704,-76.50003104,-0.1217179293,3,6.51999828,53.48000172
75.93892527,39.00200838,-76.50003125,-0.1217193886,3,6.530000183,53.46999982
75.98909773,39.00200973,-76.50003146,-0.1217208328,3,6.54002652,53.45997348
76.03927558,39.00201107,-76.50003167,-0.1217222653,3,6.550004383,53.44999562
76.08944131,39.00201241,-76.50003188,-0.121723676,3,6.55999849,53.44000151
76.13961439,39.00201375,-76.50003209,-0.1217250741,3,6.570002926,53.42999707
76.18978375,39.00201509,-76.5000323,-0.1217264592,3,6.579999437,53.42000056
76.23994476,39.00201643,-76.50003251,-0.1217278286,3,6.589998283,53.41000172
76.290124,39.00201777,-76.50003272,-0.1217291839,3,6.600011138,53.39998886
76.34024976,39.00201911,-76.50003293,-0.121730527,3,6.61000606,53.38999394
76.39043324,39.00202046,-76.50003314,-0.1217318536,3,6.620009439,53.37999056
76.44063347,39.0020218,-76.50003335,-0.1217331675,3,6.63000962,53.36999038
76.4908074,39.00202314,-76.50003356,-0.1217344671,3,6.640010687,53.35998931
76.54099837,39.00202448,-76.50003377,-0.1217357532,3,6.650005826,53.34999417
76.5912923,39.00202582,-76.50003398,-0.1217370252,3,6.660003057,53.33999694
76.64146852,39.00202716,-76.50003419,-0.1217382841,3,6.670007759,53.32999224
76.69165015,39.0020285,-76.5000344,-0.1217395307,3,6.680007727,53.31999227
76.7418202,39.00202984,-76.50003461,-0.1217407637,3,6.690003149,53.30999685
76.79198444,39.00203118,-76.50003482,-0.1217419833,3,6.700000769,53.29999923
76.84214734,39.00203253,-76.50003503,-0.1217431903,3,6.710004985,53.28999502
76.89224809,39.00203387,-76.50003524,-0.1217443854,3,6.720008558,53.27999144
76.94240958,39.00203521,-76.50003546,-0.121745568,3,6.730013838,53.26998616
76.99258139,39.00203655,-76.50003567,-0.1217467384,3,6.7400141,53.2599859
77.04273855,39.00203789,-76.50003588,-0.1217478959,3,6.750006824,53.24999318
77.09290529,39.00203923,-76.50003609,-0.1217490405,3,6.760012913,53.23998709
77.14306246,39.00204057,-76.5000363,-0.1217501746,3,6.770006114,53.22999389
77.19323264,39.00204191,-76.50003651,-0.1217512954,3,6.780001616,53.21999838
77.24340507,39.00204326,-76.50003672,-0.1217524047,3,6.790009856,53.20999014
77.29358259,39.0020446,-76.50003693,-0.1217535037,3,6.800004033,53.19999597
77.34375245,39.00204594,-76.50003714,-0.1217545898,3,6.81000977,53.18999023
77.39393057,39.00204728,-76.50003735,-0.1217556656,3,6.820005624,53.17999438
77.44414319,39.00204862,-76.50003756,-0.1217567292,3,6.83000453,53.16999547
77.49437574,39.00204996,-76.50003777,-0.121757782,3,6.840006862,53.15999314
77.54454373,39.0020513,-76.50003798,-0.1217588241,3,6.850003111,53.14999689
77.59471916,39.00205264,-76.50003819,-0.1217598548,3,6.860008517,53.13999148
77.64488332,39.00205399,-76.5000384,-0.1217608754,3,6.870010112,53.12998989
77.69505788,39.00205533,-76.50003861,-0.1217618851,3,6.880001539,53.11999846
77.74527173,39.00205667,-76.50003882,-0.1217628831,3,6.890001835,53.10999817
77.79545021,39.00205801,-76.50003903,-0.1217638716,3,6.900000718,53.09999928
77.84562665,39.00205935,-76.50003924,-0.1217648496,3,6.910011568,53.08998843
77.89580523,39.00206069,-76.50003945,-0.1217658184,3,6.920006685,53.07999332
77.94597869,39.00206203,-76.50003966,-0.1217667757,3,6.930000098,53.0699999
77.99613491,39.00206337,-76.50003987,-0.1217677228,3,6.939998042,53.06000196
78.04634941,39.00206471,-76.50004008,-0.1217686604,3,6.950001968,53.04999803
78.09655866,39.00206605,-76.50004029,-0.1217695887,3,6.960000551,53.03999945
78.1467955,39.0020674,-76.5000405,-0.1217705067,3,6.970005261,53.02999474
78.19698505,39.00206874,-76.50004071,-0.1217714159,3,6.980008225,53.01999178
78.2472425,39.00207008,-76.50004092,-0.1217723152,3,6.990006964,53.00999304
78.29743986,39.00207142,-76.50004113,-0.1217732047,3,7.000003586,52.99999641
78.3476724,39.00207276,-76.50004134,-0.1217740848,3,7.010002819,52.98999718
78.3978576,39.0020741,-76.50004155,-0.1217749558,3,7.020006059,52.97999394
78.44805348,39.00207544,-76.50004177,-0.1217758182,3,7.03000989,52.96999011
78.49826623,39.00207678,-76.50004198,-0.1217766715,3,7.039999436,52.96000056
78.54845778,39.00207813,-76.50004219,-0.1217775146,3,7.05000137,52.94999863
78.59864762,39.00207947,-76.5000424,-0.1217783501,3,7.060011407,52.93998859
78.64884582,39.00208081,-76.50004261,-0.1217791774,3,7.070008729,52.92999127
78.69907565,39.00208215,-76.50004282,-0.121779995,3,7.080002705,52.91999729
78.74935614,39.00208349,-76.50004303,-0.1217808037,3,7.089998206,52.91000179
78.79960125,39.00208483,-76.50004324,-0.1217816042,3,7.100008341,52.89999166
78.84984507,39.00208617,-76.50004345,-0.1217823974,3,7.110000358,52.88999964
78.90008153,39.00208751,-76.50004366,-0.1217831808,3,7.120001247,52.87999875
78.95036854,39.00208885,-76.50004387,-0.1217839568,3,7.130000761,52.86999924
79.00060561,39.0020902,-76.50004408,-0.1217847245,3,7.139999841,52.86000016
79.05084429,39.00209154,-76.50004429,-0.1217854842,3,7.150000259,52.84999974
79.10104072,39.00209288,-76.5000445,-0.121786236,3,7.159995739,52.84000426
79.15125187,39.00209422,-76.50004471,-0.121786236,3,7.170002773,52.82999723
79.20143835,39.00209556,-76.50004492,-0.1217869795,3,7.180007857,52.81999214
79.25160421,39.0020969,-76.50004513,-0.1217884604,3,7.190004199,52.8099958
79.30181801,39.00209824,-76.50004534,-0.1217891808,3,7.200000749,52.79999925
79.35199917,39.00209958,-76.50004555,-0.1217898936,3,7.210002424,52.78999758
79.40218017,39.00210093,-76.50004576,-0.1217905993,3,7.220005424,52.77999458
79.4524146,39.00210227,-76.50004597,-0.1217912978,3,7.230004877,52.76999512
79.50265382,39.00210361,-76.50004618,-0.1217919886,3,7.240004625,52.75999537
79.5528469,39.00210495,-76.50004639,-0.1217926722,3,7.250000345,52.74999965
79.60301643,39.00210629,-76.5000466,-0.1217933485,3,7.260010875,52.73998913
79.65324523,39.00210763,-76.50004681,-0.1217940186,3,7.270006471,52.72999353
79.70345753,39.00210897,-76.50004702,-0.1217946807,3,7.280011026,52.71998897
79.75363483,39.00211031,-76.50004723,-0.1217953364,3,7.290003626,52.70999637
79.80380229,39.00211165,-76.50004744,-0.1217959845,3,7.300002384,52.69999762
79.85406573,39.002113,-76.50004766,-0.1217966262,3,7.310008843,52.68999116
79.90425938,39.00211434,-76.50004787,-0.1217972617,3,7.320006768,52.67999323
79.95443897,39.00211568,-76.50004808,-0.1217978901,3,7.329998946,52.67000105
80.00464561,39.00211702,-76.50004829,-0.1217985113,3,7.340008342,52.65999166
80.0548238,39.00211836,-76.5000485,-0.1217991274,3,7.350007437,52.64999256
80.1049984,39.0021197,-76.50004871,-0.1217997362,3,7.360004671,52.63999533
80.15525774,39.00212104,-76.50004892,-0.1218003385,3,7.370010126,52.62998987
80.20543756,39.00212238,-76.50004913,-0.1218009351,3,7.38001252,52.61998748
80.25562295,39.00212373,-76.50004934,-0.1218015252,3,7.390008892,52.60999111
80.30589956,39.00212507,-76.50004955,-0.1218021088,3,7.40000811,52.59999189
80.35626817,39.00212641,-76.50004976,-0.1218026864,3,7.410008777,52.58999122
80.40649873,39.00212775,-76.50004997,-0.121803258,3,7.42001339,52.57998661
80.45669901,39.00212909,-76.50005018,-0.121803824,3,7.430006197,52.5699938
80.50687977,39.00213043,-76.50005039,-0.1218043833,3,7.440004486,52.55999551
80.55707094,39.00213177,-76.5000506,-0.1218049371,3,7.450002576,52.54999742
80.60726556,39.00213311,-76.50005081,-0.121805485,3,7.460001879,52.53999812
80.65744804,39.00213445,-76.50005102,-0.1218060273,3,7.470006373,52.52999363
80.70765214,39.00213579,-76.50005123,-0.1218065641,3,7.480000354,52.51999965
80.75793844,39.00213714,-76.50005144,-0.1218070949,3,7.489997849,52.51000215
80.80812303,39.00213848,-76.50005165,-0.1218076202,3,7.500002601,52.4999974
80.85829818,39.00213982,-76.50005186,-0.1218081405,3,7.509999197,52.4900008
80.90851899,39.00214116,-76.50005207,-0.1218086548,3,7.520007452,52.47999255
80.95871623,39.0021425,-76.50005228,-0.1218091643,3,7.530000364,52.46999964
81.00892885,39.00214384,-76.50005249,-0.1218096678,3,7.539999708,52.46000029
81.05918611,39.00214518,-76.5000527,-0.1218101662,3,7.549998633,52.45000137
81.10942136,39.00214652,-76.50005292,-0.1218106594,3,7.560003118,52.43999688
81.15966326,39.00214786,-76.50005313,-0.1218111478,3,7.569998561,52.43000144
81.20984186,39.00214921,-76.50005334,-0.1218116306,3,7.579998607,52.42000139
81.26008897,39.00215055,-76.50005355,-0.1218121086,3,7.589999612,52.41000039
81.31035605,39.00215189,-76.50005376,-0.1218125816,3,7.599997849,52.40000215
81.3605448,39.00215323,-76.50005397,-0.1218130495,3,7.610007028,52.38999297
81.41070604,39.00215457,-76.50005418,-0.121813513,3,7.619998332,52.38000167
81.46087269,39.00215591,-76.50005439,-0.1218139709,3,7.630012432,52.36998757
81.51103596,39.00215725,-76.5000546,-0.121814425,3,7.640007401,52.3599926
81.56125849,39.00215859,-76.50005481,-0.1218148735,3,7.650005301,52.3499947
81.61148131,39.00215994,-76.50005502,-0.1218153174,3,7.660001932,52.33999807
81.66168285,39.00216128,-76.50005523,-0.1218157566,3,7.669999945,52.33000005
81.71186203,39.00216262,-76.50005544,-0.1218161912,3,7.680000249,52.31999975
81.76201366,39.00216396,-76.50005565,-0.1218166214,3,7.68999816,52.31000184
81.81226005,39.0021653,-76.50005586,-0.1218170471,3,7.699998303,52.3000017
81.86246628,39.00216664,-76.50005607,-0.1218174683,3,7.709997817,52.29000218
81.9126912,39.00216798,-76.50005628,-0.1218178852,3,7.720000614,52.27999939
81.96287286,39.00216932,-76.50005649,-0.1218182977,3,7.730000508,52.26999949
82.01309765,39.00217067,-76.5000567,-0.1218187059,3,7.740011999,52.259988
82.06332591,39.00217201,-76.50005691,-0.1218191102,3,7.750011668,52.24998833
82.11348407,39.00217335,-76.50005712,-0.1218195099,3,7.760008732,52.23999127
82.16368032,39.00217469,-76.50005733,-0.1218199051,3,7.770010401,52.2299896
82.21384285,39.00217603,-76.50005754,-0.1218202965,3,7.780003517,52.21999648
82.26400054,39.00217737,-76.50005776,-0.1218206835,3,7.79001419,52.20998581
82.31414676,39.00217871,-76.50005797,-0.1218210671,3,7.800009504,52.1999905
82.36424381,39.00218005,-76.50005818,-0.121821446,3,7.81000309,52.18999691
82.41439503,39.0021814,-76.50005839,-0.1218218209,3,7.820009949,52.17999005
82.4645395,39.00218274,-76.5000586,-0.1218221925,3,7.830010553,52.16998945
82.51470514,39.00218408,-76.50005881,-0.1218225598,3,7.8400063,52.1599937
82.56486749,39.00218542,-76.50005902,-0.1218229232,3,7.850011736,52.14998826
82.61507912,39.00218676,-76.50005923,-0.1218232831,3,7.860010319,52.13998968
82.66527432,39.0021881,-76.50005944,-0.121823639,3,7.870008202,52.1299918
82.71550438,39.00218944,-76.50005965,-0.1218239911,3,7.880010475,52.11998953
82.76566628,39.00219078,-76.50005986,-0.1218243397,3,7.890005278,52.10999472
82.81589182,39.00219212,-76.50006007,-0.1218246844,3,7.900014643,52.09998536
82.86607398,39.00219346,-76.50006028,-0.1218250261,3,7.910006467,52.08999353
82.91625082,39.00219481,-76.50006049,-0.1218253635,3,7.920009542,52.07999046
82.96640136,39.00219615,-76.5000607,-0.1218256977,3,7.930009112,52.06999089
83.01654621,39.00219749,-76.50006091,-0.1218260283,3,7.939997293,52.06000271
83.06668947,39.00219883,-76.50006112,-0.1218263551,3,7.950000474,52.04999953
83.11684258,39.00220017,-76.50006133,-0.121826679,3,7.960011803,52.0399882
83.16701511,39.00220151,-76.50006154,-0.1218269998,3,7.969998834,52.03000117
83.21719346,39.00220285,-76.50006175,-0.1218273163,3,7.980006746,52.01999325
83.26736368,39.00220419,-76.50006196,-0.1218276303,3,7.990001336,52.00999866
83.31753225,39.00220554,-76.50006217,-0.1218279406,3,8.000020809,51.99997919
83.3677222,39.00220688,-76.50006238,-0.1218282483,3,8.009998502,51.9900015
83.41791538,39.00220822,-76.50006259,-0.1218285516,3,8.020006334,51.97999367
83.46810072,39.00220956,-76.50006281,-0.1218288526,3,8.030001209,51.96999879
83.51840073,39.0022109,-76.50006302,-0.12182915,3,8.039998013,51.96000199
83.56856063,39.00221224,-76.50006323,-0.1218294445,3,8.049999454,51.95000055
83.61872101,39.00221358,-76.50006344,-0.1218297359,3,8.059999957,51.94000004
83.66889504,39.00221492,-76.50006365,-0.1218300243,3,8.07000268,51.92999732
83.71906107,39.00221627,-76.50006386,-0.1218303097,3,8.08001229,51.91998771
83.76922296,39.00221761,-76.50006407,-0.1218305923,3,8.090013216,51.90998678
83.81938047,39.00221895,-76.50006428,-0.1218308718,3,8.10000868,51.89999132
83.86952631,39.00222029,-76.50006449,-0.1218311482,3,8.110010589,51.88998941
83.91969111,39.00222163,-76.5000647,-0.1218314218,3,8.11999957,51.88000043
83.96990976,39.00222297,-76.50006491,-0.1218316922,3,8.130000899,51.8699991
84.02008992,39.00222431,-76.50006512,-0.1218319601,3,8.140008751,51.85999125
84.07028303,39.00222565,-76.50006533,-0.1218322253,3,8.150007407,51.84999259
84.12045553,39.00222699,-76.50006554,-0.1218324877,3,8.160006868,51.83999313
84.17067417,39.00222833,-76.50006575,-0.1218327472,3,8.169999626,51.83000037
84.2208481,39.00222968,-76.50006596,-0.1218330038,3,8.180000748,51.81999925
84.27103039,39.00223102,-76.50006617,-0.1218332579,3,8.189997934,51.81000207
84.3212213,39.00223236,-76.50006638,-0.1218335094,3,8.200003425,51.79999658
84.37143322,39.0022337,-76.50006659,-0.1218337583,3,8.210001348,51.78999865
84.42164299,39.00223504,-76.5000668,-0.1218340046,3,8.219999479,51.78000052
84.47180695,39.00223638,-76.50006701,-0.1218342481,3,8.229998122,51.77000188
84.52195437,39.00223772,-76.50006722,-0.1218344892,3,8.24000291,51.75999709
84.57218286,39.00223906,-76.50006744,-0.1218347279,3,8.249998933,51.75000107
84.6224164,39.0022404,-76.50006765,-0.121834964,3,8.260002763,51.73999724
84.67257618,39.00224175,-76.50006786,-0.1218351977,3,8.270003181,51.72999682
84.72275079,39.00224309,-76.50006807,-0.1218354289,3,8.279999722,51.72000028
84.7728992,39.00224443,-76.50006828,-0.1218356575,3,8.289998098,51.7100019
84.82306645,39.00224577,-76.50006849,-0.1218358838,3,8.299998822,51.70000118
84.87325509,39.00224711,-76.5000687,-0.1218361078,3,8.310001257,51.68999874
84.92342162,39.00224845,-76.50006891,-0.1218363295,3,8.319998511,51.68000149
84.97357863,39.00224979,-76.50006912,-0.1218365488,3,8.330012463,51.66998754
85.02373788,39.00225113,-76.50006933,-0.1218367661,3,8.340007049,51.65999295
85.07388909,39.00225247,-76.50006954,-0.1218369807,3,8.349998264,51.65000174
85.12404317,39.00225382,-76.50006975,-0.121837193,3,8.360006147,51.63999385
85.17430368,39.00225516,-76.50006996,-0.1218374034,3,8.370003158,51.62999684
85.22447959,39.0022565,-76.50007017,-0.1218376115,3,8.380005841,51.61999416
85.27464977,39.00225784,-76.50007038,-0.1218378174,3,8.389999258,51.61000074
85.32481397,39.00225918,-76.50007059,-0.121838021,3,8.399998293,51.60000171
85.37498399,39.00226052,-76.5000708,-0.1218382227,3,8.41000276,51.58999724
85.42515056,39.00226186,-76.50007101,-0.1218384222,3,8.420001325,51.57999868
85.4753242,39.0022632,-76.50007122,-0.1218386195,3,8.430003049,51.56999695
85.52549239,39.00226454,-76.50007143,-0.121838815,3,8.440000645,51.55999936
85.57572085,39.00226589,-76.50007164,-0.1218390082,3,8.450001964,51.54999804
85.62591868,39.00226857,-76.50007207,-0.1218393887,3,8.469998702,51.5300013
85.676138,39.00226991,-76.50007228,-0.1218395759,3,8.480009467,51.51999053
85.72633624,39.00227125,-76.50007249,-0.1218397615,3,8.489999053,51.51000095
85.77648882,39.00227259,-76.5000727,-0.1218399446,3,8.500013168,51.49998683
85.82663244,39.00227393,-76.50007291,-0.1218401264,3,8.510010854,51.48998915
85.87679636,39.00227527,-76.50007312,-0.1218403059,3,8.520005541,51.47999446
85.92697126,39.00227662,-76.50007333,-0.1218404835,3,8.529999782,51.47000022
85.97713508,39.00227796,-76.50007354,-0.1218406592,3,8.540002143,51.45999786
86.02731032,39.0022793,-76.50007375,-0.1218408332,3,8.550008081,51.44999192
86.07747062,39.00228064,-76.50007396,-0.1218410055,3,8.559999843,51.44000016
86.12766514,39.00228198,-76.50007417,-0.1218411757,3,8.570003245,51.42999676
86.17781994,39.00228332,-76.50007438,-0.1218413443,3,8.580006145,51.41999385
86.22804134,39.00228466,-76.50007459,-0.1218415112,3,8.590007227,51.40999277
86.27824106,39.002286,-76.5000748,-0.1218416762,3,8.600003784,51.39999622
86.32839962,39.00228734,-76.50007501,-0.1218418395,3,8.609999528,51.39000047
86.37856075,39.00228869,-76.50007522,-0.1218420011,3,8.620000428,51.37999957
86.42870253,39.00229003,-76.50007543,-0.121842161,3,8.629999591,51.37000041
86.47892223,39.00229137,-76.50007564,-0.1218423193,3,8.640009147,51.35999085
86.52909351,39.00229271,-76.50007585,-0.121842476,3,8.650000375,51.34999963
86.57927495,39.00229405,-76.50007606,-0.1218426308,3,8.659999402,51.3400006
86.62944363,39.00229539,-76.50007627,-0.1218426308,3,8.670012214,51.32998779
86.67966788,39.00229674,-76.50007649,-0.1218427841,3,8.680031965,51.31996804
86.72982212,39.00229807,-76.5000767,-0.1218430897,3,8.69000381,51.30999619
86.78000278,39.00229942,-76.50007691,-0.1218432377,3,8.700007982,51.29999202
86.83017778,39.00230076,-76.50007712,-0.1218433848,3,8.710008767,51.28999123
86.88031888,39.0023021,-76.50007733,-0.1218435302,3,8.720007284,51.27999272
86.93044828,39.00230344,-76.50007754,-0.1218436742,3,8.730010724,51.26998928
86.9805744,39.00230478,-76.50007775,-0.1218438165,3,8.740008932,51.25999107
87.03076603,39.00230612,-76.50007796,-0.1218439575,3,8.749997447,51.25000255
87.08092329,39.00230746,-76.50007817,-0.1218440968,3,8.76000606,51.23999394
87.13108158,39.0023088,-76.50007838,-0.1218442349,3,8.769999149,51.23000085
87.18124387,39.00231014,-76.50007859,-0.1218443713,3,8.78000357,51.21999643
87.23142006,39.00231148,-76.5000788,-0.1218445064,3,8.789998114,51.21000189
87.2815911,39.00231283,-76.50007901,-0.1218446401,3,8.80001193,51.19998807
87.33176106,39.00231417,-76.50007922,-0.1218447725,3,8.810002312,51.18999769
87.38191905,39.00231551,-76.50007943,-0.1218449033,3,8.820004914,51.17999509
87.43218609,39.00231685,-76.50007964,-0.1218450329,3,8.830001438,51.16999856
87.48238118,39.00231819,-76.50007985,-0.121845161,3,8.840013101,51.1599869
87.53253933,39.00231953,-76.50008006,-0.121845288,3,8.850002226,51.14999777
87.58270362,39.00232087,-76.50008027,-0.1218454134,3,8.860006102,51.1399939
87.632866,39.00232221,-76.50008048,-0.1218455376,3,8.870002492,51.12999751
87.6830345,39.00232356,-76.50008069,-0.1218456605,3,8.880002089,51.11999791
87.73319593,39.0023249,-76.5000809,-0.121845782,3,8.89000013,51.10999987
87.78336017,39.00232624,-76.50008112,-0.1218459023,3,8.900001902,51.0999981
87.8335234,39.00232758,-76.50008133,-0.1218460215,3,8.909999584,51.09000042
87.88376261,39.00232892,-76.50008154,-0.1218461392,3,8.920004592,51.07999541
87.93397037,39.00233026,-76.50008175,-0.1218462559,3,8.930001179,51.06999882
87.98425964,39.0023316,-76.50008196,-0.1218463712,3,8.939999608,51.06000039
88.03450872,39.00233294,-76.50008217,-0.1218464854,3,8.949999019,51.05000098
88.0846756,39.00233429,-76.50008238,-0.1218465982,3,8.960010031,51.03998997
88.13485761,39.00233563,-76.50008259,-0.1218467102,3,8.970000857,51.02999914
88.1850889,39.00233697,-76.5000828,-0.1218468207,3,8.979998229,51.02000177
88.23530652,39.00233831,-76.50008301,-0.1218469302,3,8.990002605,51.00999739
88.28553429,39.00233965,-76.50008322,-0.1218470385,3,9.000004259,50.99999574
88.33575725,39.00234099,-76.50008343,-0.1218471456,3,9.009998665,50.99000133
88.38598256,39.00234233,-76.50008364,-0.1218472517,3,9.020006511,50.97999349
88.43619014,39.00234367,-76.50008385,-0.1218473568,3,9.029997867,50.97000213
88.48643793,39.00234501,-76.50008406,-0.1218474604,3,9.040005052,50.95999495
88.5366251,39.00234635,-76.50008427,-0.1218475633,3,9.050001411,50.94999859
88.58681196,39.0023477,-76.50008448,-0.1218476649,3,9.060007268,50.93999273
88.63697486,39.00234904,-76.50008469,-0.1218477656,3,9.070008036,50.92999196
88.68716538,39.00235038,-76.5000849,-0.1218478652,3,9.080008841,50.91999116
88.73737629,39.00235172,-76.50008511,-0.1218479637,3,9.090007217,50.90999278
88.78756247,39.00235306,-76.50008532,-0.1218480611,3,9.100007158,50.89999284
88.83780202,39.0023544,-76.50008554,-0.1218481576,3,9.110006317,50.88999368
88.88800134,39.00235574,-76.50008575,-0.121848253,3,9.120009889,50.87999011
88.93816844,39.00235709,-76.50008596,-0.1218483476,3,9.130017593,50.86998241
88.9882827,39.00235843,-76.50008617,-0.1218484411,3,9.140006532,50.85999347
89.03846084,39.00235977,-76.50008638,-0.1218485334,3,9.150001103,50.8499989
89.08862509,39.00236111,-76.50008659,-0.1218486249,3,9.160001935,50.83999806
89.13883854,39.00236245,-76.5000868,-0.1218487155,3,9.170006564,50.82999344
89.18906201,39.00236379,-76.50008701,-0.1218488052,3,9.180006258,50.81999374
89.23928845,39.00236513,-76.50008722,-0.1218488938,3,9.190009036,50.80999096
89.28945398,39.00236647,-76.50008743,-0.1218489816,3,9.200005709,50.79999429
89.33966267,39.00236781,-76.50008764,-0.1218490684,3,9.209999579,50.79000042
89.38983119,39.00236915,-76.50008785,-0.1218491543,3,9.220002391,50.77999761
89.44014143,39.0023705,-76.50008806,-0.1218492393,3,9.23000219,50.76999781
89.49042457,39.00237184,-76.50008827,-0.1218493234,3,9.240011604,50.7599884
89.54070901,39.00237318,-76.50008848,-0.1218494067,3,9.2500097,50.7499903
89.59086933,39.00237452,-76.50008869,-0.1218494891,3,9.260002526,50.73999747
89.64106695,39.00237586,-76.5000889,-0.1218495706,3,9.269999336,50.73000066
89.69128184,39.0023772,-76.50008911,-0.1218496511,3,9.280004309,50.71999569
89.74144102,39.00237854,-76.50008932,-0.121849731,3,9.290000326,50.70999967
89.79168046,39.00237988,-76.50008953,-0.12184981,3,9.299999448,50.70000055
89.84189091,39.00238123,-76.50008974,-0.1218498881,3,9.310004451,50.68999555
89.89206454,39.00238257,-76.50008996,-0.1218499655,3,9.320003515,50.67999648
89.94224,39.00238391,-76.50009017,-0.121850042,3,9.33000926,50.66999074
89.99246563,39.00238525,-76.50009038,-0.1218501178,3,9.340007667,50.65999233
90.04268962,39.00238659,-76.50009059,-0.1218501927,3,9.350002286,50.64999771
90.09294637,39.00238793,-76.5000908,-0.1218502668,3,9.360010733,50.63998927
90.14314379,39.00238927,-76.50009101,-0.1218503402,3,9.370000195,50.6299998
90.19337631,39.00239061,-76.50009122,-0.1218504128,3,9.380007693,50.61999231
90.24357931,39.00239195,-76.50009143,-0.1218504846,3,9.390000457,50.60999954
90.29377666,39.0023933,-76.50009164,-0.1218505557,3,9.400001887,50.59999811
90.34401477,39.00239464,-76.50009185,-0.1218506261,3,9.410005409,50.58999459
90.39423381,39.00239598,-76.50009206,-0.1218506956,3,9.420011865,50.57998814
90.44442717,39.00239732,-76.50009227,-0.1218507646,3,9.430017957,50.56998204
90.49460094,39.00239866,-76.50009248,-0.1218508327,3,9.440008256,50.55999174
90.54477106,39.0024,-76.50009269,-0.1218509001,3,9.450004409,50.54999559
90.59496841,39.00240134,-76.5000929,-0.1218509669,3,9.460011481,50.53998852
90.64514242,39.00240268,-76.50009311,-0.1218510329,3,9.470013237,50.52998676
90.6953444,39.00240403,-76.50009332,-0.1218510983,3,9.480009612,50.51999039
90.74551629,39.00240537,-76.50009353,-0.1218511629,3,9.490010888,50.50998911
90.79568246,39.00240671,-76.50009374,-0.1218512269,3,9.500012026,50.49998797
90.84587462,39.00240805,-76.50009395,-0.1218512903,3,9.510002635,50.48999737
90.89610184,39.00240939,-76.50009416,-0.1218513528,3,9.520007736,50.47999226
90.94640068,39.00241073,-76.50009438,-0.1218514148,3,9.529998822,50.47000118
90.99655847,39.00241207,-76.50009459,-0.1218514762,3,9.539996612,50.46000339
91.04681449,39.00241341,-76.5000948,-0.1218515368,3,9.550001835,50.44999817
91.09701764,39.00241475,-76.50009501,-0.1218515969,3,9.559999423,50.44000058
91.14719308,39.00241609,-76.50009522,-0.1218516563,3,9.570000021,50.42999998
91.197374,39.00241744,-76.50009543,-0.1218517152,3,9.58000323,50.41999677
91.2475859,39.00241878,-76.50009564,-0.1218517734,3,9.590000915,50.40999909
91.29776377,39.00242012,-76.50009585,-0.1218518309,3,9.600002153,50.39999785
91.34793781,39.00242146,-76.50009606,-0.121851888,3,9.610000653,50.38999935
91.39814629,39.0024228,-76.50009627,-0.1218519444,3,9.620013271,50.37998673
91.44841403,39.00242414,-76.50009648,-0.1218520002,3,9.630002518,50.36999748
91.49863516,39.00242548,-76.50009669,-0.1218520554,3,9.640006708,50.35999329
91.54883622,39.00242682,-76.5000969,-0.12185211,3,9.650001985,50.34999802
91.59904554,39.00242817,-76.50009711,-0.121852164,3,9.66002883,50.33997117
91.64925022,39.00242951,-76.50009732,-0.1218522177,3,9.669998373,50.33000163
91.69944876,39.00243085,-76.50009753,-0.1218522705,3,9.680000801,50.3199992
91.74964843,39.00243219,-76.50009774,-0.1218523228,3,9.690003348,50.30999665
91.79987166,39.00243353,-76.50009795,-0.1218523747,3,9.700001942,50.29999806
91.85006955,39.00243487,-76.50009816,-0.121852426,3,9.709999828,50.29000017
91.90035973,39.00243621,-76.50009837,-0.1218524767,3,9.720001005,50.279999
91.95059051,39.00243755,-76.50009859,-0.121852527,3,9.73000774,50.26999226
92.00082077,39.00243889,-76.5000988,-0.1218525767,3,9.740004851,50.25999515
92.05104718,39.00244023,-76.50009901,-0.1218526259,3,9.750000428,50.24999957
92.10132246,39.00244158,-76.50009922,-0.1218526745,3,9.760013357,50.23998664
92.15154505,39.00244292,-76.50009943,-0.1218527228,3,9.770000345,50.22999966
92.20176916,39.00244426,-76.50009964,-0.1218527703,3,9.780007356,50.21999264
92.25197284,39.0024456,-76.50009985,-0.1218528174,3,9.790001472,50.20999853
92.30214836,39.00244694,-76.50010006,-0.1218528641,3,9.800003204,50.1999968
92.35233246,39.00244828,-76.50010027,-0.1218529103,3,9.810000794,50.18999921
92.40256483,39.00244962,-76.50010048,-0.1218529559,3,9.820005925,50.17999407
92.45278576,39.00245097,-76.50010069,-0.1218530011,3,9.830011615,50.16998839
92.50303963,39.00245231,-76.5001009,-0.1218530459,3,9.84000422,50.15999578
92.55328139,39.00245365,-76.50010111,-0.1218530901,3,9.850001345,50.14999866
92.60350806,39.00245499,-76.50010132,-0.1218531339,3,9.860004897,50.1399951
92.65375985,39.00245633,-76.50010153,-0.1218531773,3,9.870001464,50.12999854
92.7039748,39.00245767,-76.50010174,-0.1218532202,3,9.879999621,50.12000038
92.75422766,39.00245901,-76.50010195,-0.1218532626,3,9.889999155,50.11000084
92.80442968,39.00246035,-76.50010216,-0.1218533046,3,9.900012077,50.09998792
92.85462716,39.00246169,-76.50010237,-0.1218533462,3,9.90999985,50.09000015
92.90488293,39.00246303,-76.50010258,-0.1218533873,3,9.920002071,50.07999793
92.95514406,39.00246438,-76.50010279,-0.121853428,3,9.930000879,50.06999912
93.00533317,39.00246572,-76.50010301,-0.1218534683,3,9.940001964,50.05999804
93.05552936,39.00246706,-76.50010322,-0.1218535081,3,9.950004913,50.04999509
93.10574841,39.0024684,-76.50010343,-0.1218535475,3,9.960013428,50.03998657
93.15596341,39.00246974,-76.50010364,-0.1218535865,3,9.970012495,50.0299875
93.20614833,39.00247108,-76.50010385,-0.1218536251,3,9.98000687,50.01999313
93.25628754,39.00247242,-76.50010406,-0.1218536633,3,9.990000001,50.01
93.30649184,39.00247376,-76.50010427,-0.1218537012,3,10.00000516,49.99999484
93.35665579,39.00247511,-76.50010448,-0.1218537385,3,10.01000453,49.98999547
93.40683227,39.00247645,-76.50010469,-0.1218537755,3,10.02001415,49.97998585
93.45706539,39.00247779,-76.5001049,-0.1218538122,3,10.03000028,49.96999972
93.50733083,39.00247913,-76.50010511,-0.1218538484,3,10.04000432,49.95999568
93.55754383,39.00248047,-76.50010532,-0.1218538842,3,10.04999965,49.95000035
93.6077174,39.00248181,-76.50010553,-0.1218539197,3,10.06000853,49.93999147
93.65786538,39.00248315,-76.50010574,-0.1218539549,3,10.07000072,49.92999928
93.70803839,39.00248449,-76.50010595,-0.1218539896,3,10.08000436,49.91999564
93.75825615,39.00248583,-76.50010616,-0.121854024,3,10.09000891,49.90999109
93.8085082,39.00248718,-76.50010637,-0.121854058,3,10.10000697,49.89999303
93.85875392,39.00248852,-76.50010658,-0.1218540917,3,10.10999881,49.89000119
93.90897453,39.00248986,-76.50010679,-0.121854125,3,10.1199994,49.8800006
93.95923652,39.0024912,-76.500107,-0.1218541579,3,10.13000144,49.86999856
94.00937201,39.00249254,-76.50010721,-0.1218541906,3,10.14000352,49.85999648
94.05951177,39.00249388,-76.50010743,-0.1218542228,3,10.15000244,49.84999756
94.10964893,39.00249522,-76.50010764,-0.1218542547,3,10.15999786,49.84000214
94.15979228,39.00249656,-76.50010785,-0.1218542863,3,10.16999833,49.83000167
94.20993592,39.0024979,-76.50010806,-0.1218543177,3,10.17999941,49.82000059
94.26008991,39.00249924,-76.50010827,-0.1218543486,3,10.18999675,49.81000325
94.31027,39.00250059,-76.50010848,-0.1218543486,3,10.20001184,49.79998816
94.36042033,39.00250193,-76.50010869,-0.1218543792,3,10.20999782,49.79000218
94.41056073,39.00250327,-76.5001089,-0.1218544401,3,10.21999995,49.78000005
94.46069568,39.00250461,-76.50010911,-0.1218544698,3,10.23000142,49.76999858
94.51094077,39.00250595,-76.50010932,-0.1218544991,3,10.24001107,49.75998893
94.56112812,39.00250729,-76.50010953,-0.1218545282,3,10.25000094,49.74999906
94.61129926,39.00250863,-76.50010974,-0.1218545569,3,10.26001006,49.73998994
94.66148298,39.00250997,-76.50010995,-0.1218545854,3,10.27000003,49.72999997
94.71165947,39.00251132,-76.50011016,-0.1218546135,3,10.28000959,49.71999041
94.76184142,39.00251266,-76.50011037,-0.1218546414,3,10.2900158,49.7099842
94.81199399,39.002514,-76.50011058,-0.1218546689,3,10.30000487,49.69999513
94.86215046,39.00251534,-76.50011079,-0.1218546962,3,10.3099994,49.6900006
94.91228326,39.00251668,-76.500111,-0.1218547231,3,10.32002319,49.67997681
94.96246207,39.00251802,-76.50011121,-0.1218547499,3,10.33000749,49.66999251
95.01261597,39.00251936,-76.50011142,-0.1218547763,3,10.34000375,49.65999625
95.06278186,39.0025207,-76.50011164,-0.1218548024,3,10.35001143,49.64998857
95.11297175,39.00252205,-76.50011185,-0.1218548283,3,10.36000752,49.63999248
95.16314131,39.00252339,-76.50011206,-0.1218548539,3,10.36999723,49.63000277
95.21337014,39.00252473,-76.50011227,-0.1218548792,3,10.38000016,49.61999984
95.26352487,39.00252607,-76.50011248,-0.1218549043,3,10.39001002,49.60998998
95.31374382,39.00252741,-76.50011269,-0.1218549291,3,10.40000329,49.59999671
95.36395807,39.00252875,-76.5001129,-0.1218549536,3,10.41000194,49.58999806
95.41415503,39.00253009,-76.50011311,-0.1218549779,3,10.42001105,49.57998895
95.46436685,39.00253143,-76.50011332,-0.121855002,3,10.43001236,49.56998764
95.51460432,39.00253277,-76.50011353,-0.1218550257,3,10.44000704,49.55999296
95.56478204,39.00253412,-76.50011374,-0.1218550492,3,10.45001067,49.54998933
95.61500358,39.00253546,-76.50011395,-0.1218550726,3,10.46000605,49.53999395
95.66516484,39.0025368,-76.50011416,-0.1218550956,3,10.47000256,49.52999744
95.71540224,39.00253814,-76.50011437,-0.1218551184,3,10.48001735,49.51998265
95.76556838,39.00253948,-76.50011458,-0.121855141,3,10.49000884,49.50999116
95.81576995,39.00254082,-76.50011479,-0.1218551632,3,10.50001021,49.49998979
95.86594082,39.00254216,-76.500115,-0.1218551854,3,10.50999966,49.49000034
95.91618573,39.0025435,-76.50011521,-0.1218552072,3,10.52000035,49.47999965
95.96640648,39.00254484,-76.50011542,-0.1218552288,3,10.53000049,49.46999951
96.01656278,39.00254619,-76.50011563,-0.1218552502,3,10.54000285,49.45999715
96.0667245,39.00254753,-76.50011585,-0.1218552714,3,10.55001215,49.44998785
96.11688369,39.00254887,-76.50011606,-0.1218552924,3,10.56000089,49.4399991
96.16705776,39.00255021,-76.50011627,-0.1218553131,3,10.56999976,49.43000024
96.21724706,39.00255155,-76.50011648,-0.1218553336,3,10.58000295,49.41999705
96.26742663,39.00255289,-76.50011669,-0.1218553539,3,10.59000122,49.40999878
96.31762183,39.00255423,-76.5001169,-0.121855374,3,10.60000091,49.39999909
96.36779338,39.00255557,-76.50011711,-0.1218553939,3,10.61000544,49.38999456
96.41799956,39.00255691,-76.50011732,-0.1218554135,3,10.6200029,49.3799971
96.46817744,39.00255826,-76.50011753,-0.121855433,3,10.63000174,49.36999826
96.51843081,39.0025596,-76.50011774,-0.1218554523,3,10.64000032,49.35999968
96.56858802,39.00256094,-76.50011795,-0.1218554714,3,10.64999842,49.35000158
96.61877139,39.00256228,-76.50011816,-0.1218554903,3,10.66000058,49.33999942
96.66893463,39.00256362,-76.50011837,-0.1218555089,3,10.67000078,49.32999922
96.71909538,39.00256496,-76.50011858,-0.1218555274,3,10.68000291,49.31999709
96.76930802,39.0025663,-76.50011879,-0.1218555457,3,10.68999644,49.31000356
96.81948322,39.00256765,-76.500119,-0.1218555637,3,10.70001399,49.29998601
96.86966289,39.00256899,-76.50011921,-0.1218555817,3,10.71003225,49.28996775
96.91991061,39.00257033,-76.50011942,-0.1218555994,3,10.72000123,49.27999877
96.97015856,39.00257167,-76.50011963,-0.1218556169,3,10.72999993,49.27000007
97.0203262,39.00257301,-76.50011984,-0.1218556342,3,10.74000527,49.25999473
97.07048227,39.00257435,-76.50012005,-0.1218556513,3,10.74999723,49.25000277
97.1206327,39.00257569,-76.50012027,-0.1218556683,3,10.76000817,49.23999183
97.17082885,39.00257703,-76.50012048,-0.1218556851,3,10.76999831,49.23000169
97.22098555,39.00257837,-76.50012069,-0.1218557018,3,10.780001,49.219999
97.27120457,39.00257971,-76.5001209,-0.1218557182,3,10.78999933,49.21000067
97.32136866,39.00258105,-76.50012111,-0.1218557345,3,10.79999848,49.20000152
97.37156163,39.0025824,-76.50012132,-0.1218557506,3,10.81000089,49.18999911
97.42175345,39.00258374,-76.50012153,-0.1218557665,3,10.82001031,49.17998969
97.47191458,39.00258508,-76.50012174,-0.1218557823,3,10.82999873,49.17000127
97.52210182,39.00258642,-76.50012195,-0.1218557979,3,10.84000728,49.15999272
97.57230433,39.00258776,-76.50012216,-0.1218558134,3,10.85001221,49.14998779
97.62248245,39.0025891,-76.50012237,-0.1218558286,3,10.86000015,49.13999985
97.67265851,39.00259044,-76.50012258,-0.1218558438,3,10.86999893,49.13000107
97.72284621,39.00259178,-76.50012279,-0.1218558587,3,10.87999955,49.12000045
97.77300504,39.00259313,-76.500123,-0.1218558736,3,10.8899995,49.1100005
97.8231619,39.00259447,-76.50012321,-0.1218558882,3,10.90001133,49.09998867
97.87330358,39.00259581,-76.50012342,-0.1218559027,3,10.90999854,49.09000146
97.92344389,39.00259715,-76.50012363,-0.1218559171,3,10.92000617,49.07999383
97.97358714,39.00259849,-76.50012384,-0.1218559312,3,10.93000457,49.06999543
98.02374361,39.00259983,-76.50012405,-0.1218559453,3,10.94000968,49.05999032
98.07389834,39.00260117,-76.50012426,-0.1218559592,3,10.95000049,49.04999951
98.12405026,39.00260251,-76.50012448,-0.121855973,3,10.96000747,49.03999253
98.17423215,39.00260385,-76.50012469,-0.1218559865,3,10.97000486,49.02999514
98.22451863,39.0026052,-76.5001249,-0.121856,3,10.9800057,49.0199943
98.2747258,39.00260654,-76.50012511,-0.1218560134,3,10.99000028,49.00999972
98.32487713,39.00260788,-76.50012532,-0.1218560265,3,11.0000005,48.9999995
98.37502773,39.00260922,-76.50012553,-0.1218560396,3,11.01000124,48.98999876
98.42517451,39.00261056,-76.50012574,-0.1218560525,3,11.02000155,48.97999845
98.47534682,39.0026119,-76.50012595,-0.1218560653,3,11.03000038,48.96999962
98.52551314,39.00261324,-76.50012616,-0.1218560779,3,11.04000682,48.95999318
98.57569855,39.00261458,-76.50012637,-0.1218560905,3,11.05000699,48.94999301
98.62587099,39.00261727,-76.50012679,-0.1218561151,3,11.07000066,48.92999934
98.67607417,39.00261861,-76.500127,-0.1218561271,3,11.08001372,48.91998628
98.72626528,39.00261995,-76.50012721,-0.1218561392,3,11.08999966,48.91000034
98.7764094,39.00262129,-76.50012742,-0.1218561511,3,11.10000344,48.89999656
98.82656611,39.00262263,-76.50012763,-0.1218561628,3,11.11001098,48.88998902
98.87671606,39.00262397,-76.50012784,-0.1218561745,3,11.12000148,48.87999852
98.92694671,39.00262531,-76.50012805,-0.1218561859,3,11.13000862,48.86999138
98.97712121,39.00262665,-76.50012826,-0.1218561973,3,11.13999904,48.86000096
99.02728253,39.002628,-76.50012847,-0.1218562086,3,11.15001067,48.84998933
99.07743287,39.00262934,-76.50012868,-0.1218562197,3,11.15999708,48.84000292
99.12759427,39.00263068,-76.5001289,-0.1218562307,3,11.17000033,48.82999967
99.17777081,39.00263202,-76.50012911,-0.1218562416,3,11.1800007,48.8199993
99.22792776,39.00263336,-76.50012932,-0.1218562525,3,11.18999964,48.81000036
99.2780781,39.0026347,-76.50012953,-0.1218562631,3,11.19999967,48.80000033
99.32827433,39.00263604,-76.50012974,-0.1218562737,3,11.20999858,48.79000142
99.37844978,39.00263738,-76.50012995,-0.1218562841,3,11.22000606,48.77999394
99.42860977,39.00263872,-76.50013016,-0.1218562946,3,11.22999906,48.77000094
99.47882569,39.00264006,-76.50013037,-0.1218563048,3,11.2399989,48.7600011
99.52898544,39.00264141,-76.50013058,-0.1218563149,3,11.25000672,48.74999328
99.5791347,39.00264275,-76.50013079,-0.1218563249,3,11.26000325,48.73999675
99.6292805,39.00264409,-76.500131,-0.1218563349,3,11.26999842,48.73000158
99.67947185,39.00264543,-76.50013121,-0.1218563446,3,11.27999914,48.72000086
99.72961677,39.00264677,-76.50013142,-0.1218563544,3,11.28999907,48.71000093
99.77979256,39.00264811,-76.50013163,-0.121856364,3,11.29999863,48.70000137
99.82996133,39.00264945,-76.50013184,-0.1218563735,3,11.30999861,48.69000139
99.88014194,39.00265079,-76.50013205,-0.1218563829,3,11.31999805,48.68000195
99.93028322,39.00265214,-76.50013226,-0.1218563923,3,11.32999979,48.67000021
99.98041852,39.00265348,-76.50013247,-0.1218564014,3,11.34000251,48.65999749
100.0305653,39.00265482,-76.50013268,-0.1218564106,3,11.3500042,48.6499958
100.0806963,39.00265616,-76.50013289,-0.1218564197,3,11.36000015,48.63999985
100.1309126,39.0026575,-76.50013311,-0.1218564286,3,11.37000868,48.62999132
100.1810745,39.00265884,-76.50013332,-0.1218564374,3,11.38000244,48.61999756
100.2312664,39.00266018,-76.50013353,-0.1218564461,3,11.39000504,48.60999496
100.2814789,39.00266152,-76.50013374,-0.1218564548,3,11.40000729,48.59999271
100.3316372,39.00266287,-76.50013395,-0.1218564634,3,11.41000963,48.58999037
100.3818074,39.00266421,-76.50013416,-0.1218564719,3,11.42000494,48.57999506
100.4319856,39.00266555,-76.50013437,-0.1218564802,3,11.43000665,48.56999335
100.4822222,39.00266689,-76.50013458,-0.1218564885,3,11.44000611,48.55999389
100.5323882,39.00266823,-76.50013479,-0.1218564967,3,11.45000939,48.54999061
100.5825852,39.00266957,-76.500135,-0.1218565049,3,11.46000212,48.53999788
100.6327306,39.00267091,-76.50013521,-0.1218565129,3,11.46999654,48.53000346
100.6828828,39.00267225,-76.50013542,-0.1218565208,3,11.48000633,48.51999367
100.7330362,39.00267359,-76.50013563,-0.1218565288,3,11.49000436,48.50999564
100.783241,39.00267494,-76.50013584,-0.1218565366,3,11.50000816,48.49999184
100.8334314,39.00267628,-76.50013605,-0.1218565443,3,11.51000685,48.48999315
100.883635,39.00267762,-76.50013626,-0.1218565519,3,11.52000448,48.47999552
100.933849,39.00267896,-76.50013647,-0.1218565594,3,11.53000325,48.46999675
100.9840121,39.0026803,-76.50013668,-0.1218565668,3,11.54000852,48.45999148
101.0342155,39.00268164,-76.50013689,-0.1218565743,3,11.55000341,48.44999659
101.0843734,39.00268298,-76.5001371,-0.1218565816,3,11.560009,48.439991
101.1345446,39.00268432,-76.50013732,-0.1218565888,3,11.57000308,48.42999692
101.1847108,39.00268566,-76.50013753,-0.121856596,3,11.58000322,48.41999678
101.2348782,39.00268701,-76.50013774,-0.1218566031,3,11.59000107,48.40999893
101.2850283,39.00268835,-76.50013795,-0.12185661,3,11.60000297,48.39999703
101.33521,39.00268969,-76.50013816,-0.121856617,3,11.6100015,48.3899985
101.3853672,39.00269103,-76.50013837,-0.1218566239,3,11.62000512,48.37999488
101.435563,39.00269237,-76.50013858,-0.1218566306,3,11.63000059,48.36999941
101.4857176,39.00269371,-76.50013879,-0.1218566374,3,11.64000031,48.35999969
101.5358664,39.00269505,-76.500139,-0.121856644,3,11.64999932,48.35000068
101.586004,39.00269639,-76.50013921,-0.1218566507,3,11.66000978,48.33999022
101.6361583,39.00269773,-76.50013942,-0.1218566572,3,11.67000075,48.32999925
101.6864021,39.00269908,-76.50013963,-0.1218566636,3,11.68000697,48.31999303
101.7365758,39.00270042,-76.50013984,-0.1218566699,3,11.6899982,48.3100018
101.7868567,39.00270176,-76.50014005,-0.1218566763,3,11.70000101,48.29999899
101.8370358,39.0027031,-76.50014026,-0.1218566825,3,11.70999857,48.29000143
101.8872412,39.00270444,-76.50014047,-0.1218566886,3,11.72000219,48.27999781
101.9374178,39.00270578,-76.50014068,-0.1218566948,3,11.72999943,48.27000057
101.9875608,39.00270712,-76.50014089,-0.1218567009,3,11.73999864,48.26000136
102.037777,39.00270846,-76.5001411,-0.1218567068,3,11.75000642,48.24999358
102.0879866,39.0027098,-76.50014131,-0.1218567128,3,11.760001,48.239999
102.1381631,39.00271115,-76.50014152,-0.1218567187,3,11.76999886,48.23000114
102.1883327,39.00271249,-76.50014174,-0.1218567245,3,11.78000528,48.21999472
102.238493,39.00271383,-76.50014195,-0.1218567302,3,11.78999881,48.21000119
102.2886357,39.00271517,-76.50014216,-0.1218567359,3,11.80000194,48.19999806
102.3388458,39.00271651,-76.50014237,-0.1218567415,3,11.81001659,48.18998341
102.3890194,39.00271785,-76.50014258,-0.1218567415,3,11.82000212,48.17999788
102.4392445,39.00271919,-76.50014279,-0.1218567526,3,11.83000828,48.16999172
102.4894138,39.00272054,-76.500143,-0.1218567581,3,11.84001097,48.15998903
102.5395777,39.00272187,-76.50014321,-0.1218567634,3,11.85000031,48.14999969
102.5897559,39.00272322,-76.50014342,-0.1218567688,3,11.8600036,48.1399964
102.6399194,39.00272456,-76.50014363,-0.1218567741,3,11.86999996,48.13000004
102.6900753,39.0027259,-76.50014384,-0.1218567793,3,11.88000438,48.11999562
102.740238,39.00272724,-76.50014405,-0.1218567844,3,11.89000129,48.10999871
102.7903911,39.00272858,-76.50014426,-0.1218567896,3,11.90000005,48.09999995
102.8405436,39.00272992,-76.50014447,-0.1218567946,3,11.90999912,48.09000088
102.8906941,39.00273126,-76.50014468,-0.1218567996,3,11.92000141,48.07999859
102.9408652,39.0027326,-76.50014489,-0.1218568046,3,11.93000105,48.06999895
102.9910217,39.00273395,-76.5001451,-0.1218568095,3,11.94000727,48.05999273
103.041181,39.00273529,-76.50014531,-0.1218568144,3,11.95000224,48.04999776
103.0913474,39.00273663,-76.50014552,-0.1218568191,3,11.95999932,48.04000068
103.1415048,39.00273797,-76.50014573,-0.1218568239,3,11.9700037,48.0299963
103.1917119,39.00273931,-76.50014595,-0.1218568286,3,11.97999794,48.02000206
103.2419044,39.00274065,-76.50014616,-0.1218568332,3,11.9899995,48.0100005
103.2920846,39.00274199,-76.50014637,-0.1218568378,3,12.00000349,47.99999651
103.3423128,39.00274333,-76.50014658,-0.1218568424,3,12.01000876,47.98999124
103.3924867,39.00274468,-76.50014679,-0.1218568469,3,12.02001069,47.97998931
103.4426557,39.00274602,-76.500147,-0.1218568513,3,12.03000217,47.96999783
103.49282,39.00274736,-76.50014721,-0.1218568557,3,12.04000822,47.95999178
103.54299,39.0027487,-76.50014742,-0.1218568602,3,12.04999855,47.95000145
103.5931552,39.00275004,-76.50014763,-0.1218568644,3,12.06000597,47.93999403
103.6433402,39.00275138,-76.50014784,-0.1218568687,3,12.07000083,47.92999917
103.6935096,39.00275272,-76.50014805,-0.1218568729,3,12.080002,47.919998
103.7436797,39.00275406,-76.50014826,-0.1218568771,3,12.08999936,47.91000064
103.7938539,39.0027554,-76.50014847,-0.1218568813,3,12.10000191,47.89999809
103.8440315,39.00275674,-76.50014868,-0.1218568854,3,12.11000283,47.88999717
103.8942955,39.00275809,-76.50014889,-0.1218568895,3,12.12000386,47.87999614
103.9444536,39.00275943,-76.5001491,-0.1218568935,3,12.12999866,47.87000134
103.9946106,39.00276077,-76.50014931,-0.1218568974,3,12.14000266,47.85999734
104.0447468,39.00276211,-76.50014952,-0.1218569013,3,12.15001008,47.84998992
104.0949319,39.00276345,-76.50014973,-0.1218569053,3,12.16000838,47.83999162
104.1450975,39.00276479,-76.50014994,-0.1218569091,3,12.17000317,47.82999683
104.1952974,39.00276613,-76.50015016,-0.1218569129,3,12.18000505,47.81999495
104.2454658,39.00276747,-76.50015037,-0.1218569167,3,12.19000263,47.80999737
104.2956423,39.00276882,-76.50015058,-0.1218569204,3,12.20000619,47.79999381
104.3458284,39.00277016,-76.50015079,-0.1218569241,3,12.20999924,47.79000076
104.3960355,39.0027715,-76.500151,-0.1218569277,3,12.22000568,47.77999432
104.446195,39.00277284,-76.50015121,-0.1218569314,3,12.23000098,47.76999902
104.4964066,39.00277418,-76.50015142,-0.1218569349,3,12.24001065,47.75998935
104.5465655,39.00277552,-76.50015163,-0.1218569385,3,12.25000511,47.7499949
104.5967858,39.00277686,-76.50015184,-0.121856942,3,12.26000887,47.73999113
104.646968,39.0027782,-76.50015205,-0.1218569454,3,12.27000464,47.72999536
104.6971805,39.00277954,-76.50015226,-0.1218569488,3,12.27999997,47.72000003
104.747372,39.00278088,-76.50015247,-0.1218569522,3,12.28999773,47.71000227
104.7975459,39.00278223,-76.50015268,-0.1218569556,3,12.30000179,47.69999821
104.8477027,39.00278357,-76.50015289,-0.1218569589,3,12.30999898,47.69000102
104.8979153,39.00278491,-76.5001531,-0.1218569622,3,12.32000566,47.67999434
104.9481341,39.00278625,-76.50015331,-0.1218569654,3,12.33000244,47.66999756
104.9983089,39.00278759,-76.50015352,-0.1218569687,3,12.34000125,47.65999875
105.0484672,39.00278893,-76.50015373,-0.1218569719,3,12.35000219,47.64999781
105.0986609,39.00279027,-76.50015394,-0.121856975,3,12.36001109,47.63998891
105.1488777,39.00279162,-76.50015415,-0.1218569781,3,12.3700082,47.6299918
105.1990832,39.00279296,-76.50015437,-0.1218569812,3,12.38001352,47.61998648
105.249289,39.0027943,-76.50015458,-0.1218569843,3,12.3900008,47.6099992
105.2994744,39.00279564,-76.50015479,-0.1218569873,3,12.40000586,47.59999414
105.3496639,39.00279698,-76.500155,-0.1218569903,3,12.41000528,47.58999472
105.3998452,39.00279832,-76.50015521,-0.1218569932,3,12.42000385,47.57999615
105.4500242,39.00279966,-76.50015542,-0.1218569961,3,12.43001324,47.56998676
105.5002426,39.002801,-76.50015563,-0.121856999,3,12.44000369,47.55999631
105.5504524,39.00280234,-76.50015584,-0.1218570019,3,12.45000816,47.54999184
105.6006626,39.00280369,-76.50015605,-0.1218570048,3,12.46000643,47.53999357
105.6509072,39.00280503,-76.50015626,-0.1218570076,3,12.47000031,47.52999969
105.7011521,39.00280637,-76.50015647,-0.1218570104,3,12.48001759,47.51998241
105.7513434,39.00280771,-76.50015668,-0.1218570131,3,12.49000038,47.50999962
105.8015193,39.00280905,-76.50015689,-0.1218570158,3,12.50000078,47.49999922
105.8517484,39.00281039,-76.5001571,-0.1218570185,3,12.51000104,47.48999896
105.9019207,39.00281173,-76.50015731,-0.1218570211,3,12.52000866,47.47999134
105.952144,39.00281307,-76.50015752,-0.1218570238,3,12.52999955,47.47000045
106.0023929,39.00281441,-76.50015773,-0.1218570264,3,12.54000778,47.45999222
106.052562,39.00281576,-76.50015794,-0.1218570289,3,12.55001221,47.44998779
106.1027126,39.0028171,-76.50015815,-0.1218570315,3,12.56000659,47.43999341
106.1528889,39.00281844,-76.50015836,-0.121857034,3,12.5700004,47.4299996
106.2031954,39.00281978,-76.50015857,-0.1218570366,3,12.58000595,47.41999405
106.2533855,39.00282112,-76.50015879,-0.1218570391,3,12.59001052,47.40998948
106.3036392,39.00282246,-76.500159,-0.1218570415,3,12.60000969,47.39999031
106.3538204,39.0028238,-76.50015921,-0.1218570439,3,12.61000755,47.38999245
106.4040303,39.00282514,-76.50015942,-0.1218570463,3,12.62000416,47.37999584
106.4542109,39.00282648,-76.50015963,-0.1218570487,3,12.63000758,47.36999242
106.5044572,39.00282783,-76.50015984,-0.1218570511,3,12.64000283,47.35999717
106.5546747,39.00282917,-76.50016005,-0.1218570533,3,12.65000516,47.34999484
106.6049424,39.00283051,-76.50016026,-0.1218570556,3,12.66001317,47.33998683
106.6552045,39.00283185,-76.50016047,-0.1218570579,3,12.67000109,47.32999891
106.7053893,39.00283319,-76.50016068,-0.1218570602,3,12.68000602,47.31999398
106.7556248,39.00283453,-76.50016089,-0.1218570623,3,12.69000417,47.30999583
106.8058036,39.00283587,-76.5001611,-0.1218570645,3,12.70000911,47.29999089
106.8559862,39.00283721,-76.50016131,-0.1218570667,3,12.71001358,47.28998642
106.9061985,39.00283856,-76.50016152,-0.1218570689,3,12.72000706,47.27999294
106.9563839,39.0028399,-76.50016173,-0.121857071,3,12.73000267,47.26999733
107.0066006,39.00284124,-76.50016194,-0.1218570732,3,12.73999785,47.26000215
107.056772,39.00284258,-76.50016215,-0.1218570752,3,12.74999943,47.25000057
107.1069594,39.00284392,-76.50016236,-0.1218570773,3,12.75999722,47.24000278
107.1571556,39.00284526,-76.50016257,-0.1218570794,3,12.77000918,47.22999082
107.2073574,39.0028466,-76.50016278,-0.1218570814,3,12.77999971,47.22000029
107.257571,39.00284794,-76.500163,-0.1218570833,3,12.78999988,47.21000012
107.3077367,39.00284928,-76.50016321,-0.1218570854,3,12.80000389,47.19999611
107.3578971,39.00285062,-76.50016342,-0.1218570874,3,12.80999949,47.19000051
107.4080684,39.00285197,-76.50016363,-0.1218570893,3,12.82000272,47.17999728
107.4582783,39.00285331,-76.50016384,-0.1218570912,3,12.83000464,47.16999536
107.5084415,39.00285465,-76.50016405,-0.1218570931,3,12.84000677,47.15999323
107.5585916,39.00285599,-76.50016426,-0.121857095,3,12.85001144,47.14998856
107.6087305,39.00285733,-76.50016447,-0.1218570968,3,12.86000804,47.13999196
107.6588881,39.00285867,-76.50016468,-0.1218570987,3,12.87000193,47.12999807
107.7090208,39.00286001,-76.50016489,-0.1218571005,3,12.88001179,47.11998821
107.7591636,39.00286135,-76.5001651,-0.1218571023,3,12.88999997,47.11000003
107.8093025,39.0028627,-76.50016531,-0.1218571041,3,12.90001057,47.09998943
107.8594546,39.00286404,-76.50016552,-0.1218571059,3,12.91000149,47.08999851
107.9095937,39.00286538,-76.50016573,-0.1218571076,3,12.92000396,47.07999604
107.9597501,39.00286672,-76.50016594,-0.1218571093,3,12.93000193,47.06999807
108.0099075,39.00286806,-76.50016615,-0.121857111,3,12.94000403,47.05999597
108.0600577,39.0028694,-76.50016636,-0.1218571127,3,12.95000029,47.04999971
108.1102611,39.00287074,-76.50016657,-0.1218571144,3,12.96001639,47.03998361
108.1604142,39.00287208,-76.50016678,-0.1218571161,3,12.97000414,47.02999586
108.2106154,39.00287342,-76.50016699,-0.1218571177,3,12.98000314,47.01999686
108.2607745,39.00287477,-76.50016721,-0.1218571194,3,12.99000234,47.00999766
108.3109176,39.00287611,-76.50016742,-0.1218571209,3,13.00000353,46.99999647
108.3610459,39.00287745,-76.50016763,-0.1218571225,3,13.01000101,46.98999899
108.4111811,39.00287879,-76.50016784,-0.1218571241,3,13.02001024,46.97998976
108.4613064,39.00288013,-76.50016805,-0.1218571256,3,13.03000172,46.96999828
108.5114317,39.00288147,-76.50016826,-0.1218571272,3,13.04000589,46.95999411
108.5615618,39.00288281,-76.50016847,-0.1218571287,3,13.05000277,46.94999723
108.6117614,39.00288415,-76.50016868,-0.1218571302,3,13.06000753,46.93999247
108.6619816,39.00288549,-76.50016889,-0.1218571317,3,13.07000314,46.92999686
108.712179,39.00288684,-76.5001691,-0.1218571332,3,13.080007,46.919993
108.7623908,39.00288818,-76.50016931,-0.1218571347,3,13.08999976,46.91000024
108.8125569,39.00288952,-76.50016952,-0.1218571361,3,13.10000289,46.89999711
108.8627451,39.00289086,-76.50016973,-0.1218571375,3,13.11000813,46.88999187
108.9129004,39.0028922,-76.50016994,-0.1218571389,3,13.12000668,46.87999332
108.9631345,39.00289354,-76.50017015,-0.1218571403,3,13.13000597,46.86999403
109.0133299,39.00289489,-76.50017036,-0.1218571417,3,13.14003443,46.85996557
109.0635064,39.00289622,-76.50017057,-0.1218571431,3,13.15000254,46.84999746
109.1136632,39.00289757,-76.50017078,-0.1218571445,3,13.16004255,46.83995745
109.1638556,39.00289891,-76.50017099,-0.1218571458,3,13.17000315,46.82999685
109.2140506,39.00290025,-76.5001712,-0.1218571471,3,13.1799982,46.8200018
109.2642397,39.00290159,-76.50017142,-0.1218571485,3,13.19000723,46.80999277
109.3144087,39.00290293,-76.50017163,-0.1218571498,3,13.19999949,46.80000051
109.3645633,39.00290427,-76.50017184,-0.121857151,3,13.21000766,46.78999234
109.4147126,39.00290561,-76.50017205,-0.1218571523,3,13.21999899,46.78000101
109.4648517,39.00290695,-76.50017226,-0.1218571536,3,13.22999925,46.77000075
109.5149894,39.00290829,-76.50017247,-0.1218571549,3,13.23999555,46.76000445
109.5651283,39.00290963,-76.50017268,-0.1218571549,3,13.25000136,46.74999864
109.6152675,39.00291098,-76.50017289,-0.121857156,3,13.2599978,46.7400022
109.6654151,39.00291232,-76.5001731,-0.1218571585,3,13.26999855,46.73000145
109.7155629,39.00291366,-76.50017331,-0.1218571597,3,13.27999883,46.72000117
109.7657065,39.002915,-76.50017352,-0.1218571609,3,13.28999651,46.71000349
109.8158911,39.00291634,-76.50017373,-0.1218571621,3,13.30000575,46.69999425
109.8660633,39.00291768,-76.50017394,-0.1218571632,3,13.30999868,46.69000132
109.9162397,39.00291902,-76.50017415,-0.1218571643,3,13.32000118,46.67999882
109.9663908,39.00292036,-76.50017436,-0.1218571655,3,13.3300054,46.6699946
110.0165396,39.00292171,-76.50017457,-0.1218571666,3,13.34000171,46.65999829
110.0667111,39.00292305,-76.50017478,-0.1218571677,3,13.35001401,46.64998599
110.1168639,39.00292439,-76.50017499,-0.1218571688,3,13.3600044,46.6399956
110.1670094,39.00292573,-76.5001752,-0.1218571699,3,13.37000004,46.62999996
110.2171976,39.00292707,-76.50017541,-0.121857171,3,13.38001109,46.61998891
110.2673596,39.00292841,-76.50017562,-0.121857172,3,13.3900054,46.6099946
110.31757,39.00292975,-76.50017584,-0.1218571731,3,13.40000515,46.59999485
110.3677299,39.00293109,-76.50017605,-0.1218571741,3,13.41000245,46.58999755
110.4178838,39.00293244,-76.50017626,-0.1218571752,3,13.42001154,46.57998846
110.4680483,39.00293378,-76.50017647,-0.1218571762,3,13.43000743,46.56999257
110.5182179,39.00293512,-76.50017668,-0.1218571771,3,13.44000393,46.55999607
110.5684566,39.00293646,-76.50017689,-0.1218571782,3,13.45000191,46.54999809
110.6186225,39.0029378,-76.5001771,-0.1218571792,3,13.46000973,46.53999027
110.6687725,39.00293914,-76.50017731,-0.1218571802,3,13.47001643,46.52998357
110.7189137,39.00294048,-76.50017752,-0.1218571811,3,13.48000895,46.51999105
110.7690614,39.00294182,-76.50017773,-0.1218571821,3,13.49000466,46.50999534
110.8192239,39.00294316,-76.50017794,-0.1218571831,3,13.49999986,46.50000014
110.869362,39.0029445,-76.50017815,-0.121857184,3,13.51000145,46.48999855
110.9195035,39.00294585,-76.50017836,-0.1218571849,3,13.5200092,46.4799908
110.9697407,39.00294719,-76.50017857,-0.1218571858,3,13.53000125,46.46999875
111.0199323,39.00294853,-76.50017878,-0.1218571867,3,13.5400003,46.4599997
111.0701257,39.00294987,-76.50017899,-0.1218571876,3,13.54999996,46.45000004
111.1203092,39.00295121,-76.5001792,-0.1218571885,3,13.56000681,46.43999319
111.1704698,39.00295255,-76.50017941,-0.1218571894,3,13.56999927,46.43000073
111.2206434,39.00295389,-76.50017962,-0.1218571903,3,13.58000056,46.41999944
111.2708656,39.00295523,-76.50017983,-0.1218571911,3,13.58999804,46.41000196
111.3210775,39.00295658,-76.50018005,-0.121857192,3,13.60000291,46.39999709
111.3713251,39.00295792,-76.50018026,-0.1218571928,3,13.61000195,46.38999805
111.4215659,39.00295926,-76.50018047,-0.1218571937,3,13.61999935,46.38000065
111.4717637,39.0029606,-76.50018068,-0.1218571945,3,13.63000601,46.36999399
111.5219623,39.00296194,-76.50018089,-0.1218571953,3,13.64000159,46.35999841
111.5722636,39.00296328,-76.5001811,-0.1218571961,3,13.64999813,46.35000187
111.622459,39.00296462,-76.50018131,-0.1218571969,3,13.66000546,46.33999454
111.6726842,39.00296596,-76.50018152,-0.1218571977,3,13.67000622,46.32999378
111.7229034,39.0029673,-76.50018173,-0.1218571985,3,13.68000572,46.31999428
111.7731245,39.00296865,-76.50018194,-0.1218571993,3,13.69000185,46.30999815
111.8233971,39.00296999,-76.50018215,-0.1218572001,3,13.70000129,46.29999871
111.8736264,39.00297133,-76.50018236,-0.1218572008,3,13.71000857,46.28999143
111.9238805,39.00297267,-76.50018257,-0.1218572016,3,13.7200099,46.2799901
111.9740928,39.00297401,-76.50018278,-0.1218572023,3,13.73001005,46.26998995
112.0243408,39.00297535,-76.50018299,-0.121857203,3,13.74000013,46.25999987
112.0745488,39.00297669,-76.5001832,-0.1218572038,3,13.75001112,46.24998888
112.124716,39.00297803,-76.50018341,-0.1218572045,3,13.76000064,46.23999936
112.1749357,39.00297938,-76.50018362,-0.1218572052,3,13.77001084,46.22998916
112.2251317,39.00298072,-76.50018383,-0.121857206,3,13.78000629,46.21999371
112.2753639,39.00298206,-76.50018404,-0.1218572066,3,13.78999972,46.21000028
112.3255923,39.0029834,-76.50018426,-0.1218572073,3,13.80000147,46.19999853
112.3757893,39.00298474,-76.50018447,-0.121857208,3,13.8100065,46.1899935
112.4259624,39.00298742,-76.50018489,-0.1218572093,3,13.83000242,46.16999758
112.4761252,39.00298876,-76.5001851,-0.12185721,3,13.84000766,46.15999234
112.5262666,39.0029901,-76.50018531,-0.1218572106,3,13.85000163,46.14999837
112.5764424,39.00299145,-76.50018552,-0.1218572113,3,13.86001049,46.13998951
112.6266342,39.00299279,-76.50018573,-0.121857212,3,13.87000634,46.12999366
112.6768313,39.00299413,-76.50018594,-0.1218572126,3,13.88000736,46.11999264
112.7270208,39.00299547,-76.50018615,-0.1218572132,3,13.89000846,46.10999154
112.77722,39.00299681,-76.50018636,-0.1218572138,3,13.90001193,46.09998807
112.8273989,39.00299815,-76.50018657,-0.1218572145,3,13.91000858,46.08999142
112.87756,39.00299949,-76.50018678,-0.121857215,3,13.92001014,46.07998987
112.9277775,39.00300083,-76.50018699,-0.1218572157,3,13.93001106,46.06998894
112.9780356,39.00300217,-76.5001872,-0.1218572162,3,13.94000857,46.05999143
113.0282726,39.00300352,-76.50018741,-0.1218572169,3,13.95000846,46.04999154
113.0785605,39.00300486,-76.50018762,-0.1218572175,3,13.96000617,46.03999383
113.1287007,39.0030062,-76.50018783,-0.121857218,3,13.97000658,46.02999342
113.1788417,39.00300754,-76.50018804,-0.1218572186,3,13.9800104,46.0199896
113.2289695,39.00300888,-76.50018825,-0.1218572192,3,13.99001336,46.00998664
113.2790951,39.00301022,-76.50018847,-0.1218572197,3,14.00000787,45.99999213
113.3293225,39.00301156,-76.50018868,-0.1218572203,3,14.01000768,45.98999232
113.3795463,39.0030129,-76.50018889,-0.1218572208,3,14.02001112,45.97998888
113.4297562,39.00301424,-76.5001891,-0.1218572214,3,14.03000681,45.96999319
113.4799315,39.00301559,-76.50018931,-0.1218572219,3,14.04000371,45.95999629
113.5301732,39.00301693,-76.50018952,-0.1218572224,3,14.04999938,45.95000062
113.5803445,39.00301827,-76.50018973,-0.1218572229,3,14.06000632,45.93999368
113.6305331,39.00301961,-76.50018994,-0.1218572234,3,14.07000489,45.92999511
113.6807139,39.00302095,-76.50019015,-0.121857224,3,14.08001311,45.91998689
113.7525156,39.00302229,-76.50019036,-0.1218572245,3,14.09000778,45.90999222
113.8027292,39.00302363,-76.50019057,-0.1218572251,3,14.10001533,45.89998467
113.8531316,39.00302497,-76.50019078,-0.1218572255,3,14.11000698,45.88999302
113.9033686,39.00302632,-76.50019099,-0.121857226,3,14.12000815,45.87999185
113.9535286,39.00302766,-76.5001912,-0.1218572265,3,14.13001468,45.86998532
114.0037536,39.003029,-76.50019141,-0.121857227,3,14.14000224,45.85999776
114.0539118,39.00303034,-76.50019162,-0.1218572275,3,14.1500121,45.8499879
114.1040845,39.00303168,-76.50019183,-0.1218572279,3,14.16001009,45.83998991
114.1543212,39.00303302,-76.50019204,-0.1218572284,3,14.1700073,45.8299927
114.2046451,39.00303436,-76.50019225,-0.1218572288,3,14.18000354,45.81999646
114.2548175,39.0030357,-76.50019246,-0.1218572293,3,14.19001442,45.80998558
114.3049937,39.00303704,-76.50019267,-0.1218572298,3,14.19999767,45.80000233
114.3551897,39.00303838,-76.50019289,-0.1218572302,3,14.2100039,45.7899961
114.4054823,39.00303973,-76.5001931,-0.1218572306,3,14.22001044,45.77998956
114.4556632,39.00304107,-76.50019331,-0.1218572311,3,14.23000921,45.76999079
114.5058605,39.00304241,-76.50019352,-0.1218572315,3,14.2400039,45.7599961
114.556051,39.00304375,-76.50019373,-0.1218572319,3,14.25000667,45.74999333
114.6062822,39.00304509,-76.50019394,-0.1218572324,3,14.2600106,45.7399894
114.656473,39.00304643,-76.50019415,-0.1218572328,3,14.27001344,45.72998656
114.7067294,39.00304777,-76.50019436,-0.1218572332,3,14.28000551,45.71999449
114.7569792,39.00304911,-76.50019457,-0.1218572336,3,14.29000857,45.70999143
114.8072658,39.00305046,-76.50019478,-0.121857234,3,14.30001009,45.69998991
114.8575611,39.0030518,-76.50019499,-0.1218572344,3,14.31000751,45.68999249
114.9078072,39.00305314,-76.5001952,-0.1218572349,3,14.32001211,45.67998789
114.9580765,39.00305448,-76.50019541,-0.1218572353,3,14.33001062,45.66998938
115.0083072,39.00305582,-76.50019562,-0.1218572357,3,14.33999736,45.66000264
115.0585283,39.00305716,-76.50019583,-0.121857236,3,14.35000197,45.64999803
115.1088114,39.0030585,-76.50019604,-0.1218572364,3,14.35999771,45.64000229
115.1590719,39.00305984,-76.50019625,-0.1218572368,3,14.37000368,45.62999632
115.2092499,39.00306118,-76.50019646,-0.1218572371,3,14.3800029,45.6199971
115.2594341,39.00306253,-76.50019667,-0.1218572375,3,14.39000782,45.60999218
115.3096319,39.00306387,-76.50019689,-0.1218572379,3,14.40001547,45.59998453
115.359812,39.00306521,-76.5001971,-0.1218572383,3,14.41000647,45.58999353
115.4100197,39.00306655,-76.50019731,-0.1218572387,3,14.42000811,45.57999189
115.4602341,39.00306789,-76.50019752,-0.121857239,3,14.43000796,45.56999204
115.5104661,39.00306923,-76.50019773,-0.1218572394,3,14.44000373,45.55999627
115.5606533,39.00307057,-76.50019794,-0.1218572398,3,14.45001305,45.54998695
115.6109034,39.00307191,-76.50019815,-0.12185724,3,14.46001312,45.53998688
115.6611877,39.00307325,-76.50019836,-0.1218572404,3,14.47000093,45.52999907
115.7113256,39.0030746,-76.50019857,-0.1218572407,3,14.48000168,45.51999832
115.7614974,39.00307594,-76.50019878,-0.121857241,3,14.48999864,45.51000136
115.8118753,39.00307728,-76.50019899,-0.1218572414,3,14.50000001,45.49999999
115.8620878,39.00307862,-76.5001992,-0.1218572417,3,14.51000287,45.48999713
115.9122677,39.00307996,-76.50019941,-0.1218572421,3,14.52001281,45.47998719
115.962498,39.0030813,-76.50019962,-0.1218572423,3,14.5300002,45.4699998
116.0126609,39.00308264,-76.50019983,-0.1218572427,3,14.54000884,45.45999116
116.0628679,39.00308398,-76.50020004,-0.121857243,3,14.54999904,45.45000096
116.1130207,39.00308532,-76.50020025,-0.1218572433,3,14.55999925,45.44000075
116.1631768,39.00308667,-76.50020046,-0.1218572436,3,14.57000105,45.42999895
116.2133324,39.00308801,-76.50020067,-0.1218572439,3,14.58000132,45.41999868
116.2634959,39.00308935,-76.50020088,-0.1218572442,3,14.59000072,45.40999928
116.3136941,39.00309069,-76.50020109,-0.1218572445,3,14.60000526,45.39999474
116.3638871,39.00309203,-76.50020131,-0.1218572448,3,14.60999832,45.39000168
116.4140521,39.00309337,-76.50020152,-0.1218572451,3,14.62000585,45.37999415
116.4642546,39.00309471,-76.50020173,-0.1218572453,3,14.63000183,45.36999817
116.5144567,39.00309605,-76.50020194,-0.1218572457,3,14.63999885,45.36000115
116.5646339,39.00309739,-76.50020215,-0.1218572459,3,14.64999858,45.35000142
116.6148545,39.00309874,-76.50020236,-0.1218572462,3,14.65999962,45.34000038
116.6650402,39.00310008,-76.50020257,-0.1218572462,3,14.66999921,45.33000079
116.7152662,39.00310142,-76.50020278,-0.1218572465,3,14.68000822,45.31999178
116.7655327,39.00310276,-76.50020299,-0.121857247,3,14.68999918,45.31000082
116.8157292,39.0031041,-76.5002032,-0.1218572473,3,14.70000802,45.29999198
116.8659074,39.00310544,-76.50020341,-0.1218572476,3,14.71000022,45.28999978
116.9161799,39.00310678,-76.50020362,-0.1218572479,3,14.72000544,45.27999456
116.9664034,39.00310812,-76.50020383,-0.1218572481,3,14.73000553,45.26999447
117.0165774,39.00310947,-76.50020404,-0.1218572484,3,14.74000336,45.25999664
117.0667375,39.00311081,-76.50020425,-0.1218572486,3,14.7499988,45.2500012
117.1169051,39.00311215,-76.50020446,-0.1218572489,3,14.76000375,45.23999625
117.1670773,39.00311349,-76.50020467,-0.1218572491,3,14.77000904,45.22999096
117.2172693,39.00311483,-76.50020488,-0.1218572494,3,14.78000152,45.21999848
117.2674786,39.00311617,-76.50020509,-0.1218572496,3,14.79000092,45.20999908
117.3176553,39.00311751,-76.5002053,-0.1218572499,3,14.80000022,45.19999978
117.3678535,39.00311885,-76.50020552,-0.1218572501,3,14.81000001,45.18999999
117.4180232,39.00312019,-76.50020573,-0.1218572503,3,14.82000199,45.17999801
117.4682324,39.00312154,-76.50020594,-0.1218572506,3,14.83000195,45.16999805
117.5184259,39.00312288,-76.50020615,-0.1218572508,3,14.84000234,45.15999766
117.5686018,39.00312422,-76.50020636,-0.121857251,3,14.85000028,45.14999972
117.6188266,39.00312556,-76.50020657,-0.1218572513,3,14.86001172,45.13998828
117.6690351,39.0031269,-76.50020678,-0.1218572515,3,14.87000076,45.12999924
117.7192917,39.00312824,-76.50020699,-0.1218572517,3,14.88000176,45.11999824
117.769477,39.00312958,-76.5002072,-0.1218572519,3,14.89001164,45.10998836
117.8197078,39.00313092,-76.50020741,-0.1218572522,3,14.90000941,45.09999059
117.8699778,39.00313226,-76.50020762,-0.1218572524,3,14.90999952,45.09000048
117.9202521,39.00313361,-76.50020783,-0.1218572526,3,14.92000358,45.07999642
117.9704231,39.00313495,-76.50020804,-0.1218572528,3,14.9300022,45.0699978
118.0205904,39.00313629,-76.50020825,-0.121857253,3,14.94000468,45.05999532
118.0707629,39.00313763,-76.50020846,-0.1218572532,3,14.95000008,45.04999992
118.1209229,39.00313897,-76.50020867,-0.1218572534,3,14.96000125,45.03999875
118.1711449,39.00314031,-76.50020888,-0.1218572537,3,14.97000329,45.02999671
118.2213214,39.00314165,-76.50020909,-0.1218572538,3,14.97999884,45.02000116
118.2714916,39.00314299,-76.5002093,-0.121857254,3,14.99000725,45.00999275
118.3216652,39.00314433,-76.50020951,-0.1218572541,3,15.00000039,44.99999961
118.3718393,39.00314568,-76.50020973,-0.1218572544,3,15.0100156,44.9899844
118.4220124,39.00314702,-76.50020994,-0.1218572546,3,15.02001155,44.97998845
118.4721804,39.00314836,-76.50021015,-0.1218572547,3,15.03000167,44.96999833
118.522451,39.0031497,-76.50021036,-0.121857255,3,15.04000142,44.95999858
118.5726171,39.00315104,-76.50021057,-0.1218572552,3,15.05000029,44.94999971
118.6228299,39.00315238,-76.50021078,-0.1218572553,3,15.06000713,44.93999287
118.6730113,39.00315372,-76.50021099,-0.1218572555,3,15.07000542,44.92999458
118.7232267,39.00315507,-76.5002112,-0.1218572557,3,15.08001002,44.91998998
118.7734025,39.00315641,-76.50021141,-0.1218572558,3,15.09000342,44.90999658
118.8235882,39.00315775,-76.50021162,-0.121857256,3,15.10000688,44.89999312
118.87385,39.00315909,-76.50021183,-0.1218572562,3,15.11000137,44.88999863
118.9240569,39.00316043,-76.50021204,-0.1218572564,3,15.12000186,44.87999814
118.9743145,39.00316177,-76.50021225,-0.1218572566,3,15.13000124,44.86999876
119.0251715,39.00316311,-76.50021246,-0.1218572567,3,15.14000859,44.85999141
119.0753401,39.00316445,-76.50021267,-0.1218572568,3,15.15000007,44.84999993
119.1255139,39.00316579,-76.50021288,-0.1218572571,3,15.16000512,44.83999488
119.1756735,39.00316713,-76.50021309,-0.1218572572,3,15.17000194,44.82999806
119.225865,39.00316848,-76.5002133,-0.1218572574,3,15.1800027,44.8199973
119.2760159,39.00317116,-76.50021372,-0.1218572576,3,15.20000189,44.79999811
119.3262025,39.0031725,-76.50021394,-0.1218572578,3,15.21000216,44.78999784
119.3763752,39.00317384,-76.50021415,-0.121857258,3,15.22000415,44.77999585
119.4265478,39.00317518,-76.50021436,-0.1218572582,3,15.23000066,44.76999934
119.476758,39.00317652,-76.50021457,-0.1218572583,3,15.24000401,44.75999599
119.5269434,39.00317786,-76.50021478,-0.1218572585,3,15.24999988,44.75000012
119.5771526,39.0031792,-76.50021499,-0.1218572586,3,15.25999867,44.74000133
119.6273474,39.00318055,-76.5002152,-0.1218572588,3,15.26999986,44.73000014
119.6775502,39.00318189,-76.50021541,-0.121857259,3,15.27999976,44.72000024
119.727728,39.00318323,-76.50021562,-0.1218572591,3,15.29000138,44.70999862
119.7778929,39.00318457,-76.50021583,-0.1218572591,3,15.3000014,44.6999986
119.8280568,39.00318591,-76.50021604,-0.1218572594,3,15.31000985,44.68999015
119.878292,39.00318725,-76.50021625,-0.1218572595,3,15.32000027,44.67999973
119.9285084,39.00318859,-76.50021646,-0.1218572596,3,15.33000446,44.66999554
119.978693,39.00318993,-76.50021667,-0.1218572597,3,15.33999939,44.66000061
120.0289122,39.00319127,-76.50021688,-0.1218572599,3,15.34999887,44.65000113
120.0791426,39.00319262,-76.50021709,-0.12185726,3,15.35999888,44.64000112
120.1293103,39.00319396,-76.5002173,-0.1218572601,3,15.36999905,44.63000095
120.1795035,39.0031953,-76.50021751,-0.1218572603,3,15.38000744,44.61999256
120.2297016,39.00319664,-76.50021772,-0.1218572604,3,15.39000007,44.60999993
120.2799038,39.00319798,-76.50021793,-0.1218572605,3,15.40000249,44.59999751
120.3302364,39.00319932,-76.50021815,-0.1218572606,3,15.41002052,44.58997948
120.3804295,39.00320066,-76.50021836,-0.1218572608,3,15.42000741,44.57999259
120.4306632,39.003202,-76.50021857,-0.1218572609,3,15.43000821,44.56999179
120.4808668,39.00320335,-76.50021878,-0.121857261,3,15.44000219,44.55999781
120.5310437,39.00320469,-76.50021899,-0.121857261,3,15.44999933,44.55000067
120.5812119,39.00320603,-76.5002192,-0.1218572613,3,15.4600022,44.5399978
120.631409,39.00320737,-76.50021941,-0.1218572614,3,15.47000266,44.52999734
120.6815751,39.00320871,-76.50021962,-0.1218572615,3,15.48000407,44.51999593
120.7317455,39.00321005,-76.50021983,-0.1218572617,3,15.48999913,44.51000087
120.7819114,39.00321139,-76.50022004,-0.1218572617,3,15.50001007,44.49998993
120.8320512,39.00321274,-76.50022025,-0.1218572619,3,15.51001607,44.48998393
120.882266,39.00321408,-76.50022046,-0.121857262,3,15.52000855,44.47999145
120.9324591,39.00321542,-76.50022067,-0.1218572621,3,15.53000836,44.46999164
120.9826471,39.00321676,-76.50022088,-0.1218572622,3,15.54000013,44.45999987
121.0328162,39.0032181,-76.50022109,-0.1218572623,3,15.5500029,44.4499971
121.0830186,39.00321944,-76.5002213,-0.1218572624,3,15.56000162,44.43999838
121.1332011,39.00322078,-76.50022151,-0.1218572626,3,15.57000138,44.42999862
121.1834035,39.00322212,-76.50022172,-0.1218572626,3,15.57999947,44.42000053
121.2335759,39.00322346,-76.50022193,-0.1218572627,3,15.59000224,44.40999776
121.2837287,39.0032248,-76.50022214,-0.1218572628,3,15.59999982,44.40000018
121.3339404,39.00322615,-76.50022236,-0.121857263,3,15.61000894,44.38999106
121.3841774,39.00322749,-76.50022257,-0.121857263,3,15.61999941,44.38000059
121.4344018,39.00322883,-76.50022278,-0.1218572632,3,15.63000738,44.36999262
121.4845655,39.00323017,-76.50022299,-0.1218572632,3,15.6399993,44.3600007
121.5347456,39.00323151,-76.5002232,-0.1218572633,3,15.65000364,44.34999636
121.584895,39.00323285,-76.50022341,-0.1218572634,3,15.65999857,44.34000143
121.6350327,39.00323419,-76.50022362,-0.1218572635,3,15.67000568,44.32999432
121.6851854,39.00323553,-76.50022383,-0.1218572636,3,15.68000832,44.31999168
121.735333,39.00323687,-76.50022404,-0.1218572637,3,15.68999941,44.31000059
121.785526,39.00323821,-76.50022425,-0.1218572638,3,15.70000064,44.29999936
121.8357078,39.00323956,-76.50022446,-0.121857264,3,15.70999948,44.29000052
121.885873,39.0032409,-76.50022467,-0.121857264,3,15.71999773,44.28000227
121.9361364,39.00324224,-76.50022488,-0.1218572641,3,15.73000054,44.26999946
121.9864217,39.00324358,-76.50022509,-0.1218572642,3,15.7399942,44.2600058
122.036615,39.00324492,-76.5002253,-0.1218572642,3,15.75000249,44.24999751
122.0867953,39.00324626,-76.50022551,-0.1218572643,3,15.76001214,44.23998786
122.1369533,39.0032476,-76.50022572,-0.1218572644,3,15.77000137,44.22999863
122.1871515,39.00324894,-76.50022593,-0.1218572645,3,15.78000188,44.21999812
122.2372962,39.00325028,-76.50022614,-0.1218572646,3,15.78999881,44.21000119
122.2875049,39.00325163,-76.50022635,-0.1218572647,3,15.79999973,44.20000026
122.3376635,39.00325297,-76.50022656,-0.1218572648,3,15.80999937,44.19000063
122.3878064,39.00325431,-76.50022678,-0.1218572649,3,15.82000156,44.17999844
122.4379397,39.00325565,-76.50022699,-0.1218572649,3,15.83000017,44.16999983
122.488162,39.00325699,-76.5002272,-0.121857265,3,15.84000201,44.15999799
122.5384137,39.00325833,-76.50022741,-0.1218572651,3,15.85000129,44.14999871
122.5885939,39.00325967,-76.50022762,-0.1218572652,3,15.86000279,44.13999721
122.6388083,39.00326101,-76.50022783,-0.1218572652,3,15.86999834,44.13000166
122.6889616,39.00326236,-76.50022804,-0.1218572653,3,15.87999892,44.12000108
122.7391526,39.0032637,-76.50022825,-0.1218572655,3,15.88999878,44.11000122
122.7893239,39.00326504,-76.50022846,-0.1218572655,3,15.89999871,44.10000129
122.8394903,39.00326638,-76.50022867,-0.1218572656,3,15.90999811,44.09000189
122.8896621,39.00326772,-76.50022888,-0.1218572656,3,15.91999844,44.08000156
122.9398322,39.00326906,-76.50022909,-0.1218572657,3,15.93000168,44.06999832
122.9900047,39.0032704,-76.5002293,-0.1218572658,3,15.94000266,44.05999733
123.0402334,39.00327174,-76.50022951,-0.1218572658,3,15.94999893,44.05000107
123.0903986,39.00327308,-76.50022972,-0.121857266,3,15.96000155,44.03999845
123.1405491,39.00327443,-76.50022993,-0.121857266,3,15.9699996,44.0300004
123.190747,39.00327577,-76.50023014,-0.1218572661,3,15.97999919,44.02000081
123.2410261,39.00327711,-76.50023035,-0.1218572661,3,15.99000513,44.00999487
123.2913051,39.00327845,-76.50023056,-0.1218572662,3,16.00000283,43.99999717
123.3414924,39.00327979,-76.50023077,-0.1218572663,3,16.00999759,43.99000241
123.3916896,39.00328113,-76.50023099,-0.1218572663,3,16.02000271,43.97999729
123.4418975,39.00328247,-76.5002312,-0.1218572664,3,16.03000512,43.96999488
123.4920833,39.00328381,-76.50023141,-0.1218572665,3,16.04000356,43.95999644
123.5423091,39.00328515,-76.50023162,-0.1218572665,3,16.0499996,43.9500004
123.592498,39.0032865,-76.50023183,-0.1218572666,3,16.06000111,43.93999889
123.6426723,39.00328784,-76.50023204,-0.1218572667,3,16.06999975,43.93000025
123.6928267,39.00328918,-76.50023225,-0.1218572667,3,16.0800015,43.9199985
123.7429878,39.00329052,-76.50023246,-0.1218572667,3,16.08999632,43.91000368
123.7931911,39.00329186,-76.50023267,-0.1218572668,3,16.10000733,43.89999267
123.843392,39.0032932,-76.50023288,-0.1218572669,3,16.11000064,43.88999936
123.893554,39.00329454,-76.50023309,-0.121857267,3,16.12000767,43.87999233
123.9437167,39.00329588,-76.5002333,-0.1218572671,3,16.13000382,43.86999618
123.9938982,39.00329723,-76.50023351,-0.1218572671,3,16.14001146,43.85998854
124.0440582,39.00329857,-76.50023372,-0.1218572672,3,16.1500114,43.8499886
124.0942951,39.00329991,-76.50023393,-0.1218572672,3,16.16000781,43.83999219
124.1444704,39.00330125,-76.50023414,-0.1218572672,3,16.17001204,43.82998796
124.1946769,39.00330259,-76.50023435,-0.1218572673,3,16.18000427,43.81999573
124.2449097,39.00330393,-76.50023456,-0.1218572673,3,16.19001134,43.80998866
124.2951603,39.00330527,-76.50023477,-0.1218572674,3,16.20000815,43.79999185
124.3453767,39.00330661,-76.50023498,-0.1218572675,3,16.21000186,43.78999814
124.3955784,39.00330796,-76.5002352,-0.1218572675,3,16.22000717,43.77999283
124.4457527,39.0033093,-76.50023541,-0.1218572676,3,16.23000791,43.76999209
124.4959434,39.00331064,-76.50023562,-0.1218572676,3,16.24001154,43.75998846
124.5461337,39.00331198,-76.50023583,-0.1218572677,3,16.25001724,43.74998276
124.5963288,39.00331332,-76.50023604,-0.1218572677,3,16.26000655,43.73999345
124.6465071,39.00331466,-76.50023625,-0.1218572678,3,16.27000424,43.72999576
124.6967198,39.003316,-76.50023646,-0.1218572679,3,16.28001255,43.71998745
124.7468829,39.00331734,-76.50023667,-0.1218572679,3,16.29001156,43.70998844
124.7970474,39.00331868,-76.50023688,-0.1218572679,3,16.30000418,43.69999582
124.8472578,39.00332003,-76.50023709,-0.121857268,3,16.31000518,43.68999482
124.8974472,39.00332137,-76.5002373,-0.1218572681,3,16.32001094,43.67998906
124.9476457,39.00332271,-76.50023751,-0.1218572681,3,16.33001069,43.66998931
124.997874,39.00332405,-76.50023772,-0.1218572681,3,16.34001087,43.65998913
125.0480627,39.00332539,-76.50023793,-0.1218572682,3,16.35000963,43.64999037
125.0982603,39.00332673,-76.50023814,-0.1218572683,3,16.36000885,43.63999115
125.1484192,39.00332807,-76.50023835,-0.1218572682,3,16.37000592,43.62999408
125.1985907,39.00332941,-76.50023856,-0.1218572683,3,16.38000103,43.61999897
125.2487891,39.00333075,-76.50023877,-0.1218572683,3,16.39000838,43.60999162
125.2990178,39.0033321,-76.50023898,-0.1218572684,3,16.40000908,43.59999092
125.3491836,39.00333344,-76.50023919,-0.1218572684,3,16.41001029,43.58998971
125.3994358,39.00333478,-76.50023941,-0.1218572685,3,16.42002274,43.57997726
125.4496185,39.00333612,-76.50023962,-0.1218572685,3,16.43000925,43.56999075
125.4998008,39.00333746,-76.50023983,-0.1218572686,3,16.44000027,43.55999973
125.5499853,39.0033388,-76.50024004,-0.1218572687,3,16.45000863,43.54999137
125.6001851,39.00334014,-76.50024025,-0.1218572687,3,16.45999829,43.54000171
125.6504361,39.00334148,-76.50024046,-0.1218572688,3,16.47000543,43.52999457
125.7007716,39.00334282,-76.50024067,-0.1218572688,3,16.48000039,43.51999961
125.7509675,39.00334417,-76.50024088,-0.1218572688,3,16.49002841,43.50997159
125.8011743,39.00334551,-76.50024109,-0.1218572689,3,16.49999992,43.50000008
125.8513797,39.00334685,-76.5002413,-0.1218572689,3,16.51000492,43.48999508
125.9016544,39.00334819,-76.50024151,-0.1218572689,3,16.519999,43.480001
125.9518731,39.00334953,-76.50024172,-0.121857269,3,16.53000498,43.46999502
126.0020529,39.00335087,-76.50024193,-0.121857269,3,16.53999735,43.46000265
126.0522874,39.00335221,-76.50024214,-0.1218572691,3,16.55000803,43.44999197
126.1024632,39.00335355,-76.50024235,-0.1218572691,3,16.56000034,43.43999966
126.1526894,39.0033549,-76.50024256,-0.1218572691,3,16.57001214,43.42998786
126.2029147,39.00335624,-76.50024277,-0.1218572691,3,16.58000644,43.41999356
126.2531585,39.00335758,-76.50024298,-0.1218572692,3,16.59000805,43.40999195
126.3033542,39.00335892,-76.50024319,-0.1218572692,3,16.60001098,43.39998902
126.3535728,39.00336026,-76.5002434,-0.1218572692,3,16.61000762,43.38999238
126.403788,39.0033616,-76.50024362,-0.1218572693,3,16.62000423,43.37999577
126.4540023,39.00336294,-76.50024383,-0.1218572693,3,16.63000918,43.36999082
126.5042603,39.00336428,-76.50024404,-0.1218572694,3,16.64000742,43.35999258
126.5544647,39.00336562,-76.50024425,-0.1218572694,3,16.65001049,43.34998951
126.6046661,39.00336696,-76.50024446,-0.1218572694,3,16.66000269,43.33999731
126.6548559,39.00336831,-76.50024467,-0.1218572695,3,16.66999872,43.33000128
126.705069,39.00336965,-76.50024488,-0.1218572695,3,16.68000292,43.31999708
126.7553298,39.00337099,-76.50024509,-0.1218572695,3,16.68999929,43.31000071
126.8055356,39.00337233,-76.5002453,-0.1218572695,3,16.70000579,43.29999421
126.8557524,39.00337367,-76.50024551,-0.1218572696,3,16.71000478,43.28999522
126.9059554,39.00337501,-76.50024572,-0.1218572696,3,16.72000057,43.27999943
126.9561651,39.00337635,-76.50024593,-0.1218572696,3,16.72999978,43.27000022
127.0064103,39.00337769,-76.50024614,-0.1218572697,3,16.74000334,43.25999666
127.0566153,39.00337904,-76.50024635,-0.1218572697,3,16.75000973,43.24999027
127.106823,39.00338038,-76.50024656,-0.1218572697,3,16.76000177,43.23999823
127.1570689,39.00338172,-76.50024677,-0.1218572698,3,16.77001086,43.22998914
127.2072644,39.00338306,-76.50024698,-0.1218572698,3,16.78000095,43.21999905
127.2574426,39.0033844,-76.50024719,-0.1218572698,3,16.78999989,43.21000011
127.3076274,39.00338574,-76.5002474,-0.1218572699,3,16.80000195,43.19999805
127.3578299,39.00338708,-76.50024761,-0.1218572699,3,16.81001131,43.18998869
127.4080519,39.00338842,-76.50024783,-0.1218572699,3,16.82001516,43.17998484
127.458245,39.00338976,-76.50024804,-0.12185727,3,16.83000887,43.16999113
127.5084404,39.00339111,-76.50024825,-0.12185727,3,16.84000132,43.15999868
127.5586919,39.00339245,-76.50024846,-0.1218572701,3,16.8500006,43.1499994
127.6088605,39.00339379,-76.50024867,-0.12185727,3,16.86000027,43.13999973
127.6590911,39.00339513,-76.50024888,-0.1218572701,3,16.87000007,43.12999993
127.7093212,39.00339647,-76.50024909,-0.1218572701,3,16.88000949,43.11999051
127.7595392,39.00339781,-76.5002493,-0.1218572701,3,16.8900007,43.1099993
127.8097203,39.00339915,-76.50024951,-0.1218572702,3,16.90000334,43.09999666
127.859911,39.00340049,-76.50024972,-0.1218572702,3,16.91000409,43.08999591
127.9100938,39.00340183,-76.50024993,-0.1218572702,3,16.92000214,43.07999786
127.9602616,39.00340318,-76.50025014,-0.1218572702,3,16.93000946,43.06999054
128.0104424,39.00340452,-76.50025035,-0.1218572702,3,16.94001883,43.05998117
128.0606038,39.00340586,-76.50025056,-0.1218572703,3,16.95001621,43.04998379
128.1107548,39.0034072,-76.50025077,-0.1218572703,3,16.96000068,43.03999932
128.1609441,39.00340854,-76.50025098,-0.1218572704,3,16.97000341,43.02999659
128.2111716,39.00340988,-76.50025119,-0.1218572704,3,16.98000045,43.01999955
128.261345,39.00341122,-76.5002514,-0.1218572703,3,16.99001112,43.00998888
128.311509,39.00341256,-76.50025161,-0.1218572704,3,16.99999875,43.00000125
128.3616701,39.0034139,-76.50025182,-0.1218572704,3,17.01000217,42.98999783
128.4118319,39.00341525,-76.50025204,-0.1218572704,3,17.01999815,42.98000185
128.4619934,39.00341659,-76.50025225,-0.1218572705,3,17.02999996,42.97000004
128.5122422,39.00341793,-76.50025246,-0.1218572705,3,17.04000506,42.95999494
128.5624128,39.00341927,-76.50025267,-0.1218572705,3,17.04999962,42.95000038
128.6126145,39.00342061,-76.50025288,-0.1218572705,3,17.06000085,42.93999915
128.6627669,39.00342195,-76.50025309,-0.1218572705,3,17.07000191,42.92999809
128.7129175,39.00342329,-76.5002533,-0.1218572706,3,17.08000504,42.91999496
128.7630721,39.00342463,-76.50025351,-0.1218572706,3,17.09000642,42.90999358
128.8132948,39.00342597,-76.50025372,-0.1218572706,3,17.09999943,42.90000057
128.8634461,39.00342732,-76.50025393,-0.1218572706,3,17.10999903,42.89000097
128.9135935,39.00342866,-76.50025414,-0.1218572706,3,17.11999966,42.88000034
128.9637523,39.00343,-76.50025435,-0.1218572707,3,17.12999859,42.87000141
129.0139045,39.00343134,-76.50025456,-0.1218572707,3,17.13999988,42.86000012
129.0641256,39.00343268,-76.50025477,-0.1218572707,3,17.14999935,42.85000065
129.1142848,39.00343402,-76.50025498,-0.1218572708,3,17.16001792,42.83998208
129.1644673,39.00343536,-76.50025519,-0.1218572708,3,17.17000314,42.82999686
129.2146191,39.0034367,-76.5002554,-0.1218572708,3,17.18000639,42.81999361
129.2647604,39.00343804,-76.50025561,-0.1218572708,3,17.19000035,42.80999965
129.3149367,39.00343939,-76.50025582,-0.1218572708,3,17.19999697,42.80000303
129.3650964,39.00344073,-76.50025603,-0.1218572708,3,17.2099992,42.7900008
129.4152722,39.00344207,-76.50025625,-0.1218572709,3,17.21999957,42.78000043
129.4654362,39.00344341,-76.50025646,-0.1218572708,3,17.23000778,42.76999222
129.515627,39.00344475,-76.50025667,-0.1218572709,3,17.23999957,42.76000043
129.5658058,39.00344609,-76.50025688,-0.1218572709,3,17.250009,42.749991
129.6159581,39.00344743,-76.50025709,-0.1218572709,3,17.26000547,42.73999453
129.6661489,39.00344878,-76.5002573,-0.1218572709,3,17.27000761,42.72999239
129.7163093,39.00345011,-76.50025751,-0.121857271,3,17.27999556,42.72000444
129.7664555,39.00345146,-76.50025772,-0.121857271,3,17.29000106,42.70999894
129.8166046,39.0034528,-76.50025793,-0.121857271,3,17.30000289,42.69999711
129.8667665,39.00345414,-76.50025814,-0.121857271,3,17.31000868,42.68999132
129.9169175,39.00345548,-76.50025835,-0.121857271,3,17.32000432,42.67999568
129.9670769,39.00345682,-76.50025856,-0.121857271,3,17.32999976,42.67000024
130.0173032,39.00345816,-76.50025877,-0.1218572711,3,17.33999917,42.66000083
130.0674701,39.0034595,-76.50025898,-0.1218572711,3,17.34999957,42.65000043
130.1176207,39.00346084,-76.50025919,-0.1218572711,3,17.35999895,42.64000105
130.16777,39.00346219,-76.5002594,-0.1218572711,3,17.3699991,42.6300009
130.2179204,39.00346353,-76.50025961,-0.1218572711,3,17.3800017,42.6199983
130.2680932,39.00346487,-76.50025982,-0.1218572712,3,17.3899997,42.6100003
130.3183637,39.00346621,-76.50026003,-0.1218572712,3,17.39999843,42.60000157
130.3685232,39.00346755,-76.50026024,-0.1218572711,3,17.40999998,42.59000002
130.4187432,39.00346889,-76.50026046,-0.1218572712,3,17.42000732,42.57999268
130.4689075,39.00347023,-76.50026067,-0.1218572712,3,17.4300035,42.5699965
130.519079,39.00347157,-76.50026088,-0.1218572712,3,17.44000298,42.55999702
130.5692938,39.00347292,-76.50026109,-0.1218572712,3,17.45000453,42.54999547
130.6194598,39.00347426,-76.5002613,-0.1218572712,3,17.46000038,42.53999962
130.6696422,39.0034756,-76.50026151,-0.1218572712,3,17.46999844,42.53000156
130.7198469,39.00347694,-76.50026172,-0.1218572713,3,17.48000391,42.51999609
130.7700678,39.00347828,-76.50026193,-0.1218572713,3,17.4900033,42.5099967
130.8202774,39.00347962,-76.50026214,-0.1218572713,3,17.50000505,42.49999495
130.8704823,39.00348096,-76.50026235,-0.1218572713,3,17.5100032,42.4899968
130.9206641,39.0034823,-76.50026256,-0.1218572714,3,17.52000517,42.47999483
130.9708576,39.00348364,-76.50026277,-0.1218572713,3,17.53000375,42.46999625
131.0210373,39.00348498,-76.50026298,-0.1218572714,3,17.54000112,42.45999888
131.0712721,39.00348633,-76.50026319,-0.1218572714,3,17.55000451,42.44999549
131.1214533,39.00348767,-76.5002634,-0.1218572714,3,17.56000041,42.43999959
131.1716455,39.00348901,-76.50026361,-0.1218572714,3,17.57000236,42.42999764
131.221779,39.00349035,-76.50026382,-0.1218572713,3,17.57999893,42.42000107
131.2719535,39.00349169,-76.50026403,-0.1218572714,3,17.5899999,42.4100001
131.3221567,39.00349303,-76.50026424,-0.1218572714,3,17.59999723,42.40000277
131.3723125,39.00349437,-76.50026445,-0.1218572715,3,17.60999899,42.39000101
131.4224964,39.00349571,-76.50026466,-0.1218572715,3,17.62000069,42.37999931
131.4726502,39.00349705,-76.50026488,-0.1218572714,3,17.6299985,42.3700015
131.5228126,39.0034984,-76.50026509,-0.1218572715,3,17.63999936,42.36000064
131.5730188,39.00349974,-76.5002653,-0.1218572715,3,17.6500034,42.3499966
131.623154,39.00350108,-76.50026551,-0.1218572715,3,17.65999826,42.34000174
131.6733142,39.00350242,-76.50026572,-0.1218572716,3,17.67000068,42.32999932
131.7234644,39.00350376,-76.50026593,-0.1218572716,3,17.67999872,42.32000128
131.773608,39.0035051,-76.50026614,-0.1218572715,3,17.69000103,42.30999897
131.8238579,39.00350644,-76.50026635,-0.1218572715,3,17.69999007,42.30000993
131.87406,39.00350779,-76.50026656,-0.1218572716,3,17.71000836,42.28999164
131.9242971,39.00350913,-76.50026677,-0.1218572716,3,17.7200009,42.2799991
131.9744623,39.00351047,-76.50026698,-0.1218572716,3,17.73001285,42.26998715
132.0246121,39.00351181,-76.50026719,-0.1218572716,3,17.74001265,42.25998735
132.0747863,39.00351315,-76.5002674,-0.1218572716,3,17.75000773,42.24999227
132.1249515,39.00351449,-76.50026761,-0.1218572717,3,17.7600085,42.2399915
132.1751433,39.00351583,-76.50026782,-0.1218572717,3,17.77000115,42.22999885
132.2253377,39.00351717,-76.50026803,-0.1218572716,3,17.77999939,42.22000061
132.2755463,39.00351851,-76.50026824,-0.1218572716,3,17.78999837,42.21000163
132.3257019,39.00351986,-76.50026845,-0.1218572717,3,17.80001023,42.19998977
132.3758599,39.00352254,-76.50026887,-0.1218572717,3,17.82000008,42.17999992
132.4260173,39.00352388,-76.50026909,-0.1218572717,3,17.83000842,42.16999158
132.4762575,39.00352522,-76.5002693,-0.1218572716,3,17.84000592,42.15999408
132.5264547,39.00352656,-76.50026951,-0.1218572717,3,17.85000022,42.14999978
132.5766128,39.0035279,-76.50026972,-0.1218572717,3,17.86000049,42.13999951
132.6267679,39.00352924,-76.50026993,-0.1218572718,3,17.86999861,42.13000139
132.6769159,39.00353058,-76.50027014,-0.1218572718,3,17.88000159,42.11999841
132.7270765,39.00353192,-76.50027035,-0.1218572717,3,17.89000025,42.10999975
132.7772631,39.00353327,-76.50027056,-0.1218572718,3,17.90000247,42.09999753
132.8274308,39.00353461,-76.50027077,-0.1218572718,3,17.909999,42.090001
132.8775937,39.00353595,-76.50027098,-0.1218572718,3,17.92000027,42.07999973
132.9278775,39.00353729,-76.50027119,-0.1218572718,3,17.93000054,42.06999946
132.9780456,39.00353863,-76.5002714,-0.1218572718,3,17.94001106,42.05998894
133.0283274,39.00353997,-76.50027161,-0.1218572718,3,17.94999931,42.05000069
133.0785362,39.00354131,-76.50027182,-0.1218572718,3,17.9600035,42.0399965
133.1286902,39.00354265,-76.50027203,-0.1218572718,3,17.97000006,42.02999994
133.1788404,39.00354399,-76.50027224,-0.1218572718,3,17.97999843,42.02000157
133.2289913,39.00354534,-76.50027245,-0.1218572719,3,17.99000007,42.00999993
133.2791572,39.00354668,-76.50027266,-0.1218572718,3,18.00000136,41.99999864
133.3294463,39.00354802,-76.50027287,-0.1218572719,3,18.01001059,41.98998941
133.3796743,39.00354936,-76.50027308,-0.1218572719,3,18.02000271,41.97999729
133.4298764,39.0035507,-76.5002733,-0.1218572719,3,18.03000008,41.96999992
133.4800678,39.00355204,-76.50027351,-0.1218572719,3,18.03999903,41.96000097
133.5302943,39.00355338,-76.50027372,-0.1218572719,3,18.05000033,41.94999967
133.5804826,39.00355472,-76.50027393,-0.1218572719,3,18.05999962,41.94000038
133.6307026,39.00355607,-76.50027414,-0.1218572719,3,18.06999937,41.93000063
133.6809215,39.00355741,-76.50027435,-0.1218572719,3,18.08000402,41.91999598
133.7311676,39.00355875,-76.50027456,-0.1218572719,3,18.09000064,41.90999936
133.7813785,39.00356009,-76.50027477,-0.1218572719,3,18.1000009,41.8999991
133.8315881,39.00356143,-76.50027498,-0.1218572719,3,18.1099992,41.8900008
133.8817926,39.00356277,-76.50027519,-0.121857272,3,18.12000143,41.87999857
133.9320065,39.00356411,-76.5002754,-0.121857272,3,18.12999936,41.87000064
133.9821551,39.00356545,-76.50027561,-0.1218572719,3,18.13999857,41.86000143
134.0323144,39.00356679,-76.50027582,-0.121857272,3,18.14999816,41.85000184
134.0825341,39.00356814,-76.50027603,-0.121857272,3,18.15999878,41.84000122
134.132686,39.00356948,-76.50027624,-0.121857272,3,18.17000016,41.82999984
134.1828571,39.00357082,-76.50027645,-0.121857272,3,18.18000209,41.81999791
134.2330534,39.00357216,-76.50027666,-0.121857272,3,18.19000277,41.80999723
134.2832796,39.0035735,-76.50027687,-0.121857272,3,18.20000393,41.79999607
134.3334562,39.00357484,-76.50027708,-0.121857272,3,18.20999902,41.79000098
134.3836087,39.00357618,-76.50027729,-0.121857272,3,18.21999907,41.78000093
134.4338039,39.00357752,-76.50027751,-0.121857272,3,18.22999882,41.77000118
134.4839616,39.00357886,-76.50027772,-0.121857272,3,18.23999857,41.76000143
134.5341305,39.00358021,-76.50027793,-0.121857272,3,18.24999871,41.75000129
134.584288,39.00358155,-76.50027814,-0.1218572721,3,18.26001824,41.73998176
134.6344451,39.00358289,-76.50027835,-0.121857272,3,18.26999974,41.73000026
134.6846164,39.00358423,-76.50027856,-0.121857272,3,18.27999775,41.72000225
134.734801,39.00358557,-76.50027877,-0.121857272,3,18.28999914,41.71000086
134.7849786,39.00358691,-76.50027898,-0.1218572721,3,18.29999977,41.70000023
134.8351843,39.00358825,-76.50027919,-0.1218572721,3,18.30999796,41.69000204
134.8853591,39.00358959,-76.5002794,-0.1218572721,3,18.31999925,41.68000075
134.9355458,39.00359093,-76.50027961,-0.1218572721,3,18.32999882,41.67000118
134.9857494,39.00359228,-76.50027982,-0.1218572721,3,18.33999936,41.66000064
135.0359193,39.00359362,-76.50028003,-0.1218572721,3,18.34999968,41.65000032
135.0861537,39.00359496,-76.50028024,-0.1218572721,3,18.36000059,41.63999941
135.1363421,39.0035963,-76.50028045,-0.1218572721,3,18.36999909,41.63000091
135.1865273,39.00359764,-76.50028066,-0.1218572721,3,18.37999923,41.62000077
135.2367091,39.00359898,-76.50028087,-0.1218572721,3,18.38999893,41.61000107
135.2868962,39.00360032,-76.50028108,-0.1218572721,3,18.39999961,41.60000039
135.3371683,39.00360166,-76.50028129,-0.1218572721,3,18.41000144,41.58999856
135.3873915,39.00360301,-76.5002815,-0.1218572721,3,18.42000054,41.57999946
135.4375734,39.00360435,-76.50028172,-0.1218572721,3,18.43000194,41.56999806
135.4877392,39.00360569,-76.50028193,-0.1218572721,3,18.43999895,41.56000105
135.5378991,39.00360703,-76.50028214,-0.1218572722,3,18.44999832,41.55000168
135.5880548,39.00360837,-76.50028235,-0.1218572722,3,18.46000123,41.53999877
135.6382456,39.00360971,-76.50028256,-0.1218572722,3,18.47000015,41.52999985
135.6884107,39.00361105,-76.50028277,-0.1218572722,3,18.47999913,41.52000087
135.7385761,39.00361239,-76.50028298,-0.1218572721,3,18.48999845,41.51000155
135.788758,39.00361373,-76.50028319,-0.1218572722,3,18.50000047,41.49999953
135.8389261,39.00361508,-76.5002834,-0.1218572722,3,18.51000185,41.48999815
135.8891423,39.00361642,-76.50028361,-0.1218572722,3,18.51999814,41.48000186
135.9394218,39.00361776,-76.50028382,-0.1218572721,3,18.52999779,41.47000221
135.9896385,39.0036191,-76.50028403,-0.1218572722,3,18.53999838,41.46000162
136.0398206,39.00362044,-76.50028424,-0.1218572722,3,18.55000825,41.44999175
136.0900462,39.00362178,-76.50028445,-0.1218572722,3,18.56000393,41.43999607
136.140331,39.00362312,-76.50028466,-0.1218572722,3,18.56999895,41.43000105
136.1905014,39.00362446,-76.50028487,-0.1218572721,3,18.57999743,41.42000257
136.2406604,39.0036258,-76.50028508,-0.1218572721,3,18.58999769,41.41000231
136.2908483,39.00362715,-76.50028529,-0.1218572722,3,18.59999751,41.40000249
136.3410151,39.00362849,-76.5002855,-0.1218572722,3,18.60999715,41.39000285
136.3912065,39.00362983,-76.50028571,-0.1218572723,3,18.6199985,41.3800015
136.4413961,39.00363117,-76.50028593,-0.1218572723,3,18.62999652,41.37000348
136.4915759,39.00363251,-76.50028614,-0.1218572722,3,18.63999854,41.36000146
136.5417467,39.00363385,-76.50028635,-0.1218572722,3,18.64999233,41.35000767
136.5919256,39.00363519,-76.50028656,-0.1218572723,3,18.66000726,41.33999274
136.6421809,39.00363653,-76.50028677,-0.1218572722,3,18.6699986,41.3300014
136.6923775,39.00363788,-76.50028698,-0.1218572722,3,18.68000504,41.31999496
136.7425997,39.00363922,-76.50028719,-0.1218572723,3,18.68999834,41.31000166
136.7927889,39.00364056,-76.5002874,-0.1218572723,3,18.7000023,41.2999977
136.8429771,39.0036419,-76.50028761,-0.1218572723,3,18.70999861,41.29000139
136.8932293,39.00364324,-76.50028782,-0.1218572722,3,18.7200057,41.2799943
136.9434401,39.00364458,-76.50028803,-0.1218572722,3,18.73000054,41.26999946
136.9936379,39.00364592,-76.50028824,-0.1218572723,3,18.74001014,41.25998986
137.0438177,39.00364726,-76.50028845,-0.1218572723,3,18.75001408,41.24998592
137.0940269,39.0036486,-76.50028866,-0.1218572723,3,18.76000585,41.23999415
137.1443511,39.00364995,-76.50028887,-0.1218572723,3,18.7700005,41.2299995
137.1945752,39.00365129,-76.50028908,-0.1218572723,3,18.77999857,41.22000143
137.2447385,39.00365263,-76.50028929,-0.1218572723,3,18.78999895,41.21000105
137.294906,39.00365397,-76.5002895,-0.1218572723,3,18.79999984,41.20000016
137.3450649,39.00365531,-76.50028971,-0.1218572723,3,18.80999938,41.19000062
137.3953057,39.00365665,-76.50028993,-0.1218572723,3,18.82002609,41.17997391
137.4454882,39.00365799,-76.50029014,-0.1218572723,3,18.8300055,41.1699945
137.4956987,39.00365933,-76.50029035,-0.1218572723,3,18.84000164,41.15999836
137.5459425,39.00366067,-76.50029056,-0.1218572723,3,18.85000051,41.14999949
137.5961905,39.00366202,-76.50029077,-0.1218572723,3,18.85999989,41.14000011
137.646446,39.00366336,-76.50029098,-0.1218572723,3,18.86999873,41.13000127
137.6966725,39.0036647,-76.50029119,-0.1218572723,3,18.88000016,41.11999984
137.7468737,39.00366604,-76.5002914,-0.1218572723,3,18.88999875,41.11000125
137.7970441,39.00366738,-76.50029161,-0.1218572723,3,18.90001189,41.09998811
137.8472784,39.00366872,-76.50029182,-0.1218572723,3,18.90999916,41.09000084
137.897454,39.00367006,-76.50029203,-0.1218572723,3,18.92000175,41.07999825
137.9477159,39.00367141,-76.50029224,-0.1218572723,3,18.93001125,41.06998875
137.9979053,39.00367274,-76.50029245,-0.1218572723,3,18.9400009,41.0599991
138.0481337,39.00367409,-76.50029266,-0.1218572723,3,18.95000165,41.04999835
138.0983776,39.00367543,-76.50029287,-0.1218572723,3,18.96000203,41.03999797
138.1485813,39.00367677,-76.50029308,-0.1218572723,3,18.97000818,41.02999182
138.1988369,39.00367811,-76.50029329,-0.1218572723,3,18.98000179,41.01999821
138.2491696,39.00367945,-76.5002935,-0.1218572723,3,18.99000105,41.00999895
138.2994844,39.00368079,-76.50029371,-0.1218572723,3,19.00000433,40.99999567
138.3497609,39.00368213,-76.50029392,-0.1218572724,3,19.01000183,40.98999817
138.3999609,39.00368348,-76.50029414,-0.1218572724,3,19.02001245,40.97998755
138.4501507,39.00368482,-76.50029435,-0.1218572723,3,19.03000445,40.96999555
138.500345,39.00368616,-76.50029456,-0.1218572723,3,19.04000507,40.95999493
138.5505188,39.0036875,-76.50029477,-0.1218572724,3,19.0499999,40.9500001
138.600756,39.00368884,-76.50029498,-0.1218572724,3,19.05999997,40.94000003
138.6509915,39.00369018,-76.50029519,-0.1218572724,3,19.07000351,40.92999649
138.701153,39.00369152,-76.5002954,-0.1218572724,3,19.08000103,40.91999897
138.7513514,39.00369286,-76.50029561,-0.1218572723,3,19.09000255,40.90999745
138.8015333,39.0036942,-76.50029582,-0.1218572723,3,19.09999699,40.90000301
138.8516891,39.00369554,-76.50029603,-0.1218572724,3,19.10999988,40.89000012
138.9018835,39.00369689,-76.50029624,-0.1218572723,3,19.1200037,40.8799963
138.9520927,39.00369823,-76.50029645,-0.1218572724,3,19.13000058,40.86999942
139.0023775,39.00369957,-76.50029666,-0.1218572724,3,19.13999818,40.86000182
139.0525515,39.00370091,-76.50029687,-0.1218572724,3,19.15000743,40.84999257
139.1027724,39.00370225,-76.50029708,-0.1218572724,3,19.15999925,40.84000075
139.1529909,39.00370359,-76.50029729,-0.1218572724,3,19.17000021,40.82999979
139.2032166,39.00370493,-76.5002975,-0.1218572724,3,19.18000276,40.81999724
139.2534147,39.00370627,-76.50029771,-0.1218572724,3,19.19001021,40.80998979
139.3036544,39.00370762,-76.50029792,-0.1218572724,3,19.20000738,40.79999262
139.353927,39.00370896,-76.50029813,-0.1218572724,3,19.21000663,40.78999337
139.4041859,39.0037103,-76.50029835,-0.1218572724,3,19.22001195,40.77998805
139.454406,39.00371164,-76.50029856,-0.1218572724,3,19.23000109,40.76999891
139.5046291,39.00371298,-76.50029877,-0.1218572724,3,19.24001037,40.75998963
139.5548228,39.00371432,-76.50029898,-0.1218572725,3,19.25000418,40.74999582
139.6050153,39.00371566,-76.50029919,-0.1218572724,3,19.26001603,40.73998397
139.6552053,39.003717,-76.5002994,-0.1218572724,3,19.27000755,40.72999245
139.7053803,39.00371834,-76.50029961,-0.1218572724,3,19.2800089,40.7199911
139.7555596,39.00371969,-76.50029982,-0.1218572724,3,19.2900056,40.7099944
139.8057785,39.00372103,-76.50030003,-0.1218572725,3,19.3000098,40.6999902
139.8560341,39.00372237,-76.50030024,-0.1218572724,3,19.31001311,40.68998689
139.9062491,39.00372371,-76.50030045,-0.1218572724,3,19.32001072,40.67998928
139.956436,39.00372505,-76.50030066,-0.1218572724,3,19.32999939,40.67000061
140.0066437,39.00372639,-76.50030087,-0.1218572724,3,19.34000582,40.65999418
140.0568381,39.00372773,-76.50030108,-0.1218572725,3,19.35000898,40.64999102
140.1070267,39.00372907,-76.50030129,-0.1218572725,3,19.36000777,40.63999223
140.1573094,39.00373041,-76.5003015,-0.1218572724,3,19.37000089,40.62999911
140.2075024,39.00373176,-76.50030171,-0.1218572724,3,19.38000372,40.61999628
140.2576921,39.0037331,-76.50030192,-0.1218572724,3,19.38999772,40.61000228
140.3079196,39.00373444,-76.50030213,-0.1218572725,3,19.39999902,40.60000098
140.3582239,39.00373578,-76.50030234,-0.1218572725,3,19.41000189,40.58999811
140.4084515,39.00373712,-76.50030255,-0.1218572724,3,19.42000642,40.57999358
140.4586658,39.00373846,-76.50030277,-0.1218572724,3,19.43000246,40.56999754
140.5089262,39.0037398,-76.50030298,-0.1218572725,3,19.44000056,40.55999944
140.5591413,39.00374114,-76.50030319,-0.1218572725,3,19.4500002,40.5499998
140.6093256,39.00374248,-76.5003034,-0.1218572724,3,19.45999857,40.54000143
140.6595499,39.00374383,-76.50030361,-0.1218572725,3,19.47000301,40.52999699
140.7097394,39.00374517,-76.50030382,-0.1218572725,3,19.48000599,40.51999401
140.7599263,39.00374651,-76.50030403,-0.1218572724,3,19.48999955,40.51000045
140.8101389,39.00374785,-76.50030424,-0.1218572724,3,19.50000215,40.49999785
140.8603555,39.00374919,-76.50030445,-0.1218572724,3,19.51000228,40.48999772
140.9105534,39.00375053,-76.50030466,-0.1218572724,3,19.52000055,40.47999945
140.9607297,39.00375187,-76.50030487,-0.1218572725,3,19.53001007,40.46998993
141.0109213,39.00375321,-76.50030508,-0.1218572725,3,19.5400066,40.4599934
141.0611581,39.00375455,-76.50030529,-0.1218572724,3,19.54999927,40.45000073
141.1113783,39.0037559,-76.5003055,-0.1218572725,3,19.56000108,40.43999892
141.1615612,39.00375724,-76.50030571,-0.1218572725,3,19.57000064,40.42999936
141.21177,39.00375858,-76.50030592,-0.1218572725,3,19.58000072,40.41999928
141.2620034,39.00375992,-76.50030613,-0.1218572725,3,19.5899976,40.4100024
141.3121662,39.00376126,-76.50030634,-0.1218572725,3,19.60000466,40.39999534
141.3623606,39.0037626,-76.50030655,-0.1218572724,3,19.61000139,40.38999861
141.412632,39.00376394,-76.50030676,-0.1218572724,3,19.62000221,40.37999779
141.462785,39.00376529,-76.50030698,-0.1218572725,3,19.63001269,40.36998731
141.5129373,39.00376662,-76.50030719,-0.1218572725,3,19.64000014,40.35999986
141.5631246,39.00376797,-76.5003074,-0.1218572725,3,19.65000039,40.34999961
141.6133008,39.00376931,-76.50030761,-0.1218572725,3,19.66000048,40.33999952
141.6634636,39.00377065,-76.50030782,-0.1218572724,3,19.67000222,40.32999778
141.7136729,39.00377199,-76.50030803,-0.1218572725,3,19.68001295,40.31998705
141.7638603,39.00377333,-76.50030824,-0.1218572725,3,19.68999794,40.31000206
141.8140206,39.00377467,-76.50030845,-0.1218572725,3,19.69999831,40.30000169
141.8641902,39.00377601,-76.50030866,-0.1218572725,3,19.70999788,40.29000212
141.914438,39.00377735,-76.50030887,-0.1218572725,3,19.72000079,40.27999921
141.9645907,39.00377869,-76.50030908,-0.1218572725,3,19.72999812,40.27000188
142.0147563,39.00378004,-76.50030929,-0.1218572725,3,19.74000627,40.25999373
142.0649075,39.00378138,-76.5003095,-0.1218572725,3,19.74999873,40.25000127
142.1150827,39.00378272,-76.50030971,-0.1218572725,3,19.759997,40.240003
142.1652831,39.00378406,-76.50030992,-0.1218572725,3,19.76999984,40.23000016
142.2154513,39.0037854,-76.50031013,-0.1218572724,3,19.78000345,40.21999655
142.2656227,39.00378674,-76.50031034,-0.1218572725,3,19.78999726,40.21000274
142.3158204,39.00378808,-76.50031055,-0.1218572725,3,19.8000063,40.1999937
142.3660145,39.00378942,-76.50031076,-0.1218572725,3,19.81000502,40.18999498
142.4162579,39.00379077,-76.50031097,-0.1218572725,3,19.82000905,40.17999095
142.4664249,39.00379211,-76.50031119,-0.1218572725,3,19.83000951,40.16999049
142.5165828,39.00379345,-76.5003114,-0.1218572725,3,19.84000451,40.15999549
142.5668105,39.00379479,-76.50031161,-0.1218572725,3,19.85000852,40.14999148
142.6169633,39.00379613,-76.50031182,-0.1218572725,3,19.85999938,40.14000062
142.6671293,39.00379747,-76.50031203,-0.1218572725,3,19.86999875,40.13000125
142.7172835,39.00379881,-76.50031224,-0.1218572725,3,19.88001033,40.11998967
142.7674579,39.00380016,-76.50031245,-0.1218572725,3,19.89001677,40.10998323
142.817626,39.0038015,-76.50031266,-0.1218572725,3,19.90001305,40.09998695
142.8678478,39.00380284,-76.50031287,-0.1218572725,3,19.9100088,40.0899912
142.918039,39.00380418,-76.50031308,-0.1218572725,3,19.92001165,40.07998835
142.9682477,39.00380552,-76.50031329,-0.1218572725,3,19.9300184,40.0699816
143.0184201,39.00380686,-76.5003135,-0.1218572725,3,19.94000704,40.05999296
143.0685802,39.0038082,-76.50031371,-0.1218572725,3,19.95000991,40.04999009
143.1187608,39.00380954,-76.50031392,-0.1218572725,3,19.96000056,40.03999944
143.1689786,39.00381088,-76.50031413,-0.1218572725,3,19.97001357,40.02998643
143.2191544,39.00381222,-76.50031434,-0.1218572725,3,19.98000182,40.01999818
143.2693208,39.00381357,-76.50031455,-0.1218572725,3,19.99000876,40.00999124
143.3194858,39.00381491,-76.50031476,-0.1218572726,3,20.00000889,39.99999111
143.3696497,39.00381625,-76.50031497,-0.1218572725,3,20.01000496,39.98999504
143.419831,39.00381759,-76.50031518,-0.1218572725,3,20.02000326,39.97999674
143.4700049,39.00381893,-76.5003154,-0.1218572726,3,20.0300069,39.9699931
143.5201637,39.00382027,-76.50031561,-0.1218572725,3,20.04000958,39.95999042
143.5703746,39.00382161,-76.50031582,-0.1218572725,3,20.05000614,39.94999386
143.6205288,39.00382295,-76.50031603,-0.1218572725,3,20.06000702,39.93999298
143.6706901,39.00382429,-76.50031624,-0.1218572725,3,20.07000595,39.92999405
143.7208981,39.00382564,-76.50031645,-0.1218572725,3,20.08000388,39.91999612
143.7710638,39.00382698,-76.50031666,-0.1218572725,3,20.09000127,39.90999873
143.8212563,39.00382832,-76.50031687,-0.1218572725,3,20.10000011,39.89999989
143.8714506,39.00382966,-76.50031708,-0.1218572725,3,20.10999991,39.89000009
143.921677,39.003831,-76.50031729,-0.1218572726,3,20.12000445,39.87999555
143.9718542,39.00383234,-76.5003175,-0.1218572725,3,20.13000553,39.86999447
144.0220242,39.00383368,-76.50031771,-0.1218572725,3,20.14000975,39.85999025
144.0722301,39.00383502,-76.50031792,-0.1218572725,3,20.1500148,39.8499852
144.1224049,39.00383637,-76.50031813,-0.1218572725,3,20.16000937,39.83999063
144.1725651,39.00383771,-76.50031834,-0.1218572725,3,20.16999919,39.83000081
144.2227421,39.00383905,-76.50031855,-0.1218572725,3,20.18000971,39.81999029
144.2729034,39.00384039,-76.50031876,-0.1218572725,3,20.18999737,39.81000263
144.3230773,39.00384173,-76.50031897,-0.1218572726,3,20.20000149,39.79999851
144.3732649,39.00384307,-76.50031918,-0.1218572726,3,20.20999812,39.79000188
144.4234443,39.00384441,-76.50031939,-0.1218572725,3,20.21999816,39.78000184
144.4736203,39.00384575,-76.50031961,-0.1218572726,3,20.23000744,39.76999256
144.5237986,39.00384709,-76.50031982,-0.1218572725,3,20.23999961,39.76000039
144.5739793,39.00384843,-76.50032003,-0.1218572725,3,20.24999692,39.75000308
144.6241463,39.00384978,-76.50032024,-0.1218572725,3,20.25999851,39.74000149
144.6743508,39.00385112,-76.50032045,-0.1218572725,3,20.26999824,39.73000176
144.7245077,39.00385246,-76.50032066,-0.1218572725,3,20.27999708,39.72000292
144.7746701,39.0038538,-76.50032087,-0.1218572726,3,20.28999681,39.71000319
144.8248408,39.00385514,-76.50032108,-0.1218572726,3,20.29999722,39.70000278
144.875003,39.00385648,-76.50032129,-0.1218572726,3,20.30999678,39.69000322
144.9252274,39.00385782,-76.5003215,-0.1218572726,3,20.31999761,39.68000239
144.9753895,39.00385916,-76.50032171,-0.1218572725,3,20.32999934,39.67000066
145.0256993,39.0038605,-76.50032192,-0.1218572726,3,20.3399985,39.6600015
145.0758001,39.00386185,-76.50032213,-0.1218572725,3,20.35002398,39.64997602
145.126037,39.00386453,-76.50032255,-0.1218572725,3,20.37000093,39.62999907
145.1762364,39.00386587,-76.50032276,-0.1218572726,3,20.37999859,39.62000141
145.2264312,39.00386721,-76.50032297,-0.1218572726,3,20.39000528,39.60999472
145.2766112,39.00386855,-76.50032316,-0.1087738903,3,20.40000022,39.59999978
145.3268083,39.0038699,-76.50032333,-0.09922978991,3,20.40999939,39.59000061
145.377031,39.00387124,-76.5003235,-0.09946670492,3,20.42000345,39.57999655
145.4272371,39.00387259,-76.50032368,-0.09970125451,3,20.43000307,39.56999693
145.4774019,39.00387393,-76.50032385,-0.09993324443,3,20.44000448,39.55999552
145.5275831,39.00387528,-76.50032402,-0.1001628465,3,20.45000981,39.54999019
145.5777523,39.00387662,-76.5003242,-0.1003901337,3,20.46000465,39.53999535
145.6279112,39.00387796,-76.50032437,-0.1006148038,3,20.47000032,39.52999968
145.678074,39.00387931,-76.50032454,-0.1008371412,3,20.48000134,39.51999866
145.7282653,39.00388065,-76.50032472,-0.1010572696,3,20.49000076,39.50999924
145.7784406,39.003882,-76.50032489,-0.101275058,3,20.50000218,39.49999782
145.8285995,39.00388334,-76.50032507,-0.1014906092,3,20.51000712,39.48999288
145.8787923,39.00388469,-76.50032525,-0.101703978,3,20.52000021,39.47999979
145.9289624,39.00388603,-76.50032542,-0.1019148617,3,20.52999949,39.47000051
145.9791363,39.00388738,-76.50032558,-0.08881337257,3,20.54000827,39.45999173
146.0293211,39.00388872,-76.50032571,-0.07573362989,3,20.55000043,39.44999957
146.079494,39.00389007,-76.50032582,-0.06263960707,3,20.5600035,39.4399965
146.1296717,39.00389142,-76.5003259,-0.04955568607,3,20.56999886,39.43000114
146.1798623,39.00389277,-76.50032596,-0.0364644488,3,20.57999981,39.42000019
146.2300372,39.00389412,-76.500326,-0.02337434748,3,20.58999988,39.41000012
146.2802639,39.00389547,-76.50032602,-0.01027868161,3,20.60000421,39.39999579
146.3304603,39.00389682,-76.50032602,0.002805002729,3,20.60999939,39.39000061
146.3806862,39.00389818,-76.50032599,0.01589655782,3,20.62000058,39.37999942
146.4308802,39.00389953,-76.50032594,0.02898805244,3,20.63000172,39.36999828
146.4811265,39.00390088,-76.50032589,0.027895947,3,20.64000398,39.35999602
146.5313431,39.00390223,-76.50032585,0.02633351497,3,20.6500009,39.3499991
146.5815704,39.00390358,-76.5003258,0.02478815664,3,20.65999869,39.34000131
146.6318857,39.00390493,-76.50032574,0.03789404947,3,20.67001083,39.32998917
146.6821541,39.00390628,-76.50032565,0.05097822233,3,20.68000638,39.31999362
146.7323475,39.00390763,-76.50032554,0.06405795139,3,20.68999853,39.31000147
146.7825166,39.00390897,-76.50032541,0.07714949234,3,20.69999971,39.30000029
146.832654,39.00391032,-76.50032525,0.09024119745,3,20.71000101,39.28999899
146.8828319,39.00391166,-76.50032507,0.1033298193,3,20.71999996,39.28000004
146.9329943,39.00391301,-76.50032487,0.1164234864,3,20.73000276,39.26999724
146.9831568,39.00391434,-76.50032465,0.1295072199,3,20.73999797,39.26000203
147.0333024,39.00391568,-76.5003244,0.1426029214,3,20.75000233,39.24999767
147.0835016,39.00391702,-76.50032415,0.1439442075,3,20.75999946,39.24000054
147.1337102,39.00391836,-76.50032391,0.1414283664,3,20.77000039,39.22999961
147.1838936,39.00391969,-76.50032367,0.1389375966,3,20.77999924,39.22000076
147.2340829,39.00392103,-76.50032343,0.1364731447,3,20.78999935,39.21000065
147.2842844,39.00392237,-76.50032317,0.1495695078,3,20.80000421,39.19999579
147.3344593,39.0039237,-76.50032289,0.1626549268,3,20.81000071,39.18999929
147.3846285,39.00392503,-76.50032259,0.1757431487,3,20.81999936,39.18000064
147.4348148,39.00392636,-76.50032227,0.1888336233,3,20.82999972,39.17000028
147.4849784,39.00392768,-76.50032192,0.2019241979,3,20.84000016,39.15999984
147.5351987,39.003929,-76.50032155,0.2150114237,3,20.84999804,39.15000196
147.5853689,39.00393032,-76.50032116,0.2281048687,3,20.86000067,39.13999933
147.6355778,39.00393163,-76.50032074,0.241194588,3,20.87000046,39.12999954
147.685753,39.00393294,-76.50032031,0.2542831115,3,20.87999933,39.12000067
147.7359431,39.00393425,-76.50031986,0.2587677218,3,20.88999781,39.11000219
147.7861531,39.00393555,-76.50031943,0.2565095631,3,20.89999797,39.10000203
147.8363745,39.00393686,-76.50031899,0.254274666,3,20.90999892,39.09000108
147.88657,39.00393817,-76.50031856,0.2520630084,3,20.9199997,39.0800003
147.9367434,39.00393947,-76.5003181,0.2651504993,3,20.92999779,39.07000221
147.9869472,39.00394077,-76.50031763,0.2782398977,3,20.93999733,39.06000267
148.03713,39.00394207,-76.50031713,0.2913367482,3,20.95000256,39.04999744
148.087352,39.00394336,-76.50031661,0.3044279952,3,20.96000351,39.03999649
148.1375534,39.00394464,-76.50031607,0.3175215468,3,20.97000623,39.02999377
148.1877475,39.00394592,-76.50031551,0.3306036658,3,20.98000021,39.01999979
148.2379057,39.00394719,-76.50031493,0.3437003328,3,20.9900053,39.0099947
148.2881619,39.00394846,-76.50031432,0.356798873,3,21.00001182,38.99998818
148.3384555,39.00394972,-76.50031369,0.3698868197,3,21.01001026,38.98998974
148.3886247,39.00395097,-76.50031306,0.3771731278,3,21.02000718,38.97999282
148.4387995,39.00395223,-76.50031242,0.3751381342,3,21.03000783,38.96999217
148.4889639,39.00395349,-76.50031179,0.3731238321,3,21.04000368,38.95999632
148.5391437,39.00395475,-76.50031116,0.3711317257,3,21.05000699,38.94999301
148.589308,39.003956,-76.50031051,0.3842205397,3,21.06000608,38.93999392
148.6395153,39.00395725,-76.50030984,0.3973090982,3,21.07000498,38.92999502
148.6897313,39.00395848,-76.50030915,0.4103913162,3,21.07999904,38.92000096
148.7399428,39.00395972,-76.50030844,0.4234810885,3,21.08999886,38.91000114
148.7901313,39.00396094,-76.50030771,0.4365731012,3,21.1000004,38.8999996
148.8403462,39.00396216,-76.50030696,0.4496608403,3,21.10999867,38.89000133
148.8905153,39.00396337,-76.50030618,0.4627556257,3,21.12000233,38.87999767
148.9407642,39.00396457,-76.50030539,0.4758416411,3,21.12999929,38.87000071
148.9909703,39.00396576,-76.50030458,0.4889417157,3,21.14000698,38.85999302
149.041156,39.00396695,-76.50030375,0.4991968404,3,21.15000024,38.84999976
149.0913939,39.00396813,-76.50030292,0.4973482846,3,21.16000864,38.83999136
149.1416873,39.00396932,-76.5003021,0.4955164875,3,21.1700005,38.8299995
149.1918811,39.0039705,-76.50030126,0.5086049492,3,21.17999932,38.82000068
149.2421193,39.00397167,-76.50030039,0.5217033103,3,21.19000571,38.80999429
149.2922946,39.00397284,-76.50029951,0.5347902865,3,21.2000034,38.7999966
149.3425003,39.00397399,-76.50029861,0.5478742997,3,21.20999883,38.79000117
149.3927373,39.00397513,-76.50029769,0.5609781821,3,21.22000943,38.77999057
149.4429753,39.00397627,-76.50029675,0.574053936,3,21.22999855,38.77000145
149.4932289,39.00397739,-76.50029579,0.5871449537,3,21.23999933,38.76000067
149.5434463,39.00397851,-76.50029481,0.6002336447,3,21.24999833,38.75000167
149.5936615,39.00397961,-76.50029381,0.6133258914,3,21.26000004,38.73999996
149.6438656,39.00398071,-76.5002928,0.6249419373,3,21.26999783,38.73000217
149.6940485,39.00398181,-76.50029179,0.6232393618,3,21.27999855,38.72000145
149.7442329,39.0039829,-76.50029078,0.6215543092,3,21.28999835,38.71000165
149.7943821,39.00398399,-76.50028975,0.6346439971,3,21.29999811,38.70000189
149.8445293,39.00398507,-76.50028871,0.6477345529,3,21.30999854,38.69000146
149.89468,39.00398614,-76.50028764,0.6608361004,3,21.32000736,38.67999264
149.9448699,39.00398719,-76.50028657,0.6739169979,3,21.3300004,38.6699996
149.9950146,39.00398824,-76.50028547,0.6870045111,3,21.3399985,38.6600015
150.0451746,39.00398927,-76.50028435,0.700095824,3,21.34999951,38.65000049
150.0953191,39.00399029,-76.50028322,0.7131852462,3,21.35999907,38.64000093
150.1455048,39.0039913,-76.50028207,0.7262772437,3,21.37000059,38.62999941
150.1956777,39.0039923,-76.5002809,0.7393670508,3,21.38000044,38.61999956
150.2458145,39.00399329,-76.50027972,0.752455097,3,21.38999895,38.61000105
150.2960816,39.00399428,-76.50027854,0.7508976123,3,21.40000222,38.59999778
150.3463854,39.00399525,-76.50027734,0.7639926501,3,21.41000606,38.58999394
150.3965399,39.00399622,-76.50027612,0.7770868342,3,21.42000926,38.57999074
150.4467304,39.00399717,-76.50027489,0.7901713458,3,21.43000507,38.56999493
150.4969373,39.0039981,-76.50027365,0.8032647058,3,21.44000764,38.55999236
150.5471415,39.00399903,-76.50027239,0.8163433007,3,21.44999892,38.55000108
150.5973202,39.00399994,-76.50027111,0.8294312163,3,21.45999733,38.54000267
150.6475501,39.00400084,-76.50026982,0.8425228125,3,21.46999855,38.53000145
150.6977502,39.00400173,-76.50026851,0.8556148252,3,21.48000009,38.51999991
150.7479824,39.0040026,-76.50026719,0.8687061117,3,21.49000107,38.50999893
150.7982226,39.00400346,-76.50026585,0.881799185,3,21.50000797,38.49999203
150.8484223,39.00400432,-76.50026451,0.880332211,3,21.51000972,38.48999028
150.8986372,39.00400518,-76.50026318,0.878881504,3,21.51999926,38.48000074
150.9488462,39.00400603,-76.50026183,0.8919789792,3,21.53000497,38.46999503
150.9990759,39.00400686,-76.50026047,0.9050616807,3,21.53999939,38.46000061
151.0493407,39.00400769,-76.50025909,0.9181688561,3,21.55001251,38.44998749
151.099634,39.00400849,-76.50025771,0.9312428455,3,21.56000028,38.43999972
151.1497915,39.00400928,-76.5002563,0.9443394337,3,21.57000532,38.42999468
151.1999736,39.00401006,-76.50025489,0.9574309058,3,21.58000644,38.41999356
151.2501964,39.00401082,-76.50025346,0.9705192638,3,21.59000519,38.40999481
151.3004224,39.00401157,-76.50025202,0.9836036971,3,21.60000093,38.39999907
151.350671,39.00401231,-76.50025056,0.9966941189,3,21.61000125,38.38999875
151.4009025,39.00401303,-76.5002491,1.009781953,3,21.6199996,38.3800004
151.4511857,39.00401374,-76.50024763,1.010217328,3,21.62999991,38.37000009
151.5014548,39.00401446,-76.50024616,1.008869742,3,21.64000498,38.35999502
151.5516327,39.00401517,-76.50024469,1.021953277,3,21.65000004,38.34999996
151.6018669,39.00401586,-76.5002432,1.035055998,3,21.66000976,38.33999024
151.6520632,39.00401653,-76.5002417,1.048133307,3,21.67000007,38.32999993
151.7023337,39.00401719,-76.50024019,1.061224595,3,21.68000105,38.31999895
151.7525904,39.00401784,-76.50023866,1.074310728,3,21.6899981,38.3100019
151.8028098,39.00401846,-76.50023713,1.087413884,3,21.70000815,38.29999185
151.8530855,39.00401908,-76.50023559,1.100504106,3,21.71000832,38.28999168
151.9033118,39.00401967,-76.50023403,1.113588344,3,21.72000391,38.27999609
151.9535121,39.00402025,-76.50023247,1.126673427,3,21.73000016,38.26999984
152.0036786,39.00402082,-76.5002309,1.139775572,3,21.74000944,38.25999056
152.0539688,39.00402138,-76.50022932,1.142080665,3,21.74999832,38.25000168
152.1041436,39.00402192,-76.50022774,1.15517011,3,21.75999789,38.24000211
152.1543778,39.00402245,-76.50022614,1.168266687,3,21.77000292,38.22999708
152.2045375,39.00402297,-76.50022454,1.181345456,3,21.77999434,38.22000566
152.2547418,39.00402346,-76.50022293,1.194453923,3,21.79000845,38.20999155
152.3049104,39.00402394,-76.50022131,1.207538143,3,21.80000403,38.19999597
152.3551244,39.00402441,-76.50021969,1.220621962,3,21.80999931,38.19000069
152.4052819,39.00402485,-76.50021805,1.233715607,3,21.82000209,38.17999791
152.4554829,39.00402528,-76.50021641,1.246808962,3,21.83000466,38.16999534
152.505651,39.0040257,-76.50021476,1.259897202,3,21.84000331,38.15999669
152.5558678,39.00402609,-76.50021311,1.272982912,3,21.85000004,38.14999996
152.6060444,39.00402649,-76.50021145,1.275545492,3,21.86000886,38.13999114
152.6563055,39.00402686,-76.50020979,1.288621843,3,21.86999843,38.13000157
152.7064875,39.00402722,-76.50020812,1.301713079,3,21.87999938,38.12000062
152.7567185,39.00402756,-76.50020644,1.314806458,3,21.89000196,38.10999804
152.806913,39.00402789,-76.50020476,1.327895617,3,21.90000132,38.09999868
152.857148,39.0040282,-76.50020307,1.340986187,3,21.91000175,38.08999825
152.9073561,39.00402849,-76.50020138,1.354073181,3,21.91999946,38.08000054
152.9575739,39.00402876,-76.50019969,1.367161409,3,21.9299981,38.0700019
153.0078266,39.00402902,-76.50019799,1.380253019,3,21.93999933,38.06000067
153.0580484,39.00402926,-76.50019628,1.393342465,3,21.94999891,38.05000109
153.1082555,39.00402948,-76.50019457,1.404845638,3,21.96000661,38.03999339
153.1584594,39.0040297,-76.50019287,1.403750343,3,21.96999862,38.03000138
153.2086331,39.00402993,-76.50019116,1.402966315,3,21.98000043,38.01999957
153.258807,39.00403015,-76.50018945,1.403310757,3,21.98999835,38.01000165
153.3089677,39.00403038,-76.50018775,1.4036516,3,22.00000066,37.99999934
153.359194,39.0040306,-76.50018604,1.403989162,3,22.01000067,37.98999933
153.409406,39.00403083,-76.50018433,1.404323249,3,22.02000373,37.97999627
153.4595692,39.00403105,-76.50018262,1.404654074,3,22.0300037,37.9699963
153.5097281,39.00403127,-76.50018091,1.404981464,3,22.04000417,37.95999583
153.5598972,39.0040315,-76.5001792,1.405305573,3,22.05000777,37.94999223
153.6100921,39.00403172,-76.5001775,1.405626517,3,22.05999823,37.94000177
153.6603224,39.00403194,-76.50017579,1.405943808,3,22.06999836,37.93000164
153.7105019,39.00403216,-76.50017408,1.406258207,3,22.08000542,37.91999458
153.7606722,39.00403238,-76.50017237,1.406996714,3,22.09001934,37.90998066
153.8108706,39.0040326,-76.50017066,1.408661724,3,22.09999949,37.90000051
153.8610586,39.00403282,-76.50016896,1.410305292,3,22.10999811,37.89000189
153.9112548,39.00403303,-76.50016724,1.411936216,3,22.12000768,37.87999232
153.9614925,39.00403324,-76.50016553,1.413553319,3,22.12999935,37.87000065
154.0117098,39.00403345,-76.50016382,1.415152047,3,22.14000317,37.85999683
154.0619912,39.00403366,-76.50016211,1.41673737,3,22.14999988,37.85000012
154.1122364,39.00403386,-76.5001604,1.418306329,3,22.16000826,37.83999174
154.162402,39.00403407,-76.50015869,1.419861993,3,22.1700124,37.8299876
154.2126013,39.00403427,-76.50015698,1.421401979,3,22.18000737,37.81999263
154.2628183,39.00403447,-76.50015526,1.422925676,3,22.19000964,37.80999036
154.3130274,39.00403466,-76.50015355,1.424435731,3,22.20000082,37.79999918
154.3631917,39.00403486,-76.50015184,1.425929481,3,22.21000268,37.78999732
154.4133484,39.00403505,-76.50015012,1.427410315,3,22.22000375,37.77999625
154.4635098,39.00403524,-76.50014841,1.428876624,3,22.23000113,37.76999887
154.5136733,39.00403543,-76.50014669,1.430328109,3,22.23999995,37.76000005
154.5638896,39.00403562,-76.50014498,1.431765643,3,22.24999943,37.75000057
154.6140935,39.0040358,-76.50014326,1.433189223,3,22.26000061,37.73999939
154.6642841,39.00403599,-76.50014155,1.434599112,3,22.26999944,37.73000056
154.714484,39.00403617,-76.50013983,1.435994854,3,22.27999995,37.72000005
154.7646331,39.00403635,-76.50013812,1.437377134,3,22.29000309,37.70999691
154.814804,39.00403653,-76.5001364,1.438746188,3,22.30000129,37.69999871
154.8650278,39.0040367,-76.50013468,1.440101098,3,22.30999849,37.69000151
154.9152027,39.00403688,-76.50013297,1.441442526,3,22.32000029,37.67999971
154.9653489,39.00403705,-76.50013125,1.442771336,3,22.32999953,37.67000047
155.0155647,39.00403722,-76.50012953,1.444086681,3,22.33999743,37.66000257
155.0657157,39.00403739,-76.50012781,1.445388845,3,22.34999881,37.65000119
155.1158511,39.00403756,-76.50012609,1.446678568,3,22.35999772,37.64000228
155.1659908,39.00403772,-76.50012438,1.447955189,3,22.36999986,37.63000014
155.2161349,39.00403789,-76.50012266,1.44921955,3,22.37999858,37.62000142
155.2663182,39.00403805,-76.50012094,1.450470918,3,22.38999842,37.61000158
155.3164589,39.00403821,-76.50011922,1.451709981,3,22.39999977,37.60000023
155.3666337,39.00403837,-76.5001175,1.452936892,3,22.40999986,37.59000014
155.4168003,39.00403853,-76.50011578,1.454151421,3,22.42000228,37.57999772
155.4670254,39.00403868,-76.50011406,1.455354111,3,22.4300119,37.5699881
155.5172398,39.00403884,-76.50011234,1.456545643,3,22.4400036,37.5599964
155.5674045,39.00403899,-76.50011062,1.45772314,3,22.45001201,37.54998799
155.6175611,39.00403914,-76.5001089,1.458890813,3,22.46000144,37.53999856
155.6677319,39.00403929,-76.50010717,1.460044588,3,22.4700079,37.5299921
155.7178934,39.00403944,-76.50010545,1.461188756,3,22.48000522,37.51999478
155.768094,39.00403958,-76.50010373,1.462320399,3,22.49000037,37.50999963
155.8183006,39.00403973,-76.50010201,1.463440437,3,22.50001113,37.49998887
155.8684922,39.00403987,-76.50010029,1.464550953,3,22.50999905,37.49000095
155.9186923,39.00404001,-76.50009857,1.465647775,3,22.51999999,37.48000001
155.9689264,39.00404015,-76.50009684,1.466734983,3,22.52999997,37.47000003
156.0191429,39.00404029,-76.50009512,1.467811129,3,22.54000103,37.45999897
156.0693615,39.00404043,-76.5000934,1.468876537,3,22.55000022,37.44999978
156.1195744,39.00404056,-76.50009168,1.469930993,3,22.56000725,37.43999275
156.1698267,39.0040407,-76.50008995,1.470975616,3,22.57000008,37.42999992
156.2200488,39.00404083,-76.50008823,1.472008206,3,22.58000038,37.41999962
156.2702826,39.00404096,-76.50008651,1.473031121,3,22.58999889,37.41000111
156.3204907,39.0040411,-76.50008478,1.474043498,3,22.59999963,37.40000037
156.3707018,39.00404122,-76.50008306,1.475045845,3,22.60999907,37.39000093
156.4208973,39.00404135,-76.50008134,1.4760379,3,22.61999899,37.38000101
156.4711317,39.00404148,-76.50007961,1.477019939,3,22.63000004,37.36999996
156.5213693,39.0040416,-76.50007789,1.477992119,3,22.64000005,37.35999995
156.5715584,39.00404173,-76.50007616,1.478954323,3,22.65000046,37.34999954
156.6217493,39.00404185,-76.50007444,1.479906785,3,22.66000255,37.33999745
156.6719835,39.00404197,-76.50007271,1.480849718,3,22.66999898,37.33000102
156.7221971,39.00404209,-76.50007099,1.481782525,3,22.68001195,37.31998805
156.7723669,39.00404221,-76.50006926,1.482707364,3,22.68999748,37.31000252
156.8225238,39.00404233,-76.50006754,1.483620259,3,22.69999919,37.30000081
156.872679,39.00404244,-76.50006581,1.484525326,3,22.70999897,37.29000103
156.9228455,39.00404256,-76.50006409,1.485420986,3,22.71999776,37.28000224
156.9729937,39.00404267,-76.50006236,1.486307417,3,22.72999742,37.27000258
157.0231431,39.00404279,-76.50006064,1.487184875,3,22.73999843,37.26000157
157.0732869,39.0040429,-76.50005891,1.488053485,3,22.7499994,37.2500006
157.1234351,39.00404301,-76.50005719,1.488913213,3,22.75999815,37.24000185
157.1735866,39.00404312,-76.50005546,1.489763958,3,22.76999879,37.23000121
157.2237405,39.00404323,-76.50005373,1.490606158,3,22.78000203,37.21999797
157.2738968,39.00404333,-76.50005201,1.491439953,3,22.78999819,37.21000181
157.3240507,39.00404344,-76.50005028,1.492264621,3,22.79999822,37.20000178
157.3742351,39.00404354,-76.50004855,1.493081158,3,22.80999829,37.19000171
157.4243876,39.00404365,-76.50004683,1.493889328,3,22.82000385,37.17999615
157.4745444,39.00404375,-76.5000451,1.494689649,3,22.83000245,37.16999755
157.5246979,39.00404385,-76.50004337,1.495481203,3,22.84000484,37.15999516
157.5748436,39.00404395,-76.50004165,1.49626493,3,22.84999886,37.15000114
157.6249904,39.00404405,-76.50003992,1.497039958,3,22.86000538,37.13999462
157.6751445,39.00404415,-76.50003819,1.497807987,3,22.87000533,37.12999467
157.7252995,39.00404425,-76.50003647,1.49856762,3,22.87999908,37.12000092
157.7754545,39.00404435,-76.50003474,1.499318977,3,22.89000036,37.10999964
157.8255998,39.00404444,-76.50003301,1.500063171,3,22.90000047,37.09999953
157.8757453,39.00404454,-76.50003128,1.500799621,3,22.90999793,37.09000207
157.9258705,39.00404472,-76.50002783,1.502250651,3,22.93000723,37.06999277
157.975992,39.00404481,-76.5000261,1.502964249,3,22.93999692,37.06000308
158.0261659,39.0040449,-76.50002437,1.503670086,3,22.95000813,37.04999187
158.0763429,39.00404499,-76.50002265,1.504370161,3,22.9599971,37.0400029
158.1264992,39.00404508,-76.50002092,1.50506147,3,22.97000092,37.02999908
158.1766607,39.00404517,-76.50001919,1.505746674,3,22.98000415,37.01999585
158.2268989,39.00404526,-76.50001746,1.506424766,3,22.98999942,37.01000058
158.27706,39.00404534,-76.50001573,1.507095324,3,23.00000054,36.99999946
158.3272489,39.00404543,-76.50001401,1.50775935,3,23.00999751,36.99000249
158.3774015,39.00404551,-76.50001228,1.508416247,3,23.02000969,36.97999031
158.4275567,39.0040456,-76.50001055,1.509067349,3,23.03000634,36.96999366
158.4777731,39.00404568,-76.50000882,1.509710716,3,23.04000152,36.95999848
158.527926,39.00404576,-76.50000709,1.510347342,3,23.05000688,36.94999312
158.5781383,39.00404584,-76.50000536,1.510978031,3,23.06000303,36.93999697
158.6282626,39.00404592,-76.50000363,1.51160162,3,23.07000033,36.92999967
158.6784451,39.004046,-76.50000191,1.512218833,3,23.0800029,36.9199971
158.7286004,39.00404608,-76.50000018,1.512829983,3,23.09000598,36.90999402
158.778749,39.00404616,-76.49999845,1.513434838,3,23.09999957,36.90000043
158.828898,39.00404623,-76.49999672,1.514032862,3,23.10999876,36.89000124
158.8790852,39.00404633,-76.49999499,1.500942754,3,23.11999884,36.88000116
158.9293294,39.00404644,-76.49999327,1.487851893,3,23.1299995,36.8700005
158.9795074,39.00404657,-76.49999154,1.474762236,3,23.13999924,36.86000076
159.029676,39.00404672,-76.49998982,1.461672817,3,23.1499988,36.8500012
159.0798725,39.00404688,-76.4999881,1.448565881,3,23.16001173,36.83998827
159.1300432,39.00404706,-76.49998639,1.435484805,3,23.17000492,36.82999508
159.1802276,39.00404726,-76.49998467,1.422400153,3,23.18000083,36.81999917
159.2304564,39.00404748,-76.49998296,1.40931291,3,23.18999873,36.81000127
159.2806205,39.00404771,-76.49998126,1.396221541,3,23.19999977,36.80000023
159.3307757,39.00404797,-76.49997956,1.383133291,3,23.20999843,36.79000157
159.3809279,39.00404824,-76.49997786,1.370042486,3,23.21999905,36.78000095
159.4311778,39.00404852,-76.49997617,1.356954421,3,23.22999757,36.77000243
159.4813795,39.00404883,-76.49997448,1.343860232,3,23.24000077,36.75999923
159.5315434,39.00404915,-76.4999728,1.33077198,3,23.24999944,36.75000056
159.5817288,39.00404949,-76.49997112,1.317682887,3,23.25999874,36.74000126
159.6319576,39.00404984,-76.49996945,1.304593171,3,23.26999853,36.73000147
159.6821527,39.00405021,-76.49996779,1.291498323,3,23.28000223,36.71999777
159.732404,39.0040506,-76.49996613,1.278408537,3,23.29000207,36.70999793
159.7825846,39.00405101,-76.49996448,1.265322343,3,23.29999916,36.70000084
159.8327453,39.00405143,-76.49996283,1.252231454,3,23.30999984,36.69000016
159.8829716,39.00405187,-76.4999612,1.239139647,3,23.32000122,36.67999878
159.9331477,39.00405233,-76.49995957,1.226052582,3,23.32999898,36.67000102
159.98337,39.0040528,-76.49995794,1.212961442,3,23.33999985,36.66000015
160.0335416,39.00405329,-76.49995633,1.199872153,3,23.3499993,36.6500007
160.083751,39.0040538,-76.49995472,1.186774752,3,23.36000496,36.63999504
160.1339828,39.00405432,-76.49995313,1.173683136,3,23.37000619,36.62999381
160.184171,39.00405486,-76.49995154,1.160600418,3,23.38000063,36.61999937
160.2343803,39.00405541,-76.49994996,1.147513321,3,23.38999841,36.61000159
160.2845564,39.00405599,-76.49994839,1.134419391,3,23.40000141,36.59999859
160.3347356,39.00405657,-76.49994683,1.121323463,3,23.41000594,36.58999406
160.3849474,39.00405718,-76.49994528,1.108237299,3,23.42000301,36.57999699
160.4352431,39.00405779,-76.49994374,1.095151395,3,23.42999988,36.57000012
160.4854249,39.00405843,-76.49994221,1.082061925,3,23.43999948,36.56000052
160.5356361,39.00405908,-76.4999407,1.068972047,3,23.44999939,36.55000061
160.5858062,39.00405974,-76.49993919,1.0558804,3,23.46000064,36.53999936
160.6359861,39.00406042,-76.49993769,1.042790542,3,23.47000053,36.52999947
160.6861649,39.00406112,-76.49993621,1.029701007,3,23.48000018,36.51999982
160.7363263,39.00406183,-76.49993474,1.016609863,3,23.49000105,36.50999895
160.7864966,39.00406256,-76.49993328,1.003520305,3,23.50000072,36.49999928
160.8366607,39.0040633,-76.49993183,0.9904322803,3,23.50999921,36.49000079
160.8868324,39.00406405,-76.49993039,0.977338934,3,23.52000176,36.47999824
160.9369845,39.00406482,-76.49992897,0.9642528683,3,23.52999876,36.47000124
160.9871412,39.00406561,-76.49992756,0.951160226,3,23.54000078,36.45999922
161.0372902,39.00406641,-76.49992616,0.9380721636,3,23.5499993,36.4500007
161.0874574,39.00406722,-76.49992478,0.9249800872,3,23.56000088,36.43999912
161.137617,39.00406805,-76.49992341,0.9118918758,3,23.56999952,36.43000048
161.1877788,39.00406889,-76.49992206,0.8987964485,3,23.58000366,36.41999634
161.2379455,39.00406974,-76.49992071,0.8857107404,3,23.59000038,36.40999962
161.2881839,39.00407061,-76.49991939,0.8726168273,3,23.60000337,36.39999663
161.3384076,39.0040715,-76.49991808,0.8595312886,3,23.60999996,36.39000004
161.388586,39.00407239,-76.49991678,0.8464385282,3,23.62000207,36.37999793
161.4387683,39.0040733,-76.4999155,0.8333523039,3,23.62999919,36.37000081
161.4889845,39.00407422,-76.49991423,0.8202608648,3,23.64000029,36.35999971
161.5391497,39.00407516,-76.49991298,0.8071727856,3,23.64999882,36.35000118
161.5893159,39.0040761,-76.49991175,0.7940814939,3,23.65999981,36.34000019
161.6394888,39.00407706,-76.49991053,0.7809924419,3,23.66999908,36.33000092
161.6896733,39.00407803,-76.49990932,0.7679006765,3,23.68000043,36.31999957
161.7398347,39.00407902,-76.49990814,0.7548117211,3,23.68999963,36.31000037
161.7900186,39.00408001,-76.49990697,0.7417201841,3,23.70000081,36.29999919
161.8402607,39.00408102,-76.49990581,0.728631686,3,23.70999966,36.29000034
161.8904346,39.00408204,-76.49990468,0.7155366021,3,23.72000354,36.27999646
161.9406282,39.00408307,-76.49990356,0.7024519371,3,23.72999947,36.27000053
161.9908342,39.00408412,-76.49990246,0.6893618525,3,23.73999953,36.26000047
162.041024,39.00408517,-76.49990137,0.6762684646,3,23.75000212,36.24999788
162.0911834,39.00408624,-76.49990031,0.6631769477,3,23.76000328,36.23999672
162.1413188,39.00408731,-76.49989926,0.6500809658,3,23.77000785,36.22999215
162.1914609,39.0040884,-76.49989823,0.63699772,3,23.78000269,36.21999731
162.2416083,39.00408949,-76.49989722,0.6239112907,3,23.78999996,36.21000004
162.2917483,39.0040906,-76.49989623,0.6108226144,3,23.79999895,36.20000105
162.3418849,39.00409172,-76.49989525,0.5977335663,3,23.80999822,36.19000178
162.3920807,39.00409283,-76.49989427,0.5990731584,3,23.81999885,36.18000115
162.4423141,39.00409395,-76.49989329,0.6013108045,3,23.82999801,36.17000199
162.4924793,39.00409507,-76.49989233,0.5882194814,3,23.83999902,36.16000098
162.5426448,39.0040962,-76.49989139,0.5751299453,3,23.84999866,36.15000134
162.5928152,39.00409735,-76.49989047,0.5620367157,3,23.86000113,36.13999887
162.6429815,39.0040985,-76.49988957,0.5489501568,3,23.8699985,36.1300015
162.6931554,39.00409966,-76.49988868,0.5358590358,3,23.87999936,36.12000064
162.7433377,39.00410083,-76.49988782,0.522769873,3,23.88999872,36.11000128
162.7935138,39.00410201,-76.49988697,0.5096794481,3,23.89999904,36.10000096
162.8437066,39.0041032,-76.49988615,0.4965869841,3,23.91000093,36.08999907
162.8939444,39.0041044,-76.49988534,0.4834979818,3,23.92000016,36.07999984
162.9441648,39.0041056,-76.49988455,0.4757275805,3,23.92999916,36.07000084
162.9943611,39.0041068,-76.49988375,0.4777939,3,23.93999826,36.06000174
163.0445487,39.004108,-76.49988295,0.4798384832,3,23.94999872,36.05000128
163.0947695,39.0041092,-76.49988217,0.4667502169,3,23.9599974,36.0400026
163.1449441,39.00411042,-76.49988141,0.4536575693,3,23.96999942,36.03000058
163.1952703,39.00411164,-76.49988068,0.4405610505,3,23.9800044,36.0199956
163.2454049,39.00411287,-76.49987996,0.4274790084,3,23.98999832,36.01000168
163.2955466,39.00411411,-76.49987926,0.4143739879,3,24.0000098,35.9999902
163.3457622,39.00411535,-76.49987858,0.4012923338,3,24.01000342,35.98999658
163.396139,39.0041166,-76.49987793,0.3882073334,3,24.0199996,35.9800004
163.4464102,39.00411786,-76.4998773,0.3751195729,3,24.02999789,35.97000211
163.4965949,39.00411912,-76.49987668,0.3620279971,3,24.03999909,35.96000091
163.5467652,39.00412039,-76.49987608,0.3530593368,3,24.04999774,35.95000226
163.5969458,39.00412166,-76.49987548,0.3549467125,3,24.05999842,35.94000158
163.6471522,39.00412292,-76.49987488,0.3568145263,3,24.06999813,35.93000187
163.6974205,39.00412419,-76.49987429,0.3437238364,3,24.07999865,35.92000135
163.747591,39.00412547,-76.49987373,0.3306335416,3,24.08999888,35.91000112
163.7977607,39.00412676,-76.49987319,0.3175335524,3,24.10000651,35.89999349
163.8479412,39.00412804,-76.49987267,0.3044516122,3,24.11000035,35.88999965
163.8981828,39.00412934,-76.49987217,0.2913638647,3,24.11999863,35.88000137
163.9483488,39.00413064,-76.4998717,0.2782645491,3,24.13000575,35.86999425
163.9985392,39.00413194,-76.49987124,0.2651803003,3,24.14000136,35.85999864
164.0487204,39.00413325,-76.49987081,0.2520913381,3,24.15000056,35.84999944
164.098943,39.00413456,-76.4998704,0.2389939802,3,24.16000618,35.83999382
164.1491771,39.00413588,-76.49987001,0.2286150921,3,24.16999878,35.83000122
164.1993681,39.00413719,-76.49986961,0.2303408775,3,24.17999857,35.82000143
164.2495547,39.00413851,-76.49986922,0.2320496411,3,24.18999857,35.81000143
164.2997355,39.00413983,-76.49986884,0.2189566364,3,24.20000086,35.79999914
164.34999,39.00414115,-76.49986849,0.2058619861,3,24.21000442,35.78999558
164.4002479,39.00414248,-76.49986815,0.1927778564,3,24.21999993,35.78000007
164.4504306,39.00414381,-76.49986784,0.1796859434,3,24.23000139,35.76999861
164.5006709,39.00414514,-76.49986756,0.1665968817,3,24.24000068,35.75999932
164.5508832,39.00414647,-76.49986729,0.1535103817,3,24.249998,35.750002
164.6011383,39.00414781,-76.49986705,0.1404196814,3,24.25999854,35.74000146
164.6513468,39.00414915,-76.49986683,0.1273286431,3,24.26999933,35.73000067
164.7015674,39.0041505,-76.49986663,0.1142351748,3,24.28000198,35.71999802
164.7517574,39.00415184,-76.49986646,0.1022709914,3,24.29000045,35.70999955
164.80196,39.00415318,-76.49986628,0.103857229,3,24.29999901,35.70000099
164.8521586,39.00415453,-76.49986609,0.1054266948,3,24.31000921,35.68999079
164.9023861,39.00415587,-76.49986593,0.09233439932,3,24.32001096,35.67998904
164.9525773,39.00415722,-76.4998658,0.07925238553,3,24.33000486,35.66999514
165.0027515,39.00415857,-76.49986568,0.0661685703,3,24.34000014,35.65999986
165.0529628,39.00415992,-76.49986559,0.05308032802,3,24.34999879,35.65000121
165.1031859,39.00416127,-76.49986552,0.03995190678,3,24.36002815,35.63997185
165.1534293,39.00416262,-76.49986548,0.02689836216,3,24.3700003,35.6299997
165.203609,39.00416397,-76.49986545,0.01380980023,3,24.3799992,35.6200008
165.2538076,39.00416532,-76.49986545,0.0007205722797,3,24.38999861,35.61000139
165.3040588,39.00416667,-76.49986547,-0.01236999242,3,24.39999904,35.60000096
165.354315,39.00416802,-76.49986552,-0.02546102679,3,24.40999983,35.59000017
165.4045175,39.00416937,-76.49986556,-0.02456698612,3,24.42000275,35.57999725
165.4547598,39.00417072,-76.4998656,-0.02311536749,3,24.42999997,35.57000003
165.5050189,39.00417207,-76.49986566,-0.0362103985,3,24.44000381,35.55999619
165.5552266,39.00417342,-76.49986575,-0.0492953256,3,24.44999994,35.55000006
165.6054564,39.00417477,-76.49986585,-0.06238601099,3,24.46000046,35.53999954
165.6556787,39.00417612,-76.49986598,-0.07548030687,3,24.47000374,35.52999626
165.7059237,39.00417746,-76.49986614,-0.08856492976,3,24.47999963,35.52000037
165.7561833,39.00417881,-76.49986631,-0.1016532956,3,24.48999838,35.51000162
165.8064601,39.00418015,-76.49986651,-0.1147513559,3,24.50000454,35.49999546
165.8566487,39.00418149,-76.49986673,-0.127837726,3,24.51000177,35.48999823
165.9068787,39.00418283,-76.49986698,-0.1409243457,3,24.51999919,35.48000081
165.9570582,39.00418416,-76.49986724,-0.1540154562,3,24.53000004,35.46999996
166.007268,39.0041855,-76.49986751,-0.1549412033,3,24.53999743,35.46000257
166.0574694,39.00418683,-76.4998678,-0.1680329686,3,24.54999877,35.45000123
166.1076506,39.00418816,-76.49986811,-0.1811226351,3,24.55999852,35.44000148
166.1579041,39.00418949,-76.49986844,-0.1942112164,3,24.56999744,35.43000256
166.2081408,39.00419081,-76.4998688,-0.2073049449,3,24.58000028,35.41999972
166.2583844,39.00419213,-76.49986918,-0.2203935804,3,24.58999924,35.41000076
166.3085602,39.00419344,-76.49986958,-0.2334851224,3,24.60000042,35.39999958
166.3587848,39.00419475,-76.49987,-0.246579865,3,24.61000404,35.38999596
166.4090302,39.00419606,-76.49987045,-0.2596724316,3,24.620006,35.379994
166.4592353,39.00419736,-76.49987091,-0.272758939,3,24.63000333,35.36999667
166.5094347,39.00419866,-76.4998714,-0.2858543145,3,24.64000744,35.35999256
166.5595952,39.00419995,-76.49987189,-0.2869965369,3,24.6499993,35.3500007
166.609769,39.00420125,-76.49987238,-0.2857239871,3,24.66000335,35.33999665
166.6599245,39.00420254,-76.49987289,-0.2988090299,3,24.66999957,35.33000043
166.7100658,39.00420382,-76.49987342,-0.3119043992,3,24.68000367,35.31999633
166.7602242,39.0042051,-76.49987397,-0.3249885388,3,24.68999919,35.31000081
166.8103731,39.00420638,-76.49987455,-0.3380791485,3,24.69999966,35.30000034
166.8605276,39.00420765,-76.49987514,-0.351173403,3,24.71000291,35.28999709
166.9106915,39.00420891,-76.49987576,-0.364262576,3,24.72000228,35.27999772
166.9608409,39.00421017,-76.4998764,-0.3773590836,3,24.73000725,35.26999275
167.0110061,39.00421142,-76.49987706,-0.3904389708,3,24.73999952,35.26000048
167.0611563,39.00421266,-76.49987774,-0.4035276081,3,24.74999848,35.25000152
167.1113194,39.0042139,-76.49987844,-0.4166380248,3,24.76001408,35.23998592
167.1614869,39.00421513,-76.49987915,-0.4208856803,3,24.77000024,35.22999976
167.2116778,39.00421635,-76.49987988,-0.4339800528,3,24.78000358,35.21999642
167.2618516,39.00421757,-76.49988062,-0.4470714006,3,24.79000461,35.20999539
167.3120465,39.00421878,-76.49988139,-0.4601558365,3,24.80000035,35.19999965
167.3622467,39.00421999,-76.49988218,-0.4732581726,3,24.81000978,35.18999022
167.4123998,39.00422118,-76.49988299,-0.4863432494,3,24.82000602,35.17999398
167.4626511,39.00422237,-76.49988382,-0.4994247681,3,24.82999954,35.17000046
167.5128286,39.00422354,-76.49988467,-0.5125201761,3,24.84000367,35.15999633
167.5630035,39.00422471,-76.49988554,-0.5256031489,3,24.8499983,35.1500017
167.6131551,39.00422587,-76.49988643,-0.5387063926,3,24.86000842,35.13999158
167.6633285,39.00422702,-76.49988733,-0.5517886724,3,24.87000252,35.12999748
167.713509,39.00422817,-76.49988825,-0.5538706487,3,24.8799989,35.1200011
167.7636848,39.00422931,-76.49988918,-0.5669610291,3,24.88999919,35.11000081
167.8138559,39.00423044,-76.49989012,-0.5800536568,3,24.9000012,35.0999988
167.864042,39.00423156,-76.49989109,-0.5931532156,3,24.9100085,35.0899915
167.9142628,39.00423267,-76.49989208,-0.6062389972,3,24.92000528,35.07999472
167.964431,39.00423377,-76.49989308,-0.6193221279,3,24.93000003,35.06999997
168.0146199,39.00423486,-76.49989411,-0.6324244592,3,24.94000945,35.05999055
168.0647838,39.00423594,-76.49989515,-0.6455002565,3,24.9499986,35.0500014
168.1149737,39.00423701,-76.49989621,-0.6585953441,3,24.96000249,35.03999751
168.1651428,39.00423807,-76.49989729,-0.671686092,3,24.97000306,35.02999694
168.2153311,39.00423912,-76.49989838,-0.684788782,3,24.98001276,35.01998724
168.2655166,39.00424016,-76.49989948,-0.6885459878,3,24.99000634,35.00999366
168.3157031,39.00424119,-76.4999006,-0.7016316314,3,25.00000301,34.99999699
168.3658953,39.00424221,-76.49990174,-0.7147337253,3,25.01001225,34.98998775
168.4161321,39.00424322,-76.49990289,-0.7278078408,3,25.02000012,34.97999988
168.4663152,39.00424422,-76.49990406,-0.7409047254,3,25.03000538,34.96999462
168.5164916,39.0042452,-76.49990524,-0.7540006203,3,25.04000988,34.95999012
168.5666875,39.00424617,-76.49990644,-0.7670764315,3,25.04999904,34.95000096
168.6168601,39.00424713,-76.49990766,-0.7801722032,3,25.06000345,34.93999655
168.6670345,39.00424808,-76.4999089,-0.7932708347,3,25.07001004,34.92998996
168.7172045,39.00424902,-76.49991015,-0.8063567831,3,25.08000695,34.91999305
168.7673612,39.00424994,-76.49991141,-0.8194388794,3,25.09000091,34.90999909
168.8175313,39.00425086,-76.49991268,-0.8236631106,3,25.09999788,34.90000212
168.8677035,39.00425176,-76.49991397,-0.8367534279,3,25.10999813,34.89000187
168.9178787,39.00425266,-76.49991527,-0.8498532056,3,25.1200056,34.8799944
168.968078,39.00425353,-76.49991658,-0.8629354953,3,25.12999971,34.87000029
169.0182927,39.0042544,-76.49991792,-0.8760382876,3,25.14000948,34.85999052
169.0684701,39.00425525,-76.49991926,-0.8891128496,3,25.14999769,34.85000231
169.118646,39.00425609,-76.49992062,-0.9022104384,3,25.16000348,34.83999652
169.1688132,39.00425691,-76.49992199,-0.9153023403,3,25.17000494,34.82999506
169.2190033,39.00425772,-76.49992338,-0.9283851495,3,25.17999944,34.82000056
169.2691625,39.00425852,-76.49992478,-0.9414749738,3,25.18999931,34.81000069
169.3193248,39.0042593,-76.49992619,-0.9545764522,3,25.20000808,34.79999192
169.3694974,39.00426007,-76.49992761,-0.9592598706,3,25.20999914,34.79000086
169.4196625,39.00426083,-76.49992904,-0.9723630803,3,25.22000923,34.77999077
169.4698321,39.00426158,-76.49993048,-0.9854435924,3,25.23000198,34.76999802
169.5200096,39.00426231,-76.49993194,-0.9985320821,3,25.24000083,34.75999917
169.5701576,39.00426303,-76.49993341,-1.011618464,3,25.24999807,34.75000193
169.6202581,39.00426373,-76.49993489,-1.024723884,3,25.26000985,34.73999015
169.6704204,39.00426442,-76.49993638,-1.037812043,3,25.27000844,34.72999156
169.7205788,39.00426509,-76.49993788,-1.050899614,3,25.28000658,34.71999342
169.7707365,39.00426574,-76.49993939,-1.063977092,3,25.28999702,34.71000298
169.8208927,39.00426638,-76.49994092,-1.077067849,3,25.2999976,34.7000024
169.8710615,39.00426701,-76.49994245,-1.090157646,3,25.30999744,34.69000256
169.921249,39.00426763,-76.49994399,-1.095371688,3,25.32000011,34.67999989
169.9714168,39.00426823,-76.49994554,-1.108457275,3,25.32999674,34.67000326
170.0215732,39.00426882,-76.4999471,-1.121552444,3,25.34000069,34.65999931
170.0717363,39.00426939,-76.49994867,-1.134638797,3,25.34999791,34.65000209
170.1218989,39.00426994,-76.49995025,-1.14774939,3,25.36001364,34.63998636
170.1720638,39.00427048,-76.49995184,-1.160818248,3,25.36999749,34.63000251
170.2222578,39.004271,-76.49995344,-1.173921033,3,25.38000725,34.61999275
170.2724422,39.00427151,-76.49995504,-1.186997372,3,25.38999682,34.61000318
170.322596,39.004272,-76.49995666,-1.200103187,3,25.4000089,34.5999911
170.3727448,39.00427247,-76.49995828,-1.213166735,3,25.40998869,34.59001131
170.4229773,39.00427293,-76.49995991,-1.226274099,3,25.42000196,34.57999804
170.4731383,39.00427338,-76.49996154,-1.23201042,3,25.43001372,34.56998628
170.5232864,39.00427381,-76.49996318,-1.245089353,3,25.44000527,34.55999473
170.5734269,39.00427422,-76.49996483,-1.258172194,3,25.4499998,34.5500002
170.6235716,39.00427462,-76.49996649,-1.271265863,3,25.4600026,34.5399974
170.6737483,39.00427501,-76.49996815,-1.284357229,3,25.47000364,34.52999636
170.7239314,39.00427537,-76.49996981,-1.297445571,3,25.48000238,34.51999762
170.7741271,39.00427572,-76.49997149,-1.310535947,3,25.49000266,34.50999734
170.82427,39.00427605,-76.49997317,-1.322882274,3,25.50000486,34.49999514
170.8744528,39.00427638,-76.49997485,-1.322439627,3,25.51001227,34.48998773
170.9246706,39.00427671,-76.49997652,-1.322001299,3,25.52000174,34.47999826
170.9749105,39.00427705,-76.4999782,-1.32156825,3,25.52999916,34.47000084
171.0250861,39.00427738,-76.49997988,-1.321139298,3,25.53999713,34.46000287
171.0752311,39.00427771,-76.49998156,-1.321953822,3,25.55000771,34.44999229
171.1253684,39.00427805,-76.49998324,-1.322931686,3,25.55999737,34.44000263
171.1756283,39.00427838,-76.49998492,-1.323898031,3,25.57000072,34.42999928
171.2258586,39.00427871,-76.4999866,-1.324856314,3,25.58001065,34.41998935
171.276022,39.00427936,-76.49998996,-1.326744813,3,25.6000148,34.3999852
171.326174,39.00427968,-76.49999164,-1.327675959,3,25.60999896,34.39000104
171.3763315,39.00428001,-76.49999332,-1.328595686,3,25.62000038,34.37999962
171.4264919,39.00428033,-76.499995,-1.329508028,3,25.62999824,34.37000176
171.4766628,39.00428065,-76.49999668,-1.330411137,3,25.64000142,34.35999858
171.526842,39.00428097,-76.49999836,-1.331305894,3,25.64999884,34.35000116
171.5770166,39.00428129,-76.50000005,-1.334827013,3,25.65999967,34.34000033
171.6271993,39.0042816,-76.50000173,-1.336592253,3,25.67000595,34.32999405
171.6773597,39.00428191,-76.50000342,-1.338341854,3,25.67999868,34.32000132
171.7275397,39.00428222,-76.5000051,-1.340072615,3,25.68999844,34.31000156
171.7777128,39.00428253,-76.50000679,-1.341788256,3,25.70000971,34.29999029
171.8278897,39.00428283,-76.50000847,-1.343489624,3,25.7099994,34.2900006
171.8781006,39.00428314,-76.50001016,-1.34517121,3,25.72000326,34.27999674
171.9283016,39.00428344,-76.50001185,-1.346839198,3,25.72999986,34.27000014
171.9784748,39.00428373,-76.50001354,-1.348490102,3,25.74000011,34.25999989
172.0286451,39.00428403,-76.50001523,-1.350125864,3,25.75000839,34.24999161
172.0788152,39.00428432,-76.50001692,-1.351747292,3,25.76000995,34.23999005
172.1289877,39.00428462,-76.50001861,-1.353352104,3,25.7700127,34.2299873
172.1791632,39.0042849,-76.5000203,-1.354941708,3,25.78000468,34.21999532
172.2294092,39.00428519,-76.500022,-1.356514334,3,25.79000736,34.20999264
172.2795934,39.00428548,-76.50002369,-1.358073499,3,25.80000569,34.19999431
172.3297517,39.00428576,-76.50002538,-1.359616952,3,25.81001113,34.18998887
172.3799194,39.00428604,-76.50002708,-1.361146584,3,25.82001093,34.17998907
172.4301237,39.00428632,-76.50002877,-1.362660551,3,25.83000475,34.16999525
172.4802652,39.0042866,-76.50003047,-1.364158946,3,25.84001001,34.15998999
172.530463,39.00428687,-76.50003216,-1.365644501,3,25.85000981,34.14999019
172.58066,39.00428715,-76.50003385,-1.3671148,3,25.85999747,34.14000253
172.6308449,39.00428742,-76.50003555,-1.368569013,3,25.87000086,34.12999914
172.6810454,39.00428769,-76.50003725,-1.370011328,3,25.88000054,34.11999946
172.7312513,39.00428796,-76.50003895,-1.371439019,3,25.89000212,34.10999788
172.7814189,39.00428822,-76.50004064,-1.372853012,3,25.90000903,34.09999097
172.8316087,39.00428848,-76.50004234,-1.374253899,3,25.91000706,34.08999294
172.8817913,39.00428875,-76.50004404,-1.375639802,3,25.92000171,34.07999829
172.9320901,39.00428901,-76.50004574,-1.377011631,3,25.92999933,34.07000067
172.9823466,39.00428927,-76.50004744,-1.378370377,3,25.94000086,34.05999914
173.0324989,39.00428952,-76.50004914,-1.37971627,3,25.95000281,34.04999719
173.0826617,39.00428978,-76.50005084,-1.381048944,3,25.96000256,34.03999744
173.1328136,39.00429003,-76.50005254,-1.382368168,3,25.97000029,34.02999971
173.182969,39.00429028,-76.50005424,-1.383674085,3,25.97999986,34.02000014
173.2331476,39.00429053,-76.50005595,-1.384967318,3,25.99000677,34.00999323
173.2833792,39.00429078,-76.50005765,-1.386248677,3,26.00000224,33.99999776
173.3335467,39.00429103,-76.50005935,-1.387515863,3,26.01000039,33.98999961
173.3837552,39.00429127,-76.50006105,-1.388770806,3,26.01999958,33.98000042
173.4339225,39.00429151,-76.50006276,-1.390013404,3,26.02999794,33.97000206
173.4841414,39.00429175,-76.50006446,-1.391243531,3,26.04000888,33.95999112
173.5343611,39.00429199,-76.50006616,-1.392462937,3,26.05000337,33.94999663
173.5845432,39.00429223,-76.50006787,-1.393668181,3,26.05999891,33.94000109
173.634722,39.00429247,-76.50006957,-1.394861524,3,26.06999835,33.93000165
173.6849156,39.0042927,-76.50007128,-1.396043406,3,26.08000636,33.91999364
173.7351165,39.00429294,-76.50007298,-1.397214469,3,26.08999845,33.91000155
173.7853004,39.00429317,-76.50007469,-1.398371951,3,26.10000761,33.89999239
173.8354937,39.0042934,-76.5000764,-1.399519798,3,26.10999817,33.89000183
173.8857007,39.00429363,-76.5000781,-1.400654008,3,26.11999956,33.88000044
173.9358985,39.00429385,-76.50007981,-1.401778057,3,26.12999902,33.87000098
173.9860565,39.00429408,-76.50008152,-1.402890593,3,26.13999858,33.86000142
174.0362769,39.0042943,-76.50008323,-1.40399195,3,26.14999947,33.85000053
174.0864552,39.00429453,-76.50008493,-1.405082366,3,26.15999851,33.84000149
174.1366447,39.00429475,-76.50008664,-1.406161594,3,26.17000107,33.82999893
174.1868408,39.00429497,-76.50008835,-1.407230318,3,26.1799981,33.8200019
174.2370255,39.00429519,-76.50009006,-1.407230318,3,26.19001385,33.80998615
174.287208,39.00429541,-76.50009177,-1.40828767,3,26.20001463,33.79998537
174.3373915,39.00429562,-76.50009348,-1.41039452,3,26.21000762,33.78999238
174.3876084,39.00429584,-76.50009519,-1.411419487,3,26.22000738,33.77999262
174.4377915,39.00429605,-76.5000969,-1.412434774,3,26.23000166,33.76999834
174.4879965,39.00429626,-76.50009861,-1.413439227,3,26.24000132,33.75999868
174.5381817,39.00429647,-76.50010032,-1.41443404,3,26.25000603,33.74999397
174.5884011,39.00429668,-76.50010203,-1.415419261,3,26.2600124,33.7399876
174.6386004,39.00429689,-76.50010374,-1.41639464,3,26.27001002,33.72998998
174.6887815,39.0042971,-76.50010545,-1.417359262,3,26.28000899,33.71999101
174.7389842,39.0042973,-76.50010716,-1.418314212,3,26.29000532,33.70999468
174.7892194,39.00429751,-76.50010887,-1.419259203,3,26.30000067,33.69999933
174.8394218,39.00429771,-76.50011059,-1.42019449,3,26.31000079,33.68999921
174.8896901,39.00429789,-76.5001123,-1.433288781,3,26.32000407,33.67999593
174.9398915,39.00429806,-76.50011402,-1.446379318,3,26.33000448,33.66999552
174.9901398,39.00429821,-76.50011574,-1.459477141,3,26.34001046,33.65998954
175.0403324,39.00429834,-76.50011747,-1.472562495,3,26.35000691,33.64999309
175.0904713,39.00429846,-76.50011919,-1.485658967,3,26.36001185,33.63998815
175.1407264,39.00429856,-76.50012092,-1.496149185,3,26.37000122,33.62999878
175.1909996,39.00429866,-76.50012264,-1.496287399,3,26.37999983,33.62000017
175.2411526,39.00429876,-76.50012437,-1.496424308,3,26.39000605,33.60999395
175.2914556,39.00429886,-76.5001261,-1.4965599,3,26.39999896,33.60000104
175.3416394,39.00429896,-76.50012783,-1.496693907,3,26.41000764,33.58999236
175.3918502,39.00429906,-76.50012955,-1.496826734,3,26.42000959,33.57999041
175.4420074,39.00429916,-76.50013128,-1.496958093,3,26.4300116,33.5699884
175.4922284,39.00429926,-76.50013301,-1.49708809,3,26.44000899,33.55999101
175.5423915,39.00429936,-76.50013473,-1.497216679,3,26.45000212,33.54999788
175.5925599,39.00429944,-76.50013646,-1.510307975,3,26.4600031,33.5399969
175.6427762,39.00429951,-76.50013819,-1.523408376,3,26.47001105,33.52998895
175.6929654,39.00429955,-76.50013992,-1.536490708,3,26.48000519,33.51999481
175.7431548,39.00429958,-76.50014165,-1.549585325,3,26.49000872,33.50999128
175.7933391,39.00429959,-76.50014339,-1.562675477,3,26.50000884,33.49999116
175.8435881,39.00429958,-76.50014512,-1.575759556,3,26.51000431,33.48999569
175.8938247,39.00429956,-76.50014685,-1.588855478,3,26.52000884,33.47999116
175.9440569,39.00429952,-76.50014858,-1.601946027,3,26.53000926,33.46999074
175.9943239,39.00429946,-76.50015031,-1.615035033,3,26.5400085,33.4599915
176.0444965,39.00429938,-76.50015204,-1.628128756,3,26.55001134,33.44998866
176.094686,39.0042993,-76.50015377,-1.63076809,3,26.56001026,33.43998974
176.1448656,39.00429922,-76.5001555,-1.629511548,3,26.57001487,33.42998513
176.1949998,39.00429914,-76.50015722,-1.628267539,3,26.58000444,33.41999556
176.2453202,39.00429905,-76.50015895,-1.641351123,3,26.58999954,33.41000046
176.2954919,39.00429893,-76.50016068,-1.654453866,3,26.60000928,33.39999072
176.3457068,39.0042988,-76.5001624,-1.667533369,3,26.61000126,33.38999874
176.3959117,39.00429866,-76.50016412,-1.68062361,3,26.62000144,33.37999856
176.4461269,39.00429849,-76.50016584,-1.693712618,3,26.63000068,33.36999932
176.4963118,39.00429831,-76.50016756,-1.706808625,3,26.64000527,33.35999473
176.5465318,39.00429811,-76.50016927,-1.719892753,3,26.65000079,33.34999921
176.5967216,39.00429789,-76.50017098,-1.732981146,3,26.65999956,33.34000044
176.6469203,39.00429765,-76.50017268,-1.746072403,3,26.67000052,33.32999948
176.6971961,39.00429741,-76.50017439,-1.754361004,3,26.68000689,33.31999311
176.7474404,39.00429716,-76.50017609,-1.752583468,3,26.69000024,33.30999976
176.7976214,39.00429692,-76.50017779,-1.750827037,3,26.70001069,33.29998931
176.8478193,39.00429666,-76.50017949,-1.763904052,3,26.71000077,33.28999923
176.8980029,39.00429638,-76.50018119,-1.776992676,3,26.71999971,33.28000029
176.9481757,39.00429609,-76.50018288,-1.790088968,3,26.73000452,33.26999548
176.9983778,39.00429578,-76.50018456,-1.80317695,3,26.74000298,33.25999702
177.0485696,39.00429545,-76.50018624,-1.816263894,3,26.75000065,33.24999935
177.0987802,39.0042951,-76.50018792,-1.829365996,3,26.76000989,33.23999011
177.1490419,39.00429474,-76.50018958,-1.842454568,3,26.7700088,33.2299912
177.1993246,39.00429436,-76.50019125,-1.855536754,3,26.78000283,33.21999717
177.2495865,39.00429397,-76.5001929,-1.868620542,3,26.78999808,33.21000192
177.2998079,39.00429355,-76.50019455,-1.88037101,3,26.79999818,33.20000182
177.3500419,39.00429315,-76.5001962,-1.878738696,3,26.8099995,33.1900005
177.4003138,39.00429274,-76.50019785,-1.877123462,3,26.82000304,33.17999696
177.4504286,39.00429231,-76.50019949,-1.890210224,3,26.83000057,33.16999943
177.5006462,39.00429187,-76.50020113,-1.903301521,3,26.84000156,33.15999844
177.5508106,39.00429141,-76.50020276,-1.916391102,3,26.85000124,33.14999876
177.6010095,39.00429094,-76.50020438,-1.929486393,3,26.86000528,33.13999472
177.6511797,39.00429045,-76.500206,-1.942569646,3,26.87000012,33.12999988
177.7013521,39.00428994,-76.5002076,-1.955660597,3,26.88000085,33.11999915
177.7515202,39.00428942,-76.5002092,-1.968748183,3,26.88999901,33.11000099
177.8017647,39.00428888,-76.50021079,-1.981845374,3,26.9000045,33.0999955
177.8519751,39.00428832,-76.50021236,-1.994933238,3,26.91000287,33.08999713
177.9021756,39.00428775,-76.50021393,-2.008021434,3,26.92000149,33.07999851
177.9523759,39.00428718,-76.5002155,-2.006774133,3,26.93000662,33.06999338
178.002594,39.00428661,-76.50021707,-2.005280996,3,26.94000011,33.05999989
178.0529892,39.00428603,-76.50021863,-2.018376974,3,26.95000468,33.04999532
178.10319,39.00428543,-76.50022019,-2.031470888,3,26.96000767,33.03999233
178.1534102,39.00428481,-76.50022173,-2.044556811,3,26.97000456,33.02999544
178.2036548,39.00428418,-76.50022326,-2.05765414,3,26.98001015,33.01998985
178.2538846,39.00428353,-76.50022478,-2.070754647,3,26.99001818,33.00998182
178.3041659,39.00428287,-76.50022629,-2.083833343,3,27.00000955,32.99999045
178.3544377,39.00428219,-76.50022778,-2.096922788,3,27.01000912,32.98999088
178.40461,39.00428149,-76.50022927,-2.110016151,3,27.02001169,32.97998831
178.4550775,39.00428078,-76.50023074,-2.1231057,3,27.03001135,32.96998865
178.5053434,39.00428006,-76.5002322,-2.136188173,3,27.0400056,32.9599944
178.5555717,39.00427934,-76.50023367,-2.136724649,3,27.05001472,32.94998528
178.6058194,39.0042786,-76.50023512,-2.149804208,3,27.06000675,32.93999325
178.6561336,39.00427784,-76.50023655,-2.162904374,3,27.07001451,32.92998549
178.7062913,39.00427707,-76.50023798,-2.176007775,3,27.08002475,32.91997525
178.7564963,39.00427629,-76.50023939,-2.18906841,3,27.09000232,32.90999768
178.8066987,39.00427549,-76.50024079,-2.202163943,3,27.10000654,32.89999346
178.8569509,39.00427468,-76.50024217,-2.215258636,3,27.11001013,32.88998987
178.9071794,39.00427386,-76.50024354,-2.228339124,3,27.12000286,32.87999714
178.9574365,39.00427302,-76.5002449,-2.241427559,3,27.13000167,32.86999833
179.0076883,39.00427216,-76.50024624,-2.254514963,3,27.13999968,32.86000032
179.0578993,39.0042713,-76.50024757,-2.267606835,3,27.15000111,32.84999889
179.1080806,39.00427043,-76.50024889,-2.268370707,3,27.15999838,32.84000162
179.1582526,39.00426956,-76.50025022,-2.267065205,3,27.17000377,32.82999623
179.208439,39.00426868,-76.50025154,-2.280155699,3,27.18000415,32.81999585
179.2586545,39.00426779,-76.50025284,-2.293242228,3,27.1900015,32.8099985
179.309026,39.00426688,-76.50025412,-2.306332701,3,27.20000186,32.79999814
179.3592213,39.00426596,-76.50025539,-2.319425386,3,27.21000391,32.78999609
179.4094523,39.00426503,-76.50025664,-2.332512011,3,27.22000133,32.77999867
179.4596955,39.00426408,-76.50025788,-2.345613411,3,27.23001004,32.76998996
179.5100083,39.00426313,-76.5002591,-2.358702194,3,27.24000911,32.75999089
179.5601736,39.00426216,-76.50026031,-2.371784084,3,27.25000292,32.74999708
179.6103674,39.00426117,-76.5002615,-2.384882197,3,27.26000911,32.73999089
179.6605134,39.00426018,-76.50026267,-2.397969938,3,27.27000739,32.72999261
179.7106577,39.00425918,-76.50026384,-2.400628347,3,27.28000727,32.71999273
179.7608203,39.00425817,-76.50026499,-2.4137098,3,27.29000074,32.70999926
179.811009,39.00425715,-76.50026612,-2.426804412,3,27.30000426,32.69999574
179.8611896,39.00425612,-76.50026724,-2.439890556,3,27.31000132,32.68999868
179.9114574,39.00425508,-76.50026834,-2.452984924,3,27.32000465,32.67999535
179.9616848,39.00425402,-76.50026942,-2.466069273,3,27.33000034,32.66999966
180.0118231,39.00425296,-76.50027049,-2.479168342,3,27.34000727,32.65999273
180.0620292,39.00425188,-76.50027154,-2.49224767,3,27.34999911,32.65000089
180.1122371,39.00425079,-76.50027257,-2.505353183,3,27.36001096,32.63998904
180.1625506,39.0042497,-76.50027358,-2.518434933,3,27.37000466,32.62999534
180.212702,39.00424859,-76.50027457,-2.531530839,3,27.38000917,32.61999083
180.2628847,39.00424748,-76.50027556,-2.534481328,3,27.39000053,32.60999947
180.3131401,39.00424636,-76.50027653,-2.547582304,3,27.40000891,32.59999109
180.363361,39.00424523,-76.50027748,-2.560660032,3,27.40999954,32.59000046
180.4136191,39.00424409,-76.50027841,-2.573756575,3,27.42000454,32.57999546
180.4638244,39.00424294,-76.50027932,-2.586840669,3,27.43000003,32.56999997
180.5139816,39.00424178,-76.50028021,-2.599955892,3,27.44001929,32.55998071
180.5641625,39.00424062,-76.50028109,-2.613021578,3,27.45000072,32.54999928
180.6143237,39.00423944,-76.50028194,-2.626132594,3,27.46001677,32.53998323
180.6645244,39.00423826,-76.50028277,-2.639209819,3,27.47000702,32.52999298
180.7147257,39.00423707,-76.50028359,-2.652297883,3,27.48000554,32.51999446
180.7649501,39.00423587,-76.50028438,-2.665386132,3,27.4900042,32.5099958
180.8150714,39.00423466,-76.50028517,-2.668712463,3,27.50002217,32.49997783
180.8652716,39.00423345,-76.50028594,-2.681777147,3,27.51000283,32.48999717
180.9155071,39.00423223,-76.50028669,-2.694864552,3,27.52000084,32.47999916
180.9657171,39.00423101,-76.50028741,-2.707955837,3,27.53000183,32.46999817
181.0159476,39.00422977,-76.50028812,-2.721046952,3,27.54000268,32.45999732
181.0661288,39.00422853,-76.50028881,-2.734133625,3,27.55000014,32.44999986
181.1163513,39.00422729,-76.50028947,-2.747225452,3,27.56000153,32.43999847
181.1664923,39.00422603,-76.50029012,-2.760316141,3,27.57000206,32.42999794
181.2166234,39.00422477,-76.50029074,-2.77340966,3,27.58000475,32.41999525
181.2667668,39.0042235,-76.50029134,-2.786505716,3,27.59000937,32.40999063
181.3169501,39.00422223,-76.50029192,-2.799584051,3,27.60000046,32.39999954
181.3671703,39.00422096,-76.5002925,-2.803396087,3,27.61000105,32.38999895
181.4173573,39.00421968,-76.50029305,-2.816497687,3,27.62000991,32.37999009
181.4675913,39.00421839,-76.50029358,-2.829586829,3,27.63000925,32.36999075
181.5178427,39.0042171,-76.50029409,-2.842665138,3,27.64000032,32.35999968
181.568041,39.0042158,-76.50029458,-2.855754372,3,27.64999974,32.35000026
181.6182238,39.0042145,-76.50029505,-2.868844223,3,27.65999962,32.34000038
181.668348,39.0042132,-76.50029549,-2.881941983,3,27.67000555,32.32999445
181.7186136,39.00421189,-76.50029591,-2.895028673,3,27.68000302,32.31999698
181.7688356,39.00421057,-76.50029631,-2.908113992,3,27.68999945,32.31000055
181.8189968,39.00420925,-76.50029669,-2.921204162,3,27.69999958,32.30000042
181.8691974,39.00420793,-76.50029705,-2.934294349,3,27.70999972,32.29000028
181.9194185,39.00420661,-76.5002974,-2.938578486,3,27.71999907,32.28000093
181.9695817,39.00420528,-76.50029772,-2.951671996,3,27.73000175,32.26999825
182.0197196,39.00420395,-76.50029803,-2.964756811,3,27.73999779,32.26000221
182.0699343,39.00420262,-76.50029831,-2.977851676,3,27.75000151,32.24999849
182.1203176,39.00420128,-76.50029857,-2.990938081,3,27.75999876,32.24000124
182.1704727,39.00419994,-76.50029881,-3.004035285,3,27.77000426,32.22999574
182.2206114,39.0041986,-76.50029902,-3.017123877,3,27.78000319,32.21999681
182.2707525,39.00419726,-76.50029922,-3.030213598,3,27.79000298,32.20999702
182.3208901,39.00419592,-76.50029939,-3.043298748,3,27.79999927,32.20000073
182.3711439,39.00419457,-76.50029953,-3.056393417,3,27.81000284,32.18999716
182.4213433,39.00419322,-76.50029966,-3.069481891,3,27.82000167,32.17999833
182.4715172,39.00419187,-76.50029978,-3.074299039,3,27.83000928,32.16999072
182.5216569,39.00419052,-76.50029987,-3.087383042,3,27.8400047,32.1599953
182.5719042,39.00418917,-76.50029994,-3.100467257,3,27.85000028,32.14999972
182.6221208,39.00418782,-76.50029999,-3.113559689,3,27.86000214,32.13999786
182.6723046,39.00418647,-76.50030001,-3.126651206,3,27.8700033,32.1299967
182.7224424,39.00418512,-76.50030002,-3.139737645,3,27.88000058,32.11999942
182.7725859,39.00418377,-76.5003,3.130356477,3,27.89000148,32.10999852
182.8228295,39.00418242,-76.50029996,3.117253656,3,27.90001128,32.09998872
182.8730272,39.00418107,-76.50029989,3.104176229,3,27.91000167,32.08999833
182.923224,39.00417972,-76.5002998,3.091087818,3,27.92000046,32.07999954
182.9733547,39.00417837,-76.50029969,3.077995366,3,27.93000233,32.06999767
183.0235959,39.00417702,-76.50029957,3.072604676,3,27.9400057,32.0599943
183.0738346,39.00417568,-76.50029943,3.059510049,3,27.95000923,32.04999077
183.124085,39.00417433,-76.50029927,3.046425229,3,27.96000528,32.03999472
183.1742837,39.00417299,-76.50029908,3.033344619,3,27.9699981,32.0300019
183.2244941,39.00417165,-76.50029887,3.020245591,3,27.980005,32.019995
183.2746291,39.00417031,-76.50029864,3.007144675,3,27.99001334,32.00998666
183.3248527,39.00416897,-76.50029838,2.994069501,3,28.00000201,31.99999799
183.3751804,39.00416764,-76.50029811,2.980977578,3,28.01000348,31.98999652
183.4253341,39.00416631,-76.50029781,2.967883846,3,28.02000633,31.97999367
183.4754872,39.00416498,-76.50029749,2.954798597,3,28.0300027,31.9699973
183.525694,39.00416365,-76.50029714,2.941696668,3,28.04001182,31.95998818
183.5759243,39.00416233,-76.50029679,2.935758622,3,28.05001937,31.94998063
183.6260674,39.0041597,-76.50029601,2.909591393,3,28.07000961,31.92999039
183.6762355,39.00415839,-76.50029559,2.896501108,3,28.08000983,31.91999017
183.7263629,39.00415708,-76.50029515,2.883414359,3,28.09000735,31.90999265
183.7765202,39.00415578,-76.50029469,2.870326957,3,28.10000536,31.89999464
183.8266787,39.00415448,-76.5002942,2.857240977,3,28.11000229,31.88999771
183.8768312,39.00415319,-76.50029369,2.844141237,3,28.12000973,31.87999027
183.9269964,39.0041519,-76.50029317,2.831059516,3,28.13000341,31.86999659
183.977143,39.00415062,-76.50029262,2.817967216,3,28.14000516,31.85999484
184.0273547,39.00414935,-76.50029204,2.804875772,3,28.15000627,31.84999373
184.0775727,39.00414807,-76.50029146,2.79834896,3,28.16000842,31.83999158
184.1277722,39.00414681,-76.50029086,2.785252681,3,28.17001321,31.82998679
184.1779389,39.00414555,-76.50029023,2.772174468,3,28.18000421,31.81999579
184.2281143,39.00414429,-76.50028958,2.759079538,3,28.19000797,31.80999203
184.2782756,39.00414305,-76.50028892,2.745996354,3,28.20000277,31.79999723
184.3284591,39.00414181,-76.50028823,2.732898214,3,28.21000899,31.78999101
184.3786167,39.00414058,-76.50028752,2.719809348,3,28.22000812,31.77999188
184.4287617,39.00413935,-76.50028679,2.706707746,3,28.23001698,31.76998302
184.4789121,39.00413813,-76.50028604,2.693626246,3,28.24001049,31.75998951
184.529061,39.00413692,-76.50028527,2.680534518,3,28.25001181,31.74998819
184.5792694,39.00413572,-76.50028448,2.667446847,3,28.26001003,31.73998997
184.6294147,39.00413453,-76.50028367,2.654351463,3,28.27001414,31.72998586
184.6795715,39.00413334,-76.50028284,2.641275306,3,28.28000357,31.71999643
184.7297654,39.00413216,-76.50028199,2.628176686,3,28.29001015,31.70998985
184.7799333,39.004131,-76.50028112,2.615090732,3,28.30000706,31.69999294
184.8300889,39.00412984,-76.50028023,2.60199238,3,28.31001344,31.68998656
184.8802466,39.00412869,-76.50027932,2.588916541,3,28.32000262,31.67999738
184.930402,39.00412755,-76.50027839,2.575820071,3,28.33000757,31.66999243
184.9805515,39.00412641,-76.50027744,2.562725462,3,28.34001109,31.65998891
185.0307111,39.00412529,-76.50027648,2.549636033,3,28.35001065,31.64998935
185.0808624,39.00412418,-76.50027549,2.536551741,3,28.36000629,31.63999371
185.1311552,39.00412308,-76.50027449,2.523466056,3,28.37000299,31.62999701
185.1813226,39.00412199,-76.50027347,2.510377747,3,28.3800017,31.6199983
185.2315066,39.00412091,-76.50027243,2.497276445,3,28.39001034,31.60998966
185.2816998,39.00411984,-76.50027137,2.484197192,3,28.40000213,31.59999787
185.3319421,39.00411878,-76.50027029,2.471107516,3,28.41000188,31.58999812
185.3822055,39.00411773,-76.5002692,2.458015883,3,28.42000313,31.57999687
185.4324047,39.0041167,-76.50026809,2.444920518,3,28.43000723,31.56999277
185.4825984,39.00411567,-76.50026696,2.431834435,3,28.44000423,31.55999577
185.5328152,39.00411466,-76.50026581,2.418736557,3,28.45001025,31.54998975
185.583047,39.00411366,-76.50026465,2.405654932,3,28.46000385,31.53999615
185.6332545,39.00411267,-76.50026347,2.392563087,3,28.47000526,31.52999474
185.6834135,39.00411169,-76.50026228,2.384037091,3,28.4800022,31.5199978
185.7335798,39.00411072,-76.50026108,2.370946068,3,28.49000298,31.50999702
185.7837422,39.00410976,-76.50025985,2.357845503,3,28.50001105,31.49998895
185.8338795,39.00410882,-76.50025861,2.34476068,3,28.5100071,31.4899929
185.88405,39.00410788,-76.50025736,2.331669197,3,28.52000823,31.47999177
185.9342383,39.00410696,-76.50025609,2.318557896,3,28.5300245,31.4699755
185.9844163,39.00410606,-76.5002548,2.305481454,3,28.54001414,31.45998586
186.0346074,39.00410517,-76.50025351,2.29240812,3,28.55000141,31.44999859
186.0848141,39.00410429,-76.50025219,2.279314987,3,28.56000381,31.43999619
186.1349765,39.00410342,-76.50025086,2.26622918,3,28.5700006,31.4299994
186.1852061,39.00410257,-76.50024952,2.253140125,3,28.57999988,31.42000012
186.235424,39.00410173,-76.50024817,2.245899756,3,28.59000087,31.40999913
186.2855885,39.0041009,-76.5002468,2.232810744,3,28.60000011,31.39999989
186.3357847,39.00410008,-76.50024542,2.219720574,3,28.61000024,31.38999976
186.38603,39.00409928,-76.50024403,2.206622469,3,28.62000643,31.37999357
186.4362759,39.00409849,-76.50024262,2.193541705,3,28.62999938,31.37000062
186.4864371,39.00409771,-76.5002412,2.180437767,3,28.64001003,31.35998997
186.5366149,39.00409696,-76.50023977,2.167353411,3,28.65000571,31.34999429
186.5867892,39.00409621,-76.50023832,2.154270144,3,28.66000057,31.33999943
186.6369633,39.00409548,-76.50023687,2.141180418,3,28.67000036,31.32999964
186.6871835,39.00409477,-76.5002354,2.128095457,3,28.67999651,31.32000349
186.7373922,39.00409407,-76.50023391,2.114988707,3,28.69000931,31.30999069
186.7875787,39.00409338,-76.50023242,2.101905914,3,28.7000038,31.2999962
186.8377607,39.00409271,-76.50023092,2.088822158,3,28.70999903,31.29000097
186.8880599,39.00409206,-76.5002294,2.075732946,3,28.71999843,31.28000157
186.9382965,39.00409142,-76.50022788,2.062642019,3,28.72999914,31.27000086
186.9885058,39.0040908,-76.50022634,2.049554914,3,28.73999693,31.26000307
187.038715,39.00409019,-76.50022479,2.03644444,3,28.75001257,31.24998743
187.0888997,39.0040896,-76.50022323,2.023373102,3,28.75999831,31.24000169
187.1391244,39.00408903,-76.50022167,2.010281597,3,28.76999946,31.23000054
187.1893395,39.00408847,-76.50022009,1.99719066,3,28.78000018,31.21999982
187.2396057,39.00408793,-76.5002185,1.984087567,3,28.79001018,31.20998982
187.2898178,39.0040874,-76.50021691,1.971002366,3,28.80000651,31.19999349
187.3400369,39.00408689,-76.50021531,1.957919588,3,28.810001,31.189999
187.3903128,39.0040864,-76.50021369,1.944827646,3,28.82000248,31.17999752
187.4405616,39.00408592,-76.50021207,1.931739899,3,28.83000076,31.16999924
187.4908193,39.00408546,-76.50021045,1.918649786,3,28.84000084,31.15999916
187.5409893,39.00408501,-76.50020881,1.905562546,3,28.84999873,31.15000127
187.5912316,39.00408459,-76.50020717,1.892458986,3,28.86000909,31.13999091
187.641443,39.00408418,-76.50020552,1.879370022,3,28.8700083,31.1299917
187.6916992,39.00408378,-76.50020386,1.866283055,3,28.88000599,31.11999401
187.7419073,39.00408341,-76.5002022,1.853191035,3,28.89000753,31.10999247
187.7921634,39.00408305,-76.50020053,1.840106023,3,28.90000372,31.09999628
187.8423833,39.0040827,-76.50019885,1.829019838,3,28.9100018,31.0899982
187.8926361,39.00408237,-76.50019717,1.815919847,3,28.92000943,31.07999057
187.9428654,39.00408206,-76.50019549,1.802841283,3,28.9300007,31.0699993
187.993053,39.00408177,-76.5001938,1.789752036,3,28.94000012,31.05999988
188.04326,39.00408149,-76.5001921,1.776662202,3,28.95,31.05
188.093453,39.00408123,-76.50019041,1.768722111,3,28.9600019,31.0399981
188.1436477,39.00408096,-76.50018871,1.768726257,3,28.96999952,31.03000048
188.1938624,39.0040807,-76.50018701,1.768730359,3,28.98001141,31.01998859
188.2441786,39.00408043,-76.50018531,1.768734426,3,28.98999898,31.01000102
188.2943926,39.00408017,-76.50018361,1.768738442,3,29.00000107,30.99999893
188.3446302,39.0040799,-76.50018192,1.768742423,3,29.00999989,30.99000011
188.3948235,39.00407963,-76.50018022,1.768390798,3,29.02000455,30.97999545
188.445055,39.00407937,-76.50017852,1.76699591,3,29.0300065,30.9699935
188.4953511,39.00407911,-76.50017682,1.765614556,3,29.04000106,30.95999894
188.5455082,39.00407885,-76.50017512,1.764247263,3,29.05000126,30.94999874
188.5957755,39.00407859,-76.50017342,1.762892135,3,29.05999881,30.94000119
188.645934,39.00407834,-76.50017172,1.761550207,3,29.06999972,30.93000028
188.6961448,39.00407808,-76.50017002,1.760220569,3,29.0799962,30.9200038
188.7463242,39.00407783,-76.50016832,1.760220569,3,29.09000687,30.90999313
188.7964888,39.00407757,-76.50016662,1.758904157,3,29.10000956,30.89999044
188.8466483,39.00407733,-76.50016491,1.756279877,3,29.11001203,30.88998797
188.8968951,39.00407708,-76.50016321,1.755000275,3,29.12000271,30.87999729
188.9470949,39.00407683,-76.50016151,1.753734415,3,29.13000161,30.86999839
188.9972963,39.00407659,-76.5001598,1.74979136,3,29.14002623,30.85997377
189.0474923,39.00407635,-76.5001581,1.747980981,3,29.15000078,30.84999922
189.0977245,39.00407612,-76.5001564,1.746196524,3,29.1600091,30.8399909
189.1479337,39.00407588,-76.50015469,1.744422753,3,29.17001218,30.82998782
189.1982042,39.00407565,-76.50015299,1.74266657,3,29.18000601,30.81999399
189.2483829,39.00407542,-76.50015128,1.740928528,3,29.19000145,30.80999855
189.2985894,39.0040752,-76.50014957,1.739206592,3,29.20000416,30.79999584
189.3489308,39.00407497,-76.50014786,1.737499683,3,29.20999927,30.79000073
189.3991175,39.00407475,-76.50014616,1.735810231,3,29.22000554,30.77999446
189.4493157,39.00407453,-76.50014445,1.734134937,3,29.22999991,30.77000009
189.4994917,39.00407431,-76.50014274,1.732477563,3,29.24000083,30.75999917
189.549759,39.0040741,-76.50014103,1.7308349,3,29.24999958,30.75000042
189.5999202,39.00407389,-76.50013932,1.729208277,3,29.26000045,30.73999955
189.6501285,39.00407368,-76.50013761,1.727596871,3,29.26999824,30.73000176
189.700405,39.00407347,-76.5001359,1.726001405,3,29.2800011,30.7199989
189.7506277,39.00407326,-76.50013419,1.724420456,3,29.28999867,30.71000133
189.8008294,39.00407305,-76.50013248,1.722855549,3,29.29999979,30.70000021
189.8510182,39.00407285,-76.50013076,1.721305168,3,29.3100008,30.6899992
189.9012045,39.00407265,-76.50012905,1.719769774,3,29.32000621,30.67999379
189.9514275,39.00407245,-76.50012734,1.71824856,3,29.33000097,30.66999903
190.001602,39.00407226,-76.50012562,1.716743692,3,29.33999769,30.66000231
190.0518303,39.00407206,-76.50012391,1.715253124,3,29.3500036,30.6499964
190.1020433,39.00407187,-76.5001222,1.713775681,3,29.36000467,30.63999533
190.1522418,39.00407168,-76.50012048,1.712313331,3,29.36999812,30.63000188
190.2024569,39.00407149,-76.50011877,1.71086634,3,29.37999775,30.62000225
190.252681,39.0040713,-76.50011705,1.709432582,3,29.39000075,30.60999925
190.3028867,39.00407112,-76.50011534,1.708012359,3,29.3999991,30.6000009
190.3531325,39.00407094,-76.50011362,1.706606699,3,29.41000042,30.58999958
190.4033346,39.00407075,-76.5001119,1.705214403,3,29.42001392,30.57998608
190.4535482,39.00407058,-76.50011019,1.7038341,3,29.43000925,30.56999075
190.5037814,39.0040704,-76.50010847,1.702469864,3,29.44000032,30.55999968
190.5539689,39.00407022,-76.50010676,1.701119626,3,29.45000142,30.54999858
190.6041536,39.00407005,-76.50010504,1.699781342,3,29.46000753,30.53999247
190.6543993,39.00406988,-76.50010332,1.698455603,3,29.46999957,30.53000043
190.7046336,39.00406971,-76.5001016,1.697144817,3,29.48000374,30.51999626
190.7548309,39.00406954,-76.50009988,1.695845411,3,29.49000346,30.50999654
190.8050468,39.00406937,-76.50009816,1.694559454,3,29.50001197,30.49998803
190.8552755,39.00406921,-76.50009645,1.693285129,3,29.51000128,30.48999872
190.90551,39.00406904,-76.50009473,1.692025886,3,29.52000316,30.47999684
190.9557181,39.00406888,-76.50009301,1.690777574,3,29.52999891,30.47000109
191.0059946,39.00406872,-76.50009129,1.689542441,3,29.54001182,30.45998818
191.0562391,39.00406856,-76.50008957,1.688317507,3,29.54999986,30.45000014
191.1065001,39.00406841,-76.50008785,1.687107812,3,29.56000128,30.43999872
191.1567137,39.00406825,-76.50008613,1.685908571,3,29.57000147,30.42999853
191.206926,39.0040681,-76.50008441,1.68472146,3,29.579999,30.420001
191.2571583,39.00406794,-76.50008269,1.683546531,3,29.58999942,30.41000058
191.3074261,39.00406779,-76.50008097,1.682383024,3,29.59999933,30.40000067
191.3576455,39.00406765,-76.50007925,1.681231234,3,29.61000927,30.38999073
191.4079182,39.0040675,-76.50007752,1.680089851,3,29.62000679,30.37999321
191.4581597,39.00406735,-76.5000758,1.678961337,3,29.63000794,30.36999206
191.5083922,39.00406721,-76.50007408,1.677843751,3,29.64000966,30.35999034
191.5586323,39.00406707,-76.50007236,1.676737342,3,29.6499993,30.3500007
191.6088998,39.00406692,-76.50007064,1.675643391,3,29.66001046,30.33998954
191.6590853,39.00406678,-76.50006892,1.674558112,3,29.67000032,30.32999968
191.7092996,39.00406665,-76.50006719,1.673486072,3,29.68001013,30.31998987
191.7594854,39.00406651,-76.50006547,1.672422717,3,29.69000674,30.30999326
191.8096768,39.00406637,-76.50006375,1.671371495,3,29.69999794,30.30000206
191.8598719,39.00406624,-76.50006202,1.670331454,3,29.71000763,30.28999237
191.9100709,39.00406611,-76.5000603,1.669300014,3,29.72000552,30.27999448
191.9603173,39.00406597,-76.50005857,1.668280224,3,29.73001437,30.26998563
192.0105411,39.00406584,-76.50005685,1.667269651,3,29.74000988,30.25999012
192.060738,39.00406571,-76.50005513,1.66627066,3,29.7500067,30.2499933
192.1109639,39.00406559,-76.50005341,1.665281664,3,29.7599984,30.2400016
192.1611563,39.00406546,-76.50005168,1.664303201,3,29.77001183,30.22998817
192.211373,39.00406534,-76.50004996,1.663332559,3,29.78000103,30.21999897
192.2615898,39.00406521,-76.50004823,1.662374115,3,29.78999989,30.21000011
192.3118196,39.00406509,-76.50004651,1.661424487,3,29.8000013,30.1999987
192.3620007,39.00406497,-76.50004478,1.660484278,3,29.80999939,30.19000061
192.4122632,39.00406485,-76.50004306,1.65955395,3,29.8200087,30.1799913
192.462536,39.00406473,-76.50004133,1.65863206,3,29.83000055,30.16999945
192.5127369,39.00406461,-76.50003961,1.657721166,3,29.84000431,30.15999569
192.5628885,39.0040645,-76.50003788,1.656818477,3,29.85000377,30.14999623
192.6131496,39.00406438,-76.50003616,1.655925385,3,29.86000245,30.13999755
192.663317,39.00406427,-76.50003443,1.655041477,3,29.87000071,30.12999929
192.7134847,39.00406416,-76.50003271,1.654166632,3,29.88000367,30.11999633
192.7636856,39.00406405,-76.50003098,1.653300318,3,29.89000612,30.10999388
192.8138644,39.00406394,-76.50002926,1.652442906,3,29.90000161,30.09999839
192.8640349,39.00406383,-76.50002753,1.651594857,3,29.91000622,30.08999378
192.9142321,39.00406372,-76.5000258,1.650754718,3,29.9200068,30.0799932
192.9643716,39.00406361,-76.50002408,1.649923518,3,29.92999949,30.07000051
193.0146244,39.00406351,-76.50002235,1.649101482,3,29.94000039,30.05999961
193.0647698,39.0040634,-76.50002062,1.648287196,3,29.94999916,30.05000084
193.1149511,39.0040633,-76.5000189,1.647481431,3,29.96001323,30.03998677
193.165131,39.0040632,-76.50001717,1.646682708,3,29.96999925,30.03000075
193.2152918,39.00406309,-76.50001544,1.645894409,3,29.98000299,30.01999701
193.2654484,39.00406299,-76.50001372,1.645112805,3,29.99000985,30.00999015
193.3156057,39.00406289,-76.50001199,1.644338991,3,30.00000081,29.99999919
193.3657681,39.0040628,-76.50001026,1.643574348,3,30.01000231,29.98999769
193.4159346,39.0040627,-76.50000854,1.64281676,3,30.02000039,29.97999961
193.4660903,39.0040626,-76.50000681,1.64206722,3,30.02999987,29.97000013
193.5163163,39.00406251,-76.50000508,1.641325284,3,30.03999991,29.96000009
193.5665002,39.00406241,-76.50000335,1.64059094,3,30.04999915,29.95000085
193.6167302,39.00406232,-76.50000162,1.639864215,3,30.06001504,29.93998496
193.6669358,39.00406223,-76.4999999,1.639143774,3,30.06999862,29.93000138
193.7171487,39.00406214,-76.49999817,1.638433067,3,30.08000783,29.91999217
193.7673666,39.00406203,-76.49999644,1.651521695,3,30.09000678,29.90999322
193.8175607,39.0040619,-76.49999472,1.664614867,3,30.1000092,29.8999908
193.8677176,39.00406176,-76.499993,1.677698934,3,30.11000467,29.88999533
193.917861,39.00406159,-76.49999128,1.690785551,3,30.12000208,29.87999792
193.9680236,39.00406142,-76.49998956,1.703875146,3,30.13000177,29.86999823
194.0181838,39.00406122,-76.49998785,1.716970973,3,30.14000623,29.85999377
194.0683415,39.004061,-76.49998614,1.730050979,3,30.14999859,29.85000141
194.1184914,39.00406077,-76.49998443,1.743148262,3,30.16000415,29.83999585
194.1688655,39.00406052,-76.49998273,1.756228365,3,30.16999659,29.83000341
194.2190049,39.00406026,-76.49998103,1.769323934,3,30.18000085,29.81999915
194.2692194,39.00405997,-76.49997934,1.782425673,3,30.19000982,29.80999018
194.3193966,39.00405967,-76.49997765,1.795513287,3,30.20000799,29.79999201
194.3696177,39.00405935,-76.49997597,1.808593659,3,30.21000064,29.78999936
194.4197944,39.00405902,-76.49997429,1.821690213,3,30.22000565,29.77999435
194.4700107,39.00405867,-76.49997262,1.834774287,3,30.23000112,29.76999888
194.5202554,39.0040583,-76.49997096,1.847868163,3,30.24000408,29.75999592
194.5704155,39.00405791,-76.4999693,1.860953738,3,30.2500007,29.7499993
194.620566,39.00405751,-76.49996764,1.874055118,3,30.26000939,29.73999061
194.6707502,39.00405709,-76.499966,1.887130076,3,30.2699979,29.7300021
194.7209578,39.00405665,-76.49996436,1.900222273,3,30.27999958,29.72000042
194.7711411,39.00405619,-76.49996273,1.913323952,3,30.2900085,29.7099915
194.8212925,39.00405572,-76.49996111,1.92640353,3,30.30000054,29.69999946
194.8714555,39.00405524,-76.49995949,1.93949307,3,30.31000019,29.68999981
194.9215927,39.00405473,-76.49995788,1.952582317,3,30.31999961,29.68000039
194.9717395,39.00405421,-76.49995628,1.965676063,3,30.33000247,29.66999753
195.0218977,39.00405368,-76.4999547,1.97875906,3,30.33999712,29.66000288
195.0720298,39.00405313,-76.49995311,1.991853237,3,30.35000032,29.64999968
195.122154,39.00405256,-76.49995154,2.004954938,3,30.36000925,29.63999075
195.1723099,39.00405197,-76.49994998,2.0180375,3,30.37000357,29.62999643
195.2224907,39.00405137,-76.49994843,2.031130366,3,30.38000576,29.61999424
195.2726962,39.00405076,-76.49994689,2.044212287,3,30.38999959,29.61000041
195.3228737,39.00405013,-76.49994536,2.057312749,3,30.40000758,29.59999242
195.3730862,39.00404948,-76.49994384,2.070391076,3,30.40999866,29.59000134
195.4232684,39.00404882,-76.49994233,2.083483636,3,30.42000062,29.57999938
195.4734359,39.00404814,-76.49994083,2.096586367,3,30.43001035,29.56998965
195.5236046,39.00404744,-76.49993935,2.109660769,3,30.43999843,29.56000157
195.5737998,39.00404674,-76.49993787,2.122753242,3,30.45000032,29.54999968
195.624013,39.00404601,-76.49993641,2.135846999,3,30.46000319,29.53999681
195.6742761,39.00404527,-76.49993496,2.148930288,3,30.46999806,29.53000194
195.7244057,39.00404452,-76.49993352,2.162019902,3,30.47999777,29.52000223
195.7746385,39.00404375,-76.4999321,2.175110365,3,30.48999812,29.51000188
195.824818,39.00404297,-76.49993068,2.188200115,3,30.49999793,29.50000207
195.8750145,39.00404217,-76.49992929,2.201291226,3,30.50999878,29.49000122
195.9251902,39.00404136,-76.4999279,2.214420069,3,30.52002845,29.47997155
195.9753764,39.00404054,-76.49992653,2.227470559,3,30.52999827,29.47000173
196.0255531,39.0040397,-76.49992517,2.240560971,3,30.53999858,29.46000142
196.0757485,39.00403885,-76.49992383,2.253649534,3,30.54999749,29.45000251
196.1259456,39.0040371,-76.49992118,2.279831261,3,30.56999881,29.43000119
196.1761545,39.00403621,-76.49991988,2.292931884,3,30.58000692,29.41999308
196.2263869,39.0040353,-76.4999186,2.306010853,3,30.58999849,29.41000151
196.2765582,39.00403438,-76.49991733,2.31910163,3,30.59999909,29.40000091
196.3267259,39.00403345,-76.49991608,2.332189782,3,30.60999768,29.39000232
196.3768965,39.00403251,-76.49991484,2.345282771,3,30.61999996,29.38000004
196.4270649,39.00403155,-76.49991362,2.358369675,3,30.62999759,29.37000241
196.4772546,39.00403058,-76.49991241,2.371470384,3,30.64000578,29.35999422
196.5274659,39.0040296,-76.49991122,2.384554826,3,30.65000153,29.34999847
196.5776367,39.0040286,-76.49991005,2.397644513,3,30.66000129,29.33999871
196.6278323,39.00402759,-76.49990889,2.410744919,3,30.67000924,29.32999076
196.6780282,39.00402658,-76.49990776,2.423825744,3,30.68000223,29.31999777
196.7282684,39.00402555,-76.49990663,2.436921333,3,30.6900065,29.3099935
196.7784607,39.00402451,-76.49990553,2.450000929,3,30.69999855,29.30000145
196.8286396,39.00402346,-76.49990444,2.463090931,3,30.70999855,29.29000145
196.8788251,39.00402239,-76.49990337,2.476191164,3,30.72000637,29.27999363
196.9289983,39.00402132,-76.49990232,2.489274413,3,30.73000121,29.26999879
196.9792055,39.00402023,-76.49990129,2.502365801,3,30.74000227,29.25999773
197.0293814,39.00401914,-76.49990027,2.515453947,3,30.75000086,29.24999914
197.0795626,39.00401803,-76.49989928,2.528545623,3,30.76000214,29.23999786
197.1298495,39.00401692,-76.4998983,2.541632358,3,30.76999964,29.23000036
197.1800789,39.00401579,-76.49989734,2.554722958,3,30.7800001,29.2199999
197.2302704,39.00401467,-76.49989638,2.553592035,3,30.79000217,29.20999783
197.2804676,39.00401355,-76.49989542,2.551353159,3,30.80000316,29.19999684
197.3306373,39.00401241,-76.49989447,2.564441816,3,30.81000214,29.18999786
197.380807,39.00401127,-76.49989355,2.577531989,3,30.82000227,29.17999773
197.4310267,39.00401012,-76.49989264,2.590618767,3,30.82999981,29.17000019
197.4812188,39.00400896,-76.49989175,2.603707684,3,30.83999898,29.16000102
197.5314494,39.00400779,-76.49989089,2.616798309,3,30.84999946,29.15000054
197.5817066,39.00400661,-76.49989004,2.629889458,3,30.86000034,29.13999966
197.6320325,39.00400543,-76.49988921,2.642985275,3,30.87000478,29.12999522
197.6822097,39.00400423,-76.4998884,2.656067706,3,30.879999,29.120001
197.73238,39.00400303,-76.49988761,2.6691564,3,30.889998,29.110002
197.7825456,39.00400182,-76.49988684,2.676925601,3,30.89999803,29.10000197
197.8326905,39.00400062,-76.49988606,2.674858282,3,30.90999924,29.09000076
197.8828962,39.00399941,-76.49988527,2.672812494,3,30.92000863,29.07999137
197.9330573,39.0039982,-76.49988451,2.685892878,3,30.93000128,29.06999872
197.983224,39.00399698,-76.49988377,2.698979949,3,30.93999904,29.06000096
198.0333899,39.00399575,-76.49988305,2.712071176,3,30.94999998,29.05000002
198.0836026,39.00399451,-76.49988235,2.725160084,3,30.95999915,29.04000085
198.1338181,39.00399327,-76.49988167,2.738252728,3,30.97000117,29.02999883
198.184124,39.00399202,-76.49988101,2.751351772,3,30.98000808,29.01999192
198.2343104,39.00399076,-76.49988037,2.764431497,3,30.99000023,29.00999977
198.2845345,39.0039895,-76.49987976,2.777521927,3,31.00000056,28.99999944
198.3347312,39.00398823,-76.49987916,2.790610711,3,31.00999963,28.99000037
198.3849333,39.00398696,-76.49987858,2.799580065,3,31.0200065,28.9799935
198.4351352,39.00398569,-76.499878,2.797690493,3,31.03000084,28.96999916
198.4853359,39.00398441,-76.49987741,2.795823245,3,31.040002,28.959998
198.5356298,39.00398314,-76.49987684,2.808912615,3,31.05000152,28.94999848
198.5857956,39.00398185,-76.4998763,2.82200973,3,31.06000696,28.93999304
198.6359591,39.00398057,-76.49987578,2.835088861,3,31.06999865,28.93000135
198.6861872,39.00397927,-76.49987528,2.848191263,3,31.08000813,28.91999187
198.7364036,39.00397798,-76.4998748,2.861270837,3,31.09000016,28.90999984
198.7865692,39.00397667,-76.49987434,2.874367064,3,31.10000492,28.89999508
198.8367302,39.00397536,-76.49987391,2.887450257,3,31.10999972,28.89000028
198.8868999,39.00397405,-76.49987349,2.900539096,3,31.11999883,28.88000117
198.9370626,39.00397273,-76.4998731,2.913646081,3,31.13001181,28.86998819
198.9872903,39.00397142,-76.49987273,2.924009705,3,31.13999757,28.86000243
199.0374822,39.0039701,-76.49987235,2.922284612,3,31.15000191,28.84999809
199.0876837,39.00396878,-76.49987197,2.920574574,3,31.16000266,28.83999734
199.1378853,39.00396746,-76.49987161,2.93367285,3,31.17000898,28.82999102
199.1881293,39.00396613,-76.49987128,2.946748969,3,31.17999837,28.82000163
199.2383917,39.0039648,-76.49987097,2.959841878,3,31.1900006,28.8099994
199.2885629,39.00396347,-76.49987067,2.972933093,3,31.20000153,28.79999847
199.3387722,39.00396214,-76.49987041,2.986021499,3,31.21000031,28.78999969
199.3889291,39.0039608,-76.49987016,2.99911913,3,31.22000614,28.77999386
199.4391173,39.00395946,-76.49986994,3.012210893,3,31.23000748,28.76999252
199.4892814,39.00395812,-76.49986974,3.025293612,3,31.24000192,28.75999808
199.5394683,39.00395677,-76.49986956,3.038383719,3,31.250002,28.749998
199.5896995,39.00395543,-76.4998694,3.050341779,3,31.26000829,28.73999171
199.6399406,39.00395408,-76.49986924,3.048753941,3,31.27000031,28.72999969
199.6901713,39.00395274,-76.49986908,3.047185155,3,31.28000592,28.71999408
199.7404009,39.00395139,-76.49986894,3.060268787,3,31.29000105,28.70999895
199.7905995,39.00395004,-76.49986882,3.073367699,3,31.30000786,28.69999214
199.8408034,39.00394869,-76.49986872,3.086452455,3,31.31000385,28.68999615
199.8910125,39.00394734,-76.49986865,3.099537708,3,31.32000023,28.67999977
199.941242,39.00394599,-76.4998686,3.112628767,3,31.33000103,28.66999897
199.9914891,39.00394464,-76.49986857,3.12574954,3,31.34002454,28.65997546
200.0417017,39.00394329,-76.49986857,3.138807587,3,31.35000013,28.64999987
200.09186,39.00394194,-76.49986858,-3.131273804,3,31.36001076,28.63998924
200.1420421,39.00394059,-76.49986862,-3.118194108,3,31.37000289,28.62999711
200.1922465,39.00393924,-76.49986869,-3.10509636,3,31.38000881,28.61999119
200.2424218,39.00393789,-76.49986875,-3.10602051,3,31.39000459,28.60999541
200.2926407,39.00393654,-76.49986881,-3.107471294,3,31.3999996,28.6000004
200.3428461,39.00393519,-76.49986889,-3.094371234,3,31.41000729,28.58999271
200.3930697,39.00393384,-76.49986899,-3.081288848,3,31.42000147,28.57999853
200.4433623,39.00393249,-76.49986912,-3.068196635,3,31.43000316,28.56999684
200.4935622,39.00393114,-76.49986927,-3.055100388,3,31.44000794,28.55999206
200.543728,39.0039298,-76.49986944,-3.04202278,3,31.44999847,28.55000153
200.5940403,39.00392846,-76.49986964,-3.028920496,3,31.46000785,28.53999215
200.6442444,39.00392712,-76.49986986,-3.015837313,3,31.47000265,28.52999735
200.6943946,39.00392578,-76.4998701,-3.002752424,3,31.47999874,28.52000126
200.7445594,39.00392444,-76.49987036,-2.989646228,3,31.49001111,28.50998889
200.7947451,39.00392311,-76.49987064,-2.976571676,3,31.49999931,28.50000069
200.8449324,39.00392178,-76.49987093,-2.975656403,3,31.5100068,28.4899932
200.895127,39.00392045,-76.49987124,-2.962575491,3,31.51999985,28.48000015
200.9453195,39.00391912,-76.49987157,-2.949477809,3,31.53000572,28.46999428
200.9955149,39.0039178,-76.49987192,-2.936397113,3,31.53999861,28.46000139
201.0457132,39.00391648,-76.49987229,-2.923292152,3,31.55001004,28.44998996
201.0959128,39.00391517,-76.49987269,-2.910209303,3,31.56000458,28.43999542
201.1461841,39.00391386,-76.49987311,-2.897126837,3,31.56999883,28.43000117
201.1963849,39.00391255,-76.49987355,-2.884035748,3,31.57999966,28.42000034
201.2465531,39.00391125,-76.49987401,-2.870946991,3,31.58999871,28.41000129
201.2967186,39.00390995,-76.4998745,-2.857853999,3,31.60000099,28.39999901
201.3469262,39.00390866,-76.49987501,-2.844762636,3,31.61000203,28.38999797
201.3971713,39.00390737,-76.49987551,-2.843609237,3,31.62000288,28.37999712
201.4474175,39.00390607,-76.49987602,-2.844882941,3,31.63000651,28.36999349
201.497618,39.00390478,-76.49987655,-2.831779491,3,31.64001679,28.35998321
201.5478256,39.00390351,-76.4998771,-2.818710082,3,31.65000106,28.34999894
201.5980784,39.00390223,-76.49987767,-2.805613847,3,31.66000582,28.33999418
201.6482513,39.00390096,-76.49987826,-2.792520333,3,31.67000851,28.32999149
201.6984831,39.0038997,-76.49987887,-2.779441669,3,31.67999985,28.32000015
201.7487292,39.00389844,-76.49987951,-2.766352206,3,31.68999944,28.31000056
201.7989267,39.00389719,-76.49988017,-2.753260041,3,31.70000109,28.29999891
201.8491233,39.00389594,-76.49988084,-2.740170714,3,31.71000058,28.28999942
201.8993423,39.00389471,-76.49988154,-2.72708277,3,31.71999901,28.28000099
201.9495743,39.00389348,-76.49988226,-2.71399107,3,31.7300003,28.2699997
201.9997789,39.00389225,-76.49988298,-2.710899603,3,31.74000227,28.25999773
202.0500239,39.00389103,-76.49988372,-2.697807372,3,31.75000397,28.24999603
202.1002313,39.00388982,-76.49988449,-2.684711528,3,31.76000844,28.23999156
202.1504274,39.00388861,-76.49988527,-2.671620615,3,31.77000914,28.22999086
202.2006866,39.00388742,-76.49988608,-2.658541397,3,31.7800009,28.2199991
202.2509237,39.00388623,-76.4998869,-2.645448904,3,31.7900028,28.2099972
202.301157,39.00388505,-76.49988775,-2.632345746,3,31.80001285,28.19998715
202.3514196,39.00388388,-76.49988861,-2.619263202,3,31.81000716,28.18999284
202.4016181,39.00388272,-76.49988949,-2.606175583,3,31.82000534,28.17999466
202.4519117,39.00388156,-76.4998904,-2.593080016,3,31.83000959,28.16999041
202.5021816,39.00388042,-76.49989132,-2.579994038,3,31.84000652,28.15999348
202.5525359,39.00387928,-76.49989224,-2.576621698,3,31.84999819,28.15000181
202.6027376,39.00387815,-76.49989319,-2.563524565,3,31.86000364,28.13999636
202.6529835,39.00387702,-76.49989416,-2.550439772,3,31.86999966,28.13000034
202.703158,39.00387591,-76.49989514,-2.537345061,3,31.88000326,28.11999674
202.753364,39.00387481,-76.49989614,-2.524233322,3,31.89001987,28.10998013
202.8036475,39.00387372,-76.49989716,-2.511160322,3,31.90000688,28.09999312
202.8539382,39.00387264,-76.4998982,-2.498078667,3,31.91000051,28.08999949
202.9040824,39.00387157,-76.49989926,-2.484976781,3,31.92000959,28.07999041
202.9542273,39.00387051,-76.49990033,-2.471889992,3,31.93000714,28.06999286
203.0044046,39.00386946,-76.49990143,-2.458799359,3,31.94000762,28.05999238
203.0546024,39.00386842,-76.49990254,-2.445722478,3,31.9499976,28.0500024
203.104829,39.00386739,-76.49990365,-2.441966234,3,31.9600007,28.0399993
203.155064,39.00386637,-76.49990478,-2.42887493,3,31.97000169,28.02999831
203.2053099,39.00386536,-76.49990593,-2.41578515,3,31.98000152,28.01999848
203.2555839,39.00386436,-76.4999071,-2.402688327,3,31.99000674,28.00999326
203.3059015,39.00386337,-76.49990828,-2.389594613,3,32.00000957,27.99999043
203.3560116,39.00386239,-76.49990949,-2.376477427,3,32.01003034,27.98996966
203.4062187,39.00386143,-76.4999107,-2.363427296,3,32.01999988,27.98000012
203.4565384,39.00386048,-76.49991193,-2.35033665,3,32.03000038,27.96999962
203.5067798,39.00385955,-76.49991318,-2.337230145,3,32.04001299,27.95998701
203.5570668,39.00385862,-76.49991444,-2.324155258,3,32.05000144,27.94999856
203.6072477,39.00385771,-76.49991572,-2.311059189,3,32.06000608,27.93999392
203.6575711,39.0038568,-76.499917,-2.306873902,3,32.06999977,27.93000023
203.7077143,39.00385591,-76.4999183,-2.293783419,3,32.08000014,27.91999986
203.7578921,39.00385503,-76.49991961,-2.280685877,3,32.0900059,27.9099941
203.808258,39.00385416,-76.49992094,-2.26759176,3,32.10000905,27.89999095
203.8584135,39.00385331,-76.49992228,-2.254513684,3,32.10999994,27.89000006
203.9086478,39.00385247,-76.49992364,-2.241419831,3,32.12000288,27.87999712
203.9589143,39.00385164,-76.49992501,-2.228322813,3,32.13000824,27.86999176
204.0091436,39.00385083,-76.4999264,-2.21523168,3,32.14000911,27.85999089
204.0593228,39.00385003,-76.49992779,-2.202145327,3,32.15000632,27.84999368
204.1096078,39.00384925,-76.4999292,-2.189055054,3,32.16000653,27.83999347
204.1598022,39.00384848,-76.49993063,-2.175920503,3,32.17004057,27.82995943
204.2099844,39.00384772,-76.49993206,-2.171300281,3,32.18000094,27.81999906
204.2601988,39.00384697,-76.4999335,-2.158195093,3,32.19001254,27.80998746
204.310456,39.00384624,-76.49993495,-2.145107861,3,32.20001043,27.79998957
204.3606323,39.00384552,-76.49993642,-2.132017913,3,32.21001039,27.78998961
204.410899,39.00384481,-76.4999379,-2.118927854,3,32.22001043,27.77998957
204.4611368,39.00384412,-76.49993939,-2.105839624,3,32.23000908,27.76999092
204.5113382,39.00384345,-76.49994089,-2.092745349,3,32.24001234,27.75998766
204.5615084,39.00384279,-76.4999424,-2.079652732,3,32.25001434,27.74998566
204.6117415,39.00384215,-76.49994392,-2.066569246,3,32.26000937,27.73999063
204.6619929,39.00384152,-76.49994546,-2.053463969,3,32.27002104,27.72997896
204.7121535,39.00384091,-76.499947,-2.04039484,3,32.28000509,27.71999491
204.7623413,39.00384031,-76.49994855,-2.035204603,3,32.29000691,27.70999309
204.8125305,39.00383972,-76.49995011,-2.02211369,3,32.30000761,27.69999239
204.8627064,39.00383914,-76.49995168,-2.009028999,3,32.31000355,27.68999645
204.9128545,39.00383859,-76.49995325,-1.995940145,3,32.32000268,27.67999732
204.9630348,39.00383804,-76.49995484,-1.982852901,3,32.33000057,27.66999943
205.0132082,39.00383752,-76.49995644,-1.96976028,3,32.34000257,27.65999743
205.0633891,39.00383701,-76.49995804,-1.956678997,3,32.34999591,27.65000409
205.1135526,39.00383652,-76.49995965,-1.943585974,3,32.35999822,27.64000178
205.1637535,39.00383604,-76.49996127,-1.930498898,3,32.36999599,27.63000401
205.2139143,39.00383558,-76.4999629,-1.917398028,3,32.38000429,27.61999571
205.2640785,39.00383514,-76.49996454,-1.90430195,3,32.39000894,27.60999106
205.3143539,39.00383471,-76.49996618,-1.898582533,3,32.40000153,27.59999847
205.3645084,39.00383429,-76.49996782,-1.885496018,3,32.40999886,27.59000114
205.4146759,39.00383389,-76.49996948,-1.87240244,3,32.4200016,27.5799984
205.4648694,39.0038335,-76.49997114,-1.859301885,3,32.43000966,27.56999034
205.515071,39.00383314,-76.4999728,-1.846222033,3,32.44000191,27.55999809
205.5652646,39.00383279,-76.49997448,-1.833124959,3,32.45000731,27.54999269
205.6154736,39.00383244,-76.49997615,-1.832078879,3,32.46000504,27.53999496
205.6656374,39.00383209,-76.49997782,-1.832275301,3,32.47001142,27.52998858
205.7158527,39.00383174,-76.4999795,-1.832469892,3,32.4800034,27.5199966
205.7660517,39.00383139,-76.49998117,-1.832662222,3,32.4900083,27.5099917
205.8162916,39.00383104,-76.49998284,-1.832852843,3,32.50000025,27.49999975
205.8665249,39.00383069,-76.49998451,-1.833041277,3,32.51001157,27.48998843
205.9166913,39.00383034,-76.49998619,-1.832008314,3,32.52000582,27.47999418
205.9668399,39.00382999,-76.49998786,-1.830796797,3,32.53001669,27.46998331
206.0169857,39.00382965,-76.49998953,-1.829594902,3,32.53999816,27.46000184
206.067142,39.0038293,-76.49999121,-1.828408065,3,32.55000591,27.44999409
206.1173078,39.00382896,-76.49999288,-1.827229532,3,32.55999894,27.44000106
206.1675067,39.00382862,-76.49999456,-1.826064081,3,32.57000203,27.42999797
206.2177186,39.00382828,-76.49999623,-1.824908704,3,32.58000241,27.41999759
206.2679618,39.00382794,-76.49999791,-1.823764801,3,32.59000115,27.40999885
206.3181967,39.0038276,-76.49999959,-1.822632148,3,32.60000768,27.39999232
206.368386,39.00382727,-76.50000127,-1.821509589,3,32.61000571,27.38999429
206.4185693,39.00382693,-76.50000294,-1.820398866,3,32.62000629,27.37999371
206.4687397,39.0038266,-76.50000462,-1.816767267,3,32.63000112,27.36999888
206.5189697,39.00382628,-76.5000063,-1.815037723,3,32.64001033,27.35998967
206.5691634,39.00382595,-76.50000798,-1.813322036,3,32.65000714,27.34999286
206.61942,39.00382563,-76.50000967,-1.811624704,3,32.6600058,27.3399942
206.6696432,39.00382531,-76.50001135,-1.809943151,3,32.67001165,27.32998835
206.719854,39.00382499,-76.50001303,-1.808276376,3,32.68001116,27.31998884
206.7700267,39.00382468,-76.50001471,-1.806626528,3,32.68999862,27.31000138
206.820284,39.00382436,-76.5000164,-1.804994387,3,32.69999869,27.30000131
206.8704543,39.00382405,-76.50001808,-1.803375789,3,32.71000302,27.28999698
206.92062,39.00382374,-76.50001977,-1.801772007,3,32.71999883,27.28000117
206.9708062,39.00382344,-76.50002146,-1.800184973,3,32.7299984,27.2700016
207.0209754,39.00382313,-76.50002314,-1.798612596,3,32.74000018,27.25999982
207.0712166,39.00382283,-76.50002483,-1.797055015,3,32.7500105,27.2499895
207.1213955,39.00382253,-76.50002652,-1.795511144,3,32.76000848,27.23999152
207.171627,39.00382223,-76.50002821,-1.793984092,3,32.7700016,27.2299984
207.2218483,39.00382193,-76.5000299,-1.792472553,3,32.7799973,27.2200027
207.2720203,39.00382164,-76.50003159,-1.790975269,3,32.78999834,27.21000166
207.3222124,39.00382134,-76.50003328,-1.789491726,3,32.80000648,27.19999352
207.3723799,39.00382105,-76.50003497,-1.788021571,3,32.80999861,27.19000139
207.4225529,39.00382076,-76.50003666,-1.786568075,3,32.81999915,27.18000085
207.4727615,39.00382047,-76.50003835,-1.785127537,3,32.82999976,27.17000024
207.5229259,39.00382019,-76.50004005,-1.783701062,3,32.84001051,27.15998949
207.5730823,39.00381991,-76.50004174,-1.782287112,3,32.84999906,27.15000094
207.6232969,39.00381962,-76.50004343,-1.780890134,3,32.85999745,27.14000255
207.6734834,39.00381934,-76.50004512,-1.779505485,3,32.86999918,27.13000082
207.7237178,39.00381907,-76.50004682,-1.778133979,3,32.87999801,27.12000199
207.7738949,39.00381879,-76.50004851,-1.77677636,3,32.88999959,27.11000041
207.8240793,39.00381851,-76.50005021,-1.775431742,3,32.89999768,27.10000232
207.8743351,39.00381824,-76.50005191,-1.774100855,3,32.90999745,27.09000255
207.924516,39.00381797,-76.5000536,-1.772782884,3,32.91999675,27.08000325
207.9747136,39.0038177,-76.5000553,-1.771478006,3,32.9300009,27.0699991
208.0249041,39.00381743,-76.500057,-1.770185416,3,32.93999702,27.06000298
208.0751436,39.00381717,-76.50005869,-1.768906671,3,32.94999818,27.05000182
208.1254066,39.0038169,-76.50006039,-1.767639969,3,32.96000435,27.03999565
208.1756142,39.00381664,-76.5000621,-1.766385223,3,32.97002274,27.02997726
208.2258279,39.00381612,-76.50006549,-1.763913778,3,32.99001188,27.00998812
208.2760489,39.00381586,-76.50006719,-1.762696785,3,33.00000944,26.99999056
208.3262833,39.00381561,-76.50006889,-1.761492338,3,33.01000086,26.98999914
208.3764291,39.00381535,-76.50007059,-1.760300649,3,33.02000089,26.97999911
208.4265803,39.0038151,-76.50007229,-1.759119843,3,33.0300027,26.9699973
208.4768656,39.00381485,-76.50007399,-1.757950644,3,33.04000212,26.95999788
208.5271235,39.0038146,-76.5000757,-1.756793433,3,33.05000223,26.94999777
208.5772714,39.00381435,-76.5000774,-1.755647741,3,33.06000787,26.93999213
208.6274858,39.0038141,-76.5000791,-1.754512917,3,33.07000405,26.92999595
208.6777,39.00381386,-76.5000808,-1.753390558,3,33.08000453,26.91999547
208.7278884,39.00381361,-76.50008251,-1.752278997,3,33.09000401,26.90999599
208.7780652,39.00381337,-76.50008421,-1.751178728,3,33.10000001,26.89999999
208.828269,39.00381313,-76.50008591,-1.750089915,3,33.11000271,26.88999729
208.8785481,39.00381289,-76.50008762,-1.749011345,3,33.12000058,26.87999942
208.9287399,39.00381265,-76.50008932,-1.747944171,3,33.13000211,26.86999789
208.9789403,39.00381242,-76.50009103,-1.746887377,3,33.14000558,26.85999442
209.0291367,39.00381218,-76.50009273,-1.745841056,3,33.15000027,26.84999973
209.0793117,39.00381195,-76.50009444,-1.744806223,3,33.1600032,26.8399968
209.1295041,39.00381171,-76.50009614,-1.743781006,3,33.17000031,26.82999969
209.1797235,39.00381148,-76.50009785,-1.742766762,3,33.18000331,26.81999669
209.2299752,39.00381125,-76.50009956,-1.741762196,3,33.19000003,26.80999997
209.280183,39.00381102,-76.50010126,-1.740768439,3,33.1999999,26.8000001
209.3304448,39.0038108,-76.50010297,-1.73978445,3,33.2100011,26.7899989
209.3806578,39.00381057,-76.50010468,-1.738810318,3,33.21999857,26.78000143
209.4308395,39.00381035,-76.50010638,-1.737846441,3,33.22999818,26.77000182
209.481043,39.00381012,-76.50010809,-1.736892153,3,33.24000728,26.75999272
209.5312215,39.0038099,-76.5001098,-1.735946672,3,33.24999972,26.75000028
209.5813814,39.00380968,-76.50011151,-1.735012379,3,33.26000482,26.73999518
209.6315219,39.00380946,-76.50011322,-1.73408642,3,33.27000217,26.72999783
209.6816623,39.00380924,-76.50011493,-1.733170608,3,33.27999909,26.72000091
209.7318083,39.00380902,-76.50011664,-1.73226417,3,33.2899982,26.7100018
209.7819812,39.00380883,-76.50011835,-1.719174278,3,33.29999811,26.70000189
209.8322228,39.00380864,-76.50012006,-1.706081233,3,33.31000044,26.68999956
209.8824154,39.00380848,-76.50012178,-1.692986972,3,33.3200037,26.6799963
209.9326394,39.00380833,-76.50012351,-1.67989195,3,33.33000753,26.66999247
209.9828432,39.0038082,-76.50012523,-1.666792315,3,33.34001489,26.65998511
210.0329968,39.00380809,-76.50012695,-1.653722693,3,33.34999933,26.65000067
210.0832221,39.003808,-76.50012868,-1.640632962,3,33.35999912,26.64000088
210.1333953,39.00380792,-76.50013041,-1.627541504,3,33.37000023,26.62999977
210.183537,39.00380786,-76.50013214,-1.614443505,3,33.38000634,26.61999366
210.2337242,39.0038078,-76.50013387,-1.613401056,3,33.39000143,26.60999857
210.2839514,39.00380774,-76.5001356,-1.613737919,3,33.3999981,26.6000019
210.3342855,39.00380769,-76.50013733,-1.614071316,3,33.40999897,26.59000103
210.3844435,39.00380763,-76.50013906,-1.614401369,3,33.42000016,26.57999984
210.4345917,39.00380759,-76.50014079,-1.601302913,3,33.43000662,26.56999338
210.4847543,39.00380756,-76.50014252,-1.588221524,3,33.44000004,26.55999996
210.5349209,39.00380756,-76.50014426,-1.575121728,3,33.45000753,26.54999247
210.5850919,39.00380757,-76.50014599,-1.562036346,3,33.460004,26.539996
210.635296,39.0038076,-76.50014772,-1.548948625,3,33.47000226,26.52999774
210.6854744,39.00380764,-76.50014945,-1.535848026,3,33.48001035,26.51998965
210.7356632,39.00380771,-76.50015118,-1.522770703,3,33.49000067,26.50999933
210.7859542,39.00380779,-76.50015291,-1.509672346,3,33.50000705,26.49999295
210.8361441,39.00380789,-76.50015463,-1.496591243,3,33.51000026,26.48999974
210.8863989,39.00380801,-76.50015636,-1.484138551,3,33.52000972,26.47999028
210.9365631,39.00380812,-76.50015808,-1.485810766,3,33.53000698,26.46999302
210.9867286,39.00380824,-76.50015981,-1.487463287,3,33.5400017,26.4599983
211.0368847,39.00380835,-76.50016153,-1.489097946,3,33.55000147,26.44999853
211.0870687,39.00380847,-76.50016326,-1.476011121,3,33.55999904,26.44000096
211.1372835,39.00380862,-76.50016498,-1.462908272,3,33.57000886,26.42999114
211.1874775,39.00380878,-76.5001667,-1.449828945,3,33.5800007,26.4199993
211.2376422,39.00380896,-76.50016842,-1.436735174,3,33.59000358,26.40999642
211.287846,39.00380916,-76.50017013,-1.423651465,3,33.59999878,26.40000122
211.3380946,39.00380938,-76.50017184,-1.410553921,3,33.61000454,26.38999546
211.3882652,39.00380961,-76.50017354,-1.397469702,3,33.62000013,26.37999987
211.4384357,39.00380986,-76.50017525,-1.384372328,3,33.63000576,26.36999424
211.4885959,39.00381013,-76.50017694,-1.371284705,3,33.64000394,26.35999606
211.5388246,39.00381041,-76.50017864,-1.361856596,3,33.65000401,26.34999599
211.5890514,39.00381069,-76.50018033,-1.363585276,3,33.66000656,26.33999344
211.6392545,39.00381096,-76.50018203,-1.365296089,3,33.66999953,26.33000047
211.6894287,39.00381126,-76.50018372,-1.35220329,3,33.68000167,26.31999833
211.7396079,39.00381157,-76.5001854,-1.339106866,3,33.69000658,26.30999342
211.789791,39.00381189,-76.50018708,-1.326025998,3,33.6999996,26.3000004
211.8399633,39.00381224,-76.50018876,-1.312937625,3,33.70999836,26.29000164
211.8901363,39.0038126,-76.50019042,-1.299846883,3,33.71999893,26.28000107
211.940264,39.00381298,-76.50019209,-1.286755725,3,33.72999981,26.27000019
211.9904526,39.00381337,-76.50019374,-1.273667725,3,33.73999828,26.26000172
212.0406465,39.00381379,-76.50019539,-1.260573415,3,33.75000158,26.24999842
212.0908419,39.00381422,-76.50019703,-1.247478112,3,33.76000563,26.23999437
212.141035,39.00381466,-76.50019867,-1.235338657,3,33.77000131,26.22999869
212.1912434,39.0038151,-76.50020031,-1.236927897,3,33.78001184,26.21998816
212.2414881,39.00381554,-76.50020194,-1.238502659,3,33.79000817,26.20999183
212.2916916,39.003816,-76.50020357,-1.225423117,3,33.80000018,26.19999982
212.341873,39.00381648,-76.50020519,-1.212331747,3,33.81000123,26.18999877
212.3920509,39.00381697,-76.50020681,-1.19924317,3,33.82000014,26.17999986
212.4422912,39.00381747,-76.50020841,-1.186143978,3,33.83000716,26.16999284
212.4925625,39.003818,-76.50021001,-1.173065042,3,33.83999871,26.16000129
212.5427837,39.00381854,-76.5002116,-1.159958199,3,33.85001157,26.14998843
212.5929754,39.00381909,-76.50021317,-1.146884053,3,33.85999946,26.14000054
212.6431805,39.00381966,-76.50021474,-1.133792773,3,33.87000044,26.12999956
212.6934118,39.00382025,-76.5002163,-1.120692931,3,33.88000796,26.11999204
212.7436056,39.00382085,-76.50021785,-1.107614037,3,33.88999948,26.11000052
212.7938171,39.00382146,-76.5002194,-1.108357684,3,33.89999888,26.10000112
212.8440357,39.00382206,-76.50022095,-1.109813745,3,33.9100063,26.0899937
212.8942807,39.00382268,-76.50022249,-1.096733114,3,33.91999914,26.08000086
212.9444805,39.00382331,-76.50022402,-1.083637645,3,33.93000332,26.06999668
212.9946771,39.00382396,-76.50022554,-1.070552878,3,33.93999932,26.06000068
213.0448481,39.00382462,-76.50022705,-1.057457258,3,33.95000362,26.04999638
213.0950495,39.0038253,-76.50022855,-1.044374456,3,33.95999812,26.04000188
213.1452622,39.00382599,-76.50023003,-1.031281245,3,33.97000057,26.02999943
213.1954691,39.0038267,-76.50023151,-1.018199271,3,33.97999444,26.02000556
213.2456777,39.00382743,-76.50023297,-1.005093194,3,33.99000672,26.00999328
213.2959228,39.00382817,-76.50023442,-0.992011151,3,34.00000064,25.99999936
213.3461368,39.00382892,-76.50023586,-0.9789214262,3,34.01000043,25.98999957
213.3963164,39.00382967,-76.50023729,-0.9778652225,3,34.02000727,25.97999273
213.4464982,39.00383044,-76.50023872,-0.9647852261,3,34.02999962,25.97000038
213.4966727,39.00383123,-76.50024013,-0.9516982557,3,34.03999731,25.96000269
213.5470212,39.00383203,-76.50024152,-0.9386043457,3,34.0500003,25.9499997
213.5972042,39.00383284,-76.50024291,-0.925517276,3,34.05999806,25.94000194
213.6473368,39.00383367,-76.50024428,-0.9124265605,3,34.0699986,25.9300014
213.6978385,39.00383451,-76.50024563,-0.8993376496,3,34.07999777,25.92000223
213.7480259,39.00383536,-76.50024697,-0.8862433967,3,34.09000102,25.90999898
213.7981689,39.00383623,-76.5002483,-0.8731562328,3,34.09999885,25.90000115
213.8483347,39.00383711,-76.50024961,-0.8600655707,3,34.10999936,25.89000064
213.8985631,39.003838,-76.50025091,-0.8469753515,3,34.11999953,25.88000047
213.9487986,39.0038389,-76.50025221,-0.845711657,3,34.13000041,25.86999959
213.9990122,39.00383981,-76.50025349,-0.8326255217,3,34.13999745,25.86000255
214.0493183,39.00384073,-76.50025475,-0.8195332587,3,34.14999918,25.85000082
214.0994665,39.00384167,-76.500256,-0.8064411496,3,34.16000079,25.83999921
214.1497085,39.00384261,-76.50025724,-0.7933518855,3,34.17000023,25.82999977
214.1998318,39.00384358,-76.50025846,-0.7802645732,3,34.17999818,25.82000182
214.2500338,39.00384455,-76.50025966,-0.7671729039,3,34.18999945,25.81000055
214.3003614,39.00384553,-76.50026084,-0.7540735189,3,34.20000662,25.79999338
214.3505336,39.00384653,-76.50026201,-0.7409912716,3,34.2100007,25.7899993
214.4007885,39.00384754,-76.50026316,-0.7279028081,3,34.21999953,25.78000047
214.4510355,39.00384856,-76.5002643,-0.7148087219,3,34.23000265,25.76999735
214.5012965,39.00384958,-76.50026543,-0.7132173101,3,34.24000036,25.75999964
214.5515139,39.0038506,-76.50026657,-0.7144227323,3,34.25000146,25.74999854
214.6017365,39.00385163,-76.50026768,-0.7013350775,3,34.25999967,25.74000033
214.6519528,39.00385268,-76.50026878,-0.6882435601,3,34.27000083,25.72999917
214.7021944,39.00385373,-76.50026987,-0.6751461862,3,34.28000646,25.71999354
214.7524112,39.0038548,-76.50027093,-0.6620643499,3,34.29000022,25.70999978
214.8026802,39.00385588,-76.50027198,-0.6489610418,3,34.30001039,25.69998961
214.8528876,39.00385696,-76.50027301,-0.6358808295,3,34.31000291,25.68999709
214.9032789,39.00385806,-76.50027402,-0.6227865745,3,34.32000616,25.67999384
214.953482,39.00385917,-76.50027501,-0.6096911036,3,34.33001034,25.66998966
215.0037594,39.00386029,-76.50027598,-0.5965871811,3,34.34002098,25.65997902
215.0539099,39.00386141,-76.50027694,-0.5835191933,3,34.35000416,25.64999584
215.1041468,39.00386254,-76.50027788,-0.5799164896,3,34.36000762,25.63999238
215.154463,39.00386368,-76.50027881,-0.5668295411,3,34.37000529,25.62999471
215.2047154,39.00386483,-76.50027973,-0.5537311887,3,34.38001167,25.61998833
215.2548905,39.00386599,-76.50028062,-0.5406553212,3,34.39000088,25.60999912
215.3050823,39.00386716,-76.50028149,-0.5275580452,3,34.40000643,25.59999357
215.355344,39.00386833,-76.50028234,-0.5144749701,3,34.41000114,25.58999886
215.4056395,39.00386952,-76.50028317,-0.5013793592,3,34.42000543,25.57999457
215.455853,39.00387071,-76.50028399,-0.4882795181,3,34.43001295,25.56998705
215.5061513,39.00387191,-76.50028478,-0.475195057,3,34.44000872,25.55999128
215.5563512,39.00387312,-76.50028555,-0.462114575,3,34.45000145,25.54999855
215.6066506,39.00387434,-76.5002863,-0.4490222427,3,34.46000323,25.53999677
215.6568491,39.00387556,-76.50028705,-0.4450475398,3,34.47000211,25.52999789
215.7071372,39.00387679,-76.50028777,-0.4319541715,3,34.48000468,25.51999532
215.7573212,39.00387802,-76.50028848,-0.4188585088,3,34.49000901,25.50999099
215.8075977,39.00387926,-76.50028916,-0.4057718187,3,34.50000648,25.49999352
215.857789,39.00388051,-76.50028982,-0.3926882603,3,34.51000156,25.48999844
215.9080337,39.00388177,-76.50029046,-0.3795998756,3,34.52000032,25.47999968
215.9582587,39.00388303,-76.50029108,-0.3665114417,3,34.52999913,25.47000087
216.0084798,39.0038843,-76.50029168,-0.3533968074,3,34.54001794,25.45998206
216.0587892,39.00388557,-76.50029226,-0.3403208278,3,34.55000723,25.44999277
216.1090132,39.00388685,-76.50029282,-0.327237239,3,34.56000234,25.43999766
216.1591903,39.00388813,-76.50029335,-0.3141463924,3,34.57000298,25.42999702
216.2094178,39.00388942,-76.50029388,-0.3097589112,3,34.58001154,25.41998846
216.2596414,39.00389071,-76.50029439,-0.2966819261,3,34.5900016,25.4099984
216.3098498,39.00389201,-76.50029487,-0.2835921274,3,34.60000144,25.39999856
216.3600896,39.00389331,-76.50029533,-0.2705052208,3,34.60999908,25.39000092
216.4102874,39.00389462,-76.50029577,-0.2574060639,3,34.62000607,25.37999393
216.4604849,39.00389593,-76.50029619,-0.2443149949,3,34.63000689,25.36999311
216.5106766,39.00389724,-76.50029659,-0.2312188144,3,34.64001161,25.35998839
216.5608704,39.00389856,-76.50029697,-0.2181425382,3,34.65000113,25.34999887
216.6110504,39.00389989,-76.50029732,-0.2050458638,3,34.66000623,25.33999377
216.661248,39.00390121,-76.50029765,-0.1919597469,3,34.67000326,25.32999674
216.7115,39.00390254,-76.50029796,-0.1788619913,3,34.68000919,25.31999081
216.7617557,39.00390387,-76.50029826,-0.1740054126,3,34.69000536,25.30999464
216.8119398,39.00390521,-76.50029853,-0.1609205321,3,34.70000145,25.29999855
216.8621686,39.00390654,-76.50029879,-0.1478229281,3,34.71000725,25.28999275
216.9123561,39.00390788,-76.50029902,-0.1347411165,3,34.720001,25.279999
216.9625788,39.00390922,-76.50029923,-0.1216521323,3,34.73000022,25.26999978
217.0127636,39.00391057,-76.50029942,-0.1085596491,3,34.74000212,25.25999788
217.0629753,39.00391191,-76.50029958,-0.09545988656,3,34.75000958,25.24999042
217.1131535,39.00391326,-76.50029973,-0.08237067353,3,34.76000898,25.23999102
217.1633259,39.00391461,-76.50029985,-0.06928661822,3,34.77000444,25.22999556
217.2135131,39.00391596,-76.50029994,-0.05619080469,3,34.78000888,25.21999112
217.2636879,39.0039173,-76.50030002,-0.04311437719,3,34.78999851,25.21000149
217.313882,39.00391866,-76.50030008,-0.03775828653,3,34.80000716,25.19999284
217.36406,39.00392001,-76.50030013,-0.02466490852,3,34.81000974,25.18999026
217.4143152,39.00392136,-76.50030015,-0.0115763513,3,34.82000864,25.17999136
217.4645091,39.00392271,-76.50030014,0.001516619605,3,34.83001091,25.16998909
217.514889,39.00392406,-76.50030012,0.01459533053,3,34.84000228,25.15999772
217.5650406,39.00392541,-76.50030007,0.0276936199,3,34.85000862,25.14999138
217.6153233,39.00392676,-76.5003,0.04082698524,3,34.86004174,25.13995826
217.6655148,39.00392811,-76.50029991,0.05386328875,3,34.87000072,25.12999928
217.7157868,39.00392946,-76.50029979,0.06695409797,3,34.88000134,25.11999866
217.7659676,39.0039308,-76.50029965,0.08004335786,3,34.89000078,25.10999922
217.8161954,39.00393215,-76.50029949,0.09314012723,3,34.90000595,25.09999405
217.8664397,39.00393349,-76.50029932,0.0998748701,3,34.91000873,25.08999127
217.9166417,39.00393484,-76.50029912,0.1129542968,3,34.92000065,25.07999935
217.966823,39.00393618,-76.50029891,0.1260419589,3,34.92999887,25.07000113
218.0169687,39.00393752,-76.50029867,0.1391472478,3,34.94001055,25.05998945
218.0670929,39.00393885,-76.5002984,0.1522204043,3,34.94999768,25.05000232
218.1173046,39.00394018,-76.50029812,0.1653201561,3,34.96000513,25.03999487
218.1675292,39.00394151,-76.50029781,0.1784020558,3,34.96999894,25.03000106
218.2177112,39.00394284,-76.50029748,0.1914942672,3,34.98000063,25.01999937
218.2679077,39.00394416,-76.50029713,0.2045928891,3,34.99000722,25.00999278
218.3180876,39.00394548,-76.50029676,0.2176738441,3,35.00000031,24.99999969
218.3682616,39.0039468,-76.50029636,0.2307921041,3,35.01002189,24.98997811
218.4184382,39.00394811,-76.50029595,0.2361605447,3,35.02000322,24.97999678
218.4686024,39.00394942,-76.50029553,0.24925002,3,35.03000282,24.96999718
218.5188036,39.00395072,-76.50029508,0.2623466257,3,35.04000787,24.95999213
218.5689817,39.00395203,-76.50029461,0.2754420858,3,35.05001204,24.94998796
218.6191886,39.00395332,-76.50029411,0.2885247973,3,35.06000647,24.93999353
218.6693918,39.00395461,-76.5002936,0.3016221573,3,35.07001209,24.92998791
218.7195951,39.00395589,-76.50029306,0.3146964443,3,35.08000009,24.91999991
218.7698002,39.00395718,-76.50029251,0.3278079771,3,35.09001654,24.90998346
218.8200266,39.00395845,-76.50029193,0.3408896069,3,35.10001015,24.89998985
218.8702944,39.00395971,-76.50029133,0.3539653765,3,35.10999927,24.89000073
218.9204996,39.00396098,-76.50029071,0.3670583885,3,35.12000157,24.87999843
218.9706694,39.00396223,-76.50029006,0.3801478536,3,35.13000117,24.86999883
219.0208231,39.00396348,-76.5002894,0.3932326676,3,35.1399972,24.8600028
219.0710075,39.00396472,-76.50028872,0.4063278549,3,35.15000117,24.84999883
219.1211912,39.00396596,-76.50028801,0.4194468207,3,35.1600233,24.8399767
219.1713734,39.00396718,-76.50028728,0.4325045144,3,35.16999862,24.83000138
219.2215631,39.0039684,-76.50028654,0.4455943081,3,35.17999846,24.82000154
219.2717795,39.00396961,-76.50028577,0.4586964917,3,35.19000777,24.80999223
219.3219533,39.00397081,-76.50028498,0.4717764653,3,35.20000011,24.79999989
219.3721403,39.00397201,-76.50028418,0.4848659862,3,35.20999974,24.79000026
219.4223608,39.0039732,-76.50028335,0.49795683,3,35.22000038,24.77999962
219.4725389,39.00397438,-76.5002825,0.5110464781,3,35.23000012,24.76999988
219.5227119,39.00397555,-76.50028164,0.524140764,3,35.24000339,24.75999661
219.5728994,39.00397671,-76.50028075,0.5372251733,3,35.24999912,24.75000088
219.6232127,39.00397786,-76.50027985,0.5503177819,3,35.26000111,24.73999889
219.6733596,39.003979,-76.50027892,0.5634062661,3,35.26999995,24.73000005
219.7236084,39.00398013,-76.50027798,0.5764971227,3,35.28000061,24.71999939
219.7737089,39.00398126,-76.50027701,0.5895855979,3,35.28999944,24.71000056
219.8243159,39.00398237,-76.50027603,0.6026756898,3,35.29999951,24.70000049
219.8744604,39.00398347,-76.50027503,0.6157654579,3,35.30999934,24.69000066
219.9246594,39.00398456,-76.50027401,0.6288532339,3,35.31999764,24.68000236
219.9748309,39.00398565,-76.50027298,0.6419442834,3,35.32999844,24.67000156
220.0249862,39.00398672,-76.50027193,0.6498335208,3,35.3399981,24.6600019
220.0752621,39.00398779,-76.50027086,0.6629237174,3,35.34999825,24.65000175
220.1254626,39.00398884,-76.50026978,0.6760168569,3,35.36000065,24.63999935
220.1756054,39.00398988,-76.50026868,0.6891061055,3,35.37000007,24.62999993
220.2257564,39.00399092,-76.50026756,0.7022337812,3,35.38002885,24.61997115
220.2758938,39.00399294,-76.50026527,0.728381229,3,35.40000399,24.59999601
220.3260868,39.00399394,-76.5002641,0.7414669585,3,35.41000072,24.58999928
220.3762973,39.00399493,-76.50026291,0.7545671137,3,35.42000848,24.57999152
220.4264637,39.0039959,-76.50026171,0.7676562636,3,35.43000783,24.56999217
220.4766136,39.00399686,-76.50026049,0.7807358364,3,35.43999987,24.56000013
220.5268136,39.00399781,-76.50025927,0.7877275865,3,35.45000279,24.54999721
220.5769406,39.00399875,-76.50025802,0.8008159136,3,35.46000151,24.53999849
220.6270657,39.00399968,-76.50025676,0.813907619,3,35.47000281,24.52999719
220.6773312,39.00400059,-76.50025549,0.827001707,3,35.48000593,24.51999407
220.7275047,39.0040015,-76.5002542,0.8400975221,3,35.49001038,24.50998962
220.7776808,39.00400239,-76.50025289,0.8531982645,3,35.50001858,24.49998142
220.8278457,39.00400326,-76.50025158,0.8662645879,3,35.5100005,24.4899995
220.8780679,39.00400412,-76.50025024,0.87935672,3,35.52000212,24.47999788
220.9282606,39.00400497,-76.50024889,0.8924532841,3,35.53000714,24.46999286
220.9784518,39.0040058,-76.50024753,0.9055426827,3,35.54000668,24.45999332
221.0286263,39.00400662,-76.50024616,0.9186272467,3,35.55000253,24.44999747
221.0788546,39.00400743,-76.50024476,0.9317398442,3,35.56001979,24.43998021
221.1290728,39.00400822,-76.50024336,0.9448124324,3,35.57000649,24.42999351
221.1794529,39.004009,-76.50024195,0.957905928,3,35.58000916,24.41999084
221.2296123,39.00400976,-76.50024052,0.970988479,3,35.59000347,24.40999653
221.2797473,39.00401051,-76.50023907,0.9840834647,3,35.60000728,24.39999272
221.3299891,39.00401124,-76.50023762,0.9971686903,3,35.61000363,24.38999637
221.3801771,39.00401196,-76.50023615,1.01030589,3,35.62003969,24.37996031
221.430348,39.00401266,-76.50023467,1.023350106,3,35.63000471,24.36999529
221.480523,39.00401335,-76.50023318,1.03645151,3,35.64001342,24.35998658
221.5307781,39.00401402,-76.50023168,1.049522512,3,35.64999891,24.35000109
221.5809505,39.00401468,-76.50023017,1.062625563,3,35.66000888,24.33999112
221.6311682,39.00401532,-76.50022865,1.075713573,3,35.67000736,24.32999264
221.6813314,39.00401595,-76.50022711,1.088805744,3,35.68000902,24.31999098
221.731493,39.00401656,-76.50022557,1.101898975,3,35.69001149,24.30998851
221.7816509,39.00401716,-76.50022401,1.114984224,3,35.70000786,24.29999214
221.83183,39.00401773,-76.50022245,1.128065248,3,35.710001,24.289999
221.8820798,39.0040183,-76.50022087,1.14116356,3,35.72000735,24.27999265
221.9323706,39.00401884,-76.50021929,1.15424591,3,35.73000151,24.26999849
221.9825364,39.00401937,-76.5002177,1.1673332,3,35.73999944,24.26000056
222.0326902,39.00401989,-76.5002161,1.18043183,3,35.75000603,24.24999397
222.0828648,39.00402039,-76.50021449,1.193511973,3,35.7599985,24.2400015
222.1330743,39.00402087,-76.50021287,1.203782843,3,35.77000596,24.22999404
222.1833984,39.00402134,-76.50021124,1.216879162,3,35.78001079,24.21998921
222.2334867,39.00402179,-76.50020961,1.229972387,3,35.79001325,24.20998675
222.2836358,39.00402223,-76.50020797,1.243046656,3,35.80000123,24.19999877
222.3337942,39.00402264,-76.50020633,1.256138118,3,35.81000235,24.18999765
222.3839556,39.00402305,-76.50020467,1.26922995,3,35.82000375,24.17999625
222.4341306,39.00402343,-76.50020301,1.282323565,3,35.83000651,24.16999349
222.4842358,39.0040238,-76.50020135,1.295408534,3,35.84000267,24.15999733
222.5344102,39.00402415,-76.50019967,1.308506131,3,35.85000847,24.14999153
222.5845885,39.00402448,-76.500198,1.321594743,3,35.86000741,24.13999259
222.6348385,39.0040248,-76.50019631,1.334679715,3,35.87000357,24.12999643
222.6850637,39.0040251,-76.50019462,1.347769702,3,35.88000356,24.11999644
222.7352569,39.00402538,-76.50019293,1.360868475,3,35.89001026,24.10998974
222.7854516,39.00402564,-76.50019123,1.372460233,3,35.90000011,24.09999989
222.8357002,39.00402591,-76.50018953,1.372760706,3,35.91000528,24.08999472
222.8858773,39.00402618,-76.50018784,1.373058652,3,35.92000598,24.07999402
222.9360793,39.00402644,-76.50018614,1.373353501,3,35.93001128,24.06998872
222.9863185,39.0040267,-76.50018444,1.373645551,3,35.94000556,24.05999444
223.0366069,39.00402697,-76.50018274,1.373934375,3,35.94999939,24.05000061
223.0868479,39.00402723,-76.50018104,1.374220313,3,35.9599995,24.0400005
223.1369856,39.0040275,-76.50017935,1.374503584,3,35.96999856,24.03000144
223.1871683,39.00402776,-76.50017765,1.374784004,3,35.97999744,24.02000256
223.2374317,39.00402802,-76.50017595,1.375720006,3,35.98999865,24.01000135
223.287602,39.00402828,-76.50017425,1.377388621,3,35.99999921,24.00000079
223.3378275,39.00402854,-76.50017255,1.37904161,3,36.01000348,23.98999652
223.3881168,39.00402879,-76.50017085,1.380679797,3,36.02001144,23.97998856
223.4383189,39.00402905,-76.50016915,1.382303275,3,36.03000088,23.96999912
223.4885203,39.0040293,-76.50016745,1.383908565,3,36.04000392,23.95999608
223.5387034,39.00402955,-76.50016575,1.385500977,3,36.0499982,23.9500018
223.5889128,39.00402979,-76.50016404,1.387077034,3,36.06000185,23.93999815
223.6390505,39.00403004,-76.50016234,1.388639716,3,36.07000016,23.92999984
223.6892376,39.00403028,-76.50016063,1.390186819,3,36.08000435,23.91999565
223.7394468,39.00403052,-76.50015893,1.391720196,3,36.08999882,23.91000118
223.7896226,39.00403076,-76.50015723,1.393237562,3,36.10000688,23.89999312
223.8398245,39.004031,-76.50015552,1.396449332,3,36.10999811,23.89000189
223.8900452,39.00403123,-76.50015382,1.398210198,3,36.12000012,23.87999988
223.9402707,39.00403146,-76.50015211,1.399956405,3,36.12999903,23.87000097
223.9904832,39.00403168,-76.5001504,1.401685619,3,36.14000782,23.85999218
224.0406922,39.00403191,-76.50014869,1.403400196,3,36.15000756,23.84999244
224.0909109,39.00403213,-76.50014699,1.405096996,3,36.16000733,23.83999267
224.1411405,39.00403235,-76.50014528,1.406777711,3,36.17000013,23.82999987
224.1913457,39.00403257,-76.50014357,1.408441291,3,36.18001264,23.81998736
224.2415801,39.00403279,-76.50014186,1.410092293,3,36.19000674,23.80999326
224.2917605,39.004033,-76.50014015,1.411724514,3,36.20000043,23.79999957
224.3419566,39.00403321,-76.50013844,1.413341074,3,36.21001367,23.78998633
224.3921958,39.00403342,-76.50013673,1.414945295,3,36.22000836,23.77999164
224.4424121,39.00403363,-76.50013502,1.416531156,3,36.22999931,23.77000069
224.4925992,39.00403384,-76.50013331,1.418101191,3,36.2399978,23.7600022
224.5428052,39.00403404,-76.5001316,1.419657293,3,36.24999983,23.75000017
224.5929915,39.00403424,-76.50012988,1.421198934,3,36.26000105,23.73999895
224.6432627,39.00403444,-76.50012817,1.422725547,3,36.27000998,23.72999002
224.6934541,39.00403464,-76.50012646,1.424238549,3,36.27999952,23.72000048
224.7436505,39.00403483,-76.50012474,1.425733965,3,36.28999782,23.71000218
224.7938551,39.00403503,-76.50012303,1.427216171,3,36.30000063,23.69999937
224.844076,39.00403522,-76.50012131,1.428684627,3,36.31001394,23.68998606
224.8943258,39.00403541,-76.5001196,1.4301403,3,36.32000834,23.67999166
224.9445116,39.00403559,-76.50011789,1.431579031,3,36.32999915,23.67000085
224.9946854,39.00403578,-76.50011617,1.4330032,3,36.33999834,23.66000166
225.0451157,39.00403596,-76.50011446,1.434414629,3,36.34999935,23.65000065
225.095275,39.00403615,-76.50011274,1.435812485,3,36.36001036,23.63998964
225.1454368,39.00403633,-76.50011102,1.435812485,3,36.36999918,23.63000082
225.1956494,39.00403651,-76.50010931,1.438580975,3,36.37999916,23.62000084
225.2458528,39.00403668,-76.50010759,1.439937753,3,36.38999984,23.61000016
225.2962342,39.00403686,-76.50010587,1.441281258,3,36.40000465,23.59999535
225.3464043,39.00403703,-76.50010416,1.44261206,3,36.40999988,23.59000012
225.3966547,39.0040372,-76.50010244,1.443928452,3,36.42000392,23.57999608
225.4468097,39.00403737,-76.50010072,1.445232981,3,36.42999987,23.57000013
225.4970736,39.00403754,-76.500099,1.446523547,3,36.44000156,23.55999844
225.547285,39.0040377,-76.50009728,1.44780206,3,36.4500091,23.5499909
225.5974442,39.00403787,-76.50009556,1.449068626,3,36.46000531,23.53999469
225.6476454,39.00403803,-76.50009384,1.45032118,3,36.46999866,23.53000134
225.6979441,39.00403819,-76.50009212,1.451560927,3,36.48000649,23.51999351
225.7481754,39.00403835,-76.5000904,1.452790121,3,36.49000233,23.50999767
225.7984819,39.00403851,-76.50008869,1.454005595,3,36.49999993,23.50000007
225.8487394,39.00403866,-76.50008697,1.455209161,3,36.50999966,23.49000034
225.8989193,39.00403882,-76.50008525,1.456400964,3,36.52000011,23.47999989
225.9490747,39.00403897,-76.50008352,1.457580939,3,36.53001751,23.46998249
225.9992722,39.00403912,-76.5000818,1.458751088,3,36.54000094,23.45999906
226.0494209,39.00403927,-76.50008008,1.459905567,3,36.550009,23.449991
226.099644,39.00403942,-76.50007836,1.461051313,3,36.56000906,23.43999094
226.1497746,39.00403956,-76.50007664,1.462184646,3,36.57000174,23.42999826
226.2000083,39.00403971,-76.50007492,1.463305771,3,36.58000035,23.41999965
226.2502605,39.00403985,-76.5000732,1.464416292,3,36.58999958,23.41000042
226.300444,39.00403999,-76.50007147,1.465515712,3,36.6000005,23.3999995
226.3506962,39.00404014,-76.50006975,1.466604248,3,36.60999946,23.39000054
226.4008896,39.00404027,-76.50006803,1.467681602,3,36.62001037,23.37998963
226.4510259,39.00404041,-76.50006631,1.468749368,3,36.62999893,23.37000107
226.5012789,39.00404055,-76.50006458,1.469803985,3,36.64000401,23.35999599
226.5515517,39.00404068,-76.50006286,1.470849689,3,36.65000468,23.34999532
226.6017654,39.00404082,-76.50006114,1.471884362,3,36.66000041,23.33999959
226.6520032,39.00404095,-76.50005941,1.472908062,3,36.66999927,23.33000073
226.7022251,39.00404108,-76.50005769,1.473921721,3,36.68000519,23.31999481
226.7524641,39.00404121,-76.50005597,1.474925822,3,36.6900021,23.3099979
226.8028517,39.00404134,-76.50005424,1.475918842,3,36.70000432,23.29999568
226.8530337,39.00404146,-76.50005252,1.476902316,3,36.71000199,23.28999801
226.9031765,39.00404159,-76.50005079,1.477875362,3,36.7200001,23.2799999
226.9534415,39.00404171,-76.50004907,1.478838569,3,36.72999945,23.27000055
227.0036473,39.00404184,-76.50004735,1.479792107,3,36.73999973,23.26000027
227.0538796,39.00404196,-76.50004562,1.480736036,3,36.74999954,23.25000046
227.1040826,39.00404208,-76.5000439,1.481670315,3,36.76000624,23.23999376
227.1543936,39.0040422,-76.50004217,1.482595719,3,36.77000099,23.22999901
227.2045612,39.00404231,-76.50004045,1.483510594,3,36.78000226,23.21999774
227.2547391,39.00404243,-76.50003872,1.484416739,3,36.79000454,23.20999546
227.3049619,39.00404255,-76.500037,1.485313732,3,36.80000049,23.19999951
227.3551708,39.00404266,-76.50003527,1.486201006,3,36.80999918,23.19000082
227.4053804,39.00404277,-76.50003354,1.487079465,3,36.82000703,23.17999297
227.4556103,39.00404289,-76.50003182,1.487949747,3,36.83000205,23.16999795
227.5059202,39.004043,-76.50003009,1.488810023,3,36.84000455,23.15999545
227.5561965,39.00404311,-76.50002837,1.489662143,3,36.85001326,23.14998674
227.6063822,39.00404321,-76.50002664,1.490506066,3,36.86000832,23.13999168
227.6566469,39.00404332,-76.50002492,1.491340203,3,36.86999909,23.13000091
227.7069024,39.00404343,-76.50002319,1.492165448,3,36.88000306,23.11999694
227.7570434,39.00404353,-76.50002146,1.492983323,3,36.89000008,23.10999992
227.8072434,39.00404364,-76.50001974,1.49379225,3,36.9000003,23.0999997
227.8574826,39.00404374,-76.50001801,1.494593139,3,36.90999935,23.09000065
227.907711,39.00404384,-76.50001628,1.49538572,3,36.92000028,23.07999972
227.9579142,39.00404394,-76.50001456,1.496170312,3,36.92999945,23.07000055
228.008082,39.00404404,-76.50001283,1.496946711,3,36.93999958,23.06000042
228.0582727,39.00404414,-76.5000111,1.497715209,3,36.94999854,23.05000146
228.1084582,39.00404424,-76.50000937,1.49847572,3,36.95999946,23.04000054
228.158661,39.00404433,-76.50000765,1.49922856,3,36.96999904,23.03000096
228.2089097,39.00404443,-76.50000592,1.499973558,3,36.97999901,23.02000099
228.2591279,39.00404452,-76.50000419,1.50071092,3,36.99000328,23.00999672
228.3093956,39.00404462,-76.50000246,1.501441006,3,37.00000028,22.99999972
228.3595942,39.00404471,-76.50000074,1.502163048,3,37.01000139,22.98999861
228.4097709,39.0040448,-76.49999901,1.502877947,3,37.02000231,22.97999769
228.4599813,39.00404489,-76.49999728,1.503585468,3,37.02999933,22.97000067
228.5101596,39.004045,-76.49999556,1.490491088,3,37.04000268,22.95999732
228.560324,39.00404513,-76.49999383,1.477399775,3,37.05000368,22.94999632
228.6105692,39.00404527,-76.49999211,1.464305499,3,37.06000695,22.93999305
228.6607888,39.00404543,-76.49999039,1.451212858,3,37.07000897,22.92999103
228.7110113,39.00404561,-76.49998867,1.438129979,3,37.08000353,22.91999647
228.7611837,39.00404581,-76.49998696,1.425041105,3,37.09000267,22.90999733
228.8114242,39.00404602,-76.49998525,1.411945504,3,37.10000694,22.89999306
228.8618329,39.00404625,-76.49998354,1.398854075,3,37.11000804,22.88999196
228.911994,39.0040465,-76.49998184,1.385774918,3,37.11999975,22.88000025
228.9621793,39.00404677,-76.49998015,1.372686371,3,37.12999864,22.87000136
229.0123724,39.00404705,-76.49997845,1.359592708,3,37.14000144,22.85999856
229.0626319,39.00404735,-76.49997676,1.346505601,3,37.14999923,22.85000077
229.1128221,39.00404767,-76.49997508,1.333415201,3,37.15999954,22.84000046
229.1629712,39.004048,-76.4999734,1.320325907,3,37.169999,22.830001
229.2131411,39.00404835,-76.49997173,1.307232884,3,37.18000131,22.81999869
229.2633047,39.00404872,-76.49997006,1.294137169,3,37.19000567,22.80999433
229.3135291,39.00404911,-76.4999684,1.281050233,3,37.20000333,22.79999667
229.3637221,39.00404951,-76.49996675,1.267951843,3,37.21000974,22.78999026
229.4139443,39.00404993,-76.49996511,1.254863264,3,37.22000866,22.77999134
229.4642519,39.00405037,-76.49996347,1.241775283,3,37.23000711,22.76999289
229.5144114,39.00405082,-76.49996184,1.228686137,3,37.24000646,22.75999354
229.564532,39.00405129,-76.49996021,1.215583739,3,37.25001593,22.74998407
229.6147735,39.00405178,-76.4999586,1.202504778,3,37.2600075,22.7399925
229.6649978,39.00405228,-76.49995699,1.189410857,3,37.27001049,22.72998951
229.715226,39.0040528,-76.49995539,1.176328604,3,37.28000458,22.71999542
229.7653838,39.00405334,-76.4999538,1.163240834,3,37.29000287,22.70999713
229.8155287,39.00405389,-76.49995222,1.150147134,3,37.3000057,22.6999943
229.8656494,39.00405446,-76.49995065,1.137065949,3,37.30999896,22.69000104
229.9158228,39.00405504,-76.49994909,1.123970877,3,37.32000284,22.67999716
229.9660388,39.00405564,-76.49994753,1.110871994,3,37.33000963,22.66999037
230.0162318,39.00405626,-76.49994599,1.097797631,3,37.33999768,22.66000232
230.0664245,39.00405689,-76.49994446,1.084701194,3,37.3500026,22.6499974
230.1165804,39.00405753,-76.49994294,1.071618274,3,37.35999719,22.64000281
230.1667442,39.0040582,-76.49994143,1.058527409,3,37.36999785,22.63000215
230.2169159,39.00405887,-76.49993993,1.045416536,3,37.3800138,22.6199862
230.2671133,39.00405957,-76.49993845,1.032330642,3,37.39001066,22.60998934
230.3173801,39.00406027,-76.49993697,1.019255749,3,37.39999912,22.60000088
230.3675469,39.004061,-76.49993551,1.006165966,3,37.40999895,22.59000105
230.4177286,39.00406174,-76.49993406,0.993067555,3,37.42000538,22.57999462
230.4679552,39.00406249,-76.49993262,0.9799861337,3,37.42999882,22.57000118
230.5181292,39.00406325,-76.4999312,0.9668977228,3,37.43999761,22.56000239
230.5682675,39.00406404,-76.49992978,0.9538075495,3,37.44999774,22.55000226
230.6205566,39.00406483,-76.49992839,0.9407140744,3,37.4600004,22.5399996
230.6707247,39.00406564,-76.499927,0.9276229926,3,37.47000122,22.52999878
230.7208774,39.00406647,-76.49992563,0.9145335667,3,37.48000078,22.51999922
230.771041,39.00406731,-76.49992427,0.9014311061,3,37.4900103,22.5099897
230.8212428,39.00406816,-76.49992293,0.8883552936,3,37.49999947,22.50000053
230.8714019,39.00406902,-76.4999216,0.8752646731,3,37.50999994,22.49000006
230.9216086,39.0040699,-76.49992028,0.8621755399,3,37.51999928,22.48000072
230.9717831,39.0040708,-76.49991898,0.8490845181,3,37.53000006,22.46999994
231.0219495,39.0040717,-76.4999177,0.8359823198,3,37.54000938,22.45999062
231.0721553,39.00407262,-76.49991643,0.8229064382,3,37.54999859,22.45000141
231.1223576,39.00407355,-76.49991517,0.8098135513,3,37.5600008,22.4399992
231.1725487,39.0040745,-76.49991394,0.7967251705,3,37.56999956,22.43000044
231.2227105,39.00407545,-76.49991271,0.7836342639,3,37.58000025,22.41999975
231.2729086,39.00407642,-76.49991151,0.7705456837,3,37.58999917,22.41000083
231.3231916,39.00407741,-76.49991032,0.7574441831,3,37.60000795,22.39999205
231.3734308,39.0040784,-76.49990914,0.7443570089,3,37.61000579,22.38999421
231.4236566,39.00407941,-76.49990799,0.7312697945,3,37.62000367,22.37999633
231.4738577,39.00408042,-76.49990685,0.7181873037,3,37.62999793,22.37000207
231.5240179,39.00408145,-76.49990573,0.7050956284,3,37.63999921,22.36000079
231.5741814,39.00408249,-76.49990462,0.6920091753,3,37.6499965,22.3500035
231.6243295,39.00408354,-76.49990353,0.6789177961,3,37.65999755,22.34000245
231.6745419,39.00408461,-76.49990246,0.6658272395,3,37.66999798,22.33000202
231.7246965,39.00408568,-76.49990141,0.6527360316,3,37.6799989,22.3200011
231.7748642,39.00408676,-76.49990038,0.6396472325,3,37.68999798,22.31000202
231.8250259,39.00408786,-76.49989936,0.6265574846,3,37.69999779,22.30000221
231.8752072,39.00408896,-76.49989837,0.6134661235,3,37.70999883,22.29000117
231.9253833,39.00409008,-76.49989739,0.6003780634,3,37.71999735,22.28000265
231.9755848,39.0040912,-76.49989643,0.5872878249,3,37.72999753,22.27000247
232.0257634,39.00409233,-76.49989547,0.5884414669,3,37.74000494,22.25999506
232.0759023,39.00409458,-76.49989356,0.5775887045,3,37.76000115,22.23999885
232.126129,39.00409572,-76.49989263,0.5644993669,3,37.77000064,22.22999936
232.1762538,39.00409687,-76.49989172,0.5514079181,3,37.78000175,22.21999825
232.2264403,39.00409803,-76.49989084,0.5383217547,3,37.78999882,22.21000118
232.2765961,39.0040992,-76.49988997,0.5252194368,3,37.80000823,22.19999177
232.3267518,39.00410038,-76.49988912,0.5121420362,3,37.8099986,22.1900014
232.3768943,39.00410157,-76.49988829,0.4990508534,3,37.81999951,22.18000049
232.4270748,39.00410276,-76.49988748,0.485957451,3,37.83000211,22.16999789
232.4772308,39.00410396,-76.49988669,0.472860967,3,37.84000706,22.15999294
232.5276239,39.00410517,-76.49988592,0.4651094311,3,37.85000102,22.14999898
232.5777299,39.00410638,-76.49988513,0.4671753545,3,37.86001044,22.13998956
232.6278695,39.00410758,-76.49988435,0.4692226968,3,37.87001071,22.12998929
232.6779951,39.0041088,-76.49988359,0.4561363057,3,37.88000795,22.11999205
232.7281947,39.00411002,-76.49988285,0.4430472746,3,37.89000721,22.10999279
232.7783988,39.00411125,-76.49988212,0.4299460151,3,37.90001581,22.09998419
232.828567,39.00411248,-76.49988142,0.4168743199,3,37.91000183,22.08999817
232.8787815,39.00411372,-76.49988074,0.4037882181,3,37.91999885,22.08000115
232.9290225,39.00411497,-76.49988008,0.3906860531,3,37.93000815,22.06999185
232.979175,39.00411623,-76.49987945,0.377605093,3,37.94000124,22.05999876
233.0293301,39.00411749,-76.49987883,0.3645060455,3,37.95000815,22.04999185
233.0795238,39.00411876,-76.49987823,0.3514051577,3,37.96001647,22.03998353
233.1297109,39.00412003,-76.49987765,0.3424541187,3,37.97000132,22.02999868
233.1798638,39.0041213,-76.49987707,0.3443394012,3,37.98000358,22.01999642
233.2300179,39.00412257,-76.49987648,0.3462080422,3,37.98999967,22.01000033
233.2802471,39.00412385,-76.49987591,0.3331191023,3,37.99999886,22.00000114
233.3304063,39.00412513,-76.49987537,0.3200284111,3,38.00999938,21.99000062
233.3805575,39.00412642,-76.49987484,0.3069385525,3,38.01999928,21.98000072
233.4307213,39.00412772,-76.49987434,0.2938457227,3,38.03000144,21.96999856
233.480876,39.00412901,-76.49987386,0.2807510943,3,38.04000497,21.95999503
233.5310586,39.00413032,-76.49987341,0.2676681889,3,38.04999955,21.95000045
233.5812579,39.00413162,-76.49987297,0.2545724533,3,38.06000394,21.93999606
233.63143,39.00413294,-76.49987255,0.241484414,3,38.07000244,21.92999756
233.6815994,39.00413425,-76.49987216,0.2283931408,3,38.08000341,21.91999659
233.7317911,39.00413557,-76.49987179,0.2180183875,3,38.0900011,21.9099989
233.7820542,39.00413689,-76.49987141,0.2197454737,3,38.10000237,21.89999763
233.832245,39.00413821,-76.49987103,0.2214548967,3,38.11001839,21.88998161
233.88243,39.00413953,-76.49987067,0.2083883509,3,38.12000047,21.87999953
233.9325899,39.00414086,-76.49987034,0.195275723,3,38.13001776,21.86998224
233.9827836,39.00414218,-76.49987002,0.1822103989,3,38.13999891,21.86000109
234.0329846,39.00414352,-76.49986973,0.1691023727,3,38.15001268,21.84998732
234.0832103,39.00414485,-76.49986946,0.1560287595,3,38.16000016,21.83999984
234.1334274,39.00414619,-76.49986921,0.1429180629,3,38.17001597,21.82998403
234.1836684,39.00414753,-76.49986899,0.129844254,3,38.1800036,21.8199964
234.2339966,39.00414887,-76.49986879,0.1167479307,3,38.19000843,21.80999157
234.2841269,39.00415022,-76.49986861,0.1036581038,3,38.2000083,21.7999917
234.3342922,39.00415156,-76.49986845,0.09168500397,3,38.20999804,21.79000196
234.3844834,39.0041529,-76.49986829,0.09327016361,3,38.22000026,21.77999974
234.4347196,39.00415425,-76.49986813,0.09484052405,3,38.23000696,21.76999304
234.4849238,39.0041556,-76.49986798,0.08174688372,3,38.24000974,21.75999026
234.5351311,39.00415695,-76.49986787,0.0686547977,3,38.25001133,21.74998867
234.5853382,39.00415829,-76.49986777,0.05557253179,3,38.26000542,21.73999458
234.6355819,39.00415964,-76.4998677,0.04249077142,3,38.26999913,21.73000087
234.6857866,39.004161,-76.49986765,0.02938371384,3,38.28001216,21.71998784
234.7359816,39.00416234,-76.49986762,0.01631058057,3,38.28999927,21.71000073
234.786192,39.0041637,-76.49986761,0.003216103005,3,38.30000269,21.69999731
234.8363345,39.00416505,-76.49986763,-0.009873490682,3,38.31000238,21.68999762
234.8864987,39.0041664,-76.49986767,-0.02296528506,3,38.32000375,21.67999625
234.9366616,39.00416775,-76.49986773,-0.03605333072,3,38.33000226,21.66999774
234.9868014,39.0041691,-76.49986779,-0.03514159461,3,38.34000185,21.65999815
235.0370135,39.00417045,-76.49986785,-0.03369027277,3,38.35000176,21.64999824
235.0871825,39.0041718,-76.49986793,-0.04678204568,3,38.36000312,21.63999688
235.1373736,39.00417315,-76.49986803,-0.05987112676,3,38.37000242,21.62999758
235.1875637,39.0041745,-76.49986816,-0.07297253836,3,38.38001113,21.61998887
235.2377804,39.00417584,-76.49986831,-0.08604757152,3,38.3899997,21.6100003
235.2880075,39.00417719,-76.49986848,-0.09913834671,3,38.40000029,21.59999971
235.3382729,39.00417853,-76.49986867,-0.1122286965,3,38.41000056,21.58999944
235.3884466,39.00417987,-76.49986889,-0.1253346226,3,38.42001273,21.57998727
235.4387496,39.00418121,-76.49986913,-0.1384021104,3,38.42999553,21.57000447
235.4890102,39.00418254,-76.49986939,-0.1515093441,3,38.44000869,21.55999131
235.539251,39.00418388,-76.49986968,-0.1645881085,3,38.45000011,21.54999989
235.5894989,39.00418521,-76.49986996,-0.1655060936,3,38.45999949,21.54000051
235.6397122,39.00418654,-76.49987027,-0.1785959462,3,38.46999938,21.53000062
235.6898642,39.00418786,-76.4998706,-0.1916900991,3,38.48000255,21.51999745
235.7400291,39.00418919,-76.49987095,-0.2047746901,3,38.48999842,21.51000158
235.790267,39.00419051,-76.49987132,-0.2178732952,3,38.50000499,21.49999501
235.8405308,39.00419182,-76.49987172,-0.2309575976,3,38.51000064,21.48999936
235.890795,39.00419313,-76.49987214,-0.2440446571,3,38.51999839,21.48000161
235.9410171,39.00419444,-76.49987258,-0.2571481484,3,38.5300087,21.4699913
235.99125,39.00419574,-76.49987304,-0.2702278856,3,38.54000086,21.45999914
236.0413784,39.00419704,-76.49987353,-0.2833234038,3,38.55000507,21.44999493
236.0916495,39.00419833,-76.49987403,-0.2964087273,3,38.5600015,21.4399985
236.1418794,39.00419963,-76.49987454,-0.2975534104,3,38.57002218,21.42997782
236.1920199,39.00420092,-76.49987505,-0.296277191,3,38.580004,21.419996
236.2422616,39.0042022,-76.49987557,-0.3093705732,3,38.59000658,21.40999342
236.2924594,39.00420348,-76.49987612,-0.3224583866,3,38.60000491,21.39999509
236.3427254,39.00420476,-76.49987669,-0.3355415348,3,38.60999968,21.39000032
236.392891,39.00420603,-76.49987728,-0.3486516657,3,38.62001506,21.37998494
236.4430579,39.00420729,-76.4998779,-0.3617214523,3,38.62999962,21.37000038
236.4932359,39.00420855,-76.49987853,-0.3748142944,3,38.64000179,21.35999821
236.5434224,39.0042098,-76.49987919,-0.387920559,3,38.65001421,21.34998579
236.59363,39.00421105,-76.49987986,-0.4009886563,3,38.65999748,21.34000252
236.6438434,39.00421228,-76.49988056,-0.4140804983,3,38.66999889,21.33000111
236.6940902,39.00421351,-76.49988128,-0.4271812588,3,38.68000711,21.31999289
236.7443191,39.00421474,-76.499882,-0.4302630141,3,38.68999905,21.31000095
236.7945527,39.00421596,-76.49988274,-0.4433518435,3,38.69999816,21.30000184
236.844751,39.00421717,-76.4998835,-0.4564536397,3,38.71000717,21.28999283
236.895002,39.00421838,-76.49988429,-0.4695362643,3,38.72000153,21.27999847
236.9451843,39.00421958,-76.49988509,-0.4826233704,3,38.72999932,21.27000068
236.9954135,39.00422076,-76.49988591,-0.4957151692,3,38.7400007,21.2599993
237.0456394,39.00422194,-76.49988676,-0.5088032368,3,38.74999922,21.25000078
237.0958894,39.00422312,-76.49988762,-0.5218945021,3,38.76000019,21.23999981
237.146112,39.00422428,-76.4998885,-0.5349909872,3,38.77000514,21.22999486
237.1963899,39.00422543,-76.49988941,-0.5480733094,3,38.77999928,21.22000072
237.2465848,39.00422658,-76.49989033,-0.5611645516,3,38.79000023,21.20999977
237.2967801,39.00422772,-76.49989125,-0.5645430747,3,38.80000762,21.19999238
237.347038,39.00422885,-76.4998922,-0.5776230783,3,38.80999998,21.19000002
237.3972577,39.00422997,-76.49989316,-0.5907137501,3,38.82000049,21.17999951
237.4474694,39.00423108,-76.49989415,-0.6038018741,3,38.82999906,21.17000094
237.4976947,39.00423219,-76.49989515,-0.6168928752,3,38.83999983,21.16000017
237.5479257,39.00423328,-76.49989617,-0.6300084318,3,38.85001935,21.14998065
237.5981368,39.00423436,-76.49989721,-0.6430972443,3,38.86001844,21.13998156
237.6483318,39.00423543,-76.49989826,-0.6561622369,3,38.86999934,21.13000066
237.6985471,39.00423649,-76.49989934,-0.6692539789,3,38.88000067,21.11999933
237.7487648,39.00423754,-76.49990043,-0.6823411881,3,38.88999854,21.11000146
237.7990194,39.00423857,-76.49990154,-0.6954331208,3,38.90000001,21.09999999
237.8492519,39.00423961,-76.49990265,-0.6991996786,3,38.90999749,21.09000251
237.8994654,39.00424063,-76.49990379,-0.71229221,3,38.91999942,21.08000058
237.9496934,39.00424164,-76.49990493,-0.7253796129,3,38.92999744,21.07000256
237.999937,39.00424264,-76.4999061,-0.7384963707,3,38.94001788,21.05998212
238.0501789,39.00424363,-76.49990728,-0.7515659131,3,38.95000225,21.04999775
238.1003593,39.0042446,-76.49990848,-0.7646722392,3,38.96001472,21.03998528
238.1505708,39.00424557,-76.4999097,-0.7777403009,3,38.96999796,21.03000204
238.2008257,39.00424652,-76.49991093,-0.7908458215,3,38.98000982,21.01999018
238.2510358,39.00424745,-76.49991217,-0.8039211245,3,38.98999859,21.01000141
238.3012805,39.00424838,-76.49991344,-0.8170100402,3,38.99999776,21.00000224
238.3515487,39.00424929,-76.49991472,-0.8301007407,3,39.0099983,20.9900017
238.4018042,39.0042502,-76.499916,-0.8342932947,3,39.01999943,20.98000057
238.4520114,39.00425109,-76.4999173,-0.8473817077,3,39.02999822,20.97000178
238.5022453,39.00425197,-76.49991861,-0.8604736655,3,39.03999971,20.96000029
238.5524283,39.00425284,-76.49991994,-0.8735603992,3,39.04999722,20.95000278
238.602636,39.0042537,-76.49992128,-0.8866526091,3,39.05999891,20.94000109
238.6529272,39.00425454,-76.49992263,-0.8997431675,3,39.06999933,20.93000067
238.7031596,39.00425536,-76.49992401,-0.9128374935,3,39.08000264,20.91999736
238.7533473,39.00425617,-76.49992539,-0.9259229052,3,39.08999913,20.91000087
238.8035833,39.00425697,-76.49992679,-0.9390116734,3,39.09999819,20.90000181
238.853815,39.00425776,-76.4999282,-0.9521011252,3,39.10999777,20.89000223
238.9039964,39.00425852,-76.49992962,-0.9651911265,3,39.11999777,20.88000223
238.9542203,39.00425929,-76.49993105,-0.9698711071,3,39.13000612,20.86999388
239.0044969,39.00426004,-76.49993249,-0.9829536964,3,39.14000045,20.85999955
239.0547514,39.00426077,-76.49993394,-0.9960537935,3,39.15000817,20.84999183
239.1049494,39.00426149,-76.49993541,-1.009149198,3,39.1600123,20.8399877
239.1552121,39.0042622,-76.49993689,-1.022223525,3,39.17000032,20.82999968
239.2053832,39.00426289,-76.49993838,-1.035328606,3,39.18001184,20.81998816
239.2556406,39.00426356,-76.49993988,-1.048400331,3,39.18999788,20.81000212
239.3058137,39.00426422,-76.49994139,-1.061493811,3,39.20000054,20.79999946
239.3560408,39.00426486,-76.49994291,-1.074579315,3,39.20999711,20.79000289
239.4062547,39.00426549,-76.49994444,-1.087670652,3,39.21999813,20.78000187
239.4564126,39.0042661,-76.49994599,-1.100763156,3,39.23000004,20.76999996
239.506638,39.00426671,-76.49994754,-1.105963641,3,39.24000799,20.75999201
239.5569289,39.0042673,-76.49994909,-1.119042044,3,39.24999913,20.75000087
239.6071279,39.00426787,-76.49995067,-1.132181405,3,39.26003684,20.73996316
239.657358,39.00426843,-76.49995224,-1.145220652,3,39.26999807,20.73000193
239.7075623,39.00426897,-76.49995383,-1.158315338,3,39.28000165,20.71999835
239.7578066,39.0042695,-76.49995542,-1.171400523,3,39.28999797,20.71000203
239.8080202,39.00427001,-76.49995703,-1.184491514,3,39.29999873,20.70000127
239.858285,39.0042705,-76.49995864,-1.197579251,3,39.309997,20.690003
239.9084834,39.00427097,-76.49996026,-1.210671028,3,39.31999836,20.68000164
239.9587075,39.00427143,-76.49996189,-1.223762545,3,39.32999952,20.67000048
240.0089266,39.00427188,-76.49996352,-1.236853491,3,39.34000024,20.65999976
240.0591537,39.00427231,-76.49996516,-1.242586386,3,39.35000002,20.64999998
240.1093403,39.00427273,-76.49996681,-1.255677958,3,39.36000122,20.63999878
240.1595806,39.00427313,-76.49996846,-1.268767237,3,39.37000067,20.62999933
240.2097639,39.00427352,-76.49997012,-1.281856813,3,39.38000035,20.61999965
240.2599507,39.00427389,-76.49997179,-1.294944241,3,39.38999838,20.61000162
240.3101486,39.00427424,-76.49997346,-1.308037579,3,39.40000093,20.59999907
240.3603772,39.00427458,-76.49997513,-1.310465889,3,39.40999793,20.59000207
240.410588,39.00427493,-76.49997681,-1.310255522,3,39.42000908,20.57999092
240.4608882,39.00427528,-76.49997848,-1.310047002,3,39.43000398,20.56999602
240.5110886,39.00427563,-76.49998015,-1.309840944,3,39.44000225,20.55999775
240.5613147,39.00427598,-76.49998183,-1.309636914,3,39.44999921,20.55000079
240.6115054,39.00427633,-76.4999835,-1.309434989,3,39.46000196,20.53999804
240.6617551,39.00427668,-76.49998517,-1.310454497,3,39.47000337,20.52999663
240.7119296,39.00427702,-76.49998685,-1.311653795,3,39.47999888,20.52000112
240.7621141,39.00427737,-76.49998852,-1.312840876,3,39.49001776,20.50998224
240.8122671,39.00427771,-76.4999902,-1.314019297,3,39.5000022,20.4999978
240.8624262,39.00427805,-76.49999187,-1.315182337,3,39.51000178,20.48999822
240.9126448,39.00427839,-76.49999355,-1.316335931,3,39.52000643,20.47999357
240.962879,39.00427873,-76.49999522,-1.317478967,3,39.53000065,20.46999935
241.0130703,39.00427907,-76.4999969,-1.318609772,3,39.54000683,20.45999317
241.0633263,39.0042794,-76.49999858,-1.31973098,3,39.54999845,20.45000155
241.1135004,39.00427974,-76.50000026,-1.320839703,3,39.56000119,20.43999881
241.163711,39.00428007,-76.50000193,-1.3219389,3,39.56999978,20.43000022
241.2138901,39.0042804,-76.50000361,-1.32557562,3,39.58000102,20.41999898
241.2641761,39.00428072,-76.5000053,-1.327308133,3,39.59001145,20.40998855
241.3143586,39.00428105,-76.50000698,-1.329025866,3,39.60000434,20.39999566
241.3645077,39.00428137,-76.50000866,-1.33072435,3,39.61000044,20.38999956
241.4146638,39.00428169,-76.50001034,-1.332407283,3,39.62000368,20.37999632
241.4647991,39.004282,-76.50001203,-1.334075425,3,39.63000994,20.36999006
241.5149281,39.00428232,-76.50001371,-1.335728183,3,39.63999884,20.36000116
241.5650542,39.00428263,-76.50001539,-1.337362323,3,39.65000186,20.34999814
241.6152815,39.00428294,-76.50001708,-1.338983154,3,39.66000708,20.33999292
241.6654555,39.00428325,-76.50001876,-1.340588814,3,39.67000118,20.32999882
241.71562,39.00428356,-76.50002045,-1.342177295,3,39.68000315,20.31999685
241.7657846,39.00428386,-76.50002214,-1.343751758,3,39.69000125,20.30999875
241.8159643,39.00428416,-76.50002383,-1.345310458,3,39.70000353,20.29999647
241.8661865,39.00428446,-76.50002551,-1.346854772,3,39.71000229,20.28999771
241.9163978,39.00428476,-76.5000272,-1.348383627,3,39.72000575,20.27999425
241.9667487,39.00428506,-76.50002889,-1.3498984,3,39.73000156,20.26999844
242.0169011,39.00428535,-76.50003058,-1.351397338,3,39.74000319,20.25999681
242.0671893,39.00428564,-76.50003227,-1.352882594,3,39.75000336,20.24999664
242.1173595,39.00428593,-76.50003397,-1.354353191,3,39.76000317,20.23999683
242.1675756,39.00428622,-76.50003566,-1.355809412,3,39.77000429,20.22999571
242.2177953,39.00428651,-76.50003735,-1.357251621,3,39.78000061,20.21999939
242.2680368,39.00428679,-76.50003904,-1.358679054,3,39.79000109,20.20999891
242.3182987,39.00428707,-76.50004074,-1.360093119,3,39.80000487,20.19999513
242.3684579,39.00428736,-76.50004243,-1.361493793,3,39.81000346,20.18999654
242.4186168,39.00428763,-76.50004412,-1.362880002,3,39.82000393,20.17999607
242.4687729,39.00428791,-76.50004582,-1.364252853,3,39.83000227,20.16999773
242.5189238,39.00428819,-76.50004751,-1.365611911,3,39.84000248,20.15999752
242.5692073,39.00428846,-76.50004921,-1.36695784,3,39.85000469,20.14999531
242.6193923,39.00428873,-76.50005091,-1.368290761,3,39.86000413,20.13999587
242.6695529,39.004289,-76.5000526,-1.369610153,3,39.87000393,20.12999607
242.7197615,39.00428927,-76.5000543,-1.370916549,3,39.88000285,20.11999715
242.7699253,39.00428954,-76.500056,-1.372209902,3,39.89000221,20.10999779
242.8201238,39.0042898,-76.5000577,-1.373490495,3,39.90001252,20.09998748
242.8703456,39.00429006,-76.50005939,-1.374759776,3,39.91000396,20.08999604
242.9205119,39.00429033,-76.50006109,-1.376014066,3,39.92000651,20.07999349
242.9706508,39.00429059,-76.50006279,-1.377257278,3,39.9300018,20.0699982
243.0208511,39.00429084,-76.50006449,-1.37848722,3,39.94000278,20.05999722
243.0711191,39.0042911,-76.50006619,-1.379705604,3,39.95000462,20.04999538
243.1214486,39.00429136,-76.50006789,-1.380911939,3,39.96000276,20.03999724
243.1716517,39.00429161,-76.50006959,-1.382105785,3,39.97000219,20.02999781
243.2218141,39.00429186,-76.5000713,-1.383287854,3,39.98000382,20.01999618
243.2719757,39.00429211,-76.500073,-1.384458356,3,39.99000193,20.00999807
243.3221908,39.00429236,-76.5000747,-1.385616728,3,40.00000331,19.99999669
243.3723322,39.00429261,-76.5000764,-1.386763866,3,40.01000133,19.98999867
243.4226177,39.00429285,-76.5000781,-1.387899113,3,40.01999967,19.98000033
243.4727024,39.0042931,-76.50007981,-1.389023001,3,40.03000177,19.96999823
243.5229453,39.00429334,-76.50008151,-1.390136012,3,40.04000221,19.95999779
243.5731854,39.00429358,-76.50008321,-1.391237644,3,40.05000042,19.94999958
243.6234142,39.00429382,-76.50008492,-1.392327942,3,40.06000322,19.93999678
243.6736691,39.00429406,-76.50008662,-1.393407753,3,40.07000415,19.92999585
243.7238447,39.0042943,-76.50008833,-1.394476473,3,40.08000236,19.91999764
243.7740316,39.00429453,-76.50009003,-1.39553412,3,40.0900016,19.9099984
243.8242965,39.00429477,-76.50009174,-1.396581195,3,40.10000204,19.89999796
243.8745224,39.004295,-76.50009344,-1.397617813,3,40.11000237,19.88999763
243.9246682,39.00429523,-76.50009515,-1.398643935,3,40.12000124,19.87999876
243.9749081,39.00429546,-76.50009686,-1.399659523,3,40.13000029,19.86999971
244.0250748,39.00429569,-76.50009856,-1.400664844,3,40.14000015,19.85999985
244.0754064,39.00429592,-76.50010027,-1.401660056,3,40.14999948,19.85000052
244.1255683,39.00429614,-76.50010198,-1.402645123,3,40.15999995,19.84000005
244.1761483,39.00429659,-76.5001054,-1.404585675,3,40.18002826,19.81997174
244.2263517,39.00429681,-76.5001071,-1.405543664,3,40.18999851,19.81000149
244.2765793,39.00429704,-76.50010881,-1.40648653,3,40.20000486,19.79999514
244.3267412,39.00429725,-76.50011052,-1.407423211,3,40.20999876,19.79000124
244.3769276,39.00429747,-76.50011223,-1.408349196,3,40.21999922,19.78000078
244.4271381,39.00429769,-76.50011394,-1.409266355,3,40.22999834,19.77000166
244.4773395,39.00429791,-76.50011565,-1.410174043,3,40.23999938,19.76000062
244.5274991,39.00429811,-76.50011736,-1.423267043,3,40.25000167,19.74999833
244.5776404,39.00429829,-76.50011908,-1.436361964,3,40.26000543,19.73999457
244.6277855,39.00429845,-76.50012079,-1.449449842,3,40.27000381,19.72999619
244.6779242,39.0042986,-76.50012252,-1.462543828,3,40.28000686,19.71999314
244.72807,39.00429872,-76.50012424,-1.475633728,3,40.29000678,19.70999322
244.7782418,39.00429884,-76.50012597,-1.488720491,3,40.30000431,19.69999569
244.8284127,39.00429893,-76.50012769,-1.501808508,3,40.31000279,19.68999721
244.8785399,39.004299,-76.50012942,-1.514900427,3,40.32000426,19.67999574
244.9287377,39.00429907,-76.50013115,-1.522238344,3,40.33000178,19.66999822
244.9789289,39.00429914,-76.50013288,-1.521973096,3,40.34000334,19.65999666
245.0291534,39.0042992,-76.50013461,-1.52171051,3,40.35000066,19.64999934
245.0793642,39.00429927,-76.50013634,-1.521450775,3,40.36000252,19.63999748
245.1295444,39.00429934,-76.50013807,-1.521193635,3,40.37000293,19.62999707
245.1797297,39.00429938,-76.5001398,-1.534284059,3,40.38000326,19.61999674
245.2299128,39.00429942,-76.50014153,-1.547371629,3,40.3900014,19.6099986
245.2802589,39.00429943,-76.50014326,-1.560476606,3,40.40001284,19.59998716
245.3304597,39.00429943,-76.50014499,-1.573548639,3,40.40999911,19.59000089
245.3807744,39.00429941,-76.50014673,-1.586638612,3,40.41999909,19.58000091
245.4309962,39.00429937,-76.50014846,-1.599730711,3,40.4300007,19.5699993
245.4812125,39.00429931,-76.50015019,-1.612819507,3,40.43999978,19.56000022
245.5313821,39.00429924,-76.50015192,-1.625907009,3,40.44999787,19.55000213
245.5815532,39.00429914,-76.50015364,-1.638999348,3,40.45999966,19.54000034
245.6316995,39.00429903,-76.50015537,-1.652087755,3,40.46999844,19.53000156
245.6819146,39.00429893,-76.5001571,-1.650568406,3,40.48001239,19.51998761
245.7320837,39.00429882,-76.50015882,-1.648976036,3,40.4900001,19.5099999
245.7822994,39.00429872,-76.50016055,-1.64740463,3,40.50000378,19.49999622
245.832478,39.0042986,-76.50016227,-1.660489052,3,40.50999951,19.49000049
245.882705,39.00429846,-76.500164,-1.673578252,3,40.5199989,19.4800011
245.932871,39.0042983,-76.50016572,-1.686667975,3,40.52999869,19.47000131
245.9830274,39.00429813,-76.50016743,-1.699770235,3,40.54000806,19.45999194
246.0332331,39.00429794,-76.50016915,-1.712851315,3,40.55000124,19.44999876
246.0834162,39.00429773,-76.50017086,-1.725939659,3,40.55999998,19.44000002
246.1336222,39.0042975,-76.50017257,-1.739038095,3,40.57000642,19.42999358
246.1838038,39.00429726,-76.50017427,-1.752119122,3,40.57999957,19.42000043
246.2340074,39.004297,-76.50017597,-1.765223089,3,40.59001024,19.40998976
246.284305,39.00429672,-76.50017766,-1.774270617,3,40.60000489,19.39999511
246.3345438,39.00429645,-76.50017936,-1.772535235,3,40.61000649,19.38999351
246.3847351,39.00429618,-76.50018106,-1.770817015,3,40.62000364,19.37999636
246.4350041,39.0042959,-76.50018275,-1.783908834,3,40.63000503,19.36999497
246.4852068,39.00429559,-76.50018444,-1.797000065,3,40.64000597,19.35999403
246.535326,39.00429527,-76.50018612,-1.810082784,3,40.65000041,19.34999959
246.5854944,39.00429494,-76.5001878,-1.823183418,3,40.66000853,19.33999147
246.635684,39.00429458,-76.50018947,-1.836262468,3,40.67000017,19.32999983
246.6858876,39.00429421,-76.50019113,-1.849353484,3,40.68000094,19.31999906
246.7360514,39.00429382,-76.50019279,-1.862441069,3,40.6899991,19.3100009
246.7862946,39.00429342,-76.50019444,-1.875537977,3,40.70000437,19.29999563
246.8365591,39.00429299,-76.50019609,-1.888660866,3,40.7100295,19.2899705
246.8867934,39.00429256,-76.50019773,-1.901715123,3,40.72000219,19.27999781
246.9370071,39.00429212,-76.50019936,-1.899026321,3,40.7299992,19.2700008
246.987223,39.00429169,-76.500201,-1.897447877,3,40.73999981,19.26000019
247.0374185,39.00429124,-76.50020264,-1.910536674,3,40.74999889,19.25000111
247.0876576,39.00429077,-76.50020426,-1.923627127,3,40.75999923,19.24000077
247.1378584,39.00429029,-76.50020588,-1.936717899,3,40.76999982,19.23000018
247.1881196,39.00428979,-76.50020749,-1.949811132,3,40.78000229,19.21999771
247.2383041,39.00428927,-76.50020909,-1.962896891,3,40.78999905,19.21000095
247.2885014,39.00428874,-76.50021068,-1.975988452,3,40.80000025,19.19999975
247.3387124,39.00428819,-76.50021226,-1.989076334,3,40.80999863,19.19000137
247.3889016,39.00428762,-76.50021384,-2.002166661,3,40.81999888,19.18000112
247.4390387,39.00428704,-76.5002154,-2.015255603,3,40.82999807,19.17000193
247.4892106,39.00428645,-76.50021695,-2.028347403,3,40.83999944,19.16000056
247.5394419,39.00428585,-76.50021851,-2.027446363,3,40.8499983,19.1500017
247.589653,39.00428526,-76.50022006,-2.025986164,3,40.8599995,19.1400005
247.6398566,39.00428465,-76.50022161,-2.039077009,3,40.87000014,19.12999986
247.690191,39.00428402,-76.50022314,-2.052174306,3,40.88000572,19.11999428
247.7403803,39.00428338,-76.50022467,-2.065261671,3,40.89000371,19.10999629
247.7905751,39.00428272,-76.50022618,-2.078364364,3,40.9000134,19.0999866
247.8408433,39.00428205,-76.50022768,-2.09144523,3,40.91000642,19.08999358
247.8909532,39.00428136,-76.50022917,-2.104530928,3,40.92000314,19.07999686
247.9411721,39.00428066,-76.50023065,-2.117640555,3,40.93001813,19.06998187
247.9914497,39.00427994,-76.50023212,-2.130723039,3,40.94001239,19.05998761
248.0416152,39.00427921,-76.50023358,-2.143809354,3,40.95000957,19.04999043
248.0917906,39.00427846,-76.50023502,-2.156894698,3,40.96000602,19.03999398
248.1420022,39.00427771,-76.50023646,-2.157798163,3,40.97000799,19.02999201
248.1922442,39.00427695,-76.50023789,-2.170896943,3,40.9800147,19.0199853
248.2424541,39.00427617,-76.5002393,-2.183965988,3,40.98999869,19.01000131
248.2926956,39.00427538,-76.50024071,-2.197057011,3,40.99999947,19.00000053
248.3428795,39.00427458,-76.5002421,-2.21014605,3,41.00999874,18.99000126
248.3930573,39.00427376,-76.50024347,-2.223239368,3,41.02000127,18.97999873
248.4432716,39.00427292,-76.50024484,-2.236328442,3,41.03000056,18.96999944
248.4934617,39.00427207,-76.50024618,-2.24942205,3,41.04000332,18.95999668
248.5436551,39.00427121,-76.50024752,-2.26250631,3,41.04999894,18.95000106
248.5938499,39.00427033,-76.50024884,-2.275611827,3,41.06001079,18.93998921
248.6440456,39.00426945,-76.50025014,-2.288688129,3,41.07000033,18.92999967
248.694261,39.00426856,-76.50025144,-2.289827869,3,41.08000066,18.91999934
248.7444484,39.00426767,-76.50025275,-2.288545603,3,41.09000809,18.90999191
248.7946418,39.00426677,-76.50025404,-2.301625522,3,41.10000039,18.89999961
248.8448435,39.00426585,-76.50025531,-2.314727614,3,41.11000963,18.88999037
248.895049,39.00426492,-76.50025657,-2.327806336,3,41.12000102,18.87999898
248.9452972,39.00426398,-76.50025781,-2.340892827,3,41.12999833,18.87000167
248.9955279,39.00426303,-76.50025904,-2.353994459,3,41.14000722,18.85999278
249.0457326,39.00426206,-76.50026025,-2.367072327,3,41.14999795,18.85000205
249.0959428,39.00426108,-76.50026145,-2.380181313,3,41.16001246,18.83998754
249.1462029,39.0042601,-76.50026262,-2.393252698,3,41.16999824,18.83000176
249.1964091,39.00425909,-76.50026379,-2.40635911,3,41.18001077,18.81998923
249.2465854,39.00425808,-76.50026493,-2.419435073,3,41.19000005,18.80999995
249.2967915,39.00425706,-76.50026607,-2.422495879,3,41.20000559,18.79999441
249.3470551,39.00425603,-76.50026719,-2.435579961,3,41.21000107,18.78999893
249.3973042,39.004255,-76.5002683,-2.448673416,3,41.22000371,18.77999629
249.4475063,39.00425394,-76.50026939,-2.461757853,3,41.22999946,18.77000054
249.4976971,39.00425288,-76.50027046,-2.474847159,3,41.23999893,18.76000107
249.5480264,39.00425181,-76.50027151,-2.487942161,3,41.25000275,18.74999725
249.5982638,39.00425073,-76.50027255,-2.501030926,3,41.26000181,18.73999819
249.6484934,39.00424963,-76.50027357,-2.514129478,3,41.27000834,18.72999166
249.6987093,39.00424853,-76.50027456,-2.527214628,3,41.28000464,18.71999536
249.7488878,39.00424741,-76.50027554,-2.540296666,3,41.28999855,18.71000145
249.7990336,39.00424629,-76.5002765,-2.553398974,3,41.30000796,18.69999204
249.8493083,39.00424516,-76.50027746,-2.556728221,3,41.30999828,18.69000172
249.8994657,39.00424403,-76.5002784,-2.569825358,3,41.32000373,18.67999627
249.9496136,39.00424288,-76.50027931,-2.582909087,3,41.32999894,18.67000106
249.99981,39.00424173,-76.50028021,-2.595999655,3,41.33999937,18.66000063
250.050011,39.00424056,-76.50028109,-2.609093406,3,41.35000224,18.64999776
250.1002583,39.00423939,-76.50028195,-2.62219228,3,41.36000902,18.63999098
250.1504916,39.00423821,-76.50028279,-2.635271193,3,41.37000055,18.62999945
250.2007006,39.00423702,-76.50028361,-2.648364455,3,41.38000304,18.61999696
250.2509055,39.00423582,-76.50028441,-2.66145259,3,41.39000161,18.60999839
250.3011829,39.00423461,-76.50028519,-2.674545767,3,41.40000404,18.59999596
250.3514341,39.0042334,-76.50028595,-2.687632696,3,41.4100017,18.5899983
250.4015731,39.00423218,-76.5002867,-2.691327237,3,41.42000486,18.57999514
250.4517794,39.00423096,-76.50028744,-2.704418432,3,41.43000577,18.56999423
250.501991,39.00422973,-76.50028815,-2.71751053,3,41.44000737,18.55999263
250.5521618,39.00422849,-76.50028884,-2.73060152,3,41.45000813,18.54999187
250.6023862,39.00422724,-76.50028951,-2.743687325,3,41.46000492,18.53999508
250.6526551,39.00422599,-76.50029016,-2.756781868,3,41.4700084,18.5299916
250.7028066,39.00422473,-76.50029079,-2.769863474,3,41.48000198,18.51999802
250.7530017,39.00422347,-76.5002914,-2.782952881,3,41.49000153,18.50999847
250.803309,39.00422219,-76.50029199,-2.796044351,3,41.50000265,18.49999735
250.8534908,39.00422092,-76.50029255,-2.809138369,3,41.51000572,18.48999428
250.903702,39.00421964,-76.5002931,-2.822222169,3,41.52000099,18.47999901
250.9539685,39.00421835,-76.50029363,-2.826357233,3,41.52999991,18.47000009
251.0041531,39.00421706,-76.50029415,-2.839449815,3,41.54000188,18.45999812
251.0544086,39.00421577,-76.50029464,-2.852537663,3,41.55000024,18.44999976
251.1046451,39.00421447,-76.50029511,-2.865629752,3,41.56000183,18.43999817
251.1548577,39.00421316,-76.50029556,-2.878714469,3,41.5699978,18.4300022
251.2051711,39.00421185,-76.50029599,-2.891810688,3,41.58000255,18.41999745
251.2554046,39.00421054,-76.5002964,-2.904903068,3,41.59000437,18.40999563
251.3056078,39.00420922,-76.50029678,-2.917997936,3,41.60000809,18.39999191
251.3558088,39.0042079,-76.50029714,-2.931076204,3,41.60999912,18.39000088
251.4060335,39.00420657,-76.50029748,-2.944170149,3,41.62000214,18.37999786
251.4563081,39.00420525,-76.5002978,-2.957253517,3,41.62999707,18.37000293
251.5065811,39.00420392,-76.50029811,-2.961865342,3,41.64000084,18.35999916
251.5567772,39.00420258,-76.5002984,-2.97494985,3,41.64999665,18.35000335
251.6069787,39.00420125,-76.50029866,-2.988045241,3,41.66000077,18.33999923
251.6571779,39.00419991,-76.5002989,-3.001136052,3,41.67000139,18.32999861
251.7074592,39.00419857,-76.50029912,-3.014232333,3,41.68000619,18.31999381
251.7576796,39.00419723,-76.50029932,-3.027313002,3,41.68999906,18.31000094
251.8078893,39.00419588,-76.5002995,-3.040404938,3,41.70000054,18.29999946
251.8581654,39.00419454,-76.50029965,-3.053505079,3,41.71000828,18.28999172
251.908362,39.00419319,-76.50029978,-3.066620693,3,41.72002785,18.27997215
251.9587595,39.00419184,-76.50029989,-3.079672337,3,41.72999855,18.27000145
252.0090296,39.00419049,-76.50029997,-3.092765488,3,41.74000096,18.25999904
252.0591996,39.00418914,-76.50030005,-3.097883416,3,41.75000727,18.24999273
252.1093537,39.00418779,-76.5003001,-3.110969378,3,41.76000418,18.23999582
252.1595193,39.00418644,-76.50030013,-3.124055618,3,41.77000131,18.22999869
252.2096942,39.00418509,-76.50030014,-3.137142129,3,41.77999864,18.22000136
252.2598662,39.00418374,-76.50030012,3.132947383,3,41.79000307,18.20999693
252.31016,39.00418239,-76.50030008,3.119833838,3,41.80002106,18.19997894
252.3603404,39.00418104,-76.50030002,3.106774685,3,41.80999749,18.19000251
252.4105119,39.00417969,-76.50029994,3.093681114,3,41.82000022,18.17999978
252.4606949,39.00417834,-76.50029984,3.08058403,3,41.83000563,18.16999437
252.5108855,39.00417699,-76.50029971,3.067502146,3,41.83999943,18.16000057
252.5610729,39.00417565,-76.50029956,3.054414586,3,41.84999757,18.15000243
252.6112939,39.0041743,-76.5002994,3.048753725,3,41.86000345,18.13999655
252.6615754,39.00417296,-76.50029921,3.035671549,3,41.86999747,18.13000253
252.7119348,39.00417162,-76.50029901,3.022578453,3,41.87999984,18.12000016
252.7621128,39.00417028,-76.50029878,3.009490215,3,41.88999849,18.11000151
252.8123612,39.00416894,-76.50029853,2.99639992,3,41.89999872,18.10000128
252.8624693,39.0041676,-76.50029826,2.98330152,3,41.91000513,18.08999487
252.9127445,39.00416627,-76.50029796,2.97020933,3,41.92000681,18.07999319
252.9628598,39.00416495,-76.50029764,2.957125285,3,41.93000226,18.06999774
253.0131183,39.00416362,-76.5002973,2.944038591,3,41.93999973,18.06000027
253.063282,39.0041623,-76.50029694,2.930937421,3,41.95000827,18.04999173
253.1134167,39.00416098,-76.50029656,2.917858274,3,41.95999997,18.04000003
253.1635949,39.00415967,-76.50029616,2.911673768,3,41.97000025,18.02999975
253.2137321,39.00415835,-76.50029575,2.898584359,3,41.9799998,18.0200002
253.2638924,39.00415705,-76.50029531,2.885492723,3,41.99000105,18.00999895
253.3140594,39.00415574,-76.50029485,2.872401108,3,42.00000228,17.99999772
253.3642482,39.00415445,-76.50029436,2.85931545,3,42.00999896,17.99000104
253.4144251,39.00415315,-76.50029386,2.846213831,3,42.02000784,17.97999216
253.4646264,39.00415187,-76.50029333,2.833132154,3,42.03000148,17.96999852
253.5148491,39.00415058,-76.50029279,2.820030989,3,42.04001001,17.95998999
253.5650164,39.00414931,-76.50029222,2.806950737,3,42.05000256,17.94999744
253.6152668,39.00414804,-76.50029163,2.793849782,3,42.06001093,17.93998907
253.6654409,39.00414677,-76.50029102,2.780765352,3,42.07000668,17.92999332
253.7156151,39.00414552,-76.50029038,2.767677437,3,42.08000508,17.91999492
253.7658321,39.00414427,-76.50028973,2.754596539,3,42.08999813,17.91000187
253.816155,39.00414302,-76.50028906,2.74150193,3,42.10000165,17.89999835
253.8664286,39.00414178,-76.50028836,2.728402673,3,42.11000872,17.88999128
253.9166089,39.00414055,-76.50028764,2.715320268,3,42.12000292,17.87999708
253.9667724,39.00413933,-76.50028691,2.702237049,3,42.12999774,17.87000226
254.0169974,39.00413812,-76.50028615,2.689147369,3,42.1399975,17.8600025
254.0671883,39.00413691,-76.50028537,2.676041655,3,42.1500095,17.8499905
254.117364,39.00413571,-76.50028458,2.662965262,3,42.15999911,17.84000089
254.1675496,39.00413452,-76.50028376,2.649875755,3,42.16999873,17.83000127
254.2176908,39.00413333,-76.50028292,2.636774919,3,42.18000701,17.81999299
254.2678382,39.00413215,-76.50028208,2.63579318,3,42.19000011,17.80999989
254.3179573,39.00413098,-76.50028122,2.62270207,3,42.20000095,17.79999905
254.3682984,39.00412982,-76.50028034,2.609612737,3,42.21000044,17.78999956
254.4184696,39.00412866,-76.50027945,2.596522623,3,42.22000053,17.77999947
254.4686632,39.00412751,-76.50027853,2.583425387,3,42.23000606,17.76999394
254.5188363,39.00412638,-76.50027759,2.570339668,3,42.24000279,17.75999721
254.5690005,39.00412525,-76.50027664,2.557250794,3,42.25000193,17.74999807
254.6192657,39.00412413,-76.50027566,2.544159441,3,42.26000296,17.73999704
254.6694601,39.00412303,-76.50027467,2.531072921,3,42.2700003,17.7299997
254.71961,39.00412193,-76.50027366,2.517972306,3,42.28000841,17.71999159
254.7698503,39.00412084,-76.50027263,2.50489523,3,42.28999854,17.71000146
254.8199988,39.00411977,-76.50027158,2.491791137,3,42.30000931,17.69999069
254.8702153,39.0041187,-76.50027052,2.478712062,3,42.31000096,17.68999904
254.9203736,39.00411765,-76.50026943,2.465614454,3,42.32000677,17.67999323
254.9705399,39.0041166,-76.50026833,2.452525222,3,42.33000619,17.66999381
255.020699,39.00411557,-76.50026721,2.439440099,3,42.34000246,17.65999754
255.0708593,39.00411455,-76.50026608,2.426349013,3,42.35000329,17.64999671
255.1210705,39.00411354,-76.50026492,2.413239339,3,42.36001832,17.63998168
255.1712773,39.00411255,-76.50026376,2.400164344,3,42.37000686,17.62999314
255.2214959,39.00411156,-76.50026257,2.387078898,3,42.38000338,17.61999662
255.2716642,39.00411059,-76.50026137,2.373975961,3,42.39001326,17.60998674
255.3218707,39.00410963,-76.50026015,2.360900431,3,42.40000221,17.59999779
255.3720586,39.00410868,-76.50025891,2.34780823,3,42.41000389,17.58999611
255.4222946,39.00410775,-76.50025766,2.33472331,3,42.42000001,17.57999999
255.4724641,39.00410683,-76.5002564,2.32163487,3,42.42999882,17.57000118
255.5226711,39.00410592,-76.50025512,2.308533191,3,42.44000774,17.55999226
255.5728834,39.00410502,-76.50025382,2.295453368,3,42.44999996,17.55000004
255.6232173,39.00410414,-76.50025251,2.282357567,3,42.46000439,17.53999561
255.6734497,39.00410327,-76.50025118,2.269276072,3,42.4699979,17.5300021
255.7235755,39.00410242,-76.50024984,2.256180019,3,42.48000252,17.51999748
255.773719,39.00410158,-76.50024849,2.24309218,3,42.49000087,17.50999913
255.8238626,39.00410075,-76.50024712,2.230004133,3,42.49999938,17.50000062
255.874079,39.00409993,-76.50024574,2.2169141,3,42.5099994,17.4900006
255.924286,39.00409914,-76.50024434,2.203814578,3,42.52000668,17.47999332
255.9744632,39.00409835,-76.50024293,2.190732736,3,42.53000045,17.46999955
256.0246674,39.00409758,-76.50024151,2.177635333,3,42.5400061,17.4599939
256.0748464,39.00409682,-76.50024007,2.164555774,3,42.54999813,17.45000187
256.1249955,39.00409608,-76.50023862,2.151466275,3,42.55999774,17.44000226
256.1752572,39.00409536,-76.50023716,2.138367653,3,42.57000433,17.42999567
256.2253916,39.00409465,-76.50023569,2.12528616,3,42.57999783,17.42000217
256.2757813,39.00409327,-76.50023271,2.09910363,3,42.59999976,17.40000024
256.325936,39.0040926,-76.50023121,2.086016391,3,42.60999765,17.39000235
256.3760622,39.00409195,-76.50022969,2.072923803,3,42.61999963,17.38000037
256.426249,39.00409132,-76.50022816,2.059835684,3,42.62999819,17.37000181
256.4763686,39.0040907,-76.50022662,2.046732601,3,42.64000819,17.35999181
256.5265522,39.00409009,-76.50022507,2.033655671,3,42.6499982,17.3500018
256.5767309,39.00408951,-76.50022351,2.020562086,3,42.66000094,17.33999906
256.6268997,39.00408894,-76.50022194,2.007476101,3,42.66999787,17.33000213
256.6770759,39.00408838,-76.50022036,1.994381199,3,42.68000162,17.31999838
256.7272705,39.00408784,-76.50021878,1.981295018,3,42.6899987,17.3100013
256.7774467,39.00408732,-76.50021718,1.968202745,3,42.70000044,17.29999956
256.8276015,39.00408681,-76.50021557,1.955116991,3,42.70999719,17.29000281
256.877749,39.00408632,-76.50021396,1.943063433,3,42.72000134,17.27999866
256.9278979,39.00408585,-76.50021234,1.929980949,3,42.7299956,17.2700044
256.9781478,39.00408539,-76.50021071,1.916883074,3,42.74000161,17.25999839
257.0282512,39.00408495,-76.50020907,1.903791542,3,42.75000278,17.24999722
257.0784669,39.00408452,-76.50020743,1.890699072,3,42.76000467,17.23999533
257.1287052,39.00408411,-76.50020578,1.877612535,3,42.77000202,17.22999798
257.1789282,39.00408372,-76.50020412,1.864526016,3,42.77999937,17.22000063
257.2291793,39.00408335,-76.50020246,1.851434823,3,42.79000028,17.20999972
257.2793234,39.00408299,-76.50020078,1.838330243,3,42.80001142,17.19998858
257.3294385,39.00408265,-76.50019911,1.825249081,3,42.81000466,17.18999534
257.3796502,39.00408233,-76.50019743,1.812165035,3,42.82000011,17.17999989
257.4298267,39.00408201,-76.50019575,1.804742212,3,42.82999926,17.17000074
257.4800529,39.00408172,-76.50019405,1.791642701,3,42.84000652,17.15999348
257.5302828,39.00408144,-76.50019236,1.778563991,3,42.8499979,17.1500021
257.5804347,39.00408117,-76.50019066,1.768365821,3,42.8600005,17.1399995
257.6306212,39.00408091,-76.50018897,1.76813489,3,42.86999753,17.13000247
257.6808013,39.00408064,-76.50018727,1.767906391,3,42.88000234,17.11999766
257.7309917,39.00408038,-76.50018557,1.767679994,3,42.89001616,17.10998384
257.7813125,39.00408012,-76.50018387,1.767455656,3,42.900001,17.099999
257.8315208,39.00407985,-76.50018217,1.767234203,3,42.91000173,17.08999827
257.8816845,39.00407959,-76.50018047,1.767014608,3,42.9200124,17.0799876
257.9318532,39.00407933,-76.50017877,1.766796991,3,42.93000784,17.06999216
257.9819921,39.00407906,-76.50017708,1.766176079,3,42.94000305,17.05999695
258.0321889,39.0040788,-76.50017538,1.764567182,3,42.95000137,17.04999863
258.082422,39.00407854,-76.50017368,1.76297279,3,42.96000484,17.03999516
258.1325903,39.00407829,-76.50017198,1.761392489,3,42.97000007,17.02999993
258.1827843,39.00407803,-76.50017027,1.759828289,3,42.98000958,17.01999042
258.2329476,39.00407778,-76.50016857,1.758276554,3,42.99000581,17.00999419
258.2832461,39.00407753,-76.50016687,1.756741468,3,43.0000013,16.9999987
258.3333687,39.00407729,-76.50016517,1.75522096,3,43.00999948,16.99000052
258.3835426,39.00407704,-76.50016347,1.753714398,3,43.02000157,16.97999843
258.4337168,39.0040768,-76.50016176,1.752221504,3,43.03000013,16.96999987
258.4838837,39.00407655,-76.50016006,1.750743286,3,43.04000525,16.95999475
258.5341281,39.00407631,-76.50015836,1.749278144,3,43.04999923,16.95000077
258.5842709,39.00407608,-76.50015665,1.745902143,3,43.06000988,16.93999012
258.6345841,39.00407585,-76.50015495,1.744130723,3,43.07000103,16.92999897
258.6848115,39.00407562,-76.50015324,1.742379378,3,43.08000073,16.91999927
258.7350545,39.00407539,-76.50015153,1.740643021,3,43.08999942,16.91000058
258.7851775,39.00407516,-76.50014982,1.738923221,3,43.10000458,16.89999542
258.8353811,39.00407494,-76.50014812,1.737218576,3,43.11001068,16.88998932
258.8856215,39.00407471,-76.50014641,1.735529934,3,43.12001276,16.87998724
258.9359013,39.0040745,-76.5001447,1.733858007,3,43.12999991,16.87000009
258.9860731,39.00407428,-76.50014299,1.732204464,3,43.14000539,16.85999461
259.0362813,39.00407406,-76.50014128,1.730563658,3,43.15000132,16.84999868
259.0864727,39.00407385,-76.50013957,1.728940085,3,43.16000533,16.83999467
259.1366038,39.00407364,-76.50013786,1.727330745,3,43.1699995,16.8300005
259.1867797,39.00407343,-76.50013615,1.725738409,3,43.18000658,16.81999342
259.2369763,39.00407323,-76.50013444,1.724159322,3,43.19000087,16.80999913
259.2872542,39.00407302,-76.50013273,1.722597442,3,43.20000152,16.79999848
259.3374597,39.00407282,-76.50013102,1.721049624,3,43.20999997,16.79000003
259.3876724,39.00407262,-76.5001293,1.719517092,3,43.2200013,16.7799987
259.4378066,39.00407242,-76.50012759,1.717998944,3,43.23000244,16.76999756
259.4880747,39.00407222,-76.50012583,1.716495536,3,43.24026092,16.75973908
259.5383891,39.00407203,-76.50012416,1.714968402,3,43.24999836,16.75000164
259.5886272,39.00407184,-76.50012245,1.713533304,3,43.25999937,16.74000063
259.6388093,39.00407165,-76.50012073,1.712073324,3,43.26999836,16.73000164
259.6890473,39.00407146,-76.50011902,1.710627874,3,43.28000102,16.71999898
259.7392395,39.00407127,-76.5001173,1.70919601,3,43.2899993,16.7100007
259.7894914,39.00407109,-76.50011559,1.707778773,3,43.2999985,16.7000015
259.8396684,39.00407091,-76.50011387,1.706375281,3,43.3099978,16.6900022
259.8899047,39.00407073,-76.50011216,1.704985537,3,43.31999654,16.68000346
259.9400856,39.00407055,-76.50011044,1.703609516,3,43.32999725,16.67000275
259.9903443,39.00407037,-76.50010872,1.702246757,3,43.3399984,16.6600016
260.0405512,39.00407019,-76.50010701,1.700897354,3,43.34999712,16.65000288
260.0907014,39.00407002,-76.50010529,1.699561581,3,43.36000344,16.63999656
260.1409902,39.00406985,-76.50010357,1.698237985,3,43.37001421,16.62998579
260.1912118,39.00406968,-76.50010185,1.696926896,3,43.38000074,16.61999926
260.2414032,39.00406951,-76.50010014,1.695631937,3,43.39000299,16.60999701
260.2916383,39.00406934,-76.50009842,1.694347771,3,43.39999849,16.60000151
260.3419024,39.00406918,-76.5000967,1.693077201,3,43.40999777,16.59000223
260.3920778,39.00406902,-76.50009498,1.691818766,3,43.42000245,16.57999755
260.4423598,39.00406885,-76.50009326,1.691818766,3,43.43000517,16.56999483
260.4924932,39.00406869,-76.50009154,1.689325436,3,43.43999909,16.56000091
260.542685,39.00406853,-76.50008982,1.688104985,3,43.4499998,16.5500002
260.5929183,39.00406838,-76.5000881,1.686895877,3,43.46000482,16.53999518
260.6432102,39.00406822,-76.50008638,1.685698321,3,43.46999989,16.53000011
260.6933909,39.00406807,-76.50008466,1.684513918,3,43.4800087,16.5199913
260.7435884,39.00406792,-76.50008294,1.683339743,3,43.49001281,16.50998719
260.7937948,39.00406777,-76.50008122,1.682177877,3,43.50000389,16.49999611
260.8440125,39.00406762,-76.5000795,1.681029159,3,43.51000625,16.48999375
260.8941688,39.00406747,-76.50007778,1.679890668,3,43.5200004,16.4799996
260.9443236,39.00406733,-76.50007605,1.678764533,3,43.53000082,16.46999918
260.9945982,39.00406718,-76.50007433,1.677649008,3,43.54000141,16.45999859
261.0447864,39.00406704,-76.50007261,1.676544683,3,43.54999959,16.45000041
261.0949799,39.0040669,-76.50007089,1.675451736,3,43.56000199,16.43999801
261.1451846,39.00406676,-76.50006917,1.67436934,3,43.57000029,16.42999971
261.1954096,39.00406662,-76.50006744,1.673298297,3,43.57999775,16.42000225
261.2456011,39.00406648,-76.50006572,1.672238148,3,43.59000091,16.40999909
261.2958159,39.00406635,-76.500064,1.671188103,3,43.59999825,16.40000175
261.3460114,39.00406621,-76.50006227,1.670149275,3,43.60999964,16.39000036
261.3962504,39.00406608,-76.50006055,1.669120533,3,43.6199981,16.3800019
261.446395,39.00406595,-76.50005883,1.668102501,3,43.63000027,16.36999973
261.496645,39.00406582,-76.5000571,1.667094404,3,43.64001388,16.35998612
261.5468494,39.00406569,-76.50005538,1.666095383,3,43.64999841,16.35000159
261.597056,39.00406557,-76.50005366,1.665109379,3,43.66000061,16.33999939
261.6473143,39.00406544,-76.50005193,1.664131637,3,43.66999897,16.33000103
261.697538,39.00406531,-76.50005021,1.663164197,3,43.68000012,16.31999988
261.7477544,39.00406519,-76.50004848,1.662206318,3,43.69000064,16.30999936
261.7979486,39.00406507,-76.50004676,1.661258239,3,43.70000006,16.29999994
261.8481701,39.00406495,-76.50004503,1.660319909,3,43.70999852,16.29000148
261.898447,39.00406483,-76.50004331,1.659391218,3,43.71999918,16.28000082
261.9486629,39.00406471,-76.50004158,1.658471784,3,43.7299979,16.2700021
261.9988381,39.00406459,-76.50003986,1.657561898,3,43.73999946,16.26000054
262.0490863,39.00406448,-76.50003813,1.656661031,3,43.74999957,16.25000043
262.0993042,39.00406436,-76.50003641,1.655769488,3,43.76000605,16.23999395
262.1495189,39.00406425,-76.50003468,1.654886483,3,43.77000093,16.22999907
262.199741,39.00406414,-76.50003296,1.654013517,3,43.78000185,16.21999815
262.2499822,39.00406403,-76.50003123,1.653148945,3,43.78999956,16.21000044
262.3003155,39.00406392,-76.50002951,1.652293486,3,43.80000066,16.19999934
262.3504543,39.00406381,-76.50002778,1.651446491,3,43.80999814,16.19000186
262.400714,39.0040637,-76.50002605,1.650608468,3,43.82000539,16.17999461
262.4509253,39.00406359,-76.50002433,1.649778213,3,43.83000551,16.16999449
262.5011727,39.00406349,-76.5000226,1.648957054,3,43.84001005,16.15998995
262.5513821,39.00406338,-76.50002087,1.648143953,3,43.85000623,16.14999377
262.6015137,39.00406328,-76.50001915,1.647339865,3,43.86001093,16.13998907
262.6517074,39.00406318,-76.50001742,1.646543344,3,43.87000927,16.12999073
262.7019501,39.00406308,-76.50001569,1.645755501,3,43.88000996,16.11999004
262.7521561,39.00406298,-76.50001397,1.644975562,3,43.89000815,16.10999185
262.8024133,39.00406288,-76.50001224,1.644203828,3,43.90001157,16.09998843
262.8526512,39.00406278,-76.50001051,1.643439622,3,43.91000683,16.08999317
262.9028721,39.00406268,-76.50000878,1.642683891,3,43.92000581,16.07999419
262.9531442,39.00406259,-76.50000706,1.641935649,3,43.93001674,16.06998326
263.0033674,39.00406249,-76.50000533,1.641194219,3,43.94000716,16.05999284
263.0535289,39.0040624,-76.5000036,1.64046193,3,43.95001586,16.04998414
263.1037419,39.0040623,-76.50000187,1.639735846,3,43.96000878,16.03999122
263.1541409,39.00406221,-76.50000015,1.639018379,3,43.9700051,16.0299949
263.2043314,39.00406212,-76.49999842,1.638308056,3,43.98000114,16.01999886
263.2545819,39.00406203,-76.49999669,1.63760507,3,43.98999855,16.01000145
263.3048087,39.00406192,-76.49999496,1.650710933,3,44.00001067,15.99998933
263.3550204,39.0040618,-76.49999324,1.663797554,3,44.01000809,15.98999191
263.4052277,39.00406165,-76.49999152,1.676883158,3,44.02000473,15.97999527
263.4553959,39.00406149,-76.4999898,1.689970616,3,44.03000279,15.96999721
263.505571,39.00406131,-76.49998808,1.703058581,3,44.04000123,15.95999877
263.5558093,39.00406112,-76.49998637,1.716145832,3,44.04999913,15.95000087
263.6060407,39.00406091,-76.49998466,1.729237065,3,44.06000007,15.93999993
263.6562928,39.00406068,-76.49998295,1.742328287,3,44.07000101,15.92999899
263.7065275,39.00406043,-76.49998125,1.75541899,3,44.08000154,15.91999846
263.7567412,39.00406016,-76.49997955,1.768507151,3,44.09000014,15.90999986
263.8069704,39.00405988,-76.49997786,1.781596148,3,44.09999937,15.90000063
263.8571852,39.00405958,-76.49997617,1.794695403,3,44.11000644,15.88999356
263.9074202,39.00405926,-76.49997449,1.807789857,3,44.12000984,15.87999016
263.9576388,39.00405893,-76.49997281,1.82086628,3,44.12999947,15.87000053
264.0078745,39.00405858,-76.49997114,1.83396286,3,44.1400045,15.8599955
264.0581205,39.00405821,-76.49996947,1.847059577,3,44.15000963,15.84999037
264.108338,39.00405782,-76.49996781,1.860160526,3,44.160018,15.839982
264.1585429,39.00405742,-76.49996616,1.873224833,3,44.16999837,15.83000163
264.2088397,39.004057,-76.49996451,1.886319833,3,44.18000219,15.81999781
264.2590302,39.00405656,-76.49996288,1.899409288,3,44.19000177,15.80999823
264.3092692,39.00405611,-76.49996124,1.912502092,3,44.20000391,15.79999609
264.3594882,39.00405564,-76.49995962,1.925599967,3,44.21000993,15.78999007
264.4096803,39.00405516,-76.499958,1.938677773,3,44.22000061,15.77999939
264.4599235,39.00405465,-76.4999564,1.951777554,3,44.23000809,15.76999191
264.5101713,39.00405413,-76.4999548,1.964880566,3,44.24001803,15.75998197
264.5603492,39.0040536,-76.49995321,1.977961697,3,44.25001125,15.74998875
264.6105416,39.00405305,-76.49995163,1.991049606,3,44.26000965,15.73999035
264.6607234,39.00405248,-76.49995006,2.004129259,3,44.27000175,15.72999825
264.7109262,39.0040519,-76.49994849,2.017228771,3,44.28000902,15.71999098
264.7611228,39.0040513,-76.49994694,2.030323367,3,44.29001253,15.70998747
264.8113261,39.00405068,-76.4999454,2.04339663,3,44.29999974,15.70000026
264.8615721,39.00405005,-76.49994387,2.056488418,3,44.31000111,15.68999889
264.9119145,39.00404941,-76.49994235,2.069580823,3,44.32000294,15.67999706
264.9621754,39.00404874,-76.49994084,2.082666378,3,44.32999955,15.67000045
265.0123248,39.00404807,-76.49993934,2.095758959,3,44.34000152,15.65999848
265.0625099,39.00404738,-76.49993785,2.108847088,3,44.35000009,15.64999991
265.1126414,39.00404667,-76.49993638,2.121941584,3,44.36000352,15.63999648
265.1627863,39.00404594,-76.49993491,2.135029534,3,44.37000196,15.62999804
265.21293,39.00404521,-76.49993346,2.1481163,3,44.37999949,15.62000051
265.2630664,39.00404446,-76.49993202,2.161205302,3,44.38999873,15.61000127
265.313323,39.00404369,-76.4999306,2.174303518,3,44.400005,15.599995
265.3635717,39.00404291,-76.49992919,2.187391898,3,44.41000376,15.58999624
265.4137183,39.00404211,-76.49992779,2.200477304,3,44.42000026,15.57999974
265.4639423,39.0040413,-76.4999264,2.213571581,3,44.43000352,15.56999648
265.5141664,39.00404048,-76.49992503,2.226657647,3,44.44000052,15.55999948
265.5642881,39.00403964,-76.49992367,2.23975657,3,44.45000733,15.54999267
265.6145006,39.00403879,-76.49992233,2.252836501,3,44.45999964,15.54000036
265.6647515,39.00403792,-76.49992099,2.265937936,3,44.47000838,15.52999162
265.7149748,39.00403704,-76.49991968,2.279031171,3,44.48001085,15.51998915
265.7651435,39.00403615,-76.49991838,2.292106178,3,44.4899994,15.5100006
265.8153559,39.00403525,-76.49991709,2.305194041,3,44.49999776,15.50000224
265.8655318,39.00403433,-76.49991582,2.318288967,3,44.51000153,15.48999847
265.9157808,39.0040334,-76.49991457,2.331377732,3,44.52000058,15.47999942
265.9660248,39.00403245,-76.49991333,2.344466772,3,44.52999985,15.47000015
266.0163224,39.0040315,-76.49991211,2.357556395,3,44.53999956,15.46000044
266.0664942,39.00403053,-76.4999109,2.37064469,3,44.54999826,15.45000174
266.1166483,39.00402954,-76.49990971,2.383739702,3,44.56000209,15.43999791
266.166858,39.00402855,-76.49990854,2.396828238,3,44.57000097,15.42999903
266.2170363,39.00402755,-76.49990738,2.409916069,3,44.57999931,15.42000069
266.2672786,39.00402653,-76.49990624,2.42300887,3,44.59000145,15.40999855
266.3174502,39.0040255,-76.49990512,2.436095344,3,44.59999876,15.40000124
266.3676009,39.00402446,-76.49990401,2.449186279,3,44.60999947,15.39000053
266.4178036,39.00402341,-76.49990292,2.462280109,3,44.6200024,15.3799976
266.4679754,39.00402235,-76.49990185,2.475382644,3,44.63001197,15.36998803
266.5181369,39.00402127,-76.4999008,2.488459149,3,44.64000166,15.35999834
266.568304,39.00402019,-76.49989977,2.501548855,3,44.65000144,15.34999856
266.6201826,39.0040191,-76.49989875,2.514639237,3,44.66000173,15.33999827
266.6704416,39.00401799,-76.49989775,2.527734521,3,44.67000577,15.32999423
266.7205968,39.00401688,-76.49989677,2.540833321,3,44.68001249,15.31998751
266.7716941,39.00401575,-76.49989581,2.553912119,3,44.69000393,15.30999607
266.8218456,39.00401463,-76.49989485,2.552739942,3,44.70000185,15.29999815
266.872018,39.00401351,-76.49989389,2.550502166,3,44.71000053,15.28999947
266.92219,39.00401238,-76.49989294,2.563591695,3,44.72000017,15.27999983
266.9723464,39.00401123,-76.49989201,2.576686015,3,44.73000347,15.26999653
267.022503,39.00401008,-76.49989111,2.589768323,3,44.7399976,15.2600024
267.0726484,39.00400892,-76.49989022,2.602859942,3,44.74999883,15.25000117
267.1228515,39.00400775,-76.49988935,2.615953364,3,44.76000145,15.23999855
267.1730207,39.00400658,-76.4998885,2.629059515,3,44.77001379,15.22998621
267.2232577,39.00400539,-76.49988767,2.642139811,3,44.78000637,15.21999363
267.2734559,39.0040042,-76.49988686,2.655223017,3,44.79000118,15.20999882
267.3236205,39.00400299,-76.49988607,2.668310176,3,44.79999901,15.20000099
267.3737726,39.00400179,-76.4998853,2.676075917,3,44.8100003,15.1899997
267.4239255,39.00400058,-76.49988451,2.674008485,3,44.82000786,15.17999214
267.4741466,39.00399938,-76.49988373,2.671961547,3,44.82999858,15.17000142
267.5242651,39.00399816,-76.49988297,2.685055618,3,44.84000169,15.15999831
267.5744218,39.00399694,-76.49988222,2.698142916,3,44.84999962,15.15000038
267.6245669,39.00399571,-76.4998815,2.711253721,3,44.86001552,15.13998448
267.6747152,39.00399448,-76.4998808,2.724324102,3,44.87000053,15.12999947
267.724852,39.00399324,-76.49988012,2.737411011,3,44.87999817,15.12000183
267.7750124,39.00399199,-76.49987946,2.750513821,3,44.89000795,15.10999205
267.8251653,39.00399073,-76.49987882,2.76359965,3,44.90000477,15.09999523
267.875371,39.00398947,-76.4998782,2.776683186,3,44.90999983,15.09000017
267.9255504,39.0039882,-76.49987761,2.789770575,3,44.91999784,15.08000216
267.9757827,39.00398566,-76.49987644,2.796843934,3,44.94000598,15.05999402
268.0259525,39.00398439,-76.49987585,2.794974245,3,44.94999798,15.05000202
268.0761626,39.00398311,-76.49987528,2.808074736,3,44.96000599,15.03999401
268.1263617,39.00398183,-76.49987474,2.821163611,3,44.97000513,15.02999487
268.1765082,39.00398054,-76.49987421,2.834244272,3,44.979998,15.020002
268.2266535,39.00397925,-76.49987371,2.847346081,3,44.99000702,15.00999298
268.2767869,39.00397795,-76.49987323,2.860425748,3,44.99999912,15.00000088
268.326929,39.00397665,-76.49987277,2.873514076,3,45,15
268.3770699,39.00397534,-76.49987234,2.886612247,3,45,15
268.4272473,39.00397403,-76.49987192,2.899695147,3,45,15
268.4774022,39.00397271,-76.49987153,2.912784758,3,45,15
268.5275945,39.00397139,-76.49987115,2.923165771,3,45,15
268.5777712,39.00397007,-76.49987077,2.921438186,3,45,15
268.6279229,39.00396875,-76.49987039,2.919729061,3,45,15
268.6780643,39.00396743,-76.49987003,2.932817347,3,45,15
268.7282403,39.00396611,-76.4998697,2.945915177,3,45,15
268.7783976,39.00396478,-76.49986938,2.959005957,3,45,15
268.8285413,39.00396345,-76.49986909,2.972097436,3,45,15
268.8787136,39.00396211,-76.49986882,2.985187064,3,45,15
268.9288658,39.00396077,-76.49986857,2.998277907,3,45,15
268.9790112,39.00395943,-76.49986835,3.011364003,3,45,15
269.0291435,39.00395809,-76.49986815,3.024446893,3,45,15
269.0793012,39.00395675,-76.49986797,3.037549747,3,45,15
269.1294434,39.0039554,-76.49986781,3.049496454,3,45,15
269.1796377,39.00395406,-76.49986765,3.047909973,3,45,15
269.2297966,39.00395271,-76.49986748,3.046340202,3,45,15
269.2799549,39.00395137,-76.49986734,3.05944131,3,45,15
269.3301244,39.00395002,-76.49986722,3.072519914,3,45,15
269.3802605,39.00394867,-76.49986712,3.085630485,3,45,15
269.4304233,39.00394732,-76.49986705,3.098698593,3,45,15
269.4805523,39.00394597,-76.499867,3.111790133,3,45,15
269.5306805,39.00394462,-76.49986697,3.124878962,3,45,15
269.5808342,39.00394327,-76.49986696,3.137970126,3,45,15
269.6310132,39.00394192,-76.49986698,-3.132124499,3,45,15
269.6811723,39.00394056,-76.49986702,-3.119024834,3,45,15
269.7313199,39.00393921,-76.49986708,-3.105938756,3,45,15
269.7814976,39.00393786,-76.49986714,-3.106862019,3,45,15
269.8316383,39.00393651,-76.4998672,-3.108313818,3,45,15
269.88179,39.00393516,-76.49986728,-3.095216513,3,45,15
269.9319487,39.00393382,-76.49986738,-3.082135768,3,45,15
269.9821542,39.00393247,-76.49986751,-3.06903907,3,45,15
270.0323049,39.00393112,-76.49986765,-3.055948759,3,45,15
270.0824413,39.00392978,-76.49986782,-3.042867133,3,45,15
270.1325892,39.00392843,-76.49986802,-3.029766227,3,45,15
270.1828515,39.00392709,-76.49986823,-3.016688107,3,45,15
270.2330155,39.00392576,-76.49986847,-3.003599043,3,45,15
270.2831638,39.00392442,-76.49986873,-2.990509799,3,45,15
270.3333079,39.00392309,-76.49986902,-2.977412446,3,45,15
270.3834573,39.00392175,-76.4998693,-2.976496415,3,45,15
270.4336068,39.00392042,-76.49986961,-2.963401966,3,45,15
270.483823,39.0039191,-76.49986994,-2.950320464,3,45,15
270.5339255,39.00391777,-76.49987029,-2.937219403,3,45,15
270.5841223,39.00391645,-76.49987066,-2.924137257,3,45,15
270.6343305,39.00391514,-76.49987106,-2.911049284,3,45,15
270.684546,39.00391383,-76.49987147,-2.897941263,3,45,15
270.7347327,39.00391252,-76.49987191,-2.884869949,3,45,15
270.7849109,39.00391122,-76.49987238,-2.871780698,3,45,15
270.8350889,39.00390992,-76.49987286,-2.858677459,3,45,15
270.8853151,39.00390863,-76.49987336,-2.84560644,3,45,15
270.9354932,39.00390734,-76.49987387,-2.844446138,3,45,15
270.9856656,39.00390604,-76.49987438,-2.845721978,3,45,15
271.0358536,39.00390476,-76.4998749,-2.832630236,3,45,15
271.0861238,39.00390348,-76.49987545,-2.819543832,3,45,15
271.1362546,39.0039022,-76.49987602,-2.806445567,3,45,15
271.1864732,39.00390093,-76.49987661,-2.793366236,3,45,15
271.2366491,39.00389967,-76.49987722,-2.78027654,3,45,15
271.2868322,39.00389841,-76.49987786,-2.767183033,3,45,15
271.3370474,39.00389716,-76.49987851,-2.754089453,3,45,15
271.3872754,39.00389591,-76.49987919,-2.740993552,3,45,15
271.4374469,39.00389468,-76.49987988,-2.727918702,3,45,15
271.4876464,39.00389344,-76.4998806,-2.714809827,3,45,15
271.5379736,39.00389222,-76.49988132,-2.711736809,3,45,15
271.5881249,39.003891,-76.49988206,-2.698649796,3,45,15
271.6383772,39.00388978,-76.49988283,-2.685565143,3,45,15
271.6885986,39.00388858,-76.49988361,-2.67246873,3,45,15
271.7389087,39.00388738,-76.49988441,-2.659370704,3,45,15
271.7891726,39.00388619,-76.49988523,-2.646283501,3,45,15
271.8393503,39.00388501,-76.49988608,-2.633197063,3,45,15
271.8894977,39.00388384,-76.49988694,-2.620111183,3,45,15
271.9397424,39.00388268,-76.49988782,-2.607022894,3,45,15
271.989885,39.00388152,-76.49988872,-2.593928109,3,45,15
272.0401108,39.00388038,-76.49988965,-2.580839603,3,45,15
272.0902694,39.00387924,-76.49989057,-2.577454653,3,45,15
272.1405017,39.00387811,-76.49989152,-2.564372836,3,45,15
272.1906118,39.00387698,-76.49989248,-2.551276534,3,45,15
272.2408034,39.00387587,-76.49989346,-2.538194982,3,45,15
272.2911326,39.00387477,-76.49989446,-2.525091581,3,45,15
272.3412333,39.00387368,-76.49989548,-2.512006463,3,45,15
272.3914927,39.0038726,-76.49989652,-2.498921277,3,45,15
272.4416188,39.00387152,-76.49989758,-2.48582459,3,45,15
272.4918243,39.00387046,-76.49989865,-2.472733399,3,45,15
272.541982,39.00386942,-76.49989974,-2.459647506,3,45,15
272.5921787,39.00386838,-76.49990085,-2.446547985,3,45,15
272.6423796,39.00386734,-76.49990197,-2.442798552,3,45,15
272.6926097,39.00386632,-76.4999031,-2.429710275,3,45,15
272.7427986,39.00386531,-76.49990425,-2.416621658,3,45,15
272.7930207,39.00386431,-76.49990541,-2.403539162,3,45,15
272.843269,39.00386332,-76.49990659,-2.390444341,3,45,15
272.8934878,39.00386235,-76.49990779,-2.377343479,3,45,15
272.9436922,39.00386138,-76.49990901,-2.364258418,3,45,15
272.9939757,39.00386043,-76.49991024,-2.351171914,3,45,15
273.0441814,39.00385949,-76.49991148,-2.338088272,3,45,15
273.0944342,39.00385857,-76.49991274,-2.324995738,3,45,15
273.1446573,39.00385766,-76.49991402,-2.311907997,3,45,15
273.1948678,39.00385675,-76.4999153,-2.307701556,3,45,15
273.2450711,39.00385585,-76.4999166,-2.294620349,3,45,15
273.2952835,39.00385497,-76.49991791,-2.281523187,3,45,15
273.3457807,39.00385411,-76.49991924,-2.268439134,3,45,15
273.3960313,39.00385325,-76.49992058,-2.255352192,3,45,15
273.4462375,39.00385241,-76.49992194,-2.242255051,3,45,15
273.4964065,39.00385158,-76.49992331,-2.22915705,3,45,15
273.5467857,39.00385077,-76.49992469,-2.216070627,3,45,15
273.5969585,39.00384997,-76.49992609,-2.202979761,3,45,15
273.6471523,39.00384919,-76.4999275,-2.189891457,3,45,15
273.6973706,39.00384842,-76.49992892,-2.176802155,3,45,15
273.7475865,39.00384765,-76.49993035,-2.172123042,3,45,15
273.7978202,39.0038469,-76.49993179,-2.159018518,3,45,15
273.8480873,39.00384617,-76.49993324,-2.145933115,3,45,15
273.898296,39.00384545,-76.49993471,-2.13285382,3,45,15
273.9484884,39.00384474,-76.49993618,-2.119764947,3,45,15
273.9986044,39.00384405,-76.49993767,-2.106671876,3,45,15
274.0487658,39.00384338,-76.49993917,-2.093584821,3,45,15
274.0989775,39.00384272,-76.49994069,-2.080493379,3,45,15
274.1492108,39.00384208,-76.49994221,-2.067402923,3,45,15
274.1994335,39.00384145,-76.49994374,-2.054313215,3,45,15
274.2496412,39.00384084,-76.49994528,-2.041222973,3,45,15
274.299844,39.00384023,-76.49994683,-2.03603054,3,45,15
274.3821888,39.00383907,-76.49994996,-2.009842713,3,45,15
274.4323805,39.00383851,-76.49995153,-1.996765216,3,45,15
274.4826571,39.00383797,-76.49995312,-1.983673381,3,45,15
274.5329057,39.00383744,-76.49995472,-1.970585239,3,45,15
274.5831513,39.00383693,-76.49995632,-1.957493378,3,45,15
274.6333428,39.00383644,-76.49995793,-1.944396064,3,45,15
274.6835705,39.00383596,-76.49995955,-1.931310854,3,45,15
274.7337762,39.0038355,-76.49996118,-1.918222401,3,45,15
274.7839924,39.00383506,-76.49996282,-1.905124991,3,45,15
274.8342227,39.00383462,-76.49996446,-1.899409592,3,45,15
274.8844256,39.0038342,-76.4999661,-1.886327304,3,45,15
274.9346987,39.0038338,-76.49996776,-1.873222609,3,45,15
274.9848674,39.00383341,-76.49996942,-1.860137962,3,45,15
275.035048,39.00383304,-76.49997108,-1.847056445,3,45,15
275.085285,39.00383269,-76.49997275,-1.833965675,3,45,15
275.1354814,39.00383235,-76.49997443,-1.830356161,3,45,15
275.1856654,39.003832,-76.4999761,-1.83057846,3,45,15
275.2358613,39.00383165,-76.49997777,-1.830798494,3,45,15
275.2860465,39.0038313,-76.49997945,-1.831016316,3,45,15
275.3362677,39.00383096,-76.49998112,-1.831231914,3,45,15
275.3864773,39.00383061,-76.49998279,-1.831445351,3,45,15
275.4366732,39.00383026,-76.49998447,-1.830436689,3,45,15
275.4869284,39.00382992,-76.49998614,-1.829248658,3,45,15
275.5371393,39.00382957,-76.49998782,-1.828072234,3,45,15
275.5873595,39.00382923,-76.49998949,-1.82690689,3,45,15
275.6375407,39.00382889,-76.49999117,-1.825751683,3,45,15
275.6877323,39.00382855,-76.49999284,-1.824610333,3,45,15
275.737913,39.00382821,-76.49999452,-1.823478146,3,45,15
275.7881124,39.00382788,-76.4999962,-1.822357424,3,45,15
275.8382854,39.00382754,-76.49999787,-1.82124737,3,45,15
275.8885116,39.00382721,-76.49999955,-1.820147562,3,45,15
275.9387454,39.00382688,-76.50000123,-1.819058845,3,45,15
275.9889573,39.00382655,-76.50000291,-1.815418358,3,45,15
276.0392101,39.00382622,-76.50000459,-1.813684307,3,45,15
276.0894346,39.0038259,-76.50000627,-1.811966595,3,45,15
276.1396377,39.00382558,-76.50000796,-1.810265833,3,45,15
276.1898059,39.00382526,-76.50000964,-1.808581252,3,45,15
276.2400244,39.00382495,-76.50001132,-1.806912192,3,45,15
276.2902766,39.00382463,-76.50001301,-1.805258859,3,45,15
276.3404982,39.00382432,-76.50001469,-1.803621142,3,45,15
276.390719,39.00382401,-76.50001638,-1.80199935,3,45,15
276.4408844,39.0038237,-76.50001806,-1.800391626,3,45,15
276.4910725,39.0038234,-76.50001975,-1.798802327,3,45,15
276.5412693,39.00382309,-76.50002144,-1.797225774,3,45,15
276.5914528,39.00382279,-76.50002313,-1.795665396,3,45,15
276.6416447,39.00382249,-76.50002481,-1.794119712,3,45,15
276.6918665,39.0038222,-76.5000265,-1.792590234,3,45,15
276.7420638,39.0038219,-76.50002819,-1.791074359,3,45,15
276.7923192,39.00382161,-76.50002988,-1.789573541,3,45,15
276.8425109,39.00382132,-76.50003157,-1.788086977,3,45,15
276.8926963,39.00382103,-76.50003327,-1.786615132,3,45,15
276.9428898,39.00382074,-76.50003496,-1.785157243,3,45,15
276.9931332,39.00382045,-76.50003665,-1.783712888,3,45,15
277.0433233,39.00382017,-76.50003834,-1.782284419,3,45,15
277.093522,39.00381989,-76.50004004,-1.780868564,3,45,15
277.143727,39.00381961,-76.50004173,-1.779467523,3,45,15
277.1939777,39.00381933,-76.50004343,-1.778079949,3,45,15
277.2442463,39.00381905,-76.50004512,-1.776705047,3,45,15
277.2944446,39.00381878,-76.50004682,-1.775345527,3,45,15
277.3446922,39.00381851,-76.50004851,-1.77399811,3,45,15
277.3948834,39.00381824,-76.50005021,-1.772664561,3,45,15
277.4450601,39.00381797,-76.50005191,-1.771343545,3,45,15
277.4952809,39.0038177,-76.5000536,-1.770036101,3,45,15
277.545488,39.00381743,-76.5000553,-1.768740104,3,45,15
277.5956948,39.00381717,-76.500057,-1.767458934,3,45,15
277.6459164,39.00381691,-76.5000587,-1.766189976,3,45,15
277.6961404,39.00381665,-76.5000604,-1.764933428,3,45,15
277.7463643,39.00381639,-76.5000621,-1.763688654,3,45,15
277.796617,39.00381613,-76.5000638,-1.762457256,3,45,15
277.8468729,39.00381588,-76.5000655,-1.761238284,3,45,15
277.8970898,39.00381562,-76.5000672,-1.760030088,3,45,15
277.9473589,39.00381537,-76.5000689,-1.758835467,3,45,15
277.9975485,39.00381512,-76.5000706,-1.757652321,3,45,15
278.0477939,39.00381487,-76.5000723,-1.756481095,3,45,15
278.0980078,39.00381462,-76.50007401,-1.75532036,3,45,15
278.1482258,39.00381437,-76.50007571,-1.754172905,3,45,15
278.1984604,39.00381413,-76.50007741,-1.753036802,3,45,15
278.2486867,39.00381389,-76.50007911,-1.751910529,3,45,15
278.2989288,39.00381364,-76.50008082,-1.750797862,3,45,15
278.3491154,39.0038134,-76.50008252,-1.749694065,3,45,15
278.3993458,39.00381316,-76.50008423,-1.748603445,3,45,15
278.4495162,39.00381293,-76.50008593,-1.747522801,3,45,15
278.4997493,39.00381269,-76.50008764,-1.746453072,3,45,15
278.5499881,39.00381246,-76.50008934,-1.745393616,3,45,15
278.6002309,39.00381222,-76.50009105,-1.744346352,3,45,15
278.65043,39.00381199,-76.50009275,-1.743308479,3,45,15
278.7006012,39.00381176,-76.50009446,-1.742281228,3,45,15
278.750791,39.00381153,-76.50009617,-1.741264017,3,45,15
278.8010039,39.0038113,-76.50009787,-1.740258339,3,45,15
278.8511689,39.00381108,-76.50009958,-1.73926217,3,45,15
278.9013597,39.00381085,-76.50010129,-1.738276194,3,45,15
278.9516167,39.00381063,-76.50010299,-1.737299925,3,45,15
279.0018276,39.0038104,-76.5001047,-1.736333537,3,45,15
279.0520635,39.00381018,-76.50010641,-1.735377311,3,45,15
279.1023028,39.00380996,-76.50010812,-1.734430186,3,45,15
279.1524913,39.00380974,-76.50010983,-1.733493095,3,45,15
279.2026872,39.00380953,-76.50011154,-1.732566288,3,45,15
279.2528686,39.00380931,-76.50011325,-1.731647994,3,45,15
279.3031189,39.0038091,-76.50011496,-1.730739679,3,45,15
279.3533347,39.0038089,-76.50011667,-1.717652612,3,45,15
279.403529,39.00380872,-76.50011838,-1.704563257,3,45,15
279.4537225,39.00380855,-76.5001201,-1.691472904,3,45,15
279.5039621,39.00380841,-76.50012183,-1.678379823,3,45,15
279.5541726,39.00380828,-76.50012355,-1.665293938,3,45,15
279.6044387,39.00380817,-76.50012528,-1.652189859,3,45,15
279.6546659,39.00380808,-76.500127,-1.63911406,3,45,15
279.7048695,39.00380801,-76.50012873,-1.626023429,3,45,15
279.7550587,39.00380793,-76.50013046,-1.62376268,3,45,15
279.8052642,39.00380786,-76.50013219,-1.623974184,3,45,15
279.8555527,39.00380779,-76.50013392,-1.624183491,3,45,15
279.9057349,39.00380772,-76.50013565,-1.624390598,3,45,15
279.9559226,39.00380764,-76.50013738,-1.624595804,3,45,15
280.0061405,39.00380759,-76.50013911,-1.611502573,3,45,15
280.0563371,39.00380755,-76.50014084,-1.598409966,3,45,15
280.1065444,39.00380753,-76.50014257,-1.585310566,3,45,15
280.1567399,39.00380753,-76.5001443,-1.5722322,3,45,15
280.2069267,39.00380755,-76.50014603,-1.55913778,3,45,15
280.2571161,39.00380758,-76.50014777,-1.546051669,3,45,15
280.3073096,39.00380763,-76.5001495,-1.53296314,3,45,15
280.3575439,39.0038077,-76.50015123,-1.519872952,3,45,15
280.407748,39.00380779,-76.50015295,-1.506782154,3,45,15
280.4579908,39.00380789,-76.50015468,-1.493694279,3,45,15
280.5083171,39.00380799,-76.50015641,-1.494658027,3,45,15
280.5585788,39.00380809,-76.50015813,-1.496204391,3,45,15
280.6090558,39.00380819,-76.50015986,-1.497732133,3,45,15
280.65929,39.00380831,-76.50016159,-1.484643011,3,45,15
280.7094778,39.00380844,-76.50016331,-1.471562001,3,45,15
280.7596832,39.00380859,-76.50016503,-1.458463197,3,45,15
280.8099298,39.00380876,-76.50016675,-1.445373451,3,45,15
280.8601766,39.00380895,-76.50016846,-1.43227961,3,45,15
280.9104351,39.00380915,-76.50017018,-1.419184155,3,45,15
280.9606545,39.00380938,-76.50017188,-1.406099641,3,45,15
281.0108568,39.00380961,-76.50017359,-1.393000125,3,45,15
281.0610692,39.00380987,-76.50017529,-1.379921233,3,45,15
281.1113158,39.00381014,-76.50017699,-1.371098319,3,45,15
281.1615073,39.0038104,-76.50017868,-1.372841535,3,45,15
281.2118304,39.00381067,-76.50018038,-1.374564536,3,45,15
281.2619967,39.00381095,-76.50018208,-1.361465142,3,45,15
281.3121596,39.00381125,-76.50018376,-1.348388745,3,45,15
281.3624173,39.00381156,-76.50018545,-1.335291855,3,45,15
281.4126123,39.00381189,-76.50018713,-1.32221077,3,45,15
281.4628097,39.00381224,-76.5001888,-1.309121684,3,45,15
281.5129973,39.00381261,-76.50019047,-1.296019664,3,45,15
281.5632157,39.00381299,-76.50019213,-1.282944279,3,45,15
281.6133949,39.00381339,-76.50019378,-1.269843408,3,45,15
281.663612,39.00381381,-76.50019543,-1.256762753,3,45,15
281.7138217,39.00381424,-76.50019707,-1.244849336,3,45,15
281.764021,39.00381468,-76.50019871,-1.246450863,3,45,15
281.8142275,39.0038151,-76.50020035,-1.248033392,3,45,15
281.8644059,39.00381555,-76.50020199,-1.234943891,3,45,15
281.9146133,39.00381601,-76.50020361,-1.221846081,3,45,15
281.9647917,39.00381649,-76.50020523,-1.20875143,3,45,15
282.0149999,39.00381698,-76.50020684,-1.195664101,3,45,15
282.0651739,39.0038175,-76.50020845,-1.182571207,3,45,15
282.1153903,39.00381802,-76.50021004,-1.169474655,3,45,15
282.1656214,39.00381857,-76.50021163,-1.156392889,3,45,15
282.2157994,39.00381913,-76.5002132,-1.143300294,3,45,15
282.2659849,39.0038197,-76.50021477,-1.130208184,3,45,15
282.316235,39.0038203,-76.50021633,-1.11712508,3,45,15
282.3664266,39.00382089,-76.50021788,-1.11814034,3,45,15
282.4166168,39.00382148,-76.50021944,-1.119604104,3,45,15
282.4668547,39.00382208,-76.50022099,-1.106523074,3,45,15
282.5170366,39.0038227,-76.50022253,-1.093436446,3,45,15
282.5672651,39.00382334,-76.50022405,-1.080353304,3,45,15
282.6174463,39.00382399,-76.50022557,-1.067261349,3,45,15
282.6676367,39.00382466,-76.50022708,-1.054174474,3,45,15
282.7178172,39.00382534,-76.50022857,-1.041082406,3,45,15
282.7680277,39.00382604,-76.50023005,-1.027989911,3,45,15
282.8182156,39.00382675,-76.50023152,-1.014903904,3,45,15
282.8683744,39.00382748,-76.50023298,-1.001810565,3,45,15
282.9185577,39.00382822,-76.50023443,-0.9887224007,3,45,15
282.9687663,39.00382897,-76.50023588,-0.9878872989,3,45,15
283.0189974,39.00382972,-76.50023731,-0.9747987129,3,45,15
283.069171,39.0038305,-76.50023873,-0.9617097829,3,45,15
283.1193697,39.00383129,-76.50024014,-0.9486103084,3,45,15
283.1696145,39.00383209,-76.50024153,-0.9355273966,3,45,15
283.2198374,39.0038329,-76.50024291,-0.9224368405,3,45,15
283.2700594,39.00383373,-76.50024428,-0.9093280121,3,45,15
283.3203148,39.00383458,-76.50024563,-0.8962596983,3,45,15
283.3705423,39.00383543,-76.50024697,-0.8831657729,3,45,15
283.4207944,39.00383631,-76.50024829,-0.870077627,3,45,15
283.4710322,39.00383719,-76.5002496,-0.8569897714,3,45,15
283.5213553,39.00383808,-76.50025091,-0.8559526027,3,45,15
283.5715836,39.00383896,-76.50025222,-0.8572365636,3,45,15
283.6217651,39.00383986,-76.50025351,-0.8441445077,3,45,15
283.6719596,39.00384077,-76.50025479,-0.8310607357,3,45,15
283.722159,39.00384169,-76.50025605,-0.8179714836,3,45,15
283.7723352,39.00384263,-76.5002573,-0.8048810559,3,45,15
283.8225373,39.00384358,-76.50025853,-0.7917884174,3,45,15
283.8727211,39.00384454,-76.50025975,-0.7787013109,3,45,15
283.9228963,39.00384551,-76.50026095,-0.7656096105,3,45,15
283.9730797,39.0038465,-76.50026214,-0.7525042433,3,45,15
284.0233027,39.0038475,-76.5002633,-0.7394309509,3,45,15
284.0735187,39.00384851,-76.50026445,-0.7263332019,3,45,15
284.1237011,39.00384952,-76.5002656,-0.7233730462,3,45,15
284.1738789,39.00385055,-76.50026673,-0.7102915071,3,45,15
284.2240648,39.00385158,-76.50026784,-0.6971998352,3,45,15
284.2742676,39.00385263,-76.50026893,-0.6841117013,3,45,15
284.3244576,39.00385369,-76.50027001,-0.6710215948,3,45,15
284.3746804,39.00385476,-76.50027107,-0.657931356,3,45,15
284.4248767,39.00385584,-76.50027211,-0.6448408167,3,45,15
284.475153,39.00385693,-76.50027313,-0.6317523263,3,45,15
284.525391,39.00385803,-76.50027414,-0.6186618658,3,45,15
284.575592,39.00385914,-76.50027512,-0.6055713696,3,45,15
284.6257804,39.00386138,-76.50027705,-0.5892154954,3,45,15
284.6759856,39.00386252,-76.50027799,-0.5761243,3,45,15
284.7261797,39.00386366,-76.50027892,-0.5630343209,3,45,15
284.8265459,39.00386598,-76.50028069,-0.5368549495,3,45,15
284.8767872,39.00386715,-76.50028156,-0.5237644374,3,45,15
284.9270146,39.00386833,-76.50028241,-0.5106746901,3,45,15
285.0273564,39.00387071,-76.50028404,-0.4844825677,3,45,15
285.0775673,39.00387191,-76.50028483,-0.4714064174,3,45,15
285.1277747,39.00387313,-76.50028559,-0.4583112325,3,45,15
285.1779628,39.00387434,-76.50028635,-0.454789691,3,45,15
285.2281919,39.00387556,-76.50028709,-0.4416997261,3,45,15
285.2784249,39.00387679,-76.50028781,-0.4285989714,3,45,15
285.3286447,39.00387803,-76.50028851,-0.4155173086,3,45,15
285.3788701,39.00387927,-76.50028919,-0.4024212558,3,45,15
285.4290618,39.00388052,-76.50028985,-0.3893372102,3,45,15
285.4793079,39.00388178,-76.50029048,-0.3762392321,3,45,15
285.5294889,39.00388304,-76.5002911,-0.3631521339,3,45,15
285.5797178,39.00388431,-76.50029169,-0.350067827,3,45,15
285.629898,39.00388558,-76.50029227,-0.3369768083,3,45,15
285.6800638,39.00388686,-76.50029282,-0.323887571,3,45,15
285.7302438,39.00388815,-76.50029336,-0.3198057128,3,45,15
285.780399,39.00388944,-76.50029388,-0.3067152013,3,45,15
285.8305832,39.00389073,-76.50029439,-0.293629128,3,45,15
285.8807504,39.00389203,-76.50029486,-0.280537337,3,45,15
285.9309399,39.00389333,-76.50029532,-0.267447703,3,45,15
285.981133,39.00389464,-76.50029576,-0.2543604038,3,45,15
286.0312904,39.00389595,-76.50029617,-0.2412692492,3,45,15
286.0814589,39.00389727,-76.50029656,-0.2281751494,3,45,15
286.13162,39.00389859,-76.50029693,-0.2150891016,3,45,15
286.1818114,39.00389991,-76.50029728,-0.2019968572,3,45,15
286.2319842,39.00390124,-76.50029761,-0.1889065205,3,45,15
286.2821599,39.00390256,-76.50029792,-0.1843329384,3,45,15
286.3322788,39.0039039,-76.50029822,-0.1712383367,3,45,15
286.3824551,39.00390523,-76.50029849,-0.1581515605,3,45,15
286.4326218,39.00390657,-76.50029874,-0.1450659774,3,45,15
286.4827982,39.00390791,-76.50029897,-0.1319764389,3,45,15
286.532965,39.00390925,-76.50029917,-0.1188732905,3,45,15
286.5831584,39.00391059,-76.50029936,-0.1057847524,3,45,15
286.6333405,39.00391194,-76.50029952,-0.09270426651,3,45,15
286.6835676,39.00391329,-76.50029966,-0.07960466945,3,45,15
286.7337874,39.00391463,-76.50029977,-0.06650787076,3,45,15
286.7839683,39.00391598,-76.50029986,-0.05342369398,3,45,15
286.8341407,39.00391733,-76.50029995,-0.04834058533,3,45,15
286.8843108,39.00391868,-76.50030001,-0.03524979993,3,45,15
286.9344818,39.00392003,-76.50030005,-0.02216037196,3,45,15
286.9846621,39.00392138,-76.50030006,-0.009056165386,3,45,15
287.0348432,39.00392273,-76.50030005,0.00402115276,3,45,15
287.0851116,39.00392409,-76.50030003,0.01712446293,3,45,15
287.1352941,39.00392544,-76.50029997,0.03020470355,3,45,15
287.1854661,39.00392679,-76.5002999,0.04329637331,3,45,15
287.2356264,39.00392814,-76.5002998,0.05638075927,3,45,15
287.2857966,39.00392948,-76.50029968,0.06947615183,3,45,15
287.3359695,39.00393083,-76.50029954,0.08256332649,3,45,15
287.3861392,39.00393218,-76.50029938,0.08819029606,3,45,15
287.4363986,39.00393352,-76.50029921,0.1012811084,3,45,15
287.4866115,39.00393486,-76.50029901,0.1143618145,3,45,15
287.5368311,39.0039362,-76.50029879,0.1274527183,3,45,15
287.5870234,39.00393754,-76.50029855,0.1405441566,3,45,15
287.6372483,39.00393888,-76.50029828,0.1536329858,3,45,15
287.6874527,39.00394021,-76.500298,0.1667301727,3,45,15
287.7376431,39.00394154,-76.50029769,0.1798101005,3,45,15
287.7878322,39.00394286,-76.50029736,0.1929003477,3,45,15
287.838025,39.00394419,-76.500297,0.2059899589,3,45,15
287.8882356,39.0039455,-76.50029663,0.2190817493,3,45,15
287.9384382,39.00394682,-76.50029624,0.2252633518,3,45,15
287.9886317,39.00394813,-76.50029583,0.2383556313,3,45,15
288.0388627,39.00394944,-76.5002954,0.2514459941,3,45,15
288.0891102,39.00395075,-76.50029495,0.2645343589,3,45,15
288.1393251,39.00395205,-76.50029447,0.2776302929,3,45,15
288.1895453,39.00395334,-76.50029397,0.2907219537,3,45,15
288.2397458,39.00395463,-76.50029346,0.3038016231,3,45,15
288.289977,39.00395591,-76.50029292,0.3168909354,3,45,15
288.3401828,39.00395719,-76.50029236,0.3299854271,3,45,15
288.3904382,39.00395847,-76.50029177,0.3430796994,3,45,15
288.4406346,39.00395973,-76.50029117,0.3561631062,3,45,15
288.4908695,39.003961,-76.50029055,0.3636890228,3,45,15
288.5410535,39.00396225,-76.50028992,0.3767702321,3,45,15
288.5912533,39.0039635,-76.50028926,0.3898630715,3,45,15
288.6414737,39.00396474,-76.50028858,0.402953747,3,45,15
288.6917325,39.00396598,-76.50028788,0.4160488966,3,45,15
288.7419244,39.00396721,-76.50028716,0.4291320956,3,45,15
288.7921245,39.00396843,-76.50028642,0.442231767,3,45,15
288.8423083,39.00396964,-76.50028566,0.4553290997,3,45,15
288.8925515,39.00397085,-76.50028487,0.4684006104,3,45,15
288.9427609,39.00397205,-76.50028407,0.4814994136,3,45,15
288.9929695,39.00397324,-76.50028325,0.494581951,3,45,15
289.0431795,39.00397442,-76.50028241,0.507669937,3,45,15
289.0934053,39.00397559,-76.50028155,0.520767258,3,45,15
289.1436286,39.00397675,-76.50028067,0.5338523547,3,45,15
289.1938629,39.00397791,-76.50027977,0.5469488861,3,45,15
289.2441705,39.00397905,-76.50027885,0.5600352819,3,45,15
289.2944422,39.00398019,-76.50027791,0.5731250754,3,45,15
289.3447218,39.00398131,-76.50027695,0.586218058,3,45,15
289.3949693,39.00398243,-76.50027597,0.5993072789,3,45,15
289.445207,39.00398353,-76.50027498,0.6123910004,3,45,15
289.4954117,39.00398463,-76.50027396,0.6254804617,3,45,15
289.5456076,39.00398571,-76.50027293,0.6385703533,3,45,15
289.5957938,39.00398679,-76.50027188,0.6516738142,3,45,15
289.646039,39.00398785,-76.50027081,0.664749421,3,45,15
289.6962678,39.0039889,-76.50026973,0.6778407447,3,45,15
289.7464615,39.00398994,-76.50026862,0.6909290165,3,45,15
289.7966585,39.00399097,-76.5002675,0.704020785,3,45,15
289.8468968,39.00399199,-76.50026636,0.7171088571,3,45,15
289.8971556,39.003993,-76.50026521,0.7302132626,3,45,15
289.9474263,39.00399399,-76.50026404,0.7432883526,3,45,15
289.997601,39.00399498,-76.50026285,0.7563779795,3,45,15
290.0477691,39.00399595,-76.50026164,0.7694821942,3,45,15
290.0979679,39.00399691,-76.50026043,0.7774086256,3,45,15
290.148175,39.00399786,-76.5002592,0.7904876133,3,45,15
290.1984786,39.0039988,-76.50025795,0.8035778552,3,45,15
290.2486884,39.00399972,-76.50025669,0.8166729537,3,45,15
290.2989301,39.00400064,-76.50025541,0.8297832341,3,45,15
290.349187,39.00400154,-76.50025412,0.8428542774,3,45,15
290.3994005,39.00400242,-76.50025281,0.8559495859,3,45,15
290.4496041,39.00400329,-76.50025149,0.8690359265,3,45,15
290.4997792,39.00400415,-76.50025015,0.8821258888,3,45,15
290.5499723,39.004005,-76.5002488,0.8952164176,3,45,15
290.600188,39.00400583,-76.50024744,0.9083016204,3,45,15
290.6504418,39.00400664,-76.50024606,0.9213926935,3,45,15
290.7006772,39.00400745,-76.50024466,0.9344907284,3,45,15
290.7509322,39.00400824,-76.50024326,0.9475779193,3,45,15
290.8011757,39.00400901,-76.50024184,0.9606645007,3,45,15
290.851471,39.00400977,-76.50024041,0.9737509837,3,45,15
290.9016177,39.00401051,-76.50023896,0.9868419099,3,45,15
290.9517497,39.00401124,-76.5002375,0.9999316094,3,45,15
291.0019171,39.00401196,-76.50023603,1.013021421,3,45,15
291.0521818,39.00401266,-76.50023455,1.02611019,3,45,15
291.1023785,39.00401335,-76.50023306,1.03919877,3,45,15
291.1525727,39.00401402,-76.50023156,1.05229912,3,45,15
291.2027501,39.00401467,-76.50023004,1.065378995,3,45,15
291.2529486,39.00401531,-76.50022852,1.078472821,3,45,15
291.3031605,39.00401593,-76.50022698,1.091558228,3,45,15
291.3533564,39.00401654,-76.50022543,1.104646764,3,45,15
291.4035389,39.00401713,-76.50022388,1.117738693,3,45,15
291.4537699,39.0040177,-76.50022231,1.130826616,3,45,15
291.5039726,39.00401826,-76.50022073,1.14392586,3,45,15
291.5541573,39.00401881,-76.50021915,1.157016894,3,45,15
291.604311,39.00401933,-76.50021755,1.170103928,3,45,15
291.6545135,39.00401985,-76.50021595,1.183193715,3,45,15
291.7048142,39.00402034,-76.50021434,1.192822786,3,45,15
291.7550237,39.00402083,-76.50021272,1.205901187,3,45,15
291.805233,39.00402129,-76.5002111,1.218989773,3,45,15
291.8554543,39.00402174,-76.50020946,1.232080011,3,45,15
291.9057037,39.00402217,-76.50020782,1.245171032,3,45,15
291.9559232,39.00402259,-76.50020618,1.258261881,3,45,15
292.0061417,39.00402299,-76.50020452,1.271354816,3,45,15
292.0563468,39.00402337,-76.50020286,1.284454227,3,45,15
292.1065423,39.00402373,-76.50020119,1.297537584,3,45,15
292.1567424,39.00402408,-76.50019952,1.310636127,3,45,15
292.2069903,39.00402441,-76.50019784,1.323713883,3,45,15
292.2572803,39.00402472,-76.50019616,1.336800153,3,45,15
292.3075303,39.00402502,-76.50019447,1.349889392,3,45,15
292.3577882,39.0040253,-76.50019277,1.362982564,3,45,15
292.4079939,39.00402557,-76.50019107,1.372013982,3,45,15
292.4582472,39.00402583,-76.50018937,1.37221337,3,45,15
292.5084442,39.0040261,-76.50018768,1.372410881,3,45,15
292.5586474,39.00402637,-76.50018598,1.372606186,3,45,15
292.6088536,39.00402663,-76.50018428,1.37279967,3,45,15
292.6591777,39.0040269,-76.50018258,1.372991226,3,45,15
292.7093907,39.00402716,-76.50018089,1.373180872,3,45,15
292.7595784,39.00402743,-76.50017919,1.373368594,3,45,15
292.8097722,39.00402769,-76.50017749,1.374066557,3,45,15
292.8599314,39.00402795,-76.50017579,1.375647582,3,45,15
292.9101573,39.00402821,-76.50017409,1.37721033,3,45,15
292.9603584,39.00402847,-76.50017239,1.378761634,3,45,15
293.0105534,39.00402873,-76.50017069,1.380295377,3,45,15
293.0607224,39.00402898,-76.50016899,1.381816501,3,45,15
293.1109424,39.00402923,-76.50016729,1.383322508,3,45,15
293.1611343,39.00402948,-76.50016559,1.384816832,3,45,15
293.2113289,39.00402973,-76.50016389,1.386293896,3,45,15
293.2615116,39.00402998,-76.50016218,1.387758161,3,45,15
293.3117505,39.00403022,-76.50016048,1.389208233,3,45,15
293.3619571,39.00403046,-76.50015878,1.390644446,3,45,15
293.4121475,39.0040307,-76.50015707,1.394200808,3,45,15
293.4624818,39.00403093,-76.50015537,1.395984704,3,45,15
293.5127371,39.00403117,-76.50015366,1.397751101,3,45,15
293.5628849,39.0040314,-76.50015195,1.399501515,3,45,15
293.6130799,39.00403163,-76.50015025,1.401236024,3,45,15
293.663297,39.00403185,-76.50014854,1.402953374,3,45,15
293.71345,39.00403207,-76.50014683,1.404653418,3,45,15
293.763641,39.0040323,-76.50014512,1.406339312,3,45,15
293.8138533,39.00403251,-76.50014341,1.408007648,3,45,15
293.8640115,39.00403273,-76.50014171,1.409660506,3,45,15
293.9141813,39.00403295,-76.50014,1.411298103,3,45,15
293.9643498,39.00403316,-76.50013828,1.412919606,3,45,15
294.0145197,39.00403337,-76.50013657,1.4145262,3,45,15
294.0646819,39.00403358,-76.50013486,1.416116992,3,45,15
294.1149358,39.00403378,-76.50013315,1.417693803,3,45,15
294.1651784,39.00403399,-76.50013144,1.419252782,3,45,15
294.2153775,39.00403419,-76.50012973,1.420797861,3,45,15
294.2656138,39.00403439,-76.50012801,1.422327513,3,45,15
294.3158072,39.00403459,-76.5001263,1.423843984,3,45,15
294.3659868,39.00403478,-76.50012459,1.425344039,3,45,15
294.4162505,39.00403498,-76.50012287,1.426831225,3,45,15
294.4664208,39.00403517,-76.50012116,1.428303988,3,45,15
294.5166315,39.00403536,-76.50011945,1.429760831,3,45,15
294.5668246,39.00403555,-76.50011773,1.431203355,3,45,15
294.6169834,39.00403573,-76.50011602,1.432633868,3,45,15
294.6671971,39.00403592,-76.5001143,1.434047445,3,45,15
294.717419,39.0040361,-76.50011258,1.435448705,3,45,15
294.7675903,39.00403628,-76.50011087,1.436837677,3,45,15
294.8178075,39.00403646,-76.50010915,1.438210079,3,45,15
294.8679736,39.00403663,-76.50010743,1.439570398,3,45,15
294.9181681,39.00403681,-76.50010572,1.440918919,3,45,15
294.9682729,39.00403698,-76.500104,1.442251292,3,45,15
295.0184573,39.00403715,-76.50010228,1.44357189,3,45,15
295.06861,39.00403732,-76.50010057,1.444879278,3,45,15
295.1187777,39.00403749,-76.50009885,1.446173988,3,45,15
295.1689378,39.00403766,-76.50009713,1.447456837,3,45,15
295.2191792,39.00403782,-76.50009541,1.448724661,3,45,15
295.2693352,39.00403799,-76.50009369,1.449981917,3,45,15
295.3195634,39.00403815,-76.50009197,1.451226407,3,45,15
295.3697665,39.00403831,-76.50009025,1.452457153,3,45,15
295.4199953,39.00403846,-76.50008853,1.453676922,3,45,15
295.4701593,39.00403862,-76.50008681,1.454884273,3,45,15
295.5202909,39.00403878,-76.50008509,1.456078232,3,45,15
295.5705575,39.00403893,-76.50008337,1.457261863,3,45,15
295.6207497,39.00403908,-76.50008165,1.458433821,3,45,15
295.6709784,39.00403923,-76.50007993,1.459593125,3,45,15
295.7211732,39.00403938,-76.50007821,1.460740283,3,45,15
295.7713902,39.00403952,-76.50007649,1.461876744,3,45,15
295.8216009,39.00403967,-76.50007477,1.463001642,3,45,15
295.8717957,39.00403981,-76.50007304,1.46411538,3,45,15
295.9219656,39.00403996,-76.50007132,1.465218388,3,45,15
295.9721457,39.0040401,-76.5000696,1.466309422,3,45,15
296.022355,39.00404024,-76.50006788,1.467390769,3,45,15
296.072518,39.00404037,-76.50006615,1.468460646,3,45,15
296.1226907,39.00404051,-76.50006443,1.469518981,3,45,15
296.1730324,39.00404065,-76.50006271,1.470566187,3,45,15
296.2232473,39.00404078,-76.50006099,1.471603774,3,45,15
296.2735391,39.00404091,-76.50005926,1.472630996,3,45,15
296.3237353,39.00404104,-76.50005754,1.47364853,3,45,15
296.3739231,39.00404117,-76.50005581,1.474653307,3,45,15
296.4241342,39.0040413,-76.50005409,1.475650578,3,45,15
296.4743635,39.00404143,-76.50005237,1.476635828,3,45,15
296.5245415,39.00404155,-76.50005064,1.47761229,3,45,15
296.5747277,39.00404168,-76.50004892,1.47761229,3,45,15
296.6249694,39.0040418,-76.50004719,1.478577477,3,45,15
296.6752193,39.00404193,-76.50004547,1.480500454,3,45,15
296.7254024,39.00404205,-76.50004375,1.481436736,3,45,15
296.7756895,39.00404217,-76.50004202,1.482364003,3,45,15
296.8258568,39.0040424,-76.50003857,1.484191343,3,45,15
296.8759955,39.00404252,-76.50003685,1.485089168,3,45,15
296.9261733,39.00404263,-76.50003512,1.48597908,3,45,15
296.9763431,39.00404275,-76.50003339,1.486860039,3,45,15
297.0265403,39.00404286,-76.50003167,1.487731943,3,45,15
297.0767132,39.00404297,-76.50002994,1.48859472,3,45,15
297.1269308,39.00404308,-76.50002822,1.489448985,3,45,15
297.1771284,39.00404319,-76.50002649,1.490294159,3,45,15
297.2273309,39.00404329,-76.50002476,1.491131652,3,45,15
297.2774911,39.0040434,-76.50002304,1.491959035,3,45,15
297.3276968,39.00404351,-76.50002131,1.492778724,3,45,15
297.377861,39.00404361,-76.50001958,1.493590427,3,45,15
297.4281172,39.00404371,-76.50001786,1.494393518,3,45,15
297.4783198,39.00404382,-76.50001613,1.495187684,3,45,15
297.5285246,39.00404392,-76.50001441,1.495974291,3,45,15
297.5787361,39.00404402,-76.50001268,1.496752734,3,45,15
297.6289641,39.00404412,-76.50001095,1.497523382,3,45,15
297.6792028,39.00404421,-76.50000922,1.498285888,3,45,15
297.7294214,39.00404431,-76.5000075,1.499041374,3,45,15
297.779586,39.00404441,-76.50000577,1.499787525,3,45,15
297.8297887,39.0040445,-76.50000404,1.500526795,3,45,15
297.8799648,39.00404459,-76.50000231,1.50125855,3,45,15
297.9302163,39.00404469,-76.50000059,1.501983188,3,45,15
297.9803769,39.00404478,-76.49999886,1.502699257,3,45,15
298.0305928,39.00404487,-76.49999713,1.50340837,3,45,15
298.0807579,39.00404496,-76.4999954,1.504111101,3,44.98999948,15.01000052
298.1310108,39.00404505,-76.49999368,1.504805881,3,44.98000708,15.01999292
298.1811749,39.00404514,-76.49999195,1.505492937,3,44.97000396,15.02999604
298.2313224,39.00404522,-76.49999022,1.50617364,3,44.95999759,15.04000241
298.2814614,39.00404531,-76.49998849,1.506847537,3,44.94999853,15.05000147
298.3316319,39.0040454,-76.49998676,1.507513985,3,44.9400013,15.0599987
298.3817985,39.00404548,-76.49998503,1.508173431,3,44.92999828,15.07000172
298.4319596,39.00404557,-76.4999833,1.508826447,3,44.91999495,15.08000505
298.4821226,39.00404565,-76.49998158,1.509472734,3,44.91000677,15.08999323
298.5322379,39.00404573,-76.49997985,1.510111371,3,44.89998611,15.10001389
298.5824081,39.00404581,-76.49997812,1.51074547,3,44.88999983,15.11000017
298.6326,39.00404589,-76.49997639,1.511370845,3,44.87999728,15.12000272
298.6828105,39.00404597,-76.49997466,1.511990769,3,44.87000243,15.12999757
298.733053,39.00404605,-76.49997293,1.512603807,3,44.86000222,15.13999778
298.7832682,39.00404613,-76.49997121,1.513210829,3,44.84999976,15.15000024
298.8334898,39.0040462,-76.49996948,1.513811703,3,44.84000166,15.15999834
298.8837075,39.00404628,-76.49996775,1.514406096,3,44.82999637,15.17000363
298.9339074,39.00404636,-76.49996602,1.514994757,3,44.81999783,15.18000217
298.9841369,39.00404643,-76.49996429,1.515576925,3,44.81001058,15.18998942
299.0343758,39.0040465,-76.49996256,1.516152412,3,44.80000709,15.19999291
299.0845828,39.00404658,-76.49996083,1.516722868,3,44.79000009,15.20999991
299.1348486,39.00404665,-76.4999591,1.517287609,3,44.78000454,15.21999546
299.1850463,39.00404672,-76.49995737,1.517845851,3,44.7699982,15.2300018
299.2352249,39.00404679,-76.49995564,1.518398904,3,44.76000454,15.23999546
299.2854354,39.00404686,-76.49995391,1.518945523,3,44.74999569,15.25000431
299.3356241,39.00404693,-76.49995219,1.519487298,3,44.74000134,15.25999866
299.385793,39.004047,-76.49995046,1.520022669,3,44.73000668,15.26999332
299.4360179,39.00404707,-76.49994873,1.520552505,3,44.71999729,15.28000271
299.4862843,39.00404713,-76.499947,1.521077616,3,44.71000718,15.28999282
299.5365215,39.0040472,-76.49994527,1.521596271,3,44.70000656,15.29999344
299.5867068,39.00404727,-76.49994354,1.522110085,3,44.69000691,15.30999309
299.6369335,39.00404733,-76.49994181,1.522618514,3,44.67999536,15.32000464
299.6871848,39.0040474,-76.49994008,1.52312226,3,44.67000481,15.32999519
299.7373945,39.00404746,-76.49993835,1.523619722,3,44.66000651,15.33999349
299.7875691,39.00404752,-76.49993662,1.524112402,3,44.65000749,15.34999251
299.8377225,39.00404758,-76.49993489,1.524599997,3,44.63999298,15.36000702
299.8879701,39.00404765,-76.49993316,1.525083272,3,44.62999946,15.37000054
299.938217,39.00404771,-76.49993143,1.525560515,3,44.6200051,15.3799949
299.9884355,39.00404777,-76.4999297,1.526032837,3,44.61000559,15.38999441
300.0386273,39.00404783,-76.49992797,1.526500493,3,44.60000684,15.39999316
300.0888537,39.00404789,-76.49992624,1.526963249,3,44.59000565,15.40999435
300.1390586,39.00404795,-76.49992451,1.527421305,3,44.579981,15.420019
300.1893099,39.004048,-76.49992278,1.527875658,3,44.57000917,15.42999083
300.2395298,39.00404806,-76.49992105,1.528322903,3,44.56000825,15.43999175
300.2896988,39.00404812,-76.49991932,1.528766799,3,44.55000821,15.44999179
300.3399262,39.00404817,-76.49991759,1.529206035,3,44.54000759,15.45999241
300.3901666,39.00404823,-76.49991586,1.529640726,3,44.53000151,15.46999849
300.4403715,39.00404828,-76.49991413,1.530071125,3,44.5200085,15.4799915
300.4905309,39.00404834,-76.4999124,1.530496485,3,44.51000046,15.48999954
300.5407063,39.00404839,-76.49991067,1.530918051,3,44.50000131,15.49999869
300.5909252,39.00404845,-76.49990869,1.531334854,3,44.48857235,15.51142765
300.6411146,39.0040485,-76.49990721,1.531334854,3,44.48000922,15.51999078
300.6912966,39.00404855,-76.49990548,1.532159535,3,44.46999883,15.53000117
300.741484,39.0040486,-76.49990375,1.532563861,3,44.46000389,15.53999611
300.7916962,39.00404865,-76.49990202,1.532963353,3,44.44999957,15.55000043
300.841863,39.00404871,-76.49990029,1.533359056,3,44.4399998,15.5600002
300.892042,39.00404876,-76.49989855,1.533750455,3,44.43000033,15.56999967
300.9422324,39.0040488,-76.49989683,1.534137763,3,44.42000812,15.57999188
300.9924096,39.00404885,-76.4998951,1.534520757,3,44.41000896,15.58999104
301.0425813,39.0040489,-76.49989336,1.534900025,3,44.40001075,15.59998925
301.0927515,39.00404895,-76.49989163,1.535275304,3,44.39000186,15.60999814
301.142911,39.004049,-76.4998899,1.535647069,3,44.38000853,15.61999147
301.1930713,39.00404904,-76.49988817,1.536014381,3,44.36999924,15.63000076
301.24328,39.00404909,-76.49988644,1.536378446,3,44.36000878,15.63999122
301.2934365,39.00404914,-76.49988471,1.536738033,3,44.35000921,15.64999079
301.343657,39.00404918,-76.49988298,1.537094198,3,44.34000851,15.65999149
301.3938705,39.00404923,-76.49988125,1.537446688,3,44.33000182,15.66999818
301.4441198,39.00404927,-76.49987952,1.53779571,3,44.3200047,15.6799953
301.4943098,39.00404932,-76.49987779,1.538140759,3,44.31000253,15.68999747
301.5444968,39.00404936,-76.49987606,1.53848238,3,44.30000978,15.69999022
301.5946785,39.0040494,-76.49987433,1.538820118,3,44.29000313,15.70999687
301.644876,39.00404945,-76.4998726,1.5391548,3,44.2800046,15.7199954
301.6951532,39.00404949,-76.49987086,1.539485718,3,44.27000305,15.72999695
301.7453297,39.00404953,-76.49986913,1.539813282,3,44.26000685,15.73999315
301.7955254,39.00404957,-76.4998674,1.540137253,3,44.2500008,15.7499992
301.8457076,39.00404961,-76.49986567,1.54045816,3,44.24000776,15.75999224
301.8958825,39.00404965,-76.49986394,1.540775303,3,44.230006,15.769994
301.9460606,39.00404969,-76.49986221,1.541089411,3,44.22001021,15.77998979
301.9962658,39.00404973,-76.49986048,1.541400053,3,44.21000403,15.78999597
302.0464579,39.00404977,-76.49985875,1.541707774,3,44.20000862,15.79999138
302.0966279,39.00404981,-76.49985702,1.542011952,3,44.19000672,15.80999328
302.146848,39.00404985,-76.49985529,1.54231315,3,44.18000971,15.81999029
302.1970132,39.00404989,-76.49985355,1.542611057,3,44.17000112,15.82999888
302.2471843,39.00404993,-76.49985183,1.542906195,3,44.16001015,15.83998985
302.2974185,39.00404996,-76.49985009,1.543197735,3,44.15000978,15.84999022
302.3476217,39.00405,-76.49984836,1.543486504,3,44.14001054,15.85998946
302.3978326,39.00405004,-76.49984663,1.543772224,3,44.13000731,15.86999269
302.4480352,39.00405007,-76.4998449,1.544055073,3,44.12000931,15.87999069
302.4982464,39.00405011,-76.49984317,1.54433482,3,44.11000976,15.88999024
302.5484632,39.00405014,-76.49984144,1.544611688,3,44.10000749,15.89999251
302.5986783,39.00405018,-76.49983971,1.544885738,3,44.09000917,15.90999083
302.6488659,39.00405021,-76.49983798,1.545156818,3,44.08001024,15.91998976
302.6990793,39.00405025,-76.49983624,1.545425082,3,44.06998757,15.93001243
302.7492974,39.00405028,-76.49983451,1.545691174,3,44.06000589,15.93999411
302.7994856,39.00405031,-76.49983278,1.545953402,3,44.05000424,15.94999576
302.849662,39.00405035,-76.49983105,1.546213415,3,44.03999903,15.96000097
302.8998721,39.00405038,-76.49982932,1.546470801,3,44.02999911,15.97000089
302.950078,39.00405041,-76.49982759,1.546725362,3,44.02000111,15.97999889
303.0002839,39.00405045,-76.49982586,1.546977214,3,44.01000166,15.98999834
303.0504843,39.00405048,-76.49982413,1.54722647,3,44.00000123,15.99999877
303.1006598,39.00405051,-76.4998224,1.547473146,3,43.99000522,16.00999478
303.1508569,39.00405054,-76.49982066,1.547717135,3,43.97999622,16.02000378
303.2011121,39.00405057,-76.49981893,1.547958889,3,43.97000357,16.02999643
303.2513377,39.0040506,-76.4998172,1.548197723,3,43.96000593,16.03999407
303.3015764,39.00405063,-76.49981547,1.54843418,3,43.95000659,16.04999341
303.351806,39.00405066,-76.49981374,1.548668205,3,43.94000569,16.05999431
303.4020229,39.00405069,-76.49981201,1.548899821,3,43.93000633,16.06999367
303.4522765,39.00405072,-76.49981028,1.549128979,3,43.92000565,16.07999435
303.5024976,39.00405075,-76.49980855,1.549355772,3,43.91000626,16.08999374
303.5527162,39.00405078,-76.49980681,1.549580165,3,43.90000788,16.09999212
303.6029133,39.00405081,-76.49980508,1.549802189,3,43.88999368,16.11000632
303.6531385,39.00405083,-76.49980335,1.550022239,3,43.88000607,16.11999393
303.7033693,39.00405086,-76.49980162,1.550239407,3,43.8700061,16.1299939
303.753577,39.00405089,-76.49979989,1.550454574,3,43.86000725,16.13999275
303.8038468,39.00405092,-76.49979816,1.550667466,3,43.8499994,16.1500006
303.8540306,39.00405094,-76.49979643,1.550878322,3,43.84000658,16.15999342
303.9042917,39.00405097,-76.4997947,1.551086658,3,43.8300044,16.1699956
303.9545298,39.004051,-76.49979296,1.55129301,3,43.82000028,16.17999972
304.004709,39.00405102,-76.49979123,1.551497243,3,43.81000646,16.18999354
304.0549519,39.00405105,-76.4997895,1.551699131,3,43.80000905,16.19999095
304.1052019,39.00405107,-76.49978777,1.551898981,3,43.79001078,16.20998922
304.1553819,39.0040511,-76.49978604,1.552096758,3,43.78001098,16.21998902
304.2055932,39.00405112,-76.49978431,1.552292497,3,43.77000614,16.22999386
304.2558092,39.00405115,-76.49978258,1.552486286,3,43.76000707,16.23999293
304.3060656,39.00405117,-76.49978084,1.552677937,3,43.75000907,16.24999093
304.3563193,39.0040512,-76.49977911,1.552867563,3,43.74000914,16.25999086
304.4065342,39.00405122,-76.49977738,1.553055242,3,43.73000762,16.26999238
304.4567392,39.00405125,-76.49977565,1.553240987,3,43.72001081,16.27998919
304.5069479,39.00405127,-76.49977392,1.553424702,3,43.71000544,16.28999456
304.5571394,39.00405129,-76.49977218,1.553606652,3,43.69998779,16.30001221
304.6073471,39.00405132,-76.49977046,1.553786919,3,43.69000151,16.30999849
304.6575325,39.00405134,-76.49976872,1.553964737,3,43.67999765,16.32000235
304.7077298,39.00405136,-76.49976699,1.554141008,3,43.67000188,16.32999812
304.7579307,39.00405138,-76.49976526,1.554315293,3,43.66000825,16.33999175
304.8081298,39.0040514,-76.49976353,1.554487718,3,43.65000729,16.34999271
304.8583602,39.00405143,-76.4997618,1.554658466,3,43.64000963,16.35999037
304.9085327,39.00405145,-76.49976007,1.554827371,3,43.63000576,16.36999424
304.9587242,39.00405147,-76.49975834,1.554994613,3,43.62000885,16.37999115
305.0089209,39.00405149,-76.4997566,1.55515999,3,43.60999767,16.39000233
305.0591222,39.00405151,-76.49975487,1.55532387,3,43.60000421,16.39999579
305.1092831,39.00405153,-76.49975314,1.555485747,3,43.58999816,16.41000184
305.1594856,39.00405155,-76.49975141,1.555646133,3,43.58001025,16.41998975
305.2096654,39.00405157,-76.49974968,1.555804552,3,43.57000874,16.42999126
305.2598307,39.00405159,-76.49974795,1.555961529,3,43.56000099,16.43999901
305.3100493,39.00405161,-76.49974622,1.55611696,3,43.5500087,16.4499913
305.36028,39.00405163,-76.49974448,1.556270525,3,43.54000916,16.45999084
305.41044,39.00405165,-76.49974275,1.556422595,3,43.53000839,16.46999161
305.4606569,39.00405167,-76.49974102,1.556573093,3,43.52000895,16.47999105
305.5109072,39.00405169,-76.49973929,1.556721995,3,43.51000914,16.48999086
305.5611151,39.00405171,-76.49973756,1.556869345,3,43.49999778,16.50000222
305.6113423,39.00405173,-76.49973583,1.557015321,3,43.48999886,16.51000114
305.6615515,39.00405175,-76.49973409,1.557159589,3,43.47999849,16.52000151
305.7117576,39.00405176,-76.49973236,1.557302367,3,43.47000801,16.52999199
305.761971,39.00405178,-76.49973063,1.557443512,3,43.46000974,16.53999026
305.8122467,39.0040518,-76.4997289,1.557583289,3,43.44999187,16.55000813
305.8624628,39.00405182,-76.49972717,1.557721876,3,43.44000698,16.55999302
305.9126519,39.00405184,-76.49972544,1.557858557,3,43.43000768,16.56999232
305.9628516,39.00405185,-76.49972371,1.557994006,3,43.4200102,16.5799898
306.0130248,39.00405187,-76.49972197,1.558128013,3,43.41000346,16.58999654
306.0632079,39.00405189,-76.49972024,1.55826074,3,43.40000974,16.59999026
306.1133678,39.0040519,-76.49971851,1.558391907,3,43.39000583,16.60999417
306.1635368,39.00405192,-76.49971678,1.558521833,3,43.38000942,16.61999058
306.2136972,39.00405194,-76.49971505,1.558650303,3,43.37000806,16.62999194
306.2638923,39.00405195,-76.49971332,1.558777492,3,43.36000645,16.63999355
306.3140576,39.00405197,-76.49971159,1.558903353,3,43.35000848,16.64999152
306.3642758,39.00405198,-76.49970985,1.55902785,3,43.33999624,16.66000376
306.4144404,39.004052,-76.49970812,1.559151221,3,43.33000665,16.66999335
306.4646657,39.00405202,-76.49970639,1.559273022,3,43.3199982,16.6800018
306.5148487,39.00405203,-76.49970466,1.559393778,3,43.3099987,16.6900013
306.5650201,39.00405205,-76.49970293,1.559513161,3,43.29999573,16.70000427
306.6152533,39.00405206,-76.49970119,1.559631336,3,43.29000091,16.70999909
306.665473,39.00405208,-76.49969946,1.559748179,3,43.2800008,16.7199992
306.7157148,39.00405209,-76.49969773,1.55986386,3,43.26999709,16.73000291
306.7659124,39.00405211,-76.499696,1.559978371,3,43.25999607,16.74000393
306.8161087,39.00405212,-76.49969427,1.560091653,3,43.25000502,16.74999498
306.8662875,39.00405213,-76.49969254,1.560203637,3,43.24000843,16.75999157
306.9164549,39.00405215,-76.49969081,1.560314512,3,43.23000335,16.76999665
306.9666236,39.00405216,-76.49968907,1.560424319,3,43.21999933,16.78000067
307.0167917,39.00405218,-76.49968734,1.560532965,3,43.21000714,16.78999286
307.0669478,39.00405219,-76.49968561,1.560640346,3,43.20000463,16.79999537
307.1171257,39.0040522,-76.49968388,1.560746713,3,43.19000661,16.80999339
307.1673012,39.00405222,-76.49968215,1.56085192,3,43.18000721,16.81999279
307.2175269,39.00405223,-76.49968042,1.560956039,3,43.17000747,16.82999253
307.2677202,39.00405224,-76.49967868,1.560956039,3,43.16000458,16.83999542
307.3178796,39.00405226,-76.49967695,1.561162139,3,43.15000782,16.84999218
307.3681331,39.00405227,-76.49967522,1.561262984,3,43.14000719,16.85999281
307.4183405,39.00405228,-76.49967349,1.561362813,3,43.13000618,16.86999382
307.4685194,39.00405229,-76.49967176,1.561461601,3,43.12000441,16.87999559
307.5186985,39.00405231,-76.49967003,1.561559362,3,43.11000146,16.88999854
307.5688608,39.00405232,-76.4996683,1.56165611,3,43.10000863,16.89999137
307.6190232,39.00405233,-76.49966656,1.561751749,3,43.09000479,16.90999521
307.6692606,39.00405234,-76.49966483,1.561846491,3,43.08000179,16.91999821
307.719437,39.00405236,-76.4996631,1.561940233,3,43.070004,16.929996
307.7696215,39.00405237,-76.49966137,1.562032945,3,43.06000836,16.93999164
307.8197895,39.00405238,-76.49965964,1.562124667,3,43.05000313,16.94999687
307.8699834,39.00405239,-76.49965791,1.562215516,3,43.04000723,16.95999277
307.9201845,39.0040524,-76.49965617,1.56230533,3,43.03000347,16.96999653
307.9704007,39.00405241,-76.49965444,1.562394274,3,43.02000693,16.97999307
308.0205692,39.00405243,-76.49965271,1.562482223,3,43.0100015,16.9899985
308.0707648,39.00405244,-76.49965098,1.562569328,3,42.99999636,17.00000364
308.120926,39.00405245,-76.49964925,1.562655519,3,42.98999695,17.01000305
308.1711675,39.00405246,-76.49964751,1.562740758,3,42.97999631,17.02000369
308.2213429,39.00405247,-76.49964579,1.562825115,3,42.97000889,17.02999111
308.2715515,39.00405248,-76.49964405,1.562908478,3,42.96000303,17.03999697
308.321713,39.00405249,-76.49964232,1.562991122,3,42.95000211,17.04999789
308.3719052,39.0040525,-76.49964059,1.56307286,3,42.94001069,17.05998931
308.4220758,39.00405251,-76.49963886,1.563153665,3,42.93000924,17.06999076
308.4722614,39.00405252,-76.49963713,1.563233705,3,42.92000388,17.07999612
308.5224415,39.00405253,-76.49963539,1.563312938,3,42.91000075,17.08999925
308.5726078,39.00405254,-76.49963366,1.563391324,3,42.90001055,17.09998945
308.6227716,39.00405255,-76.49963193,1.563468788,3,42.89000994,17.10999006
308.672942,39.00405256,-76.4996302,1.563545522,3,42.8800016,17.1199984
308.7231215,39.00405257,-76.49962847,1.563621511,3,42.86999905,17.13000095
308.7732896,39.00405258,-76.49962674,1.563696661,3,42.86000759,17.13999241
308.8234829,39.00405259,-76.49962501,1.56377094,3,42.85000704,17.14999296
308.8736451,39.0040526,-76.49962327,1.56384451,3,42.84000971,17.15999029
308.9238413,39.00405261,-76.49962154,1.563917286,3,42.83000008,17.16999992
308.9740749,39.00405262,-76.49961981,1.563989389,3,42.82001076,17.17998924
309.0242922,39.00405263,-76.49961808,1.564060591,3,42.8100105,17.1899895
309.074471,39.00405264,-76.49961635,1.564131126,3,42.80000161,17.19999839
309.1246282,39.00405264,-76.49961462,1.564200982,3,42.79000985,17.20999015
309.1747986,39.00405265,-76.49961288,1.564269988,3,42.78000688,17.21999312
309.2249823,39.00405266,-76.49961115,1.564338349,3,42.77000226,17.22999774
309.2751822,39.00405267,-76.49960942,1.564406005,3,42.76001019,17.23998981
309.3253511,39.00405268,-76.49960769,1.564472868,3,42.75000874,17.24999126
309.3755506,39.00405269,-76.49960596,1.564539094,3,42.7400108,17.2599892
309.4257136,39.0040527,-76.49960422,1.564604603,3,42.72999972,17.27000028
309.4758688,39.00405271,-76.49960076,1.564733597,3,42.71000163,17.28999837
309.5260241,39.00405272,-76.49959903,1.564797143,3,42.70001045,17.29998955
309.5761775,39.00405273,-76.4995973,1.564859908,3,42.69000597,17.30999403
309.626371,39.00405274,-76.49959557,1.5649221,3,42.68001015,17.31998985
309.6765241,39.00405274,-76.49959384,1.564983586,3,42.67000244,17.32999756
309.726665,39.00405275,-76.4995921,1.565044502,3,42.66001043,17.33998957
309.7768117,39.00405276,-76.49959037,1.565104685,3,42.65000795,17.34999205
309.8270263,39.00405277,-76.49958864,1.5651643,3,42.64000984,17.35999016
309.8772793,39.00405278,-76.49958691,1.565223265,3,42.62999588,17.37000412
309.9275161,39.00405278,-76.49958518,1.565281706,3,42.62000782,17.37999218
309.9776694,39.00405279,-76.49958345,1.565339384,3,42.61000674,17.38999326
310.0278545,39.0040528,-76.49958171,1.565396533,3,42.60000312,17.39999688
310.078005,39.0040528,-76.49957998,1.565453098,3,42.5899984,17.4100016
310.1282251,39.00405281,-76.49957825,1.565509077,3,42.58000699,17.41999301
310.1784428,39.00405282,-76.49957652,1.565564396,3,42.57001011,17.42998989
310.2286304,39.00405283,-76.49957479,1.565619166,3,42.56000683,17.43999317
310.2788038,39.00405283,-76.49957306,1.565673397,3,42.55000212,17.44999788
310.3289944,39.00405284,-76.49957132,1.565727068,3,42.54000898,17.45999102
310.3792636,39.00405285,-76.49956959,1.565780115,3,42.53000288,17.46999712
310.4294449,39.00405285,-76.49956786,1.565832676,3,42.52000246,17.47999754
310.4796733,39.00405286,-76.49956613,1.565884656,3,42.51000596,17.48999404
310.5298699,39.00405287,-76.4995644,1.565936072,3,42.50000284,17.49999716
310.5800571,39.00405287,-76.49956267,1.565986983,3,42.4900076,17.5099924
310.6302804,39.00405288,-76.49956094,1.566037321,3,42.4800104,17.5199896
310.6804548,39.00405289,-76.4995592,1.566087142,3,42.47000439,17.52999561
310.7306258,39.00405289,-76.49955747,1.566136485,3,42.46000681,17.53999319
310.7808096,39.0040529,-76.49955574,1.56618527,3,42.45000846,17.54999154
310.8310216,39.0040529,-76.49955401,1.566233547,3,42.44000957,17.55999043
310.8812325,39.00405291,-76.49955228,1.566281322,3,42.43000272,17.56999728
310.9314151,39.00405292,-76.49955055,1.566328635,3,42.42000884,17.57999116
310.9816029,39.00405292,-76.49954881,1.566375391,3,42.41000973,17.58999027
311.0318646,39.00405293,-76.49954708,1.566421682,3,42.3999996,17.6000004
311.0821351,39.00405293,-76.49954535,1.566467538,3,42.39000466,17.60999534
311.1323358,39.00405294,-76.49954362,1.566512845,3,42.38000342,17.61999658
311.1825094,39.00405295,-76.49954189,1.566557707,3,42.37000281,17.62999719
311.2326484,39.00405295,-76.49954016,1.566602095,3,42.36001073,17.63998927
311.2827966,39.00405296,-76.49953842,1.566645982,3,42.35001058,17.64998942
311.3329712,39.00405296,-76.49953669,1.566689444,3,42.34000565,17.65999435
311.3831631,39.00405297,-76.49953496,1.566732471,3,42.32999577,17.67000423
311.4333237,39.00405297,-76.49953323,1.566775069,3,42.32000696,17.67999304
311.483534,39.00405298,-76.49953149,1.566817132,3,42.3099981,17.6900019
311.5337313,39.00405298,-76.49952976,1.566858838,3,42.30000252,17.69999748
311.5839301,39.00405299,-76.49952803,1.566900053,3,42.29000023,17.70999977
311.6341218,39.00405299,-76.4995263,1.566940863,3,42.2800085,17.7199915
311.684268,39.004053,-76.49952457,1.566981204,3,42.27000296,17.72999704
311.7344871,39.004053,-76.49952284,1.567021177,3,42.26001041,17.73998959
311.7846588,39.00405301,-76.4995211,1.56706068,3,42.24999737,17.75000263
311.8348352,39.00405301,-76.49951937,1.56709985,3,42.24000592,17.75999408
311.8849917,39.00405302,-76.49951764,1.567138526,3,42.22999778,17.77000222
311.9351448,39.00405302,-76.49951591,1.567176861,3,42.22001063,17.77998937
311.9853414,39.00405303,-76.49951418,1.567214715,3,42.21000076,17.78999924
312.0355737,39.00405303,-76.49951245,1.567252258,3,42.20000966,17.79999034
312.0857913,39.00405304,-76.49951072,1.567289338,3,42.19000955,17.80999045
312.1359856,39.00405304,-76.49950898,1.567326063,3,42.18000765,17.81999235
312.1862036,39.00405305,-76.49950725,1.56736241,3,42.17000673,17.82999327
312.2363661,39.00405305,-76.49950552,1.567398373,3,42.16000099,17.83999901
312.2865446,39.00405306,-76.49950379,1.567433976,3,42.15000907,17.84999093
312.336714,39.00405306,-76.49950206,1.567469158,3,42.14000764,17.85999236
312.3868786,39.00405307,-76.49950033,1.567504005,3,42.13000846,17.86999154
312.4370298,39.00405307,-76.4994986,1.567538478,3,42.12000878,17.87999122
312.4872525,39.00405307,-76.49949686,1.567572593,3,42.11000875,17.88999125
312.5374334,39.00405308,-76.49949513,1.567606352,3,42.10000655,17.89999345
312.5876413,39.00405308,-76.4994934,1.567639764,3,42.09000378,17.90999622
312.6378131,39.00405309,-76.49949167,1.567672828,3,42.08000616,17.91999384
312.6880349,39.00405309,-76.49948994,1.567672828,3,42.07000453,17.92999547
312.7382323,39.0040531,-76.4994882,1.567738244,3,42.06000571,17.93999429
312.7883803,39.0040531,-76.49948647,1.567770264,3,42.05000482,17.94999518
312.8385311,39.0040531,-76.49948474,1.567801955,3,42.04000997,17.95999003
312.8886736,39.00405311,-76.49948301,1.567833296,3,42.03000742,17.96999258
312.9389329,39.00405311,-76.49948128,1.567864332,3,42.02000237,17.97999763
312.9891721,39.00405312,-76.49947955,1.567895051,3,42.0100084,17.9899916
313.0393412,39.00405312,-76.49947782,1.567925415,3,42.00000921,17.99999079
313.0895064,39.00405312,-76.49947608,1.567955476,3,41.99000823,18.00999177
313.1396656,39.00405313,-76.49947435,1.567985228,3,41.98000968,18.01999032
313.1898288,39.00405313,-76.49947262,1.568014662,3,41.97000854,18.02999146
313.2400307,39.00405313,-76.49947089,1.568043794,3,41.96001059,18.03998941
313.2902425,39.00405314,-76.49946916,1.568072613,3,41.95001054,18.04998946
313.3404107,39.00405314,-76.49946742,1.568101135,3,41.93999923,18.06000077
313.3906041,39.00405315,-76.49946569,1.568129391,3,41.9299963,18.0700037
313.4407707,39.00405315,-76.49946396,1.568157327,3,41.92000837,18.07999163
313.4909436,39.00405315,-76.49946223,1.568184929,3,41.90999123,18.09000877
313.5411443,39.00405316,-76.4994605,1.568212323,3,41.90000799,18.09999201
313.5913543,39.00405316,-76.49945877,1.568239337,3,41.8899994,18.1100006
313.6415768,39.00405316,-76.49945703,1.568266136,3,41.88000706,18.11999294
313.6917913,39.00405317,-76.4994553,1.568292612,3,41.87000566,18.12999434
313.7419987,39.00405317,-76.49945357,1.568318834,3,41.86000911,18.13999089
313.7921864,39.00405317,-76.49945184,1.568344769,3,41.85000689,18.14999311
313.8423902,39.00405318,-76.49945011,1.568370448,3,41.84000985,18.15999015
313.8925966,39.00405318,-76.49944838,1.568395844,3,41.83000506,18.16999494
313.9428236,39.00405318,-76.49944665,1.568420993,3,41.82001069,18.17998931
313.9930851,39.00405319,-76.49944491,1.568445854,3,41.81000456,18.18999544
314.0432752,39.00405319,-76.49944318,1.568470483,3,41.80001097,18.19998903
314.093442,39.00405319,-76.49944145,1.568494823,3,41.78999936,18.21000064
314.1436299,39.0040532,-76.49943972,1.568518953,3,41.78000483,18.21999517
314.1938272,39.0040532,-76.49943799,1.568542788,3,41.77000324,18.22999676
314.2440154,39.0040532,-76.49943625,1.568566391,3,41.76000581,18.23999419
314.294224,39.0040532,-76.49943452,1.568589737,3,41.75000203,18.24999797
314.3443966,39.00405321,-76.49943279,1.568612852,3,41.74000565,18.25999435
314.3945716,39.00405321,-76.49943106,1.568635709,3,41.73000008,18.26999992
314.4447534,39.00405321,-76.49942933,1.568658348,3,41.72001085,18.27998915
314.494953,39.00405322,-76.4994276,1.568680713,3,41.71000498,18.28999502
314.5451542,39.00405322,-76.49942587,1.56870288,3,41.70001094,18.29998906
314.5953596,39.00405322,-76.49942413,1.56872479,3,41.68999704,18.31000296
314.6455415,39.00405322,-76.4994224,1.568746513,3,41.68001004,18.31998996
314.6957113,39.00405323,-76.49942067,1.56876795,3,41.67000242,18.32999758
314.7458928,39.00405323,-76.49941894,1.568789208,3,41.66001072,18.33998928
314.7961565,39.00405323,-76.49941721,1.568810209,3,41.65000277,18.34999723
314.8464107,39.00405323,-76.49941548,1.568831024,3,41.64001156,18.35998844
314.8966525,39.00405324,-76.49941374,1.568851586,3,41.63000725,18.36999275
314.9468258,39.00405324,-76.49941201,1.56887196,3,41.6200073,18.3799927
314.9969998,39.00405324,-76.49941028,1.568892112,3,41.61001004,18.38998996
315.047164,39.00405325,-76.49940855,1.568912048,3,41.60000734,18.39999266
315.0973743,39.00405325,-76.49940682,1.568931785,3,41.59000013,18.40999987
315.1475771,39.00405325,-76.49940508,1.568951324,3,41.58000694,18.41999306
315.1978073,39.00405325,-76.49940335,1.568970632,3,41.57000616,18.42999384
315.2480344,39.00405326,-76.49940162,1.568989752,3,41.56000512,18.43999488
315.29828,39.00405326,-76.49939989,1.569008672,3,41.55000987,18.44999013
315.3485005,39.00405326,-76.49939816,1.569027384,3,41.54000845,18.45999155
315.3987066,39.00405326,-76.49939643,1.569045911,3,41.53000909,18.46999091
315.4488796,39.00405326,-76.4993947,1.56906424,3,41.52000881,18.47999119
315.4991143,39.00405327,-76.49939296,1.569082379,3,41.51000657,18.48999343
315.5493109,39.00405327,-76.49939123,1.569100331,3,41.49999672,18.50000328
315.5995309,39.00405327,-76.4993895,1.569118109,3,41.49000145,18.50999855
315.6496991,39.00405327,-76.49938777,1.569135675,3,41.48000217,18.51999783
315.6998839,39.00405328,-76.49938604,1.569153064,3,41.4700072,18.5299928
315.750066,39.00405328,-76.4993843,1.569170264,3,41.46000456,18.53999544
315.8003084,39.00405328,-76.49938257,1.569187296,3,41.45000767,18.54999233
315.850531,39.00405328,-76.49938084,1.569204141,3,41.44000952,18.55999048
315.9007262,39.00405328,-76.49937911,1.569220811,3,41.43000718,18.56999282
315.9509623,39.00405329,-76.49937738,1.569237314,3,41.42001004,18.57998996
316.0011712,39.00405329,-76.49937565,1.569253635,3,41.41000184,18.58999816
316.0513805,39.00405329,-76.49937391,1.569269803,3,41.40000503,18.59999497
316.1015955,39.00405329,-76.49937218,1.569285784,3,41.38999823,18.61000177
316.151781,39.00405329,-76.49937045,1.569301613,3,41.38000015,18.61999985
316.2020267,39.0040533,-76.49936872,1.569317262,3,41.3700051,18.6299949
316.2522395,39.0040533,-76.49936699,1.569332743,3,41.36000916,18.63999084
316.3024156,39.0040533,-76.49936526,1.569348064,3,41.35000897,18.64999103
316.352589,39.0040533,-76.49936352,1.56936323,3,41.3400074,18.6599926
316.4027712,39.0040533,-76.49936179,1.56937824,3,41.33000804,18.66999196
316.4530057,39.00405331,-76.49936006,1.569393089,3,41.32000976,18.67999024
316.5031921,39.00405331,-76.49935833,1.569407781,3,41.31000874,18.68999126
316.5533671,39.00405331,-76.4993566,1.569422324,3,41.30000803,18.69999197
316.603549,39.00405331,-76.49935486,1.569436713,3,41.28999322,18.71000678
316.6537408,39.00405331,-76.49935314,1.569450972,3,41.28000953,18.71999047
316.7039768,39.00405332,-76.4993514,1.569465038,3,41.27000774,18.72999226
316.7542132,39.00405332,-76.49934967,1.569478981,3,41.26000299,18.73999701
316.8044239,39.00405332,-76.49934794,1.569492783,3,41.25000236,18.74999764
316.8546311,39.00405332,-76.49934621,1.569506435,3,41.24000212,18.75999788
316.9048366,39.00405332,-76.49934448,1.569519943,3,41.23000164,18.76999836
316.9550456,39.00405332,-76.49934275,1.56953331,3,41.22000957,18.77999043
317.0052331,39.00405333,-76.49934101,1.569546525,3,41.21000828,18.78999172
317.0554536,39.00405333,-76.49933928,1.569559615,3,41.20000881,18.79999119
317.1056422,39.00405333,-76.49933755,1.569572565,3,41.19000985,18.80999015
317.1558006,39.00405333,-76.49933582,1.569585379,3,41.1800103,18.8199897
317.2059677,39.00405333,-76.49933409,1.56959806,3,41.17000776,18.82999224
317.256154,39.00405333,-76.49933236,1.569610611,3,41.16001022,18.83998978
317.3063762,39.00405334,-76.49933062,1.569623025,3,41.15001101,18.84998899
317.3565783,39.00405334,-76.49932889,1.569635311,3,41.1400087,18.8599913
317.4067805,39.00405334,-76.49932716,1.569647472,3,41.13001124,18.86998876
317.4569812,39.00405334,-76.49932543,1.569659499,3,41.12001103,18.87998897
317.5071763,39.00405334,-76.4993237,1.569671404,3,41.11001013,18.88998987
317.5573632,39.00405334,-76.49932196,1.569683186,3,41.10000335,18.89999665
317.6075895,39.00405334,-76.49932023,1.56969485,3,41.09000727,18.90999273
317.657781,39.00405335,-76.4993185,1.56970638,3,41.0800065,18.9199935
317.7080404,39.00405335,-76.49931677,1.569717795,3,41.06999921,18.93000079
317.7583128,39.00405335,-76.49931504,1.569729098,3,41.06000916,18.93999084
317.8085522,39.00405335,-76.49931331,1.569740263,3,41.05000921,18.94999079
317.8587676,39.00405335,-76.49931157,1.569751322,3,41.03999846,18.96000154
317.9089544,39.00405335,-76.49930984,1.569762277,3,41.03000775,18.96999225
317.9591504,39.00405335,-76.49930811,1.569773095,3,41.02000931,18.97999069
318.0093065,39.00405336,-76.49930638,1.569783809,3,41.0100073,18.9899927
318.0594791,39.00405336,-76.49930465,1.569794414,3,41.00000648,18.99999352
318.1096292,39.00405336,-76.49930292,1.569804907,3,40.99000959,19.00999041
318.1598534,39.00405336,-76.49930118,1.569815286,3,40.9800068,19.0199932
318.2101832,39.00405336,-76.49929945,1.569825562,3,40.97000627,19.02999373
318.2604533,39.00405336,-76.49929772,1.569835729,3,40.96001002,19.03998998
318.3106022,39.00405336,-76.49929599,1.569845784,3,40.95000929,19.04999071
318.3607705,39.00405337,-76.49929426,1.569855739,3,40.93999842,19.06000158
318.4109387,39.00405337,-76.49929253,1.569865599,3,40.93000827,19.06999173
318.4611126,39.00405337,-76.49929079,1.569875336,3,40.92000928,19.07999072
318.5112657,39.00405337,-76.49928906,1.56988498,3,40.90999941,19.09000059
318.5614251,39.00405337,-76.49928733,1.569894533,3,40.90000239,19.09999761
318.611575,39.00405337,-76.4992856,1.569903974,3,40.89000777,19.10999223
318.6617643,39.00405337,-76.49928387,1.569913314,3,40.88000711,19.11999289
318.7119421,39.00405337,-76.49928214,1.569922561,3,40.87000843,19.12999157
318.762167,39.00405337,-76.4992804,1.56993171,3,40.86000688,19.13999312
318.8123885,39.00405338,-76.49927867,1.569940766,3,40.84999621,19.15000379
318.8625759,39.00405338,-76.49927694,1.569949735,3,40.84000972,19.15999028
318.9127783,39.00405338,-76.49927521,1.569958588,3,40.83000813,19.16999187
318.9629454,39.00405338,-76.49927348,1.569967362,3,40.82000356,19.17999644
319.0131413,39.00405338,-76.49927174,1.569976047,3,40.80999047,19.19000953
319.0874484,39.00405338,-76.49926828,1.569993132,3,40.7899994,19.2100006
319.1376444,39.00405338,-76.49926655,1.570001552,3,40.78001088,19.21998912
319.1878684,39.00405338,-76.49926482,1.570009865,3,40.77001001,19.22998999
319.2380634,39.00405339,-76.49926309,1.570018101,3,40.7600076,19.2399924
319.2882638,39.00405339,-76.49926136,1.570026253,3,40.75000814,19.24999186
319.3384631,39.00405339,-76.49925963,1.570034317,3,40.74001007,19.25998993
319.3886481,39.00405339,-76.49925789,1.570042295,3,40.73000841,19.26999159
319.4388311,39.00405339,-76.49925616,1.570050193,3,40.72001093,19.27998907
319.4889872,39.00405339,-76.49925443,1.570058004,3,40.71000788,19.28999212
319.5391371,39.00405339,-76.4992527,1.570065738,3,40.70000805,19.29999195
319.5892851,39.00405339,-76.49925097,1.570073389,3,40.69000896,19.30999104
319.6395103,39.00405339,-76.49924923,1.570080959,3,40.68000719,19.31999281
319.6897351,39.00405339,-76.4992475,1.570088451,3,40.67000389,19.32999611
319.739963,39.0040534,-76.49924577,1.570095867,3,40.66000235,19.33999765
319.7901498,39.0040534,-76.49924404,1.570103203,3,40.64998414,19.35001586
319.8403285,39.0040534,-76.49924231,1.570110475,3,40.64000935,19.35999065
319.8905061,39.0040534,-76.49924058,1.570117639,3,40.63000966,19.36999034
319.9407277,39.0040534,-76.49923884,1.570124746,3,40.62001008,19.37998992
319.9908981,39.0040534,-76.49923711,1.570131778,3,40.61000847,19.38999153
320.0410751,39.0040534,-76.49923538,1.570138739,3,40.59999902,19.40000098
320.0912758,39.0040534,-76.49923365,1.570145631,3,40.59000295,19.40999705
320.1414442,39.0040534,-76.49923192,1.570152443,3,40.580011,19.419989
320.191622,39.0040534,-76.49923019,1.57015918,3,40.5700069,19.4299931
320.2418377,39.0040534,-76.49922845,1.570165855,3,40.56000001,19.43999999
320.2919944,39.00405341,-76.49922672,1.570172462,3,40.54999058,19.45000942
320.3421977,39.00405341,-76.49922499,1.570179001,3,40.54000899,19.45999101
320.3923729,39.00405341,-76.49922326,1.570185454,3,40.53000286,19.46999714
320.4425721,39.00405341,-76.49922153,1.570191855,3,40.52000026,19.47999974
320.4927563,39.00405341,-76.4992198,1.570198186,3,40.51000185,19.48999815
320.5429638,39.00405341,-76.49921806,1.570198186,3,40.49999729,19.50000271
320.5931454,39.00405341,-76.49921633,1.570210716,3,40.49000541,19.50999459
320.6433263,39.00405341,-76.4992146,1.570216843,3,40.48000714,19.51999286
320.6934831,39.00405341,-76.49921287,1.570222911,3,40.47000864,19.52999136
320.7436964,39.00405341,-76.49921114,1.570228915,3,40.46000734,19.53999266
320.7938612,39.00405341,-76.4992094,1.570234857,3,40.44998946,19.55001054
320.844006,39.00405341,-76.49920767,1.570240747,3,40.44000793,19.55999207
320.8941661,39.00405341,-76.49920594,1.570246555,3,40.4300081,19.5699919
320.9443783,39.00405342,-76.49920421,1.570252312,3,40.42000818,19.57999182
320.9945319,39.00405342,-76.49920248,1.570258009,3,40.41000792,19.58999208
321.0446775,39.00405342,-76.49920075,1.570263646,3,40.40000712,19.59999288
321.0948284,39.00405342,-76.49919902,1.570269225,3,40.39001298,19.60998702
321.1449749,39.00405342,-76.49919728,1.570274741,3,40.38000935,19.61999065
321.1951279,39.00405342,-76.49919555,1.570280205,3,40.37000924,19.62999076
321.2452741,39.00405342,-76.49919382,1.57028561,3,40.36000908,19.63999092
321.295417,39.00405342,-76.49919209,1.570290959,3,40.35000951,19.64999049
321.3455957,39.00405342,-76.49919036,1.570296251,3,40.34000547,19.65999453
321.3957768,39.00405342,-76.49918863,1.570301489,3,40.33000253,19.66999747
321.4459795,39.00405342,-76.49918689,1.570306673,3,40.32000846,19.67999154
321.4961783,39.00405342,-76.49918516,1.570311798,3,40.31000469,19.68999531
321.5463856,39.00405342,-76.49918343,1.570316873,3,40.30000921,19.69999079
321.5965328,39.00405342,-76.4991817,1.570321892,3,40.29000954,19.70999046
321.6466847,39.00405342,-76.49917997,1.57032686,3,40.28000967,19.71999033
321.6968535,39.00405343,-76.49917824,1.570331776,3,40.27000909,19.72999091
321.7470177,39.00405343,-76.4991765,1.570336641,3,40.26000929,19.73999071
321.7972169,39.00405343,-76.49917477,1.570341455,3,40.25000495,19.74999505
321.8474111,39.00405343,-76.49917304,1.570346221,3,40.24000686,19.75999314
321.8976202,39.00405343,-76.49917131,1.570350933,3,40.23000809,19.76999191
321.9477929,39.00405343,-76.49916958,1.570355597,3,40.21999776,19.78000224
321.9979499,39.00405343,-76.49916784,1.570360217,3,40.20999168,19.79000832
322.0481296,39.00405343,-76.49916611,1.570364787,3,40.19999867,19.80000133
322.0982788,39.00405343,-76.49916438,1.570369303,3,40.19000679,19.80999321
322.1484192,39.00405343,-76.49916265,1.570373771,3,40.1800101,19.8199899
322.198569,39.00405343,-76.49916092,1.570378194,3,40.16999969,19.83000031
322.2487172,39.00405343,-76.49915919,1.570382578,3,40.15999992,19.84000008
322.2989303,39.00405343,-76.49915746,1.57038691,3,40.15000537,19.84999463
322.3491739,39.00405343,-76.49915572,1.570391195,3,40.14000406,19.85999594
322.3993422,39.00405343,-76.49915399,1.570395438,3,40.13000761,19.86999239
322.449499,39.00405343,-76.49915226,1.570399635,3,40.12000925,19.87999075
322.499646,39.00405343,-76.49915053,1.570403788,3,40.11000813,19.88999187
322.5498023,39.00405343,-76.4991488,1.5704079,3,40.10000955,19.89999045
322.6000029,39.00405344,-76.49914707,1.570411967,3,40.09000611,19.90999389
322.6502298,39.00405344,-76.49914533,1.570415993,3,40.07999757,19.92000243
322.7004322,39.00405344,-76.4991436,1.570419979,3,40.06999938,19.93000062
322.7505888,39.00405344,-76.49914187,1.57042392,3,40.06000598,19.93999402
322.8007472,39.00405344,-76.49914014,1.570427817,3,40.0500088,19.9499912
322.8509566,39.00405344,-76.49913841,1.570431675,3,40.04000942,19.95999058
322.9011658,39.00405344,-76.49913668,1.570435493,3,40.03000716,19.96999284
322.9513887,39.00405344,-76.49913494,1.570439273,3,40.02000752,19.97999248
323.0015735,39.00405344,-76.49913321,1.570443012,3,40.01000807,19.98999193
323.0517411,39.00405344,-76.49913148,1.570446711,3,40.00000067,19.99999933
323.1018974,39.00405344,-76.49912975,1.570450375,3,39.99000906,20.00999094
323.1520444,39.00405344,-76.49912802,1.570453995,3,39.98000949,20.01999051
323.2022141,39.00405344,-76.49912629,1.57045758,3,39.97000895,20.02999105
323.2523801,39.00405344,-76.49912455,1.570461127,3,39.96001023,20.03998977
323.3025365,39.00405344,-76.49912282,1.570464637,3,39.95000792,20.04999208
323.3527027,39.00405344,-76.49912109,1.570468111,3,39.94000975,20.05999025
323.4030277,39.00405344,-76.49911936,1.570471548,3,39.93000919,20.06999081
323.4532345,39.00405344,-76.49911763,1.570474949,3,39.92001073,20.07998927
323.5033886,39.00405344,-76.4991159,1.570478314,3,39.91000976,20.08999024
323.5535486,39.00405344,-76.49911416,1.570481645,3,39.90000792,20.09999208
323.6037036,39.00405344,-76.49911243,1.570484941,3,39.89000914,20.10999086
323.6538662,39.00405344,-76.4991107,1.570488201,3,39.88000794,20.11999206
323.7040321,39.00405344,-76.49910897,1.570491428,3,39.87000985,20.12999015
323.7542035,39.00405345,-76.49910724,1.57049462,3,39.8600081,20.1399919
323.8043724,39.00405345,-76.49910551,1.57049778,3,39.8500085,20.1499915
323.8545854,39.00405345,-76.49910377,1.570500907,3,39.84000965,20.15999035
323.9047476,39.00405345,-76.49910204,1.570504,3,39.83000795,20.16999205
323.9549073,39.00405345,-76.49910031,1.570507062,3,39.82000441,20.17999559
324.0050772,39.00405345,-76.49909858,1.570510092,3,39.81000934,20.18999066
324.0552636,39.00405345,-76.49909685,1.570513088,3,39.7999971,20.2000029
324.1054166,39.00405345,-76.49909512,1.570516058,3,39.79000935,20.20999065
324.155568,39.00405345,-76.49909338,1.570518989,3,39.78000949,20.21999051
324.2057231,39.00405345,-76.49909165,1.570521893,3,39.77000884,20.22999116
324.2558867,39.00405345,-76.49908992,1.570524767,3,39.76000954,20.23999046
324.3060494,39.00405345,-76.49908819,1.570527611,3,39.75000851,20.24999149
324.3562215,39.00405345,-76.49908646,1.570530425,3,39.74000934,20.25999066
324.4063858,39.00405345,-76.49908473,1.570533209,3,39.73000957,20.26999043
324.4565255,39.00405345,-76.49908299,1.570535965,3,39.72001077,20.27998923
324.5066864,39.00405345,-76.49908126,1.570538691,3,39.71001141,20.28998859
324.5568344,39.00405345,-76.49907953,1.570541389,3,39.70001018,20.29998982
324.6069957,39.00405345,-76.4990778,1.570544059,3,39.69000712,20.30999288
324.6571827,39.00405345,-76.49907607,1.570546701,3,39.68000943,20.31999057
324.7073855,39.00405345,-76.49907433,1.570549315,3,39.66999913,20.33000087
324.7575652,39.00405345,-76.4990726,1.570551904,3,39.66000948,20.33999052
324.8077747,39.00405345,-76.49907087,1.570554461,3,39.65000435,20.34999565
324.8579966,39.00405345,-76.49906914,1.570556995,3,39.64001031,20.35998969
324.9081912,39.00405345,-76.4990674,1.5705595,3,39.62997037,20.37002963
324.9584133,39.00405345,-76.49906568,1.57056199,3,39.62000305,20.37999695
325.0086353,39.00405345,-76.49906394,1.570564436,3,39.6100038,20.3899962
325.058821,39.00405345,-76.49906221,1.570566864,3,39.60000405,20.39999595
325.1090266,39.00405345,-76.49906048,1.570569267,3,39.59000336,20.40999664
325.1592711,39.00405345,-76.49905875,1.570571645,3,39.58000856,20.41999144
325.2094681,39.00405346,-76.49905702,1.570573997,3,39.57000974,20.42999026
325.2596845,39.00405346,-76.49905529,1.570576324,3,39.56000907,20.43999093
325.3098997,39.00405346,-76.49905355,1.570578629,3,39.54999826,20.45000174
325.3601037,39.00405346,-76.49905182,1.570580911,3,39.54000839,20.45999161
325.4104035,39.00405346,-76.49905009,1.570583164,3,39.5300104,20.4699896
325.4605928,39.00405346,-76.49904836,1.570585396,3,39.51999666,20.48000334
325.5107967,39.00405346,-76.49904663,1.570587608,3,39.51000154,20.48999846
325.5609808,39.00405346,-76.4990449,1.570589793,3,39.50000824,20.49999176
325.6111407,39.00405346,-76.49904317,1.570591954,3,39.49000943,20.50999057
325.6613138,39.00405346,-76.49904143,1.570594094,3,39.48000904,20.51999096
325.7115147,39.00405346,-76.4990397,1.570596212,3,39.47000949,20.52999051
325.7617962,39.00405346,-76.49903797,1.570598307,3,39.46000812,20.53999188
325.8120769,39.00405346,-76.49903624,1.570600381,3,39.45000714,20.54999286
325.862308,39.00405346,-76.49903451,1.570602433,3,39.44000792,20.55999208
325.9125633,39.00405346,-76.49903278,1.570604464,3,39.43001027,20.56998973
325.9627241,39.00405346,-76.49903104,1.570606472,3,39.42000804,20.57999196
326.012884,39.00405346,-76.49902931,1.570608461,3,39.4099999,20.5900001
326.0630442,39.00405346,-76.49902758,1.57061043,3,39.40000991,20.59999009
326.1132195,39.00405346,-76.49902585,1.570612375,3,39.38999976,20.61000024
326.163403,39.00405346,-76.49902412,1.570614303,3,39.38000734,20.61999266
326.2135735,39.00405346,-76.49902239,1.570616208,3,39.37000946,20.62999054
326.2637308,39.00405346,-76.49902065,1.570618093,3,39.36000689,20.63999311
326.3138858,39.00405346,-76.49901892,1.57061996,3,39.35000862,20.64999138
326.3640702,39.00405346,-76.49901719,1.570621807,3,39.34000338,20.65999662
326.4142505,39.00405346,-76.49901546,1.570623636,3,39.32999791,20.67000209
326.4644383,39.00405346,-76.49901373,1.570625445,3,39.32000562,20.67999438
326.5145909,39.00405346,-76.499012,1.570627233,3,39.3100066,20.6899934
326.5648254,39.00405346,-76.49901026,1.570629004,3,39.29999792,20.70000208
326.6150012,39.00405346,-76.49900853,1.570630757,3,39.29000544,20.70999456
326.6651797,39.00405346,-76.4990068,1.57063249,3,39.28000138,20.71999862
326.7153957,39.00405346,-76.49900507,1.570634206,3,39.26999839,20.73000161
326.7655772,39.00405346,-76.49900333,1.570635904,3,39.25999344,20.74000656
326.8157497,39.00405346,-76.49900161,1.570637585,3,39.25000543,20.74999457
326.8659495,39.00405346,-76.49899987,1.570639246,3,39.24000863,20.75999137
326.9161391,39.00405346,-76.49899814,1.57064089,3,39.23000953,20.76999047
326.9664563,39.00405346,-76.49899641,1.570642518,3,39.22000798,20.77999202
327.0166787,39.00405346,-76.49899468,1.570644129,3,39.20999681,20.79000319
327.0668768,39.00405346,-76.49899295,1.570645724,3,39.19999966,20.80000034
327.1170842,39.00405346,-76.49899121,1.570647301,3,39.18999738,20.81000262
327.1673298,39.00405346,-76.49898948,1.570648862,3,39.18001055,20.81998945
327.2175317,39.00405346,-76.49898775,1.570650404,3,39.17000291,20.82999709
327.267761,39.00405346,-76.49898602,1.570651933,3,39.16000623,20.83999377
327.3179569,39.00405346,-76.49898429,1.570653445,3,39.15000918,20.84999082
327.3681734,39.00405346,-76.49898256,1.570654941,3,39.14000928,20.85999072
327.4184152,39.00405346,-76.49898083,1.570656421,3,39.13000828,20.86999172
327.4686527,39.00405347,-76.49897909,1.570657887,3,39.12000173,20.87999827
327.5188485,39.00405347,-76.49897736,1.570659337,3,39.1099979,20.8900021
327.5690507,39.00405347,-76.49897563,1.570660772,3,39.09999773,20.90000227
327.6192718,39.00405347,-76.4989739,1.570662192,3,39.08999574,20.91000426
327.6694906,39.00405347,-76.49897217,1.570663597,3,39.07999708,20.92000292
327.7197007,39.00405347,-76.49897043,1.570664987,3,39.06999486,20.93000514
327.7699276,39.00405347,-76.4989687,1.570666362,3,39.05999833,20.94000167
327.820127,39.00405347,-76.49896697,1.570667723,3,39.04999514,20.95000486
327.8703204,39.00405347,-76.49896524,1.57066907,3,39.0400009,20.9599991
327.9204952,39.00405347,-76.49896351,1.570670402,3,39.03000031,20.96999969
327.9707109,39.00405347,-76.49896178,1.570671721,3,39.02001298,20.97998702
328.0209143,39.00405347,-76.49896005,1.570673024,3,39.01000943,20.98999057
328.0711472,39.00405347,-76.49895831,1.570674315,3,39.0000075,20.9999925
328.121349,39.00405347,-76.49895658,1.570675593,3,38.99000067,21.00999933
328.1715077,39.00405347,-76.49895485,1.570676859,3,38.980004,21.019996
328.2216981,39.00405347,-76.49895312,1.570678109,3,38.97000399,21.02999601
328.2718853,39.00405347,-76.49895139,1.570678109,3,38.9600081,21.0399919
328.3220522,39.00405347,-76.49894965,1.570680585,3,38.95000449,21.04999551
328.3722482,39.00405347,-76.49894792,1.570681797,3,38.94000924,21.05999076
328.4224425,39.00405347,-76.49894619,1.570682996,3,38.93000678,21.06999322
328.4726251,39.00405347,-76.49894446,1.570684183,3,38.92000649,21.07999351
328.5227988,39.00405347,-76.49894273,1.570685357,3,38.91000217,21.08999783
328.5729732,39.00405347,-76.498941,1.57068652,3,38.90000877,21.09999123
328.6231964,39.00405347,-76.49893926,1.570687669,3,38.8899981,21.1100019
328.6733705,39.00405347,-76.49893753,1.570688808,3,38.88000693,21.11999307
328.7235287,39.00405347,-76.4989358,1.570689933,3,38.87000578,21.12999422
328.7736892,39.00405347,-76.49893407,1.570691047,3,38.86000543,21.13999457
328.823853,39.00405347,-76.49893234,1.57069215,3,38.85000744,21.14999256
328.8740228,39.00405347,-76.49893061,1.570693241,3,38.84000737,21.15999263
328.9241939,39.00405347,-76.49892887,1.57069432,3,38.82999711,21.17000289
328.9744307,39.00405347,-76.49892714,1.57069539,3,38.82000733,21.17999267
329.0246155,39.00405347,-76.49892541,1.570696445,3,38.81000736,21.18999264
329.0748192,39.00405347,-76.49892368,1.570697491,3,38.80000829,21.19999171
329.1249986,39.00405347,-76.49892195,1.570698526,3,38.79000806,21.20999194
329.1752308,39.00405347,-76.49892022,1.57069955,3,38.78001532,21.21998468
329.2254369,39.00405347,-76.49891848,1.570700563,3,38.77000486,21.22999514
329.2757003,39.00405347,-76.49891675,1.570701567,3,38.76001056,21.23998944
329.3259433,39.00405347,-76.49891329,1.570703542,3,38.74000045,21.25999955
329.3761413,39.00405347,-76.49891156,1.570704513,3,38.72999914,21.27000086
329.4263988,39.00405347,-76.49890983,1.570705475,3,38.72000328,21.27999672
329.476569,39.00405347,-76.49890809,1.570706426,3,38.71000613,21.28999387
329.526779,39.00405347,-76.49890636,1.570707367,3,38.69999443,21.30000557
329.576987,39.00405347,-76.49890463,1.5707083,3,38.69000641,21.30999359
329.6272277,39.00405347,-76.4989029,1.570709221,3,38.68000363,21.31999637
329.6773979,39.00405347,-76.49890117,1.570710133,3,38.67000754,21.32999246
329.727575,39.00405347,-76.49889944,1.570711035,3,38.66000607,21.33999393
329.7777503,39.00405347,-76.4988977,1.570711929,3,38.6500061,21.3499939
329.8279849,39.00405347,-76.49889597,1.570712812,3,38.64000504,21.35999496
329.8781371,39.00405347,-76.49889424,1.570713687,3,38.63000832,21.36999168
329.9283397,39.00405347,-76.49889251,1.570714552,3,38.62000786,21.37999214
329.9785163,39.00405347,-76.49889078,1.570715408,3,38.61000757,21.38999243
330.0286823,39.00405347,-76.49888905,1.570716256,3,38.60000829,21.39999171
330.0789153,39.00405347,-76.49888732,1.570717094,3,38.59000866,21.40999134
330.1290854,39.00405347,-76.49888558,1.570717924,3,38.58000813,21.41999187
330.1793035,39.00405347,-76.49888385,1.570718745,3,38.57000993,21.42999007
330.2294534,39.00405347,-76.49888212,1.570719557,3,38.56000611,21.43999389
330.279605,39.00405347,-76.49888039,1.570720362,3,38.55000986,21.44999014
330.3298043,39.00405347,-76.49887865,1.570721157,3,38.53999199,21.46000801
330.3800115,39.00405347,-76.49887692,1.570721945,3,38.5300045,21.4699955
330.4302265,39.00405347,-76.49887519,1.570722723,3,38.52000494,21.47999506
330.4803847,39.00405347,-76.49887346,1.570723494,3,38.51000485,21.48999515
330.5306001,39.00405347,-76.49887173,1.570724257,3,38.50000547,21.49999453
330.580822,39.00405347,-76.49887,1.570725011,3,38.49000515,21.50999485
330.6310331,39.00405347,-76.49886827,1.570725758,3,38.4800058,21.5199942
330.6812647,39.00405347,-76.49886653,1.570726497,3,38.47000497,21.52999503
330.7314192,39.00405347,-76.4988648,1.570727229,3,38.4600056,21.5399944
330.7815791,39.00405347,-76.49886307,1.570727952,3,38.45000558,21.54999442
330.8317903,39.00405347,-76.49886134,1.570728668,3,38.44000601,21.55999399
330.8819869,39.00405347,-76.49885961,1.570729377,3,38.43000141,21.56999859
330.9321766,39.00405347,-76.49885787,1.570730078,3,38.41999804,21.58000196
330.9824693,39.00405347,-76.49885614,1.570730772,3,38.40999717,21.59000283
331.0326333,39.00405347,-76.49885441,1.570731459,3,38.4000046,21.5999954
331.0827794,39.00405347,-76.49885268,1.570732137,3,38.39000405,21.60999595
331.1329184,39.00405347,-76.49885095,1.57073281,3,38.37999328,21.62000672
331.1830761,39.00405347,-76.49884922,1.570733476,3,38.37000697,21.62999303
331.2332374,39.00405347,-76.49884749,1.570734133,3,38.36000016,21.63999984
331.2834764,39.00405347,-76.49884575,1.570734784,3,38.34999835,21.65000165
331.3336454,39.00405347,-76.49884402,1.570735429,3,38.34000259,21.65999741
331.3838077,39.00405347,-76.49884229,1.570736066,3,38.33000305,21.66999695
331.4339766,39.00405347,-76.49884056,1.570736697,3,38.32000117,21.67999883
331.4841954,39.00405347,-76.49883883,1.570737322,3,38.31000511,21.68999489
331.5344089,39.00405347,-76.4988371,1.57073794,3,38.30000168,21.69999832
331.584571,39.00405347,-76.49883536,1.570738551,3,38.29000165,21.70999835
331.6347587,39.00405347,-76.49883363,1.570739156,3,38.279998,21.720002
331.6849579,39.00405347,-76.4988319,1.570739755,3,38.26999817,21.73000183
331.7351166,39.00405347,-76.49883017,1.570740348,3,38.26000492,21.73999508
331.7852802,39.00405347,-76.49882844,1.570740933,3,38.24999855,21.75000145
331.8354396,39.00405347,-76.49882671,1.570741514,3,38.24000155,21.75999845
331.8858553,39.00405347,-76.49882497,1.570742088,3,38.22999937,21.77000063
331.9360275,39.00405347,-76.49882324,1.570742656,3,38.22000371,21.77999629
331.9862677,39.00405347,-76.49882151,1.570743218,3,38.21000038,21.78999962
332.0364741,39.00405347,-76.49881978,1.570743774,3,38.20000794,21.79999206
332.0867155,39.00405347,-76.49881805,1.570744324,3,38.19000682,21.80999318
332.136903,39.00405347,-76.49881632,1.570744869,3,38.180005,21.819995
332.1871171,39.00405347,-76.49881458,1.570745407,3,38.17000849,21.82999151
332.2372741,39.00405347,-76.49881285,1.570745941,3,38.16000218,21.83999782
332.2874463,39.00405347,-76.49881112,1.570746469,3,38.15000904,21.84999096
332.3376152,39.00405347,-76.49880939,1.57074699,3,38.14000838,21.85999162
332.387858,39.00405347,-76.49880766,1.570747507,3,38.13000078,21.86999922
332.4380511,39.00405348,-76.49880592,1.570748019,3,38.11999147,21.88000853
332.4882945,39.00405348,-76.49880419,1.570748525,3,38.11000214,21.88999786
332.5384626,39.00405348,-76.49880246,1.570749025,3,38.1000023,21.8999977
332.5886994,39.00405348,-76.49880073,1.57074952,3,38.09000342,21.90999658
332.6389044,39.00405348,-76.498799,1.57075001,3,38.0800016,21.9199984
332.6891443,39.00405348,-76.49879727,1.570750495,3,38.07000304,21.92999696
332.7393172,39.00405348,-76.49879554,1.570750976,3,38.0600026,21.9399974
332.7895019,39.00405348,-76.4987938,1.57075145,3,38.05000229,21.94999771
332.8396876,39.00405348,-76.49879207,1.57075192,3,38.0400045,21.9599955
332.8898617,39.00405348,-76.49879034,1.570752385,3,38.03000307,21.96999693
332.9400591,39.00405348,-76.49878861,1.570752845,3,38.01999898,21.98000102
332.9902852,39.00405348,-76.49878688,1.570753301,3,38.01000011,21.98999989
333.0404945,39.00405348,-76.49878515,1.570753751,3,38.00000259,21.99999741
333.0907138,39.00405348,-76.49878341,1.570754197,3,37.99000745,22.00999255
333.1409296,39.00405348,-76.49878168,1.570754638,3,37.98000162,22.01999838
333.1911333,39.00405348,-76.49877995,1.570755075,3,37.97000531,22.02999469
333.241371,39.00405348,-76.49877822,1.570755507,3,37.95999968,22.04000032
333.2915905,39.00405348,-76.49877649,1.570755934,3,37.94999889,22.05000111
333.341806,39.00405348,-76.49877475,1.570756357,3,37.93999491,22.06000509
333.3920351,39.00405348,-76.49877302,1.570756776,3,37.93000182,22.06999818
333.4422348,39.00405348,-76.49877129,1.57075719,3,37.92000308,22.07999692
333.4924715,39.00405348,-76.49876956,1.5707576,3,37.91000023,22.08999977
333.5426599,39.00405348,-76.49876783,1.570758006,3,37.90000253,22.09999747
333.5928839,39.00405348,-76.4987661,1.570758407,3,37.88999253,22.11000747
333.6431311,39.00405348,-76.49876436,1.570758804,3,37.87998612,22.12001388
333.6933502,39.00405348,-76.49876263,1.570759197,3,37.86999887,22.13000113
333.7435372,39.00405348,-76.4987609,1.570759586,3,37.86000429,22.13999571
333.7937309,39.00405348,-76.49875917,1.57075997,3,37.84998782,22.15001218
333.8439172,39.00405348,-76.49875744,1.570760352,3,37.83999959,22.16000041
333.8941487,39.00405348,-76.49875571,1.570760728,3,37.83000409,22.16999591
333.9443174,39.00405348,-76.49875398,1.570761101,3,37.82000263,22.17999737
333.9944841,39.00405348,-76.49875224,1.57076147,3,37.81000964,22.18999036
334.0446395,39.00405348,-76.49875051,1.570761834,3,37.80000815,22.19999185
334.0948138,39.00405348,-76.49874878,1.570762196,3,37.79000902,22.20999098
334.1449721,39.00405348,-76.49874705,1.570762196,3,37.78000895,22.21999105
334.1951424,39.00405348,-76.49874532,1.57076291,3,37.77000854,22.22999146
334.2453067,39.00405348,-76.49874359,1.57076326,3,37.76000958,22.23999042
334.2955348,39.00405348,-76.49874185,1.570763607,3,37.75000925,22.24999075
334.3457926,39.00405348,-76.49874012,1.570763949,3,37.74001062,22.25998938
334.3959767,39.00405348,-76.49873839,1.570764288,3,37.72999867,22.27000133
334.4461954,39.00405348,-76.49873666,1.570764624,3,37.72000373,22.27999627
334.4964432,39.00405348,-76.49873493,1.570764956,3,37.71000098,22.28999902
334.5466605,39.00405348,-76.4987332,1.570765284,3,37.70000367,22.29999633
334.5968234,39.00405348,-76.49873146,1.57076561,3,37.69000929,22.30999071
334.6469906,39.00405348,-76.49872973,1.570765931,3,37.68001012,22.31998988
334.6971932,39.00405348,-76.498728,1.570766249,3,37.67000921,22.32999079
334.7473684,39.00405348,-76.49872627,1.570766564,3,37.66001025,22.33998975
334.7975296,39.00405348,-76.49872454,1.570766876,3,37.6500095,22.3499905
334.8476879,39.00405348,-76.49872281,1.570767184,3,37.64000998,22.35999002
334.897842,39.00405348,-76.49872107,1.570767489,3,37.63001005,22.36998995
334.9480179,39.00405348,-76.49871934,1.570767791,3,37.62000893,22.37999107
334.9982014,39.00405348,-76.49871761,1.57076809,3,37.61001013,22.38998987
335.0483534,39.00405348,-76.49871588,1.570768386,3,37.60000905,22.39999095
335.0985188,39.00405348,-76.49871415,1.570768679,3,37.59001084,22.40998916
335.1486757,39.00405348,-76.49871242,1.570768968,3,37.58001053,22.41998947
335.198842,39.00405348,-76.49871069,1.570769255,3,37.57001095,22.42998905
335.2490072,39.00405348,-76.49870895,1.570769538,3,37.56000929,22.43999071
335.2991707,39.00405348,-76.49870722,1.570769819,3,37.55000829,22.44999171
335.3493443,39.00405348,-76.49870549,1.570770096,3,37.54000987,22.45999013
335.3995057,39.00405348,-76.49870376,1.570770371,3,37.53000845,22.46999155
335.4496824,39.00405348,-76.49870203,1.570770643,3,37.52000953,22.47999047
335.4998564,39.00405348,-76.49870029,1.570770912,3,37.51000753,22.48999247
335.5500339,39.00405348,-76.49869856,1.570771178,3,37.50001131,22.49998869
335.6002457,39.00405348,-76.49869683,1.570771441,3,37.49000925,22.50999075
335.6504185,39.00405348,-76.4986951,1.570771702,3,37.47999871,22.52000129
335.7006699,39.00405348,-76.49869337,1.57077196,3,37.47000501,22.52999499
335.7508467,39.00405348,-76.49869164,1.570772215,3,37.46000908,22.53999092
335.801148,39.00405348,-76.4986899,1.570772467,3,37.45000355,22.54999645
335.8512982,39.00405348,-76.49868817,1.570772717,3,37.44000961,22.55999039
335.9014808,39.00405348,-76.49868644,1.570772964,3,37.43001371,22.56998629
335.9516827,39.00405348,-76.49868471,1.570773209,3,37.42000317,22.57999683
336.001862,39.00405348,-76.49868298,1.570773451,3,37.41000677,22.58999323
336.0520156,39.00405348,-76.49868125,1.570773691,3,37.40000274,22.59999726
336.1021835,39.00405348,-76.49867951,1.570773928,3,37.39000743,22.60999257
336.1523293,39.00405348,-76.49867778,1.570774162,3,37.38001036,22.61998964
336.2024938,39.00405348,-76.49867605,1.570774394,3,37.37000098,22.62999902
336.2526541,39.00405348,-76.49867432,1.570774624,3,37.36001058,22.63998942
336.3028514,39.00405348,-76.49867259,1.570774851,3,37.35000811,22.64999189
336.3530145,39.00405348,-76.49867086,1.570775076,3,37.34000929,22.65999071
336.4031835,39.00405348,-76.49866912,1.570775299,3,37.32999927,22.67000073
336.4533498,39.00405348,-76.49866739,1.570775519,3,37.32000915,22.67999085
336.503514,39.00405348,-76.49866566,1.570775737,3,37.31000765,22.68999235
336.5536908,39.00405348,-76.49866393,1.570775952,3,37.30000988,22.69999012
336.6039539,39.00405348,-76.4986622,1.570776166,3,37.29001023,22.70998977
336.6542008,39.00405348,-76.49866046,1.570776377,3,37.27999422,22.72000578
336.7044273,39.00405348,-76.49865873,1.570776586,3,37.27000596,22.72999404
336.7546157,39.00405348,-76.498657,1.570776586,3,37.26000654,22.73999346
336.8048454,39.00405348,-76.49865527,1.570776999,3,37.24999523,22.75000477
336.855025,39.00405348,-76.49865354,1.570777202,3,37.24000862,22.75999138
336.9052908,39.00405348,-76.49865181,1.570777402,3,37.22999523,22.77000477
336.9555319,39.00405348,-76.49865008,1.5707776,3,37.22000665,22.77999335
337.0057555,39.00405348,-76.49864834,1.570777796,3,37.20999975,22.79000025
337.0559371,39.00405348,-76.49864661,1.57077799,3,37.20000914,22.79999086
337.1061874,39.00405348,-76.49864488,1.570778182,3,37.18999887,22.81000113
337.1563513,39.00405348,-76.49864315,1.570778373,3,37.18000713,22.81999287
337.2065449,39.00405348,-76.49864142,1.57077856,3,37.17000038,22.82999962
337.25671,39.00405348,-76.49863969,1.570778747,3,37.16000674,22.83999326
337.3069467,39.00405348,-76.49863795,1.57077893,3,37.15000183,22.84999817
337.3571315,39.00405348,-76.49863622,1.570779113,3,37.14000804,22.85999196
337.4072952,39.00405348,-76.49863449,1.570779293,3,37.13000069,22.86999931
337.4574743,39.00405348,-76.49863276,1.570779471,3,37.12000144,22.87999856
337.5076929,39.00405348,-76.49863103,1.570779648,3,37.11000469,22.88999531
337.5578584,39.00405348,-76.4986293,1.570779823,3,37.10000569,22.89999431
337.6080342,39.00405348,-76.49862756,1.570779995,3,37.0900085,22.9099915
337.6582238,39.00405348,-76.49862583,1.570780166,3,37.08000891,22.91999109
337.7084754,39.00405348,-76.4986241,1.570780335,3,37.07000835,22.92999165
337.7586707,39.00405348,-76.49862237,1.570780503,3,37.06000891,22.93999109
337.8088559,39.00405348,-76.49862064,1.570780669,3,37.05000868,22.94999132
337.859067,39.00405348,-76.49861891,1.570780833,3,37.04000904,22.95999096
337.9092618,39.00405348,-76.49861717,1.570780995,3,37.03000889,22.96999111
337.9594354,39.00405348,-76.49861544,1.570781155,3,37.02000917,22.97999083
338.009602,39.00405348,-76.49861371,1.570781314,3,37.01000902,22.98999098
338.0597831,39.00405348,-76.49861198,1.570781472,3,37.00000926,22.99999074
338.1099566,39.00405348,-76.49861025,1.570781627,3,36.9900058,23.0099942
338.1601318,39.00405348,-76.49860851,1.570781781,3,36.97999752,23.02000248
338.2105345,39.00405348,-76.49860678,1.570781934,3,36.97001017,23.02998983
338.2607724,39.00405348,-76.49860505,1.570782084,3,36.96000755,23.03999245
338.3109598,39.00405348,-76.49860332,1.570782233,3,36.95000366,23.04999634
338.3612097,39.00405348,-76.49860159,1.570782381,3,36.94000047,23.05999953
338.411417,39.00405348,-76.49859986,1.570782527,3,36.92999728,23.07000272
338.4615918,39.00405348,-76.49859812,1.570782672,3,36.91999909,23.08000091
338.5117725,39.00405348,-76.49859639,1.570782814,3,36.91000194,23.08999806
338.5619504,39.00405348,-76.49859466,1.570782956,3,36.90000158,23.09999842
338.6121261,39.00405348,-76.49859293,1.570783096,3,36.89000041,23.10999959
338.6622862,39.00405348,-76.4985912,1.570783235,3,36.8800027,23.1199973
338.7125142,39.00405348,-76.49858947,1.570783372,3,36.87000261,23.12999739
338.7626708,39.00405348,-76.49858774,1.570783507,3,36.86000816,23.13999184
338.8129094,39.00405348,-76.498586,1.570783641,3,36.85000197,23.14999803
338.863073,39.00405348,-76.49858427,1.570783774,3,36.84000397,23.15999603
338.9132424,39.00405348,-76.49858254,1.570783906,3,36.83000007,23.16999993
338.9634209,39.00405348,-76.49858081,1.570784036,3,36.81999251,23.18000749
339.0136013,39.00405348,-76.49857908,1.570784165,3,36.81000856,23.18999144
339.0637544,39.00405348,-76.49857735,1.570784292,3,36.80000772,23.19999228
339.1139066,39.00405348,-76.49857561,1.570784418,3,36.79001024,23.20998976
339.1640811,39.00405348,-76.49857388,1.570784542,3,36.77999315,23.22000685
339.2142666,39.00405348,-76.49857215,1.570784666,3,36.77000573,23.22999427
339.2644114,39.00405348,-76.49857042,1.570784788,3,36.76000582,23.23999418
339.3145678,39.00405348,-76.49856869,1.570784909,3,36.75000569,23.24999431
339.3647194,39.00405348,-76.49856695,1.570785028,3,36.7400023,23.2599977
339.4148724,39.00405348,-76.49856522,1.570785147,3,36.73000548,23.26999452
339.4650198,39.00405348,-76.49856349,1.570785264,3,36.72000183,23.27999817
339.5152389,39.00405348,-76.49856176,1.57078538,3,36.71000515,23.28999485
339.5654009,39.00405348,-76.49856003,1.570785494,3,36.70000551,23.29999449
339.6155963,39.00405348,-76.4985583,1.570785608,3,36.69000351,23.30999649
339.6657579,39.00405348,-76.49855657,1.57078572,3,36.68000581,23.31999419
339.7159084,39.00405348,-76.49855483,1.570785831,3,36.66999206,23.33000794
339.7660516,39.00405348,-76.4985531,1.570785941,3,36.66000844,23.33999156
339.8162365,39.00405348,-76.49855137,1.57078605,3,36.65000676,23.34999324
339.8663861,39.00405348,-76.49854964,1.570786157,3,36.64000741,23.35999259
339.9165231,39.00405348,-76.49854791,1.570786264,3,36.63000805,23.36999195
339.9666673,39.00405348,-76.49854618,1.570786369,3,36.62000626,23.37999374
340.0168168,39.00405348,-76.49854444,1.570786473,3,36.61000587,23.38999413
340.066977,39.00405348,-76.49854271,1.570786577,3,36.59999722,23.40000278
340.1171295,39.00405348,-76.49854098,1.570786679,3,36.59000265,23.40999735
340.1672809,39.00405348,-76.49853925,1.57078678,3,36.58000454,23.41999546
340.2174208,39.00405348,-76.49853752,1.57078688,3,36.57000463,23.42999537
340.2675823,39.00405348,-76.49853579,1.570786979,3,36.56000731,23.43999269
340.3177391,39.00405348,-76.49853405,1.570787076,3,36.55000805,23.44999195
340.3678972,39.00405348,-76.49853232,1.570787173,3,36.53999734,23.46000266
340.4180418,39.00405348,-76.49853059,1.570787269,3,36.52999741,23.47000259
340.4682393,39.00405348,-76.49852886,1.570787364,3,36.52000001,23.47999999
340.518409,39.00405348,-76.49852713,1.570787458,3,36.51000476,23.48999524
340.5685664,39.00405348,-76.49852539,1.570787551,3,36.50000014,23.49999986
340.6187143,39.00405348,-76.49852366,1.570787643,3,36.48999998,23.51000002
340.6688532,39.00405348,-76.49852193,1.570787734,3,36.47999802,23.52000198
340.7189999,39.00405348,-76.4985202,1.570787824,3,36.47000068,23.52999932
340.7691594,39.00405348,-76.49851847,1.570787913,3,36.45999236,23.54000764
340.819307,39.00405348,-76.49851674,1.570788001,3,36.45000364,23.54999636
340.8694569,39.00405348,-76.498515,1.570788088,3,36.44000232,23.55999768
340.9196582,39.00405348,-76.49851327,1.570788174,3,36.42999995,23.57000005
340.9698291,39.00405348,-76.49851154,1.57078826,3,36.42000385,23.57999615
341.0199864,39.00405348,-76.49850981,1.570788344,3,36.41000419,23.58999581
341.0701284,39.00405348,-76.49850808,1.570788428,3,36.40000593,23.59999407
341.1202408,39.00405348,-76.49850635,1.57078851,3,36.39000848,23.60999152
341.1704302,39.00405348,-76.49850461,1.570788592,3,36.37999901,23.62000099
341.2206823,39.00405348,-76.49850288,1.570788673,3,36.37000531,23.62999469
341.2708505,39.00405348,-76.49850115,1.570788753,3,36.35999758,23.64000242
341.3209939,39.00405348,-76.49849942,1.570788833,3,36.349995,23.650005
341.3711842,39.00405348,-76.49849769,1.570788911,3,36.33999693,23.66000307
341.4213541,39.00405348,-76.49849596,1.570788989,3,36.33000097,23.66999903
341.4714998,39.00405348,-76.49849422,1.570789066,3,36.32000072,23.67999928
341.5216832,39.00405348,-76.49849249,1.570789142,3,36.31000588,23.68999412
341.5718515,39.00405348,-76.49849076,1.570789217,3,36.29999878,23.70000122
341.6220628,39.00405348,-76.49848903,1.570789291,3,36.29000441,23.70999559
341.6722422,39.00405348,-76.4984873,1.570789365,3,36.27999909,23.72000091
341.7223957,39.00405348,-76.49848557,1.570789438,3,36.27000389,23.72999611
341.772543,39.00405348,-76.49848383,1.57078951,3,36.26000331,23.73999669
341.8227412,39.00405348,-76.4984821,1.570789581,3,36.25000242,23.74999758
341.8729163,39.00405348,-76.49848037,1.570789652,3,36.23999358,23.76000642
341.9230663,39.00405348,-76.49847864,1.570789722,3,36.23000431,23.76999569
341.9732168,39.00405348,-76.49847691,1.570789791,3,36.21999556,23.78000444
342.0233979,39.00405348,-76.49847517,1.57078986,3,36.20999566,23.79000434
342.0735523,39.00405348,-76.49847344,1.570789927,3,36.1999998,23.8000002
342.1237019,39.00405348,-76.49847171,1.570789994,3,36.19000643,23.80999357
342.1738511,39.00405348,-76.49846998,1.570790061,3,36.18000679,23.81999321
342.224008,39.00405348,-76.49846825,1.570790126,3,36.17000758,23.82999242
342.2741571,39.00405348,-76.49846652,1.570790191,3,36.1600006,23.8399994
342.3243142,39.00405348,-76.49846479,1.570790255,3,36.15000799,23.84999201
342.374469,39.00405348,-76.49846306,1.570790319,3,36.14000929,23.85999071
342.4246314,39.00405348,-76.49846132,1.570790382,3,36.13000704,23.86999296
342.4747981,39.00405348,-76.49845959,1.570790444,3,36.12000316,23.87999684
342.5249558,39.00405348,-76.49845786,1.570790506,3,36.11000448,23.88999552
342.5751302,39.00405348,-76.49845613,1.570790567,3,36.10000424,23.89999576
342.6252901,39.00405348,-76.4984544,1.570790627,3,36.09000563,23.90999437
342.6754626,39.00405348,-76.49845266,1.570790687,3,36.08000428,23.91999572
342.7256388,39.00405348,-76.49845093,1.570790746,3,36.07000399,23.92999601
342.7758815,39.00405348,-76.49844747,1.570790862,3,36.0500028,23.9499972
342.8261782,39.00405348,-76.49844574,1.570790919,3,36.04000199,23.95999801
342.876287,39.00405348,-76.49844401,1.570790976,3,36.03000213,23.96999787
342.9264698,39.00405348,-76.49844227,1.570791032,3,36.01999728,23.98000272
342.9766329,39.00405348,-76.49844054,1.570791087,3,36.01000832,23.98999168
343.0268454,39.00405348,-76.49843881,1.570791142,3,36.00000849,23.99999151
343.0770171,39.00405348,-76.49843708,1.570791196,3,35.99000815,24.00999185
343.1272094,39.00405348,-76.49843535,1.57079125,3,35.98000295,24.01999705
343.1773651,39.00405348,-76.49843362,1.570791303,3,35.97000016,24.02999984
343.2275483,39.00405348,-76.49843189,1.570791356,3,35.96000956,24.03999044
343.2777697,39.00405348,-76.49843015,1.570791408,3,35.95000181,24.04999819
343.3279519,39.00405348,-76.49842842,1.570791459,3,35.93999623,24.06000377
343.3781351,39.00405348,-76.49842669,1.57079151,3,35.92999955,24.07000045
343.4282646,39.00405348,-76.49842496,1.570791561,3,35.9199949,24.0800051
343.4784399,39.00405348,-76.49842323,1.570791611,3,35.91000133,24.08999867
343.5286225,39.00405348,-76.4984215,1.57079166,3,35.90000692,24.09999308
343.5788455,39.00405348,-76.49841976,1.570791709,3,35.88999124,24.11000876
343.6290615,39.00405348,-76.49841803,1.570791757,3,35.88000246,24.11999754
343.6793187,39.00405348,-76.4984163,1.570791805,3,35.87000035,24.12999965
343.7295056,39.00405348,-76.49841457,1.570791853,3,35.86000374,24.13999626
343.779714,39.00405348,-76.49841284,1.570791899,3,35.85000203,24.14999797
343.8299093,39.00405348,-76.4984111,1.570791946,3,35.84000678,24.15999322
343.8800788,39.00405348,-76.49840937,1.570791992,3,35.83000304,24.16999696
343.9302724,39.00405348,-76.49840764,1.570792037,3,35.81999652,24.18000348
343.9804646,39.00405348,-76.49840591,1.570792082,3,35.81000677,24.18999323
344.0306488,39.00405348,-76.49840418,1.570792082,3,35.79999267,24.20000733
344.0808011,39.00405348,-76.49840244,1.570792126,3,35.78999442,24.21000558
344.1309602,39.00405348,-76.49840071,1.570792215,3,35.78000036,24.21999964
344.1811715,39.00405348,-76.49839898,1.570792258,3,35.76999009,24.23000991
344.2313433,39.00405348,-76.49839725,1.5707923,3,35.75999083,24.24000917
344.2815473,39.00405348,-76.49839552,1.570792343,3,35.74999841,24.25000159
344.3317061,39.00405348,-76.49839379,1.570792384,3,35.7400063,24.2599937
344.3819302,39.00405348,-76.49839206,1.570792426,3,35.73000019,24.26999981
344.4321124,39.00405348,-76.49839032,1.570792466,3,35.71999737,24.28000263
344.4822638,39.00405348,-76.49838859,1.570792507,3,35.71000386,24.28999614
344.5324285,39.00405348,-76.49838686,1.570792547,3,35.70000292,24.29999708
344.5826586,39.00405348,-76.49838513,1.570792586,3,35.69000491,24.30999509
344.6328343,39.00405348,-76.4983834,1.570792626,3,35.68000259,24.31999741
344.6830044,39.00405348,-76.49838167,1.570792664,3,35.669999,24.330001
344.7331582,39.00405348,-76.49837993,1.570792703,3,35.66000249,24.33999751
344.7833374,39.00405348,-76.4983782,1.570792741,3,35.65000546,24.34999454
344.8334943,39.00405348,-76.49837647,1.570792778,3,35.6399986,24.3600014
344.8836802,39.00405348,-76.49837474,1.570792815,3,35.63000402,24.36999598
344.9338917,39.00405348,-76.49837301,1.570792852,3,35.62000717,24.37999283
344.9840743,39.00405348,-76.49837128,1.570792888,3,35.61000729,24.38999271
345.0342705,39.00405348,-76.49836954,1.570792925,3,35.60000768,24.39999232
345.0844479,39.00405348,-76.49836781,1.57079296,3,35.59000584,24.40999416
345.1346304,39.00405348,-76.49836608,1.570792995,3,35.57999959,24.42000041
345.1848123,39.00405348,-76.49836435,1.57079303,3,35.57000671,24.42999329
345.2350134,39.00405348,-76.49836262,1.570793065,3,35.56000061,24.43999939
345.2851767,39.00405348,-76.49836089,1.570793099,3,35.55000008,24.44999992
345.3353497,39.00405348,-76.49835915,1.570793133,3,35.53999789,24.46000211
345.3855234,39.00405348,-76.49835742,1.570793166,3,35.53000186,24.46999814
345.4356885,39.00405348,-76.49835569,1.570793199,3,35.52000084,24.47999916
345.4858421,39.00405348,-76.49835396,1.570793232,3,35.51000397,24.48999603
345.5359813,39.00405348,-76.49835223,1.570793264,3,35.49999182,24.50000818
345.5861619,39.00405348,-76.4983505,1.570793296,3,35.49000528,24.50999472
345.6363307,39.00405348,-76.49834876,1.570793328,3,35.47999251,24.52000749
345.6865112,39.00405348,-76.49834703,1.57079336,3,35.47000149,24.52999851
345.7366774,39.00405348,-76.4983453,1.570793391,3,35.46000485,24.53999515
345.7868512,39.00405348,-76.49834357,1.570793421,3,35.45000111,24.54999889
345.8370179,39.00405348,-76.49834184,1.570793452,3,35.44000108,24.55999892
345.8871806,39.00405348,-76.49834011,1.570793482,3,35.43000503,24.56999497
345.9373607,39.00405348,-76.49833837,1.570793512,3,35.41999832,24.58000168
345.9875351,39.00405348,-76.49833664,1.570793541,3,35.41000549,24.58999451
346.0377303,39.00405348,-76.49833491,1.57079357,3,35.40000326,24.59999674
346.0879659,39.00405348,-76.49833318,1.570793599,3,35.39000513,24.60999487
346.138138,39.00405348,-76.49833145,1.570793628,3,35.38000765,24.61999235
346.1882593,39.00405348,-76.49832972,1.570793656,3,35.37000853,24.62999147
346.2384368,39.00405347,-76.49832798,1.570793684,3,35.36000559,24.63999441
346.2886238,39.00405347,-76.49832625,1.570793712,3,35.350007,24.649993
346.3388178,39.00405347,-76.49832452,1.570793739,3,35.3400061,24.6599939
346.3889897,39.00405347,-76.49832279,1.570793766,3,35.33000736,24.66999264
346.4391781,39.00405347,-76.49832106,1.570793793,3,35.32000535,24.67999465
346.4893502,39.00405347,-76.49831933,1.570793819,3,35.31000347,24.68999653
346.5395361,39.00405347,-76.49831759,1.570793846,3,35.30000527,24.69999473
346.5897191,39.00405347,-76.49831586,1.570793872,3,35.29000251,24.70999749
346.6398929,39.00405347,-76.49831413,1.570793897,3,35.28000084,24.71999916
346.6901111,39.00405347,-76.4983124,1.570793923,3,35.27000045,24.72999955
346.7403281,39.00405347,-76.49831067,1.570793948,3,35.25999965,24.74000035
346.7905043,39.00405347,-76.49830894,1.570793973,3,35.25000202,24.74999798
346.8406666,39.00405347,-76.4983072,1.570793997,3,35.24000304,24.75999696
346.8908753,39.00405347,-76.49830547,1.570794022,3,35.22999978,24.77000022
346.9410671,39.00405347,-76.49830374,1.570794046,3,35.22000644,24.77999356
346.9912778,39.00405347,-76.49830201,1.57079407,3,35.21000552,24.78999448
347.0414477,39.00405347,-76.49830028,1.570794093,3,35.20000726,24.79999274
347.0916218,39.00405347,-76.49829855,1.570794117,3,35.19000417,24.80999583
347.1418438,39.00405347,-76.49829682,1.57079414,3,35.18001107,24.81998893
347.1920618,39.00405347,-76.49829508,1.570794163,3,35.17000885,24.82999115
347.2423248,39.00405347,-76.49829335,1.570794186,3,35.16001031,24.83998969
347.2924958,39.00405347,-76.49829162,1.570794208,3,35.15000752,24.84999248
347.3426648,39.00405347,-76.49828989,1.57079423,3,35.14000766,24.85999234
347.3928746,39.00405347,-76.49828816,1.570794252,3,35.13000688,24.86999312
347.4430704,39.00405347,-76.49828642,1.570794274,3,35.12000686,24.87999314
347.4932943,39.00405347,-76.49828469,1.570794295,3,35.11000873,24.88999127
347.5434939,39.00405347,-76.49828296,1.570794317,3,35.1000092,24.8999908
347.5937248,39.00405347,-76.49828123,1.570794338,3,35.09000937,24.90999063
347.64396,39.00405347,-76.4982795,1.570794358,3,35.08000834,24.91999166
347.6942051,39.00405347,-76.49827777,1.570794379,3,35.07000621,24.92999379
347.7444312,39.00405347,-76.49827604,1.570794399,3,35.06000992,24.93999008
347.7946261,39.00405347,-76.4982743,1.57079442,3,35.05000923,24.94999077
347.8448693,39.00405347,-76.49827257,1.57079444,3,35.04001057,24.95998943
347.8951088,39.00405347,-76.49827084,1.570794459,3,35.03000526,24.96999474
347.9453352,39.00405347,-76.49826911,1.570794479,3,35.02000788,24.97999212
347.9955288,39.00405347,-76.49826738,1.570794498,3,35.01001057,24.98998943
348.0457201,39.00405347,-76.49826564,1.570794517,3,35.0000088,24.9999912
348.0959039,39.00405349,-76.49826391,1.557701783,3,34.99000672,25.00999328
348.1461133,39.00405353,-76.49826218,1.544616692,3,34.98001047,25.01998953
348.1963123,39.00405358,-76.49826045,1.531524535,3,34.97000882,25.02999118
348.2464824,39.00405365,-76.49825872,1.518427266,3,34.96000327,25.03999673
348.2966871,39.00405374,-76.49825699,1.505336893,3,34.95000298,25.04999702
348.3468627,39.00405385,-76.49825527,1.492241314,3,34.93999872,25.06000128
348.3970804,39.00405397,-76.49825354,1.479156391,3,34.9300026,25.0699974
348.4472992,39.00405411,-76.49825182,1.466071968,3,34.92000686,25.07999314
348.4974913,39.00405427,-76.4982501,1.452985248,3,34.91000936,25.08999064
348.5477312,39.00405445,-76.49824839,1.439893973,3,34.90000839,25.09999161
348.5979316,39.00405464,-76.49824667,1.426800742,3,34.89000592,25.10999408
348.6481606,39.00405485,-76.49824496,1.413714796,3,34.88000902,25.11999098
348.698428,39.00405508,-76.49824325,1.400622159,3,34.870007,25.129993
348.748599,39.00405533,-76.49824155,1.387534478,3,34.86000877,25.13999123
348.7988026,39.00405559,-76.49823985,1.374446432,3,34.85001027,25.14998973
348.8489837,39.00405587,-76.49823816,1.361356894,3,34.84001062,25.15998938
348.8992054,39.00405617,-76.49823647,1.348260719,3,34.8300059,25.1699941
348.9494103,39.00405648,-76.49823479,1.335176818,3,34.82001056,25.17998944
348.999611,39.00405682,-76.49823311,1.322071967,3,34.80999922,25.19000078
349.0498367,39.00405717,-76.49823144,1.308992069,3,34.80000693,25.19999307
349.1000626,39.00405753,-76.49822977,1.295901077,3,34.79000618,25.20999382
349.1503196,39.00405792,-76.49822811,1.28281143,3,34.78000645,25.21999355
349.200537,39.00405832,-76.49822645,1.269722974,3,34.77000763,25.22999237
349.2509506,39.00405873,-76.49822481,1.256635481,3,34.76000954,25.23999046
349.3011852,39.00405917,-76.49822317,1.243535953,3,34.75000226,25.24999774
349.3514252,39.00405962,-76.49822154,1.230453603,3,34.74000811,25.25999189
349.4016438,39.00406009,-76.49821991,1.217350462,3,34.72999807,25.27000193
349.4518177,39.00406057,-76.49821829,1.20427236,3,34.72000716,25.27999284
349.50207,39.00406107,-76.49821669,1.191186185,3,34.71001008,25.28998992
349.552316,39.00406159,-76.49821509,1.17809457,3,34.70000884,25.29999116
349.6025489,39.00406212,-76.49821349,1.16500284,3,34.69000752,25.30999248
349.6527597,39.00406267,-76.49821191,1.151915328,3,34.68000942,25.31999058
349.7030229,39.00406324,-76.49821034,1.138814092,3,34.67000084,25.32999916
349.7532691,39.00406382,-76.49820878,1.125725603,3,34.66000199,25.33999801
349.8034835,39.00406442,-76.49820722,1.112644693,3,34.65000894,25.34999106
349.8537255,39.00406503,-76.49820568,1.099552368,3,34.64000716,25.35999284
349.9039359,39.00406566,-76.49820415,1.086463282,3,34.63000786,25.36999214
349.9541849,39.0040663,-76.49820263,1.073374713,3,34.62000895,25.37999105
350.0043546,39.00406696,-76.49820112,1.060286256,3,34.61001013,25.38998987
350.0545247,39.00406764,-76.49819962,1.047194966,3,34.60000915,25.39999085
350.1047713,39.00406833,-76.49819813,1.034105742,3,34.59000974,25.40999026
350.1550014,39.00406904,-76.49819665,1.021016579,3,34.58001038,25.41998962
350.2052222,39.00406976,-76.49819519,1.007925781,3,34.57000977,25.42999023
350.2554345,39.00407049,-76.49819374,0.994836867,3,34.5600106,25.4399894
350.3056516,39.00407124,-76.4981923,0.9817463712,3,34.55001022,25.44998978
350.3558499,39.00407201,-76.49819087,0.9686550349,3,34.5400092,25.4599908
350.4061427,39.00407279,-76.49818945,0.9555649663,3,34.53000915,25.46999085
350.4563469,39.00407358,-76.49818805,0.9424677537,3,34.52000364,25.47999636
350.5065275,39.00407439,-76.49818667,0.9293851177,3,34.51000926,25.48999074
350.5566853,39.00407521,-76.49818529,0.9162962345,3,34.50001012,25.49998988
350.6068784,39.00407605,-76.49818393,0.9032043409,3,34.49000867,25.50999133
350.6570559,39.0040769,-76.49818259,0.8901167356,3,34.4800105,25.5199895
350.7072639,39.00407777,-76.49818125,0.8770261321,3,34.47001004,25.52998996
350.7574249,39.00407864,-76.49817994,0.8639328125,3,34.4600075,25.5399925
350.8076039,39.00407953,-76.49817864,0.8508441058,3,34.45000849,25.54999151
350.8578102,39.00408044,-76.49817735,0.8377568173,3,34.44001056,25.55998944
350.908048,39.00408136,-76.49817608,0.8246605977,3,34.43000581,25.56999419
350.9583028,39.00408228,-76.49817482,0.8115726125,3,34.42000735,25.57999265
351.00851,39.00408323,-76.49817358,0.7984710611,3,34.40999852,25.59000148
351.0587188,39.00408418,-76.49817236,0.7853957122,3,34.40000972,25.59999028
351.1089187,39.00408515,-76.49817115,0.7723047323,3,34.39000897,25.60999103
351.1591269,39.00408613,-76.49816996,0.7592169576,3,34.38001067,25.61998933
351.209336,39.00408712,-76.49816878,0.7461265489,3,34.37001036,25.62998964
351.2595245,39.00408813,-76.49816762,0.7330379239,3,34.36001141,25.63998859
351.3096897,39.00408914,-76.49816648,0.7199407231,3,34.35000591,25.64999409
351.3598662,39.00409017,-76.49816535,0.7068535767,3,34.34000809,25.65999191
351.4100575,39.00409121,-76.49816425,0.6937608199,3,34.33000598,25.66999402
351.4602779,39.00409226,-76.49816316,0.6806753795,3,34.32000946,25.67999054
351.510495,39.00409332,-76.49816209,0.667580689,3,34.31000588,25.68999412
351.5606546,39.00409439,-76.49816103,0.6545889189,3,34.3000088,25.6999912
351.6108627,39.00409546,-76.49815997,0.656845069,3,34.29001016,25.70998984
351.6610847,39.00409653,-76.49815891,0.6590779567,3,34.28000966,25.71999034
351.7113112,39.00409761,-76.49815787,0.6459747926,3,34.2699996,25.7300004
351.7614774,39.0040987,-76.49815685,0.6328810439,3,34.25999674,25.74000326
351.8116571,39.0040998,-76.49815584,0.6198051044,3,34.25000748,25.74999252
351.8618451,39.00410091,-76.49815485,0.6067144779,3,34.240007,25.759993
351.9120224,39.00410203,-76.49815388,0.5936245865,3,34.23000708,25.76999292
351.9622336,39.00410316,-76.49815293,0.5805352049,3,34.22000756,25.77999244
352.0123937,39.0041043,-76.498152,0.5674447543,3,34.21000721,25.78999279
352.0625851,39.00410545,-76.49815109,0.5543545849,3,34.20000708,25.79999292
352.1127478,39.0041066,-76.4981502,0.5412645069,3,34.19000702,25.80999298
352.1629192,39.00410777,-76.49814932,0.5334337996,3,34.18000613,25.81999387
352.2130746,39.00410893,-76.49814844,0.5354968627,3,34.17000399,25.82999601
352.2632541,39.00411009,-76.49814755,0.5375384498,3,34.16000617,25.83999383
352.3134126,39.00411126,-76.49814668,0.5244395179,3,34.14999934,25.85000066
352.3635979,39.00411244,-76.49814583,0.5113629467,3,34.1400096,25.8599904
352.4137711,39.00411363,-76.49814501,0.4982727752,3,34.13000947,25.86999053
352.46396,39.00411482,-76.4981442,0.4851825865,3,34.12000933,25.87999067
352.5141323,39.00411602,-76.49814341,0.4720909034,3,34.11000804,25.88999196
352.5642542,39.00411724,-76.49814264,0.4590013181,3,34.10000836,25.89999164
352.6144389,39.00411845,-76.4981419,0.4459114118,3,34.09000843,25.90999157
352.6646089,39.00411968,-76.49814117,0.4328242026,3,34.08001056,25.91998944
352.7147963,39.00412091,-76.49814047,0.4197331805,3,34.07000978,25.92999022
352.7649529,39.00412215,-76.49813977,0.4106952827,3,34.06000452,25.93999548
352.815131,39.00412339,-76.49813908,0.412580987,3,34.05000153,25.94999847
352.8652941,39.00412463,-76.49813838,0.4144463282,3,34.04000856,25.95999144
352.9154923,39.00412587,-76.49813771,0.4013552333,3,34.03000773,25.96999227
352.965662,39.00412712,-76.49813705,0.3882664518,3,34.02000866,25.97999134
353.0158791,39.00412838,-76.49813642,0.3751738997,3,34.01000671,25.98999329
353.0660497,39.00412964,-76.4981358,0.362086124,3,34.00000841,25.99999159
353.1162695,39.00413091,-76.49813521,0.348976284,3,33.98999325,26.01000675
353.1664287,39.00413219,-76.49813464,0.3359056017,3,33.98000801,26.01999199
353.2165967,39.00413347,-76.49813409,0.3228167958,3,33.97000892,26.02999108
353.266769,39.00413476,-76.49813356,0.3097276435,3,33.96000957,26.03999043
353.3169663,39.00413605,-76.49813306,0.2966377427,3,33.95000964,26.04999036
353.3671519,39.00413734,-76.49813257,0.286182495,3,33.94000928,26.05999072
353.4173259,39.00413864,-76.49813208,0.2879074227,3,33.9300089,26.0699911
353.4675057,39.00413994,-76.49813158,0.2896140976,3,33.92001003,26.07998997
353.5177132,39.00414123,-76.49813106,0.3027061771,3,33.91000844,26.08999156
353.5678653,39.00414251,-76.49813053,0.3157958862,3,33.90000866,26.09999134
353.618028,39.00414379,-76.49812997,0.328885227,3,33.89000916,26.10999084
353.6682484,39.00414506,-76.49812939,0.3419745338,3,33.88000969,26.11999031
353.7184314,39.00414633,-76.4981288,0.3439163483,3,33.87000872,26.12999128
353.7685942,39.00414761,-76.49812822,0.3436088754,3,33.8600095,26.1399905
353.8187876,39.00414888,-76.49812764,0.3433046101,3,33.85000968,26.14999032
353.8689495,39.00415015,-76.49812705,0.3430034477,3,33.84000612,26.15999388
353.9191941,39.00415142,-76.49812647,0.3427052636,3,33.83000941,26.16999059
353.9693552,39.0041527,-76.49812589,0.3424103426,3,33.81999395,26.18000605
354.0195635,39.00415397,-76.49812531,0.3421179,3,33.81000708,26.18999292
354.0697256,39.00415524,-76.49812473,0.3418292901,3,33.80000439,26.19999561
354.119902,39.00415651,-76.49812413,0.3549125082,3,33.79000957,26.20999043
354.1700707,39.00415777,-76.4981235,0.3680066831,3,33.78000638,26.21999362
354.220252,39.00415902,-76.49812286,0.3810971392,3,33.77000603,26.22999397
354.2704377,39.00416027,-76.49812219,0.3941861661,3,33.76000677,26.23999323
354.3205966,39.00416151,-76.49812151,0.4072723142,3,33.75000971,26.24999029
354.3707595,39.00416275,-76.4981208,0.4203827598,3,33.7399941,26.2600059
354.4209346,39.00416397,-76.49812008,0.4334528506,3,33.7300093,26.2699907
354.4711507,39.00416519,-76.49811933,0.4465588346,3,33.71999709,26.28000291
354.5213523,39.0041664,-76.49811856,0.4596311937,3,33.71001057,26.28998943
354.5715394,39.00416761,-76.49811779,0.4591628953,3,33.70000769,26.29999231
354.6217031,39.00416882,-76.49811703,0.4562453867,3,33.69000895,26.30999105
354.6718618,39.00417004,-76.49811627,0.453356682,3,33.68000473,26.31999527
354.7220166,39.00417126,-76.49811552,0.4504938365,3,33.67000165,26.32999835
354.7722471,39.00417246,-76.49811474,0.4635747025,3,33.66000862,26.33999138
354.8224415,39.00417366,-76.49811395,0.4766649505,3,33.65000843,26.34999157
354.8725812,39.00417486,-76.49811313,0.4897559456,3,33.64000767,26.35999233
354.9227305,39.00417604,-76.4981123,0.5028439561,3,33.63000919,26.36999081
354.9728906,39.00417722,-76.49811144,0.5159352277,3,33.62000822,26.37999178
355.0230688,39.00417838,-76.49811057,0.5290303509,3,33.61000431,26.38999569
355.07328,39.00417954,-76.49810968,0.5421199804,3,33.60000459,26.39999541
355.1234397,39.00418069,-76.49810876,0.5552166152,3,33.58999952,26.41000048
355.1735836,39.00418183,-76.49810784,0.5600605731,3,33.58000551,26.41999449
355.2237299,39.00418298,-76.49810693,0.5566550932,3,33.57000264,26.42999736
355.2738728,39.00418413,-76.49810602,0.5532791075,3,33.56000961,26.43999039
355.324023,39.00418528,-76.49810511,0.5499387787,3,33.55000998,26.44999002
355.3741941,39.00418644,-76.49810421,0.5466283945,3,33.54000145,26.45999855
355.424351,39.00418759,-76.49810332,0.5433470749,3,33.53000783,26.46999217
355.4745368,39.00418875,-76.49810243,0.5401024539,3,33.52000735,26.47999265
355.5247253,39.0041899,-76.49810152,0.5531886376,3,33.51001026,26.48998974
355.5749511,39.00419104,-76.49810059,0.5662875391,3,33.50000346,26.49999654
355.6251248,39.00419217,-76.49809964,0.5793808333,3,33.49000095,26.50999905
355.6753319,39.00419329,-76.49809867,0.5924589678,3,33.48001001,26.51998999
355.7255255,39.0041944,-76.49809769,0.6055513708,3,33.47000817,26.52999183
355.7757755,39.00419659,-76.49809566,0.6317260136,3,33.45001227,26.54998773
355.8259286,39.00419768,-76.49809462,0.6448471864,3,33.43998845,26.56001155
355.8760604,39.00419874,-76.49809356,0.6579131715,3,33.4300068,26.5699932
355.9262151,39.00419981,-76.49809251,0.6553912516,3,33.42000791,26.57999209
355.9763744,39.00420089,-76.49809145,0.6524169011,3,33.41000825,26.58999175
356.026538,39.00420197,-76.49809041,0.6494720924,3,33.40000218,26.59999782
356.0766917,39.00420304,-76.49808936,0.6465549734,3,33.390003,26.609997
356.1268428,39.00420412,-76.49808832,0.6436692126,3,33.3800099,26.6199901
356.1769945,39.00420519,-76.49808727,0.6567599354,3,33.37000934,26.62999066
356.2271578,39.00420625,-76.49808619,0.6698501928,3,33.36000915,26.63999085
356.2773168,39.0042073,-76.4980851,0.6829417348,3,33.35000797,26.64999203
356.3274913,39.00420834,-76.49808399,0.6960331645,3,33.34000688,26.65999312
356.3776523,39.00420936,-76.49808286,0.7091212473,3,33.33000834,26.66999166
356.4278275,39.00421038,-76.49808172,0.7222119201,3,33.32000783,26.67999217
356.4780026,39.00421138,-76.49808055,0.7353064066,3,33.3100044,26.6899956
356.5282729,39.00421237,-76.49807938,0.7483941096,3,33.30000616,26.69999384
356.5784989,39.00421335,-76.49807818,0.7614948065,3,33.28999798,26.71000202
356.6286594,39.00421433,-76.49807698,0.7626535444,3,33.27999613,26.72000387
356.6788795,39.0042153,-76.49807579,0.7600063136,3,33.27000566,26.72999434
356.7290737,39.00421629,-76.4980746,0.7573892414,3,33.26000122,26.73999878
356.7792883,39.00421727,-76.49807342,0.7547954358,3,33.25000734,26.74999266
356.829454,39.00421824,-76.49807221,0.7678851266,3,33.24000758,26.75999242
356.8796206,39.0042192,-76.49807099,0.7809733613,3,33.23000893,26.76999107
356.9297871,39.00422015,-76.49806976,0.7940655049,3,33.22000729,26.77999271
356.9799581,39.00422108,-76.49806851,0.807154841,3,33.2100078,26.7899922
357.0301328,39.004222,-76.49806724,0.8202570464,3,33.19999847,26.80000153
357.0802551,39.00422291,-76.49806596,0.8333381349,3,33.19000528,26.80999472
357.1304273,39.00422381,-76.49806466,0.8464387554,3,33.17999717,26.82000283
357.1805884,39.00422469,-76.49806335,0.8595167178,3,33.17000636,26.82999364
357.2307553,39.00422556,-76.49806202,0.872608069,3,33.16000533,26.83999467
357.2809166,39.00422642,-76.49806069,0.8761350818,3,33.1500069,26.8499931
357.3311759,39.00422729,-76.49805936,0.8737590084,3,33.13999733,26.86000267
357.3813591,39.00422816,-76.49805804,0.8714050644,3,33.13000536,26.86999464
357.4315213,39.00422903,-76.49805672,0.8690797871,3,33.11999322,26.88000678
357.4816881,39.00422989,-76.49805538,0.882159514,3,33.11000107,26.88999893
357.5318538,39.00423074,-76.49805403,0.8952502801,3,33.10000049,26.89999951
357.582033,39.00423157,-76.49805266,0.908345782,3,33.08999628,26.91000372
357.6322361,39.00423238,-76.49805128,0.9214241833,3,33.08000514,26.91999486
357.6824451,39.00423319,-76.49804989,0.9345128282,3,33.07000618,26.92999382
357.7326116,39.00423398,-76.49804849,0.9476087773,3,33.06000163,26.93999837
357.7827728,39.00423475,-76.49804707,0.9606935102,3,33.05000566,26.94999434
357.8329306,39.00423551,-76.49804563,0.973794262,3,33.03999744,26.96000256
357.8833122,39.00423625,-76.49804419,0.9868818854,3,33.02999926,26.97000074
357.9334707,39.00423699,-76.49804274,0.9930993032,3,33.01999745,26.98000255
357.9836446,39.00423773,-76.49804129,0.9909595717,3,33.01000839,26.98999161
358.0338057,39.00423848,-76.49803984,0.9888450316,3,33.00000704,26.99999296
358.0839786,39.00423922,-76.4980384,0.9867501324,3,32.98999468,27.01000532
358.1341444,39.00423995,-76.49803694,0.9998271961,3,32.98000456,27.01999544
358.1843969,39.00424067,-76.49803547,1.012913423,3,32.97000744,27.02999256
358.2346023,39.00424137,-76.49803399,1.02601167,3,32.96000114,27.03999886
358.2848147,39.00424205,-76.4980325,1.039091971,3,32.95000855,27.04999145
358.3349927,39.00424272,-76.498031,1.052184018,3,32.94000699,27.05999301
358.3852195,39.00424337,-76.49802948,1.065278825,3,32.93000331,27.06999669
358.4354004,39.00424401,-76.49802795,1.078361557,3,32.92000887,27.07999113
358.4856187,39.00424464,-76.49802642,1.091452156,3,32.91000841,27.08999159
358.5357999,39.00424524,-76.49802487,1.10454239,3,32.90000823,27.09999177
358.5860095,39.00424584,-76.49802332,1.113640748,3,32.89000922,27.10999078
358.6362465,39.00424644,-76.49802177,1.111702647,3,32.88000908,27.11999092
358.6864664,39.00424704,-76.49802021,1.109784793,3,32.87000796,27.12999204
358.7366557,39.00424763,-76.49801865,1.122872097,3,32.86001002,27.13998998
358.7868437,39.00424819,-76.49801708,1.135963187,3,32.85000919,27.14999081
358.8370132,39.00424875,-76.4980155,1.149053014,3,32.84000932,27.15999068
358.8872345,39.00424928,-76.49801391,1.162143002,3,32.83000933,27.16999067
358.9374635,39.0042498,-76.49801232,1.175233004,3,32.82000933,27.17999067
358.9877102,39.00425031,-76.49801071,1.188325573,3,32.81000737,27.18999263
359.0379013,39.0042508,-76.49800909,1.201414793,3,32.80000796,27.19999204
359.0881145,39.00425127,-76.49800747,1.214504577,3,32.79000813,27.20999187
359.1382913,39.00425172,-76.49800584,1.227593305,3,32.7800091,27.2199909
359.1884593,39.00425216,-76.4980042,1.23798479,3,32.77000813,27.22999187
359.238654,39.00425261,-76.49800257,1.236207862,3,32.76000866,27.23999134
359.2888309,39.00425305,-76.49800093,1.23445,3,32.75000985,27.24999015
359.3390266,39.00425348,-76.49799929,1.247540286,3,32.74000963,27.25999037
359.3892643,39.0042539,-76.49799764,1.260628828,3,32.73001074,27.26998926
359.4394905,39.00425429,-76.49799599,1.273733632,3,32.71999944,27.28000056
359.4897369,39.00425467,-76.49799432,1.286819524,3,32.71000257,27.28999743
359.5399695,39.00425503,-76.49799265,1.299913698,3,32.69999939,27.30000061
359.59021,39.00425538,-76.49799098,1.313009378,3,32.68999505,27.31000495
359.6403725,39.0042557,-76.4979893,1.326098915,3,32.6799954,27.3200046
359.6905845,39.00425601,-76.49798762,1.339175302,3,32.6700058,27.3299942
359.7408544,39.00425631,-76.49798592,1.352274147,3,32.65999904,27.34000096
359.7910833,39.00425658,-76.49798423,1.364132524,3,32.64999698,27.35000302
359.8412736,39.00425686,-76.49798253,1.362498081,3,32.63999575,27.36000425
359.8914483,39.00425714,-76.49798084,1.360881075,3,32.62999798,27.37000202
359.9416756,39.00425741,-76.49797914,1.37395883,3,32.62000734,27.37999266
359.9918936,39.00425766,-76.49797744,1.38705317,3,32.61000402,27.38999598
360.042139,39.00425788,-76.49797574,1.400139147,3,32.6000071,27.3999929
360.0923727,39.0042581,-76.49797402,1.413243101,3,32.58999644,27.41000356
360.1425656,39.00425829,-76.49797231,1.42632414,3,32.58000328,27.41999672
360.1927596,39.00425847,-76.49797059,1.439411981,3,32.57000493,27.42999507
360.2429415,39.00425863,-76.49796887,1.452500586,3,32.560006,27.439994
360.2932002,39.00425877,-76.49796715,1.465593973,3,32.55000341,27.44999659
360.3434402,39.00425889,-76.49796543,1.478687756,3,32.54000052,27.45999948
360.3936754,39.004259,-76.4979637,1.491774086,3,32.53000332,27.46999668
360.4439659,39.00425911,-76.49796197,1.490656636,3,32.51999117,27.48000883
360.4942667,39.00425922,-76.49796025,1.48915936,3,32.50999909,27.49000091
360.5445187,39.00425931,-76.49795852,1.502256196,3,32.49999387,27.50000613
360.5947756,39.00425939,-76.49795679,1.515338808,3,32.48999951,27.51000049
360.6449649,39.00425944,-76.49795506,1.528418576,3,32.48000733,27.51999267
360.6952001,39.00425948,-76.49795333,1.541509891,3,32.47000632,27.52999368
360.7454291,39.0042595,-76.4979516,1.554597482,3,32.46000816,27.53999184
360.7956122,39.00425951,-76.49794987,1.567692294,3,32.45000449,27.54999551
360.8458244,39.0042595,-76.49794814,1.580778522,3,32.44000737,27.55999263
360.8960112,39.00425946,-76.49794641,1.593874457,3,32.43000284,27.56999716
360.946256,39.00425942,-76.49794468,1.60696142,3,32.42000516,27.57999484
360.9964495,39.00425935,-76.49794295,1.620050713,3,32.4100057,27.5899943
361.0466689,39.00425928,-76.49794122,1.620708432,3,32.40000828,27.59999172
361.0968609,39.0042592,-76.49793949,1.633814776,3,32.3899958,27.6100042
361.1471138,39.00425909,-76.49793776,1.646887455,3,32.38000903,27.61999097
361.1973222,39.00425897,-76.49793604,1.659982149,3,32.37000544,27.62999456
361.2475957,39.00425883,-76.49793431,1.673067102,3,32.3600093,27.6399907
361.2978233,39.00425868,-76.49793259,1.686158409,3,32.3500083,27.6499917
361.3479994,39.00425851,-76.49793088,1.699251808,3,32.3400057,27.6599943
361.3982358,39.00425832,-76.49792916,1.712350107,3,32.32999936,27.67000064
361.4484444,39.00425811,-76.49792745,1.725433808,3,32.32000418,27.67999582
361.4986595,39.00425788,-76.49792574,1.738521106,3,32.31000624,27.68999376
361.5488436,39.00425764,-76.49792404,1.751621702,3,32.29999815,27.70000185
361.5990313,39.00425739,-76.49792234,1.752432096,3,32.28999726,27.71000274
361.6492688,39.00425715,-76.49792063,1.751121156,3,32.28000782,27.71999218
361.699511,39.00425689,-76.49791893,1.764216009,3,32.27000412,27.72999588
361.7497357,39.00425662,-76.49791724,1.777303014,3,32.26000641,27.73999359
361.7999759,39.00425632,-76.49791555,1.790394736,3,32.25000509,27.74999491
361.850187,39.00425601,-76.49791386,1.80348107,3,32.24000789,27.75999211
361.9004116,39.00425568,-76.49791218,1.816576268,3,32.23000392,27.76999608
361.9506059,39.00425533,-76.49791051,1.829667068,3,32.22000331,27.77999669
362.0007866,39.00425497,-76.49790884,1.842753035,3,32.21000639,27.78999361
362.0509665,39.00425459,-76.49790718,1.855840921,3,32.200008,27.799992
362.1011747,39.00425419,-76.49790553,1.868934425,3,32.19000533,27.80999467
362.1513632,39.00425378,-76.49790388,1.882025711,3,32.18000435,27.81999565
362.2015905,39.00425336,-76.49790223,1.884749079,3,32.17000469,27.82999531
362.2518256,39.00425293,-76.49790059,1.89784772,3,32.15999809,27.84000191
362.3020466,39.00425248,-76.49789896,1.910930094,3,32.15000391,27.84999609
362.3522709,39.00425201,-76.49789733,1.924013853,3,32.14000868,27.85999132
362.402497,39.00425153,-76.49789572,1.937111443,3,32.13000288,27.86999712
362.4527203,39.00425103,-76.49789411,1.950207235,3,32.11999846,27.88000154
362.5029083,39.00425051,-76.49789251,1.963296413,3,32.10999909,27.89000091
362.5531152,39.00424998,-76.49789092,1.97637527,3,32.1000076,27.8999924
362.6033411,39.00424943,-76.49788933,1.989467858,3,32.09000562,27.90999438
362.6535586,39.00424886,-76.49788776,2.002573113,3,32.07999397,27.92000603
362.7037389,39.00424828,-76.4978862,2.015646001,3,32.07000704,27.92999296
362.7539163,39.0042477,-76.49788464,2.018646598,3,32.06000376,27.93999624
362.8041204,39.00424709,-76.49788309,2.031749043,3,32.04999426,27.95000574
362.8543245,39.00424648,-76.49788155,2.044821606,3,32.04000758,27.95999242
362.9045259,39.00424585,-76.49788002,2.057914082,3,32.03000569,27.96999431
362.954725,39.0042452,-76.4978785,2.071002841,3,32.02000663,27.97999337
363.0049038,39.00424453,-76.49787699,2.084088724,3,32.01000978,27.98999022
363.0551237,39.00424386,-76.49787549,2.097178999,3,32.00000957,27.99999043
363.1053318,39.00424316,-76.497874,2.110280619,3,31.99000069,28.00999931
363.1555006,39.00424245,-76.49787253,2.123358016,3,31.98001032,28.01998968
363.2056744,39.00424173,-76.49787107,2.136449141,3,31.97000946,28.02999054
363.2558443,39.00424099,-76.49786962,2.149537119,3,31.96001101,28.03998899
363.3060003,39.00424025,-76.49786817,2.152905485,3,31.95000837,28.04999163
363.3561511,39.00423949,-76.49786674,2.16599459,3,31.94000906,28.05999094
363.4063523,39.00423872,-76.49786532,2.179094866,3,31.93000121,28.06999879
363.4565357,39.00423793,-76.49786391,2.19217881,3,31.92000583,28.07999417
363.5066903,39.00423713,-76.49786252,2.20526856,3,31.91000602,28.08999398
363.5568374,39.00423631,-76.49786113,2.218356451,3,31.90000763,28.09999237
363.6069897,39.00423548,-76.49785977,2.231453586,3,31.89000218,28.10999782
363.6571936,39.00423464,-76.49785841,2.244532516,3,31.88001064,28.11998936
363.7073566,39.00423378,-76.49785707,2.257629673,3,31.87000517,28.12999483
363.7575103,39.00423291,-76.49785575,2.270712058,3,31.86001099,28.13998901
363.8076715,39.00423203,-76.49785444,2.283805044,3,31.85000871,28.14999129
363.8578976,39.00423114,-76.49785314,2.28759663,3,31.84001132,28.15998868
363.908077,39.00423024,-76.49785185,2.300689381,3,31.83000922,28.16999078
363.9582811,39.00422933,-76.49785057,2.313777785,3,31.82001044,28.17998956
364.0084489,39.0042284,-76.49784931,2.326868869,3,31.81000961,28.18999039
364.058646,39.00422746,-76.49784807,2.339956678,3,31.80001129,28.19998871
364.1088804,39.00422651,-76.49784684,2.353051593,3,31.79000753,28.20999247
364.1590446,39.00422554,-76.49784563,2.366136689,3,31.78001128,28.21998872
364.2092335,39.00422457,-76.49784443,2.379230191,3,31.7700086,28.2299914
364.2594011,39.00422358,-76.49784325,2.392317829,3,31.76001041,28.23998959
364.3096101,39.00422258,-76.49784209,2.405412729,3,31.75000666,28.24999334
364.3597857,39.00422156,-76.49784094,2.418497067,3,31.74001099,28.25998901
364.409929,39.00422055,-76.4978398,2.422776359,3,31.73000988,28.26999012
364.4600606,39.00421952,-76.49783868,2.435864333,3,31.72001143,28.27998857
364.5102327,39.00421848,-76.49783757,2.448956297,3,31.71000993,28.28999007
364.5604308,39.00421743,-76.49783648,2.462048146,3,31.70000851,28.29999149
364.6106901,39.00421636,-76.49783541,2.475137222,3,31.69000922,28.30999078
364.6608639,39.00421529,-76.49783436,2.488224878,3,31.68001101,28.31998899
364.7110666,39.00421421,-76.49783333,2.501315838,3,31.67001028,28.32998972
364.7612747,39.00421311,-76.49783231,2.5144047,3,31.66001115,28.33998885
364.8114781,39.00421201,-76.49783131,2.527495972,3,31.65001018,28.34998982
364.8616747,39.0042109,-76.49783033,2.540585092,3,31.64001085,28.35998915
364.911978,39.00420977,-76.49782937,2.553675329,3,31.63001067,28.36998933
364.9621325,39.00420864,-76.49782842,2.558482384,3,31.62001105,28.37998895
365.012321,39.00420751,-76.49782748,2.571574602,3,31.61000936,28.38999064
365.0625156,39.00420636,-76.49782657,2.58466223,3,31.60001117,28.39998883
365.1126805,39.0042052,-76.49782567,2.597754978,3,31.59000907,28.40999093
365.1628783,39.00420404,-76.4978248,2.610848456,3,31.58000641,28.41999359
365.2130457,39.00420286,-76.49782394,2.623937008,3,31.57000752,28.42999248
365.263267,39.00420168,-76.4978231,2.637025829,3,31.56000842,28.43999158
365.3134294,39.00420049,-76.49782229,2.650119393,3,31.5500057,28.4499943
365.3636107,39.00419929,-76.49782149,2.663207269,3,31.54000732,28.45999268
365.4138037,39.00419808,-76.49782071,2.676310183,3,31.52999745,28.47000255
365.4639733,39.00419687,-76.49781996,2.689389117,3,31.52000591,28.47999409
365.5141339,39.00419565,-76.49781921,2.694736543,3,31.51000695,28.48999305
365.56428,39.00419442,-76.49781848,2.707836691,3,31.4999992,28.5000008
365.6144495,39.00419319,-76.49781777,2.720930534,3,31.48999626,28.51000374
365.6646056,39.00419195,-76.49781709,2.734004333,3,31.48000864,28.51999136
365.7148135,39.0041907,-76.49781642,2.747100337,3,31.47000405,28.52999595
365.7649741,39.00418945,-76.49781578,2.760186253,3,31.46000717,28.53999283
365.8151945,39.00418819,-76.49781515,2.773275978,3,31.45000738,28.54999262
365.8653546,39.00418692,-76.49781455,2.786367761,3,31.44000602,28.55999398
365.9155184,39.00418565,-76.49781397,2.799463843,3,31.43000137,28.56999863
365.9656906,39.00418437,-76.49781341,2.812546303,3,31.42000713,28.57999287
366.0158854,39.00418308,-76.49781287,2.825639196,3,31.41000492,28.58999508
366.0660575,39.0041818,-76.49781234,2.831548869,3,31.40000895,28.59999105
366.1162928,39.0041805,-76.49781184,2.84464582,3,31.39000364,28.60999636
366.1664957,39.00417921,-76.49781135,2.857730068,3,31.38000804,28.61999196
366.2166467,39.0041779,-76.49781089,2.870824057,3,31.37000499,28.62999501
366.2668082,39.0041766,-76.49781045,2.883909959,3,31.36000812,28.63999188
366.3169635,39.00417529,-76.49781003,2.897000667,3,31.35000758,28.64999242
366.3671236,39.00417397,-76.49780963,2.910101018,3,31.33999967,28.66000033
366.4172839,39.00417265,-76.49780926,2.923188969,3,31.33000124,28.66999876
366.4674829,39.00417133,-76.4978089,2.936273802,3,31.32000518,28.67999482
366.5176492,39.00417,-76.49780857,2.949364507,3,31.31000465,28.68999535
366.5678927,39.00416867,-76.49780826,2.962454927,3,31.30000432,28.69999568
366.6181514,39.00416734,-76.49780797,2.968913953,3,31.29000543,28.70999457
366.6682862,39.00416601,-76.49780769,2.982004122,3,31.2800053,28.7199947
366.7184524,39.00416467,-76.49780744,2.995104897,3,31.26999707,28.73000293
366.7686144,39.00416333,-76.49780721,3.008192337,3,31.25999903,28.74000097
366.8187752,39.00416199,-76.497807,3.021276154,3,31.25000375,28.74999625
366.8689245,39.00416065,-76.49780681,3.034363789,3,31.24000556,28.75999444
366.9192088,39.0041593,-76.49780665,3.047453275,3,31.23000595,28.76999405
366.9694139,39.00415796,-76.49780651,3.060549161,3,31.22000145,28.77999855
367.0196465,39.00415661,-76.49780639,3.073637985,3,31.21000235,28.78999765
367.0698881,39.00415526,-76.4978063,3.086731752,3,31.19999948,28.80000052
367.1201383,39.00415391,-76.49780623,3.099826919,3,31.18999553,28.81000447
367.1703609,39.00415256,-76.49780618,3.112913124,3,31.17999843,28.82000157
367.2205349,39.00415121,-76.49780615,3.125991343,3,31.17000743,28.82999257
367.2707272,39.00414986,-76.49780615,3.139080966,3,31.16000772,28.83999228
367.3209177,39.00414851,-76.49780616,-3.131017637,3,31.15001023,28.84998977
367.3711635,39.00414716,-76.4978062,-3.117925269,3,31.14000842,28.85999158
367.421348,39.0041458,-76.49780627,-3.104818766,3,31.12999582,28.87000418
367.4715684,39.00414446,-76.49780635,-3.091746579,3,31.12000942,28.87999058
367.5217658,39.00414311,-76.49780646,-3.078655163,3,31.11000834,28.88999166
367.5719866,39.00414176,-76.4978066,-3.065565402,3,31.10000853,28.89999147
367.622158,39.00414041,-76.49780675,-3.052473167,3,31.09000682,28.90999318
367.6722509,39.00413907,-76.49780693,-3.039382147,3,31.08000604,28.91999396
367.7224227,39.00413773,-76.49780713,-3.026291568,3,31.0700056,28.9299944
367.7725758,39.00413639,-76.49780735,-3.013207638,3,31.06001023,28.93998977
367.8227891,39.00413505,-76.49780759,-3.000117115,3,31.05000983,28.94999017
367.8729661,39.00413372,-76.49780786,-2.987026199,3,31.04000913,28.95999087
367.9231853,39.00413238,-76.49780815,-2.973929784,3,31.03000423,28.96999577
367.9733485,39.00413105,-76.49780846,-2.960844343,3,31.02000772,28.97999228
368.0235132,39.00412973,-76.49780879,-2.947755913,3,31.01000892,28.98999108
368.07372,39.00412841,-76.49780915,-2.934661905,3,31.00000585,28.99999415
368.1239046,39.00412709,-76.49780953,-2.92156405,3,30.98999985,29.01000015
368.1741734,39.00412577,-76.49780993,-2.908482041,3,30.98000596,29.01999404
368.2243279,39.00412446,-76.49781034,-2.900121821,3,30.96999851,29.03000149
368.2745255,39.00412315,-76.49781078,-2.887047019,3,30.96001012,29.03998988
368.3246817,39.00412185,-76.49781123,-2.873956274,3,30.95000955,29.04999045
368.3749292,39.00412055,-76.49781171,-2.860866781,3,30.94000994,29.05999006
368.4251091,39.00411926,-76.49781222,-2.847766063,3,30.93000175,29.06999825
368.4752625,39.00411797,-76.49781274,-2.834678537,3,30.92000364,29.07999636
368.5254199,39.00411669,-76.49781328,-2.821570661,3,30.90998998,29.09001002
368.5755789,39.00411541,-76.49781385,-2.808506915,3,30.90001004,29.09998996
368.6257424,39.00411413,-76.49781444,-2.795359202,3,30.88996595,29.11003405
368.6759895,39.00411162,-76.49781568,-2.769228816,3,30.87000385,29.12999615
368.7261789,39.00411036,-76.49781632,-2.76203631,3,30.86000658,29.13999342
368.7763375,39.00410911,-76.49781698,-2.748948161,3,30.850008,29.149992
368.8264945,39.00410787,-76.49781766,-2.735857849,3,30.84000776,29.15999224
368.8766251,39.00410664,-76.49781837,-2.722766353,3,30.83000662,29.16999338
368.9267589,39.00410541,-76.49781909,-2.7096704,3,30.82000207,29.17999793
368.9769025,39.00410419,-76.49781984,-2.696586162,3,30.81000647,29.18999353
369.0271315,39.00410298,-76.4978206,-2.683498669,3,30.80000839,29.19999161
369.0773091,39.00410177,-76.49782139,-2.670408878,3,30.79000855,29.20999145
369.1275351,39.00410058,-76.4978222,-2.657316513,3,30.78000674,29.21999326
369.1777504,39.00409939,-76.49782302,-2.64420909,3,30.76999343,29.23000657
369.2279352,39.00409821,-76.49782387,-2.631137215,3,30.76000728,29.23999272
369.278158,39.00409704,-76.49782473,-2.618049953,3,30.75000937,29.24999063
369.3282902,39.00409588,-76.49782562,-2.60494749,3,30.73999985,29.26000015
369.3784862,39.00409473,-76.49782653,-2.59185964,3,30.73000149,29.26999851
369.4286361,39.00409359,-76.49782745,-2.578775219,3,30.72000575,29.27999425
369.4787865,39.00409245,-76.49782839,-2.565684658,3,30.71000532,29.28999468
369.5289488,39.00409133,-76.49782935,-2.552600328,3,30.70000965,29.29999035
369.5791182,39.00409022,-76.49783034,-2.539505201,3,30.69000574,29.30999426
369.6292821,39.00408911,-76.49783133,-2.526415461,3,30.68000594,29.31999406
369.6794231,39.00408802,-76.49783235,-2.513327651,3,30.67000761,29.32999239
369.7295701,39.00408694,-76.49783339,-2.50023627,3,30.66000655,29.33999345
369.779724,39.00408587,-76.49783444,-2.487148122,3,30.65000797,29.34999203
369.8298922,39.0040848,-76.49783551,-2.474056825,3,30.64000698,29.35999302
369.8800375,39.00408375,-76.4978366,-2.460969233,3,30.63000882,29.36999118
369.9302048,39.00408271,-76.49783771,-2.447868543,3,30.62000065,29.37999935
369.980343,39.00408169,-76.49783884,-2.434786068,3,30.6100064,29.3899936
370.0305157,39.00408067,-76.49783998,-2.421697639,3,30.6000076,29.3999924
370.080676,39.00407967,-76.49784114,-2.408598923,3,30.59000094,29.40999906
370.1308441,39.00407868,-76.49784231,-2.395514845,3,30.58000547,29.41999453
370.1810132,39.00407769,-76.4978435,-2.382421368,3,30.57000281,29.42999719
370.2312413,39.00407673,-76.49784471,-2.369338361,3,30.56000815,29.43999185
370.2814147,39.00407577,-76.49784594,-2.356249283,3,30.55000886,29.44999114
370.3315626,39.00407483,-76.49784717,-2.345321594,3,30.54000943,29.45999057
370.3817719,39.00407389,-76.49784843,-2.332224534,3,30.53000403,29.46999597
370.4320173,39.00407298,-76.4978497,-2.319142541,3,30.52001015,29.47998985
370.4823043,39.00407207,-76.49785098,-2.306043409,3,30.51000318,29.48999682
370.5325265,39.00407118,-76.49785228,-2.292959446,3,30.50000779,29.49999221
370.5827572,39.0040703,-76.4978536,-2.2798567,3,30.48999805,29.51000195
370.6329208,39.00406943,-76.49785492,-2.266781647,3,30.48000947,29.51999053
370.6831087,39.00406858,-76.49785627,-2.253683967,3,30.4700036,29.5299964
370.7332625,39.00406774,-76.49785763,-2.240598,3,30.46000668,29.53999332
370.7834609,39.00406691,-76.497859,-2.227504801,3,30.45000424,29.54999576
370.8336417,39.0040661,-76.49786038,-2.214422392,3,30.44001004,29.55998996
370.8838064,39.00406531,-76.49786178,-2.201330766,3,30.4300088,29.5699912
370.9339633,39.00406452,-76.49786319,-2.188240956,3,30.42000894,29.57999106
370.9841204,39.00406376,-76.49786462,-2.175148337,3,30.41000694,29.58999306
371.0342708,39.004063,-76.49786605,-2.16206094,3,30.40000893,29.59999107
371.0844176,39.00406226,-76.49786751,-2.148958553,3,30.38999947,29.61000053
371.1345811,39.00406154,-76.49786897,-2.135877219,3,30.38000609,29.61999391
371.1847832,39.00406083,-76.49787044,-2.122774286,3,30.36999621,29.63000379
371.2349575,39.00406014,-76.49787193,-2.10969305,3,30.3600029,29.6399971
371.2851268,39.00405946,-76.49787343,-2.096607682,3,30.35000644,29.64999356
371.3353481,39.0040588,-76.49787494,-2.083519488,3,30.34000782,29.65999218
371.3855637,39.00405815,-76.49787646,-2.070430401,3,30.33000852,29.66999148
371.4357682,39.00405752,-76.49787799,-2.057325559,3,30.31999718,29.68000282
371.4859423,39.0040569,-76.49787953,-2.044248601,3,30.31000714,29.68999286
371.5361659,39.0040563,-76.49788108,-2.03114874,3,30.29999961,29.70000039
371.5864388,39.00405572,-76.49788264,-2.018060431,3,30.2900009,29.7099991
371.6366523,39.00405515,-76.49788421,-2.004978172,3,30.28000681,29.71999319
371.6868939,39.0040546,-76.49788579,-1.991874799,3,30.2699966,29.7300034
371.7370712,39.00405406,-76.49788738,-1.97879138,3,30.26000163,29.73999837
371.7872554,39.00405354,-76.49788898,-1.965701305,3,30.25000157,29.74999843
371.8374151,39.00405304,-76.49789059,-1.952617261,3,30.24000612,29.75999388
371.8875828,39.00405255,-76.4978922,-1.939527088,3,30.23000599,29.76999401
371.9377455,39.00405208,-76.49789382,-1.927951531,3,30.22000779,29.77999221
371.9879049,39.00405162,-76.49789545,-1.914860278,3,30.21000684,29.78999316
372.0380708,39.00405118,-76.49789709,-1.901749648,3,30.19999108,29.80000892
372.0882827,39.00405076,-76.49789874,-1.888683778,3,30.19000951,29.80999049
372.1384433,39.00405036,-76.49790039,-1.875587679,3,30.18000485,29.81999515
372.1886029,39.00404997,-76.49790205,-1.862503344,3,30.17000918,29.82999082
372.2387646,39.0040496,-76.49790371,-1.849411665,3,30.16000789,29.83999211
372.2889187,39.00404924,-76.49790538,-1.836322485,3,30.15000852,29.84999148
372.3391029,39.0040489,-76.49790706,-1.823234205,3,30.14000984,29.85999016
372.3892715,39.00404858,-76.49790874,-1.81014363,3,30.1300094,29.8699906
372.4394335,39.00404828,-76.49791043,-1.79704007,3,30.11999904,29.88000096
372.4896019,39.004048,-76.49791212,-1.783960035,3,30.11000665,29.88999335
372.5397825,39.00404773,-76.49791382,-1.770874276,3,30.10000989,29.89999011
372.58995,39.00404748,-76.49791552,-1.757776775,3,30.09000416,29.90999584
372.6401518,39.00404724,-76.49791723,-1.744692299,3,30.08000838,29.91999162
372.6903629,39.00404703,-76.49791894,-1.731591979,3,30.0700005,29.9299995
372.7405304,39.00404683,-76.49792065,-1.718513601,3,30.06000937,29.93999063
372.7906861,39.00404665,-76.49792236,-1.705422376,3,30.05000844,29.94999156
372.8408449,39.00404648,-76.49792408,-1.692324716,3,30.04000259,29.95999741
372.8910191,39.00404634,-76.49792581,-1.679241657,3,30.03000789,29.96999211
372.9411851,39.00404621,-76.49792753,-1.666152569,3,30.02000859,29.97999141
372.99136,39.0040461,-76.49792925,-1.653062807,3,30.01000877,29.98999123
373.041527,39.004046,-76.49793098,-1.639972983,3,30.0000089,29.9999911
373.0916893,39.00404593,-76.49793271,-1.626884363,3,29.99000996,30.00999004
373.1418673,39.00404587,-76.49793444,-1.613795359,3,29.98001072,30.01998928
373.1920419,39.00404583,-76.49793617,-1.600700167,3,29.97000675,30.02999325
373.2422365,39.00404581,-76.4979379,-1.587612214,3,29.96000831,30.03999169
373.2925157,39.0040458,-76.49793964,-1.574521873,3,29.95000805,30.04999195
373.3426788,39.00404581,-76.49794137,-1.561431346,3,29.94000765,30.05999235
373.3928415,39.00404584,-76.4979431,-1.548341263,3,29.93000759,30.06999241
373.443049,39.00404589,-76.49794483,-1.535252833,3,29.92000879,30.07999121
373.4932221,39.00404596,-76.49794656,-1.522157935,3,29.91000504,30.08999496
373.5433957,39.00404604,-76.49794829,-1.5090657,3,29.90000334,30.09999666
373.5935634,39.00404614,-76.49795002,-1.495968047,3,29.88999749,30.11000251
373.6437408,39.00404626,-76.49795174,-1.48288755,3,29.88000475,30.11999525
373.6939084,39.0040464,-76.49795346,-1.46980014,3,29.87000673,30.12999327
373.7441198,39.00404655,-76.49795518,-1.456709171,3,29.86000599,30.13999401
373.7942949,39.00404672,-76.4979569,-1.443623364,3,29.85000919,30.14999081
373.8444718,39.00404691,-76.49795861,-1.430532356,3,29.84000842,30.15999158
373.8946373,39.00404712,-76.49796033,-1.417440158,3,29.83000674,30.16999326
373.9448199,39.00404734,-76.49796203,-1.404353881,3,29.82000959,30.17999041
373.9950057,39.00404758,-76.49796374,-1.391265453,3,29.81001079,30.18998921
374.0452685,39.00404784,-76.49796544,-1.378174866,3,29.80001034,30.19998966
374.0954437,39.00404812,-76.49796713,-1.365084723,3,29.79001023,30.20998977
374.1456378,39.00404841,-76.49796882,-1.351997768,3,29.78001256,30.21998744
374.1958233,39.00404872,-76.49797051,-1.338903774,3,29.77000951,30.22999049
374.2460135,39.00404905,-76.49797219,-1.3258118,3,29.760008,30.239992
374.2962505,39.00404939,-76.49797386,-1.312719571,3,29.75000629,30.24999371
374.3464262,39.00404976,-76.49797553,-1.299631992,3,29.74000814,30.25999186
374.3965816,39.00405013,-76.49797719,-1.286544768,3,29.73001027,30.26998973
374.446754,39.00405052,-76.49797885,-1.278670043,3,29.72000842,30.27999158
374.4969404,39.00405091,-76.49798051,-1.278966592,3,29.71000987,30.28999013
374.5471275,39.0040513,-76.49798217,-1.279260029,3,29.70001027,30.29998973
374.5973314,39.00405169,-76.49798383,-1.279550512,3,29.69001023,30.30998977
374.6475102,39.00405208,-76.49798549,-1.279550512,3,29.68000115,30.31999885
374.6977223,39.00405245,-76.49798715,-1.29263741,3,29.67000352,30.32999648
374.7479395,39.0040528,-76.49798882,-1.305720772,3,29.66000859,30.33999141
374.7981609,39.00405314,-76.4979905,-1.318815206,3,29.6500052,30.3499948
374.8483346,39.00405346,-76.49799218,-1.331903504,3,29.6400065,30.3599935
374.8985172,39.00405376,-76.49799387,-1.345011216,3,29.62999297,30.37000703
374.9487082,39.00405405,-76.49799556,-1.358092349,3,29.61999975,30.38000025
374.9988816,39.00405432,-76.49799726,-1.371184624,3,29.60999801,30.39000199
375.0490784,39.00405457,-76.49799896,-1.384277267,3,29.59999599,30.40000401
375.0992886,39.0040548,-76.49800067,-1.397365584,3,29.58999728,30.41000272
375.1495005,39.00405503,-76.49800237,-1.401342106,3,29.58000046,30.41999954
375.1996922,39.00405524,-76.49800408,-1.414424467,3,29.5700063,30.4299937
375.2499073,39.00405543,-76.4980058,-1.427523573,3,29.55999934,30.44000066
375.3001242,39.00405561,-76.49800752,-1.440613635,3,29.54999929,30.45000071
375.3503741,39.00405576,-76.49800923,-1.453697677,3,29.54000385,30.45999615
375.4005947,39.0040559,-76.49801096,-1.466793344,3,29.52999952,30.47000048
375.4508103,39.00405603,-76.49801268,-1.479879851,3,29.52000219,30.47999781
375.5010121,39.00405613,-76.49801441,-1.49296977,3,29.51000225,30.48999775
375.5512227,39.00405622,-76.49801614,-1.506062222,3,29.50000037,30.49999963
375.6014196,39.00405631,-76.49801786,-1.505148474,3,29.48999899,30.51000101
375.6516091,39.0040564,-76.49801959,-1.500903946,3,29.48000499,30.51999501
375.7018047,39.0040565,-76.49802132,-1.496697049,3,29.46999586,30.53000414
375.752021,39.00405661,-76.49802305,-1.492518339,3,29.459997,30.540003
375.8022459,39.00405672,-76.49802477,-1.488378516,3,29.44999898,30.55000102
375.8524442,39.00405684,-76.4980265,-1.484273607,3,29.43999935,30.56000065
375.9026445,39.00405696,-76.49802822,-1.480202611,3,29.43000665,30.56999335
375.9528346,39.00405706,-76.49802995,-1.493293377,3,29.42000606,30.57999394
376.0030608,39.00405715,-76.49803168,-1.506392796,3,29.40999887,30.59000113
376.0532801,39.00405722,-76.4980334,-1.519482176,3,29.39999934,30.60000066
376.1034846,39.00405727,-76.49803513,-1.532565631,3,29.39000434,30.60999566
376.1536841,39.0040573,-76.49803687,-1.545666024,3,29.3799964,30.6200036
376.2038847,39.00405732,-76.4980386,-1.558758321,3,29.36999464,30.63000536
376.2540815,39.00405732,-76.49804033,-1.571832541,3,29.3600067,30.6399933
376.3043196,39.0040573,-76.49804206,-1.584919076,3,29.35000935,30.64999065
376.3545486,39.00405727,-76.49804379,-1.590884343,3,29.34000045,30.65999955
376.4047795,39.00405725,-76.49804552,-1.587097802,3,29.33000733,30.66999267
376.4551154,39.00405723,-76.49804726,-1.583351309,3,29.31999857,30.68000143
376.5053289,39.00405722,-76.49804899,-1.579632918,3,29.31000707,30.68999293
376.5555452,39.00405722,-76.49805072,-1.575954801,3,29.30000056,30.69999944
376.6057497,39.00405721,-76.49805245,-1.572304891,3,29.28999713,30.71000287
376.6559509,39.00405722,-76.49805418,-1.56868975,3,29.28000674,30.71999326
376.7061742,39.0040572,-76.49805591,-1.581788263,3,29.27000024,30.72999976
376.7563846,39.00405717,-76.49805764,-1.594870384,3,29.26000626,30.73999374
376.8065894,39.00405712,-76.49805937,-1.607957361,3,29.25000857,30.74999143
376.8568109,39.00405705,-76.4980611,-1.621060074,3,29.23999886,30.76000114
376.9070218,39.00405697,-76.49806283,-1.628827613,3,29.23000274,30.76999726
376.9572779,39.0040569,-76.49806456,-1.626032221,3,29.22000155,30.77999845
377.0074845,39.00405683,-76.49806629,-1.623262677,3,29.21000375,30.78999625
377.0577131,39.00405676,-76.49806802,-1.620521159,3,29.19999742,30.80000258
377.1079615,39.0040567,-76.49806975,-1.617804218,3,29.18999826,30.81000174
377.1581631,39.00405664,-76.49807148,-1.615115953,3,29.18000626,30.81999374
377.208365,39.00405658,-76.49807321,-1.612456112,3,29.17000169,30.82999831
377.2585369,39.00405653,-76.49807494,-1.609819243,3,29.16000695,30.83999305
377.3087324,39.00405648,-76.49807667,-1.607211097,3,29.15000849,30.84999151
377.358927,39.00405643,-76.4980784,-1.604627907,3,29.14000652,30.85999348
377.4092008,39.00405639,-76.49808013,-1.602069552,3,29.13000541,30.86999459
377.4594211,39.00405635,-76.49808186,-1.600818768,3,29.11999898,30.88000102
377.50961,39.00405631,-76.49808359,-1.599736187,3,29.11000552,30.88999448
377.5597886,39.00405627,-76.49808533,-1.5986662,3,29.10000679,30.89999321
377.6099535,39.00405624,-76.49808706,-1.597606721,3,29.0900045,30.9099955
377.6601468,39.0040562,-76.49808879,-1.596557838,3,29.08000422,30.91999578
377.7103916,39.00405617,-76.49809052,-1.595520031,3,29.07000623,30.92999377
377.76059,39.00405614,-76.49809225,-1.594493214,3,29.06000718,30.93999282
377.8107683,39.00405611,-76.49809398,-1.593476932,3,29.05000469,30.94999531
377.86093,39.00405608,-76.49809571,-1.592470843,3,29.04000855,30.95999145
377.9111459,39.00405605,-76.49809744,-1.591475828,3,29.03000658,30.96999342
377.9613276,39.00405602,-76.49809918,-1.590490561,3,29.02000143,30.97999857
378.0114924,39.004056,-76.49810091,-1.589515217,3,29.01000855,30.98999145
378.061733,39.00405597,-76.49810264,-1.588551191,3,29.00000744,30.99999256
378.1119138,39.00405595,-76.49810437,-1.59018544,3,28.99000872,31.00999128
378.1621416,39.00405592,-76.4981061,-1.589979219,3,28.98000869,31.01999131
378.2122685,39.0040559,-76.49810783,-1.589775128,3,28.97000536,31.02999464
378.262507,39.00405587,-76.49810956,-1.589573104,3,28.96000444,31.03999556
378.3126752,39.00405585,-76.49811129,-1.589373242,3,28.95000764,31.04999236
378.3628777,39.00405582,-76.49811303,-1.589175553,3,28.94000721,31.05999279
378.4130771,39.0040558,-76.49811476,-1.588979859,3,28.93000334,31.06999666
378.4633117,39.00405577,-76.49811649,-1.588786145,3,28.92000742,31.07999258
378.5135407,39.00405575,-76.49811822,-1.588594611,3,28.91000516,31.08999484
378.5637002,39.00405572,-76.49811995,-1.588404959,3,28.90000984,31.09999016
378.61388,39.0040557,-76.49812168,-1.588217422,3,28.88999549,31.11000451
378.6640463,39.00405568,-76.49812341,-1.588031492,3,28.88000834,31.11999166
378.7142334,39.00405565,-76.49812515,-1.587848009,3,28.87000098,31.12999902
378.7643897,39.00405563,-76.49812688,-1.587666077,3,28.86000487,31.13999513
378.814552,39.00405561,-76.49812861,-1.587486251,3,28.85000057,31.14999943
378.8647111,39.00405559,-76.49813034,-1.58730816,3,28.84000679,31.15999321
378.9149285,39.00405556,-76.49813207,-1.587132118,3,28.82999993,31.17000007
378.9651413,39.00405554,-76.4981338,-1.586957688,3,28.82000681,31.17999319
379.0153156,39.00405552,-76.49813553,-1.586785322,3,28.81000815,31.18999185
379.0654739,39.0040555,-76.49813727,-1.586614663,3,28.80000083,31.19999917
379.1156503,39.00405548,-76.498139,-1.586445643,3,28.79000698,31.20999302
379.1658025,39.00405546,-76.49814073,-1.586278619,3,28.78000197,31.21999803
379.2160088,39.00405544,-76.49814246,-1.586113156,3,28.77000051,31.22999949
379.2662368,39.00405542,-76.49814419,-1.585949483,3,28.75999717,31.24000283
379.3163995,39.0040554,-76.49814592,-1.585787492,3,28.74999686,31.25000314
379.3665771,39.00405538,-76.49814765,-1.585627246,3,28.74000688,31.25999312
379.4167752,39.00405536,-76.49814939,-1.58546884,3,28.73000754,31.26999246
379.4669344,39.00405534,-76.49815112,-1.585311944,3,28.72000847,31.27999153
379.5171157,39.00405532,-76.49815285,-1.585156693,3,28.71000536,31.28999464
379.5673049,39.0040553,-76.49815458,-1.585003004,3,28.70000235,31.29999765
379.617521,39.00405528,-76.49815631,-1.584850926,3,28.68999686,31.31000314
379.6677608,39.00405526,-76.49815804,-1.584700402,3,28.68000601,31.31999399
379.7179263,39.00405524,-76.49815978,-1.584551673,3,28.66999747,31.33000253
379.7681401,39.00405522,-76.49816151,-1.584404237,3,28.66000737,31.33999263
379.8183378,39.00405521,-76.49816324,-1.584258615,3,28.6500099,31.3499901
379.8685027,39.00405519,-76.49816497,-1.584114409,3,28.6400066,31.3599934
379.9186714,39.00405517,-76.4981667,-1.583971628,3,28.63000426,31.36999574
379.9688508,39.00405515,-76.49816843,-1.583830356,3,28.62000162,31.37999838
380.0190651,39.00405514,-76.49817016,-1.583690558,3,28.6100042,31.3899958
380.0692613,39.00405512,-76.4981719,-1.583552296,3,28.59999963,31.40000037
380.1194835,39.0040551,-76.49817363,-1.583415382,3,28.59000513,31.40999487
380.1696442,39.00405508,-76.49817536,-1.583280039,3,28.58000805,31.41999195
380.2198149,39.00405507,-76.49817709,-1.583146077,3,28.57000529,31.42999471
380.270025,39.00405505,-76.49817882,-1.583013441,3,28.56000136,31.43999864
380.3203156,39.00405503,-76.49818055,-1.582882178,3,28.54999887,31.45000113
380.3705183,39.00405502,-76.49818228,-1.582752309,3,28.54000985,31.45999015
380.4206917,39.004055,-76.49818402,-1.582623972,3,28.53000481,31.46999519
380.4708749,39.00405499,-76.49818575,-1.582496773,3,28.51999477,31.48000523
380.5210582,39.00405497,-76.49818748,-1.582370843,3,28.50999986,31.49000014
380.5712878,39.00405496,-76.49818921,-1.582246421,3,28.5000061,31.4999939
380.6214836,39.00405494,-76.49819094,-1.582123315,3,28.49000376,31.50999624
380.6717058,39.00405493,-76.49819268,-1.582001392,3,28.47999917,31.52000083
380.7218816,39.00405491,-76.49819441,-1.581880719,3,28.47000074,31.52999926
380.7720686,39.0040549,-76.49819614,-1.581761383,3,28.46000433,31.53999567
380.8222835,39.00405488,-76.49819787,-1.581643319,3,28.4500087,31.5499913
380.8724577,39.00405487,-76.4981996,-1.5815265,3,28.43999939,31.56000061
380.9226311,39.00405485,-76.49820133,-1.581410745,3,28.43000577,31.56999423
380.972824,39.00405484,-76.49820306,-1.581296382,3,28.42000733,31.57999267
381.0230764,39.00405482,-76.4982048,-1.581183161,3,28.41000811,31.58999189
381.073285,39.00405481,-76.49820653,-1.581071117,3,28.4000078,31.5999922
381.1234937,39.0040548,-76.49820826,-1.580960233,3,28.39000103,31.60999897
381.1736546,39.00405478,-76.49820999,-1.580850439,3,28.38000484,31.61999516
381.2238182,39.00405477,-76.49821172,-1.58074191,3,28.37000978,31.62999022
381.2740252,39.00405476,-76.49821345,-1.580634528,3,28.36001031,31.63998969
381.3242976,39.00405474,-76.49821518,-1.580528224,3,28.35001005,31.64998995
381.374532,39.00405473,-76.49821692,-1.580423023,3,28.34000782,31.65999218
381.4247562,39.00405472,-76.49821865,-1.580318904,3,28.3300116,31.6699884
381.4749344,39.0040547,-76.49822038,-1.580215937,3,28.32000889,31.67999111
381.5251258,39.00405469,-76.49822211,-1.580113981,3,28.3100113,31.6899887
381.5753036,39.00405468,-76.49822384,-1.580013144,3,28.30000864,31.69999136
381.6254925,39.00405467,-76.49822558,-1.579913312,3,28.28998766,31.71001234
381.6756783,39.00405466,-76.49822731,-1.579814345,3,28.2799927,31.7200073
381.7259062,39.00405463,-76.49823077,-1.579619997,3,28.26000141,31.73999859
381.7761182,39.00405462,-76.4982325,-1.579524363,3,28.25000064,31.74999936
381.8262861,39.00405461,-76.49823423,-1.579429667,3,28.2400011,31.7599989
381.8764402,39.0040546,-76.49823597,-1.579335974,3,28.22999918,31.77000082
381.9266172,39.00405459,-76.4982377,-1.579243241,3,28.22000551,31.77999449
381.9767773,39.00405457,-76.49823943,-1.579151553,3,28.21000649,31.78999351
382.0269516,39.00405456,-76.49824116,-1.579060777,3,28.19999995,31.80000005
382.0771147,39.00405455,-76.49824289,-1.578970883,3,28.19000414,31.80999586
382.1273336,39.00405454,-76.49824462,-1.578970883,3,28.18000421,31.81999579
382.1775073,39.00405453,-76.49824635,-1.578882027,3,28.17000856,31.82999144
382.2276871,39.00405452,-76.49824809,-1.578705208,3,28.1600079,31.8399921
382.2778634,39.00405451,-76.49824982,-1.57861909,3,28.15000536,31.84999464
382.3280363,39.0040545,-76.49825155,-1.578533857,3,28.14000928,31.85999072
382.3782608,39.00405449,-76.49825328,-1.578449572,3,28.13000708,31.86999292
382.4284429,39.00405448,-76.49825501,-1.578366118,3,28.12000843,31.87999157
382.4786302,39.00405447,-76.49825674,-1.578283567,3,28.11000801,31.88999199
382.5288042,39.00405446,-76.49825847,-1.578201865,3,28.10000933,31.89999067
382.5789662,39.00405445,-76.49826021,-1.578121034,3,28.09000808,31.90999192
382.6291416,39.00405444,-76.49826194,-1.578041027,3,28.08000994,31.91999006
382.6793575,39.00405443,-76.49826367,-1.577961884,3,28.07000657,31.92999343
382.7295377,39.00405442,-76.4982654,-1.577883527,3,28.06000184,31.93999816
382.7797618,39.00405441,-76.49826713,-1.577805981,3,28.05000751,31.94999249
382.8300211,39.0040544,-76.49826887,-1.577729327,3,28.03999785,31.96000215
382.8803155,39.00405439,-76.4982706,-1.577653359,3,28.03000738,31.96999262
382.9305384,39.00405436,-76.49827233,-1.59074024,3,28.02000977,31.97999023
382.9807242,39.00405432,-76.49827406,-1.603832117,3,28.01000833,31.98999167
383.0309418,39.00405426,-76.49827579,-1.616934115,3,27.99999917,32.00000083
383.0811692,39.00405418,-76.49827752,-1.630013683,3,27.99000713,32.00999287
383.1313895,39.00405408,-76.49827924,-1.643100144,3,27.98000984,32.01999016
383.1816421,39.00405396,-76.49828097,-1.656191965,3,27.97000845,32.02999155
383.231894,39.00405383,-76.49828269,-1.669281686,3,27.96000866,32.03999134
383.2821057,39.00405368,-76.49828441,-1.682383458,3,27.94999967,32.05000033
383.3323139,39.00405351,-76.49828613,-1.695467036,3,27.94000457,32.05999543
383.3825014,39.00405333,-76.49828785,-1.708553986,3,27.9300069,32.0699931
383.432702,39.00405312,-76.49828956,-1.721641426,3,27.92000886,32.07999114
383.4828872,39.0040529,-76.49829127,-1.734747085,3,27.9099969,32.0900031
383.5330583,39.00405267,-76.49829297,-1.747820765,3,27.90000936,32.09999064
383.5832619,39.00405241,-76.49829467,-1.760914216,3,27.89000673,32.10999327
383.6335146,39.00405214,-76.49829637,-1.774050414,3,27.87997144,32.12002856
383.6837029,39.00405185,-76.49829806,-1.787107273,3,27.86999675,32.13000325
383.733914,39.00405154,-76.49829975,-1.800182681,3,27.8600079,32.1399921
383.7841012,39.00405122,-76.49830143,-1.813274152,3,27.85000678,32.14999322
383.8342825,39.00405087,-76.4983031,-1.826362653,3,27.84000792,32.15999208
383.8845886,39.00405052,-76.49830477,-1.839452069,3,27.83000837,32.16999163
383.9348017,39.00405014,-76.49830644,-1.852547299,3,27.82000437,32.17999563
383.9849659,39.00404975,-76.49830809,-1.865635087,3,27.81000606,32.18999394
384.0351446,39.00404934,-76.49830974,-1.87872346,3,27.80000731,32.19999269
384.0853171,39.00404891,-76.49831139,-1.891822597,3,27.79000033,32.20999967
384.1355222,39.00404847,-76.49831302,-1.904902251,3,27.78000823,32.21999177
384.1857153,39.00404801,-76.49831465,-1.917993478,3,27.77000729,32.22999271
384.2359259,39.00404753,-76.49831627,-1.931090217,3,27.76000214,32.23999786
384.2861804,39.00404704,-76.49831788,-1.944181147,3,27.75000143,32.24999857
384.3364167,39.00404653,-76.49831949,-1.957261249,3,27.74000899,32.25999101
384.3866555,39.00404601,-76.49832108,-1.970350867,3,27.73000929,32.26999071
384.4368865,39.00404546,-76.49832267,-1.983451332,3,27.72000129,32.27999871
384.4871099,39.00404491,-76.49832425,-1.996535678,3,27.71000561,32.28999439
384.5373322,39.00404433,-76.49832581,-2.009620068,3,27.7000099,32.2999901
384.5876288,39.00404374,-76.49832737,-2.022732562,3,27.68999271,32.31000729
384.637842,39.00404314,-76.49832892,-2.035801803,3,27.68000857,32.31999143
384.6881349,39.00404251,-76.49833046,-2.04889462,3,27.67000642,32.32999358
384.738439,39.00404188,-76.49833198,-2.061989842,3,27.66000243,32.33999757
384.788654,39.00404122,-76.4983335,-2.075086099,3,27.64999765,32.35000235
384.8388936,39.00404056,-76.498335,-2.088162136,3,27.64000832,32.35999168
384.8891576,39.00403987,-76.4983365,-2.101254863,3,27.63000623,32.36999377
384.9393864,39.00403917,-76.49833798,-2.114348445,3,27.6200035,32.3799965
384.9896106,39.00403846,-76.49833945,-2.127441878,3,27.61000087,32.38999913
385.0398505,39.00403773,-76.49834091,-2.140523182,3,27.60000752,32.39999248
385.0901184,39.00403699,-76.49834236,-2.153613495,3,27.59000728,32.40999272
385.1403153,39.00403623,-76.49834379,-2.166700444,3,27.58000961,32.41999039
385.1905714,39.00403546,-76.49834521,-2.179790924,3,27.57000924,32.42999076
385.2408177,39.0040347,-76.49834664,-2.166700591,3,27.56000899,32.43999101
385.2910496,39.00403395,-76.49834809,-2.153610796,3,27.55000914,32.44999086
385.3412983,39.00403321,-76.49834954,-2.151625606,3,27.54000922,32.45999078
385.3914742,39.00403247,-76.49835098,-2.15146459,3,27.5300005,32.4699995
385.441683,39.00403173,-76.49835243,-2.151305121,3,27.52000175,32.47999825
385.4919038,39.00403099,-76.49835388,-2.15114748,3,27.5100072,32.4899928
385.5422023,39.00403025,-76.49835533,-2.150991554,3,27.50000963,32.49999037
385.5924414,39.00402951,-76.49835678,-2.150837214,3,27.48999898,32.51000102
385.642708,39.00402877,-76.49835822,-2.15068429,3,27.48000815,32.51999185
385.6929641,39.00402803,-76.49835967,-2.150533268,3,27.47000459,32.52999541
385.7431512,39.00402729,-76.49836112,-2.150383636,3,27.4600073,32.5399927
385.7933831,39.00402655,-76.49836257,-2.150235664,3,27.45000685,32.54999315
385.8436313,39.00402581,-76.49836402,-2.150089194,3,27.44000826,32.55999174
385.8938799,39.00402508,-76.49836548,-2.136990755,3,27.43000181,32.56999819
385.9440596,39.00402437,-76.49836696,-2.123909204,3,27.42000826,32.57999174
385.9943088,39.00402368,-76.49836844,-2.110800889,3,27.40999427,32.59000573
386.0445126,39.004023,-76.49836994,-2.097730832,3,27.40000951,32.59999049
386.0947754,39.00402233,-76.49837145,-2.084627051,3,27.38999898,32.61000102
386.1449918,39.00402169,-76.49837297,-2.071536487,3,27.37999855,32.62000145
386.1951803,39.00402105,-76.49837449,-2.058460746,3,27.37000944,32.62999056
386.2453901,39.00402044,-76.49837604,-2.045366891,3,27.3600065,32.6399935
386.29564,39.00401983,-76.49837759,-2.032274535,3,27.3500047,32.6499953
386.345897,39.00401924,-76.49837914,-2.029172139,3,27.34000649,32.65999351
386.3961492,39.00401864,-76.49838069,-2.03172861,3,27.33000176,32.66999824
386.4464202,39.00401803,-76.49838224,-2.034260893,3,27.3200074,32.6799926
386.4966524,39.00401743,-76.49838379,-2.036764914,3,27.31000923,32.68999077
386.5468339,39.00401683,-76.49838534,-2.023654154,3,27.29999337,32.70000663
386.5970375,39.00401626,-76.49838691,-2.010575709,3,27.2900022,32.7099978
386.6472558,39.0040157,-76.49838849,-1.99747903,3,27.2799971,32.7200029
386.6974866,39.00401516,-76.49839007,-1.984392141,3,27.26999947,32.73000053
386.7477352,39.00401463,-76.49839167,-1.971314,3,27.26000853,32.73999147
386.7979313,39.00401412,-76.49839327,-1.958219862,3,27.25000537,32.74999463
386.848147,39.00401362,-76.49839488,-1.945129022,3,27.24000473,32.75999527
386.8984483,39.00401315,-76.4983965,-1.93204298,3,27.23000775,32.76999225
386.9486419,39.00401269,-76.49839813,-1.918947114,3,27.22000327,32.77999673
386.9988411,39.00401222,-76.49839976,-1.921585095,3,27.21000172,32.78999828
387.049063,39.00401175,-76.49840138,-1.924267413,3,27.20000694,32.79999306
387.0993053,39.00401128,-76.498403,-1.926920457,3,27.19000917,32.80999083
387.1495301,39.00401081,-76.49840463,-1.929547082,3,27.18000233,32.81999767
387.199731,39.00401033,-76.49840624,-1.932149071,3,27.17000326,32.82999674
387.2499991,39.00400987,-76.49840787,-1.919053237,3,27.1599988,32.8400012
387.3002772,39.00400943,-76.49840951,-1.90595634,3,27.14999353,32.85000647
387.3504801,39.004009,-76.49841115,-1.89285734,3,27.13998665,32.86001335
387.4006863,39.00400859,-76.4984128,-1.879795193,3,27.13000793,32.86999207
387.4508539,39.00400819,-76.49841446,-1.866689283,3,27.11999578,32.88000422
387.5010361,39.00400782,-76.49841612,-1.85361344,3,27.11000659,32.88999341
387.5512706,39.00400746,-76.49841779,-1.840508342,3,27.09999506,32.90000494
387.6014743,39.00400711,-76.49841947,-1.827384107,3,27.08996891,32.91003109
387.6516605,39.00400679,-76.49842115,-1.81432985,3,27.07999621,32.92000379
387.7019013,39.00400647,-76.49842283,-1.810343388,3,27.07000166,32.92999834
387.7521325,39.00400614,-76.49842451,-1.812730946,3,27.06000344,32.93999656
387.8023846,39.00400582,-76.49842619,-1.815094523,3,27.05000537,32.94999463
387.8525824,39.00400549,-76.49842787,-1.817433435,3,27.04000105,32.95999895
387.9028188,39.00400517,-76.49842955,-1.804345823,3,27.03000288,32.96999712
387.9530787,39.00400488,-76.49843124,-1.791260001,3,27.02000607,32.97999393
388.0032911,39.0040046,-76.49843294,-1.778173717,3,27.01000891,32.98999109
388.0534996,39.00400434,-76.49843464,-1.765071538,3,26.9999996,33.0000004
388.1037366,39.0040041,-76.49843634,-1.75198479,3,26.99000209,33.00999791
388.1540571,39.00400387,-76.49843805,-1.738887669,3,26.97999665,33.02000335
388.2043584,39.00400366,-76.49843976,-1.725813202,3,26.97000851,33.02999149
388.2545913,39.00400347,-76.49844147,-1.71272196,3,26.96000756,33.03999244
388.3047947,39.0040033,-76.49844319,-1.699626606,3,26.95000347,33.04999653
388.355054,39.00400313,-76.49844491,-1.693019715,3,26.94000778,33.05999222
388.4052899,39.00400296,-76.49844662,-1.695174431,3,26.93000819,33.06999181
388.4555228,39.00400279,-76.49844834,-1.697307352,3,26.92000502,33.07999498
388.5057831,39.00400264,-76.49845006,-1.684213575,3,26.91000213,33.08999787
388.5560635,39.00400251,-76.49845179,-1.671129428,3,26.9000066,33.0999934
388.6063507,39.00400239,-76.49845351,-1.65804418,3,26.89001023,33.10998977
388.6566417,39.00400229,-76.49845524,-1.644942292,3,26.88000115,33.11999885
388.7068978,39.00400221,-76.49845697,-1.631847876,3,26.86999778,33.13000222
388.7571767,39.00400214,-76.4984587,-1.618768604,3,26.86000597,33.13999403
388.8074359,39.00400209,-76.49846043,-1.605681955,3,26.85000853,33.14999147
388.857713,39.00400206,-76.49846216,-1.592583132,3,26.84000179,33.15999821
388.9079441,39.00400205,-76.49846389,-1.579488698,3,26.82999841,33.17000159
388.9582739,39.00400205,-76.49846562,-1.571756987,3,26.82000099,33.17999901
389.0085659,39.00400205,-76.49846735,-1.573718766,3,26.81000322,33.18999678
389.0588397,39.00400204,-76.49846908,-1.575659912,3,26.8000077,33.1999923
389.1091078,39.00400203,-76.49847082,-1.577580135,3,26.79000171,33.20999829
389.1593456,39.00400204,-76.49847255,-1.564498446,3,26.78000806,33.21999194
389.2095687,39.00400207,-76.49847428,-1.551391197,3,26.76999488,33.23000512
389.2598351,39.00400211,-76.49847601,-1.538318596,3,26.76000817,33.23999183
389.3100671,39.00400217,-76.49847774,-1.525224676,3,26.75000518,33.24999482
389.3603224,39.00400225,-76.49847947,-1.512131248,3,26.74000256,33.25999744
389.4105995,39.00400235,-76.4984812,-1.499043677,3,26.73000441,33.26999559
389.4608169,39.00400246,-76.49848292,-1.485941395,3,26.71999503,33.28000497
389.5110639,39.00400259,-76.49848465,-1.47285801,3,26.71000008,33.28999992
389.5613386,39.00400274,-76.49848637,-1.459772667,3,26.70000364,33.29999636
389.6115784,39.00400291,-76.49848808,-1.448985551,3,26.690009,33.309991
389.6617932,39.00400307,-76.4984898,-1.450768761,3,26.68000781,33.31999219
389.7120732,39.00400323,-76.49849152,-1.452534272,3,26.67000213,33.32999787
389.7623416,39.00400341,-76.49849324,-1.439446313,3,26.66000369,33.33999631
389.812592,39.0040036,-76.49849496,-1.426348248,3,26.64999753,33.35000247
389.8628271,39.00400381,-76.49849666,-1.413272258,3,26.64000823,33.35999177
389.91307,39.00400404,-76.49849837,-1.400179242,3,26.63000593,33.36999407
389.9633587,39.00400429,-76.49850007,-1.387092029,3,26.62000805,33.37999195
390.0135554,39.00400455,-76.49850177,-1.373999858,3,26.6100064,33.3899936
390.0637778,39.00400484,-76.49850346,-1.360912523,3,26.60000843,33.39999157
390.1140596,39.00400513,-76.49850515,-1.347813729,3,26.59000171,33.40999829
390.1642943,39.00400545,-76.49850684,-1.334727959,3,26.58000495,33.41999505
390.2145161,39.00400578,-76.49850852,-1.322510876,3,26.57000099,33.42999901
390.2647259,39.00400611,-76.4985102,-1.324156509,3,26.56000346,33.43999654
390.3149595,39.00400644,-76.49851188,-1.32578367,3,26.55000647,33.44999353
390.3652074,39.00400678,-76.49851355,-1.312688682,3,26.54000265,33.45999735
390.4154461,39.00400715,-76.49851522,-1.29959953,3,26.5300033,33.4699967
390.4656399,39.00400753,-76.49851688,-1.286504001,3,26.51999908,33.48000092
390.5158526,39.00400792,-76.49851854,-1.273410563,3,26.50999645,33.49000355
390.566078,39.00400833,-76.49852018,-1.260332947,3,26.50000591,33.49999409
390.6163219,39.00400876,-76.49852183,-1.247239241,3,26.49000308,33.50999692
390.6665628,39.00400921,-76.49852346,-1.234154787,3,26.48000732,33.51999268
390.7167724,39.00400967,-76.49852509,-1.22106109,3,26.47000449,33.52999551
390.7669733,39.00401015,-76.49852671,-1.2079735,3,26.46000634,33.53999366
390.8172199,39.00401065,-76.49852832,-1.194871861,3,26.44999744,33.55000256
390.8674602,39.00401114,-76.49852993,-1.195739706,3,26.44000638,33.55999362
390.9176905,39.00401166,-76.49853153,-1.182651571,3,26.4300078,33.5699922
390.967958,39.00401218,-76.49853313,-1.169561911,3,26.42000806,33.57999194
391.0182448,39.00401273,-76.49853471,-1.156455764,3,26.40999572,33.59000428
391.0684969,39.00401329,-76.49853629,-1.143369689,3,26.39999872,33.60000128
391.1187254,39.00401386,-76.49853785,-1.13028672,3,26.39000409,33.60999591
391.1689654,39.00401446,-76.49853941,-1.117180814,3,26.37999194,33.62000806
391.21921,39.00401506,-76.49854096,-1.104100386,3,26.36999926,33.63000074
391.2694218,39.00401569,-76.49854249,-1.091014015,3,26.36000203,33.63999797
391.3196259,39.00401633,-76.49854402,-1.077916242,3,26.34999609,33.65000391
391.3698293,39.00401698,-76.49854553,-1.064830512,3,26.33999935,33.66000065
391.4201105,39.00401764,-76.49854705,-1.065580071,3,26.32999846,33.67000154
391.4704089,39.00401829,-76.49854857,-1.066989046,3,26.31999595,33.68000405
391.5206024,39.00401896,-76.49855007,-1.053908061,3,26.31000283,33.68999717
391.5708776,39.00401964,-76.49855156,-1.040816157,3,26.30000138,33.69999862
391.6210707,39.00402034,-76.49855305,-1.027719469,3,26.28999627,33.71000373
391.6713081,39.00402105,-76.49855452,-1.01463025,3,26.27999687,33.72000313
391.7215218,39.00402178,-76.49855598,-1.001539206,3,26.26999607,33.73000393
391.771749,39.00402252,-76.49855742,-0.9884624008,3,26.26000615,33.73999385
391.8220239,39.00402328,-76.49855886,-0.9753722898,3,26.25000606,33.74999394
391.8723074,39.00402405,-76.49856028,-0.9622821152,3,26.24000593,33.75999407
391.9225534,39.00402484,-76.49856168,-0.9491838355,3,26.2299996,33.7700004
391.9727759,39.00402564,-76.49856308,-0.936089182,3,26.21999605,33.78000395
392.0229901,39.00402644,-76.49856447,-0.9349333278,3,26.210008,33.789992
392.0731819,39.00402726,-76.49856585,-0.9218421107,3,26.20000707,33.79999293
392.1234436,39.00402809,-76.49856722,-0.9087424084,3,26.18999965,33.81000035
392.1736348,39.00402893,-76.49856857,-0.8956526909,3,26.17999987,33.82000013
392.2238313,39.00402979,-76.49856991,-0.8825800406,3,26.17001312,33.82998688
392.2740197,39.00403066,-76.49857123,-0.8694838127,3,26.16000837,33.83999163
392.3242504,39.00403155,-76.49857254,-0.8563952298,3,26.15000945,33.84999055
392.3744829,39.00403245,-76.49857383,-0.8433068637,3,26.1400107,33.8599893
392.4246663,39.00403336,-76.49857511,-0.8302161055,3,26.13001012,33.86998988
392.4748705,39.00403428,-76.49857637,-0.8171257212,3,26.12000982,33.87999018
392.5251034,39.00403522,-76.49857762,-0.8040360477,3,26.11001007,33.88998993
392.5753283,39.00403616,-76.49857886,-0.802591483,3,26.10000613,33.89999387
392.625553,39.0040371,-76.49858011,-0.803829241,3,26.09000886,33.90999114
392.6757822,39.00403805,-76.49858134,-0.7907225871,3,26.07999613,33.92000387
392.7260245,39.00403999,-76.49858376,-0.7645350449,3,26.05999037,33.94000963
392.7762813,39.00404097,-76.49858494,-0.7514504623,3,26.04999451,33.95000549
392.8264799,39.00404197,-76.4985861,-0.7383746802,3,26.04000537,33.95999463
392.8766611,39.00404298,-76.49858725,-0.7252831879,3,26.03000423,33.96999577
392.926845,39.00404401,-76.49858838,-0.712192309,3,26.02000356,33.97999644
392.9770164,39.00404504,-76.4985895,-0.699101398,3,26.01000287,33.98999713
393.0272291,39.00404609,-76.4985906,-0.6860106707,3,26.00000231,33.99999769
393.0773994,39.00404714,-76.49859167,-0.6729182202,3,25.99000044,34.00999956
393.1275827,39.0040482,-76.49859275,-0.6695199211,3,25.9800077,34.0199923
393.1777732,39.00404927,-76.49859381,-0.6564217919,3,25.97000149,34.02999851
393.2279528,39.00405035,-76.49859484,-0.6433403656,3,25.96000804,34.03999196
393.2781285,39.00405145,-76.49859586,-0.6302500666,3,25.95000781,34.04999219
393.3283143,39.00405255,-76.49859687,-0.6171301581,3,25.93998496,34.06001504
393.3785184,39.00405366,-76.49859785,-0.6040639083,3,25.93000311,34.06999689
393.4287148,39.00405478,-76.49859882,-0.590960923,3,25.91999319,34.08000681
393.4788972,39.00405591,-76.49859976,-0.5778904051,3,25.91000807,34.08999193
393.5291016,39.00405706,-76.49860069,-0.5647900991,3,25.9000002,34.0999998
393.5793025,39.00405821,-76.4986016,-0.5517067643,3,25.89000529,34.10999471
393.6294916,39.00405937,-76.49860248,-0.5386117715,3,25.88000147,34.11999853
393.6796908,39.00406053,-76.49860337,-0.5348847499,3,25.87000046,34.12999954
393.7298943,39.0040617,-76.49860423,-0.5218010499,3,25.86000527,34.13999473
393.7800775,39.00406288,-76.49860507,-0.5087141373,3,25.85000763,34.14999237
393.8302862,39.00406407,-76.4986059,-0.4956104792,3,25.8399972,34.1600028
393.8805152,39.00406526,-76.4986067,-0.482532234,3,25.83000618,34.16999382
393.9307714,39.00406647,-76.49860748,-0.469442778,3,25.82000659,34.17999341
393.980976,39.00406768,-76.49860825,-0.4563534432,3,25.8100071,34.1899929
394.0311847,39.0040689,-76.49860899,-0.4432639535,3,25.80000749,34.19999251
394.0813814,39.00407013,-76.49860971,-0.4301718654,3,25.7900059,34.2099941
394.1315885,39.00407137,-76.49861041,-0.4170839522,3,25.78000749,34.21999251
394.1817794,39.00407261,-76.49861109,-0.4039947541,3,25.7700081,34.2299919
394.2319515,39.00407385,-76.49861177,-0.3998543277,3,25.76000918,34.23999082
394.2821278,39.00407511,-76.49861242,-0.3867494187,3,25.74999779,34.25000221
394.3322505,39.00407636,-76.49861305,-0.3736640638,3,25.74000134,34.25999866
394.3824424,39.00407763,-76.49861366,-0.3605639057,3,25.72999358,34.27000642
394.4326376,39.0040789,-76.49861425,-0.3474742639,3,25.71999385,34.28000615
394.4829378,39.00408017,-76.49861482,-0.334388271,3,25.70999691,34.29000309
394.5331185,39.00408146,-76.49861537,-0.3213035858,3,25.70000097,34.29999903
394.5833098,39.00408274,-76.49861589,-0.3082177117,3,25.69000412,34.30999588
394.6335007,39.00408404,-76.4986164,-0.2951259972,3,25.68000281,34.31999719
394.6837243,39.00408533,-76.49861688,-0.2820353938,3,25.67000235,34.32999765
394.7339192,39.00408664,-76.49861734,-0.2689364646,3,25.65999553,34.34000447
394.7841332,39.00408794,-76.49861779,-0.2643817171,3,25.65000403,34.34999597
394.8343613,39.00408925,-76.49861822,-0.2512863002,3,25.63999989,34.36000011
394.8845328,39.00409056,-76.49861863,-0.2382020169,3,25.63000426,34.36999574
394.9347212,39.00409188,-76.49861902,-0.2251103426,3,25.62000298,34.37999702
394.9848925,39.0040932,-76.49861938,-0.2120281613,3,25.61000895,34.38999105
395.0351,39.00409453,-76.49861972,-0.1989242382,3,25.59999832,34.40000168
395.0852889,39.00409585,-76.49862004,-0.1858349909,3,25.58999889,34.41000111
395.1354993,39.00409718,-76.49862034,-0.1727492559,3,25.58000215,34.41999785
395.1857248,39.00409852,-76.49862062,-0.1596645191,3,25.57000617,34.42999383
395.2359163,39.00409986,-76.49862087,-0.1465616011,3,25.5599963,34.4400037
395.2861307,39.0041012,-76.4986211,-0.1334689214,3,25.54999426,34.45000574
395.3363164,39.00410253,-76.49862132,-0.1284245018,3,25.54000527,34.45999473
395.386506,39.00410388,-76.49862152,-0.1153256268,3,25.52999849,34.47000151
395.4367068,39.00410522,-76.4986217,-0.102249653,3,25.52000921,34.47999079
395.4869485,39.00410657,-76.49862185,-0.08915966868,3,25.51000922,34.48999078
395.5371451,39.00410791,-76.49862198,-0.07606240242,3,25.50000367,34.49999633
395.587345,39.00410926,-76.49862209,-0.06296709024,3,25.48999961,34.51000039
395.6375338,39.00411061,-76.49862218,-0.04987462199,3,25.47999772,34.52000228
395.6877693,39.00411196,-76.49862224,-0.0367823603,3,25.46999599,34.53000401
395.7380019,39.00411331,-76.49862228,-0.02369058687,3,25.45999464,34.54000536
395.7882506,39.00411466,-76.4986223,-0.01061404129,3,25.45000492,34.54999508
395.8384596,39.00411602,-76.4986223,0.002483336495,3,25.43999928,34.56000072
395.8886883,39.00411737,-76.49862228,0.008037846995,3,25.43000847,34.56999153
395.9388952,39.00411872,-76.49862225,0.02114433882,3,25.41999587,34.58000413
395.9891141,39.00412007,-76.49862219,0.03423290625,3,25.40999697,34.59000303
396.0393366,39.00412142,-76.49862211,0.04731841979,3,25.40000039,34.59999961
396.0895398,39.00412312,-76.49862197,0.06386423529,3,25.38736035,34.61263965
396.1397808,39.00412411,-76.49862187,0.0734903807,3,25.38000653,34.61999347
396.1900006,39.00412546,-76.49862172,0.08659259812,3,25.3699972,34.6300028
396.2403373,39.0041268,-76.49862155,0.0996755413,3,25.36000259,34.63999741
396.2905887,39.00412815,-76.49862136,0.1127686735,3,25.3500002,34.6499998
396.3407968,39.00412949,-76.49862114,0.1258518065,3,25.34000545,34.65999455
396.3910507,39.00413082,-76.4986209,0.138945573,3,25.33000257,34.66999743
396.441319,39.00413216,-76.49862065,0.1450041064,3,25.32000681,34.67999319
396.4915651,39.0041335,-76.49862038,0.1580981766,3,25.3100037,34.6899963
396.5418045,39.00413483,-76.49862008,0.1711994185,3,25.29999511,34.70000489
396.5920525,39.00413616,-76.49861976,0.1842864652,3,25.28999737,34.71000263
396.6423317,39.00413748,-76.49861942,0.1973662688,3,25.28000516,34.71999484
396.6925949,39.0041388,-76.49861906,0.2104675951,3,25.26999651,34.73000349
396.7428507,39.00414012,-76.49861868,0.2235582627,3,25.259996,34.740004
396.7930528,39.00414143,-76.49861827,0.2366417787,3,25.25000095,34.74999905
396.8433347,39.00414274,-76.49861784,0.2497237184,3,25.24000711,34.75999289
396.8935733,39.00414405,-76.49861739,0.2628179873,3,25.23000385,34.76999615
396.9438237,39.00414535,-76.49861692,0.2759035773,3,25.22000722,34.77999278
396.9941778,39.00414664,-76.49861643,0.2890061146,3,25.20999764,34.79000236
397.0444418,39.00414793,-76.49861591,0.3020839969,3,25.2000069,34.7999931
397.0946566,39.00414922,-76.49861538,0.3151873312,3,25.18999671,34.81000329
397.144913,39.0041505,-76.49861482,0.328264482,3,25.18000652,34.81999348
397.1951978,39.00415177,-76.49861424,0.3413664518,3,25.16999738,34.83000262
397.245465,39.00415304,-76.49861364,0.3544435529,3,25.16000723,34.83999277
397.2957561,39.0041543,-76.49861302,0.3675374927,3,25.15000422,34.84999578
397.3460166,39.00415555,-76.49861237,0.3806244017,3,25.14000659,34.85999341
397.3963002,39.0041568,-76.49861171,0.3937290216,3,25.12999542,34.87000458
397.4465207,39.00415804,-76.49861102,0.4068064146,3,25.12000505,34.87999495
397.4967941,39.00415927,-76.49861032,0.4198968987,3,25.11000468,34.88999532
397.5470773,39.0041605,-76.49860959,0.4329952454,3,25.0999983,34.9000017
397.5973681,39.00416172,-76.49860884,0.4460825667,3,25.09000035,34.90999965
397.6476104,39.00416293,-76.49860808,0.4591639464,3,25.08000693,34.91999307
397.6978513,39.00416413,-76.49860729,0.4722674398,3,25.06999663,34.93000337
397.748116,39.00416533,-76.49860648,0.4853455489,3,25.06000571,34.93999429
397.7984972,39.00416652,-76.49860565,0.4984477802,3,25.04999637,34.95000363
397.8487579,39.00416769,-76.4986048,0.511521819,3,25.04000856,34.95999144
397.8990152,39.00416886,-76.49860394,0.524617526,3,25.0300042,34.9699958
397.9492818,39.00417002,-76.49860305,0.537715087,3,25.01999842,34.98000158
397.9994681,39.00417118,-76.49860214,0.5508079736,3,25.00999622,34.99000378
398.0497147,39.00417232,-76.49860123,0.5577640006,3,25.00000879,34.99999121
398.0999071,39.00417346,-76.49860029,0.5708669492,3,24.9899989,35.0100011
398.1501713,39.00417459,-76.49859934,0.5839693659,3,24.97998942,35.02001058
398.2003597,39.0041757,-76.49859836,0.5970621514,3,24.96998729,35.03001271
398.2505706,39.00417681,-76.49859737,0.6101395455,3,24.95999692,35.04000308
398.3007545,39.00417791,-76.49859636,0.6232236998,3,24.95000138,35.04999862
398.3509701,39.00417899,-76.49859533,0.636308963,3,24.940005,35.059995
398.401207,39.00418007,-76.49859428,0.6494021701,3,24.93000255,35.06999745
398.4514398,39.00418114,-76.49859322,0.6624867403,3,24.9200067,35.0799933
398.5016598,39.00418219,-76.49859214,0.6755820198,3,24.91000267,35.08999733
398.5519675,39.00418323,-76.49859103,0.6886747828,3,24.90000056,35.09999944
398.6021642,39.00418427,-76.49858993,0.6954302977,3,24.89000306,35.10999694
398.6525519,39.0041853,-76.4985888,0.7085202864,3,24.88000307,35.11999693
398.7027749,39.00418631,-76.49858765,0.7216155151,3,24.86999907,35.13000093
398.7530448,39.00418731,-76.49858649,0.7347008875,3,24.86000261,35.13999739
398.8032976,39.00418831,-76.49858532,0.7478039267,3,24.84999265,35.15000735
398.8535194,39.00418928,-76.49858412,0.7608819444,3,24.8400018,35.1599982
398.9037161,39.00419025,-76.49858291,0.7739737812,3,24.8300004,35.1699996
398.9539663,39.0041912,-76.49858168,0.7870660389,3,24.81999867,35.18000133
399.0042783,39.00419214,-76.49858044,0.8001563107,3,24.80999847,35.19000153
399.0545645,39.00419307,-76.49857918,0.8132493117,3,24.79999617,35.20000383
399.1048386,39.00419399,-76.49857791,0.8263412951,3,24.78999466,35.21000534
399.1552645,39.00419489,-76.49857662,0.839431449,3,24.77999454,35.22000546
399.2054528,39.00419578,-76.49857532,0.8525056759,3,24.77000659,35.22999341
399.2557105,39.00419666,-76.498574,0.8656019931,3,24.76000176,35.23999824
399.3060471,39.00419752,-76.49857266,0.8787060884,3,24.749991,35.250009
399.3563194,39.00419837,-76.49857132,0.8917867434,3,24.73999814,35.26000186
399.4065308,39.0041992,-76.49856996,0.9048817959,3,24.72999428,35.27000572
399.4567759,39.00420002,-76.49856858,0.9179737204,3,24.71999281,35.28000719
399.5070302,39.00420083,-76.49856719,0.9310628604,3,24.70999346,35.29000654
399.5572885,39.00420162,-76.49856579,0.9441360403,3,24.70000631,35.29999369
399.6075148,39.0042024,-76.49856437,0.9572301081,3,24.6900032,35.3099968
399.6578036,39.00420316,-76.49856295,0.9703175548,3,24.68000515,35.31999485
399.7080576,39.00420391,-76.4985615,0.9834134778,3,24.67000063,35.32999937
399.7583612,39.00420464,-76.49856005,0.9965053936,3,24.65999917,35.34000083
399.8086207,39.00420536,-76.49855858,1.009585398,3,24.6500068,35.3499932
399.8590631,39.00420607,-76.49855711,1.022675071,3,24.64000705,35.35999295
399.9092567,39.00420676,-76.49855562,1.035771602,3,24.63000206,35.36999794
399.9594429,39.00420743,-76.49855411,1.04886717,3,24.61999781,35.38000219
400.0096678,39.00420809,-76.4985526,1.061950946,3,24.61000256,35.38999744
400.0599351,39.00420873,-76.49855108,1.075036548,3,24.60000592,35.39999408
400.1101491,39.00420936,-76.49854954,1.088144788,3,24.58999199,35.41000801
400.1603863,39.00420997,-76.498548,1.101219343,3,24.58000379,35.41999621
400.2106119,39.00421057,-76.49854645,1.110884639,3,24.57000092,35.42999908
400.2608313,39.00421115,-76.49854489,1.123978524,3,24.55999796,35.44000204
400.3110558,39.00421172,-76.49854332,1.137059454,3,24.55000488,35.44999512
400.3613486,39.00421227,-76.49854174,1.150147408,3,24.54000645,35.45999355
400.4116074,39.00421281,-76.49854014,1.163249569,3,24.52999716,35.47000284
400.4618367,39.00421333,-76.49853855,1.176334773,3,24.52000082,35.47999918
400.5121124,39.00421383,-76.49853694,1.189416383,3,24.51000723,35.48999277
400.5623871,39.00421432,-76.49853533,1.202504834,3,24.50000841,35.49999159
400.6125713,39.00421479,-76.4985337,1.215636641,3,24.48997648,35.51002352
400.6627804,39.00421524,-76.49853207,1.228703962,3,24.4799938,35.5200062
400.7130284,39.00421568,-76.49853043,1.241779666,3,24.47000472,35.52999528
400.7633127,39.0042161,-76.49852878,1.25488051,3,24.45999644,35.54000356
400.8135442,39.0042165,-76.49852713,1.267960765,3,24.45000388,35.54999612
400.8637437,39.00421689,-76.49852547,1.281059341,3,24.43999733,35.56000267
400.9139644,39.00421725,-76.49852381,1.294143673,3,24.43000166,35.56999834
400.964234,39.00421761,-76.49852213,1.307237062,3,24.41999907,35.58000093
401.0144655,39.00421794,-76.49852046,1.320328733,3,24.4099978,35.5900022
401.0647072,39.00421826,-76.49851877,1.333412671,3,24.40000243,35.59999757
401.114959,39.00421856,-76.49851708,1.346511782,3,24.38999547,35.61000453
401.1652064,39.00421884,-76.49851539,1.359595846,3,24.38,35.62
401.2154163,39.00421911,-76.4985137,1.372674125,3,24.37000895,35.62999105
401.2656703,39.00421936,-76.49851199,1.38577154,3,24.36000329,35.63999671
401.3159083,39.00421959,-76.49851029,1.398863056,3,24.35000213,35.64999787
401.3661346,39.0042198,-76.49850858,1.411958032,3,24.33999833,35.66000167
401.4163438,39.00422,-76.49850686,1.425042935,3,24.33000222,35.66999778
401.4665962,39.00422018,-76.49850515,1.438129527,3,24.32000483,35.67999517
401.5168527,39.00422034,-76.49850343,1.451217374,3,24.31000647,35.68999353
401.5670743,39.00422048,-76.4985017,1.464318947,3,24.29999763,35.70000237
401.6173465,39.00422061,-76.49849998,1.477397881,3,24.29000609,35.70999391
401.6676163,39.00422072,-76.49849825,1.490496599,3,24.27999943,35.72000057
401.7178279,39.00422081,-76.49849653,1.503581498,3,24.27000332,35.72999668
401.7680447,39.00422088,-76.4984948,1.516668778,3,24.2600054,35.7399946
401.8182865,39.00422094,-76.49849307,1.527327413,3,24.25000636,35.74999364
401.8685052,39.00422098,-76.49849134,1.540417031,3,24.24000665,35.75999335
401.918775,39.004221,-76.49848961,1.553507486,3,24.23000631,35.76999369
401.9690218,39.00422101,-76.49848787,1.566608434,3,24.21999794,35.78000206
402.0193329,39.004221,-76.49848614,1.579687025,3,24.21000666,35.78999334
402.0695678,39.00422097,-76.49848441,1.592790917,3,24.19999605,35.80000395
402.119823,39.00422092,-76.49848268,1.605888285,3,24.18999042,35.81000958
402.17012,39.00422085,-76.49848095,1.618972556,3,24.17999479,35.82000521
402.2204354,39.00422077,-76.49847922,1.632050221,3,24.17000422,35.82999578
402.2706713,39.00422067,-76.4984775,1.645139762,3,24.16000457,35.83999543
402.3208926,39.00422055,-76.49847577,1.65823418,3,24.15000119,35.84999881
402.3711787,39.00422042,-76.49847405,1.671322354,3,24.14000259,35.85999741
402.4214092,39.00422026,-76.49847233,1.684414026,3,24.13000131,35.86999869
402.4716392,39.00422009,-76.49847061,1.697499649,3,24.12000465,35.87999535
402.5218973,39.00421991,-76.4984689,1.71058801,3,24.11000591,35.88999409
402.5721278,39.0042197,-76.49846718,1.723676909,3,24.10000675,35.89999325
402.6223843,39.00421948,-76.49846547,1.736780712,3,24.0899962,35.9100038
402.6726113,39.00421924,-76.49846377,1.749856261,3,24.08000724,35.91999276
402.7228282,39.00421898,-76.49846207,1.762947271,3,24.07000647,35.92999353
402.7730587,39.0042187,-76.49846038,1.776037658,3,24.06000617,35.93999383
402.8233088,39.00421841,-76.49845869,1.78912882,3,24.05000529,35.94999471
402.8735742,39.0042181,-76.498457,1.80221874,3,24.04000535,35.95999465
402.9238378,39.00421777,-76.49845532,1.815311461,3,24.03000327,35.96999673
402.9740321,39.00421743,-76.49845365,1.828400883,3,24.02000371,35.97999629
403.024312,39.00421707,-76.49845198,1.841483743,3,24.01000917,35.98999083
403.0745818,39.00421669,-76.49845031,1.854584602,3,24.00000087,35.99999913
403.1248139,39.00421629,-76.49844866,1.867665386,3,23.99000791,36.00999209
403.1750405,39.00421588,-76.49844701,1.880762628,3,23.98000238,36.01999762
403.2252825,39.00421545,-76.49844537,1.893846449,3,23.9700071,36.0299929
403.2755359,39.00421501,-76.49844373,1.906935568,3,23.96000777,36.03999223
403.3258224,39.00421454,-76.49844211,1.920014906,3,23.95001592,36.04998408
403.3760345,39.00421357,-76.49843887,1.944894098,3,23.93000273,36.06999727
403.4262976,39.00421306,-76.49843727,1.95800372,3,23.91998774,36.08001226
403.4764648,39.00421253,-76.49843568,1.97108008,3,23.90999816,36.09000184
403.526679,39.00421199,-76.49843409,1.984168043,3,23.89999972,36.10000028
403.576863,39.00421143,-76.49843251,1.997253225,3,23.8900034,36.1099966
403.6271402,39.00421086,-76.49843095,2.010343136,3,23.88000347,36.11999653
403.6773605,39.00421027,-76.49842939,2.023446771,3,23.86999305,36.13000695
403.727599,39.00420966,-76.49842784,2.036531833,3,23.85999682,36.14000318
403.7777844,39.00420904,-76.49842631,2.049611361,3,23.85000482,36.14999518
403.8280075,39.0042084,-76.49842478,2.06270018,3,23.84000573,36.15999427
403.8782451,39.00420774,-76.49842326,2.075804374,3,23.82999488,36.17000512
403.928463,39.00420708,-76.49842176,2.088883494,3,23.82000319,36.17999681
403.9786874,39.00420639,-76.49842027,2.101968834,3,23.81000675,36.18999325
404.0289295,39.00420569,-76.49841878,2.11506969,3,23.79999846,36.20000154
404.0791614,39.00420498,-76.49841731,2.128155414,3,23.79000173,36.20999827
404.1293686,39.00420425,-76.49841586,2.141253171,3,23.7799958,36.2200042
404.1795627,39.0042035,-76.49841441,2.154330431,3,23.77000553,36.22999447
404.2297574,39.00420274,-76.49841298,2.167430344,3,23.75999796,36.24000204
404.279999,39.00420197,-76.49841156,2.180518686,3,23.74999923,36.25000077
404.3302249,39.00420118,-76.49841015,2.193607024,3,23.7400005,36.2599995
404.3803909,39.00420038,-76.49840876,2.206702389,3,23.7299964,36.2700036
404.4305945,39.00419956,-76.49840738,2.21978296,3,23.7200036,36.2799964
404.4808251,39.00419873,-76.49840602,2.232871567,3,23.71000467,36.28999533
404.531049,39.00419789,-76.49840466,2.245967281,3,23.7000003,36.2999997
404.58127,39.00419703,-76.49840332,2.259062264,3,23.6899965,36.3100035
404.6315167,39.00419616,-76.498402,2.27214607,3,23.68000123,36.31999877
404.6817241,39.00419527,-76.49840069,2.28523908,3,23.66999893,36.33000107
404.7319435,39.00419437,-76.4983994,2.29833092,3,23.65999752,36.34000248
404.7821278,39.00419346,-76.49839812,2.311413036,3,23.65000354,36.34999646
404.8322504,39.00419254,-76.49839686,2.324515214,3,23.63999424,36.36000576
404.8824981,39.0041916,-76.49839561,2.337601267,3,23.62999726,36.37000274
404.9326902,39.00419065,-76.49839438,2.35069723,3,23.6199927,36.3800073
404.9829319,39.00418969,-76.49839317,2.363779192,3,23.60999884,36.39000116
405.033127,39.00418871,-76.49839197,2.376876437,3,23.59999331,36.40000669
405.0832949,39.00418773,-76.49839079,2.389950015,3,23.59000585,36.40999415
405.1335175,39.00418673,-76.49838962,2.40305274,3,23.57999613,36.42000387
405.183722,39.00418571,-76.49838847,2.416161461,3,23.56998183,36.43001817
405.2339471,39.00418469,-76.49838734,2.429220159,3,23.56000574,36.43999426
405.2841534,39.00418366,-76.49838622,2.442327647,3,23.54999238,36.45000762
405.3344043,39.00418261,-76.49838513,2.455399877,3,23.54000596,36.45999404
405.3846069,39.00418156,-76.49838405,2.468489049,3,23.53000659,36.46999341
405.4348218,39.00418049,-76.49838299,2.481579732,3,23.52000607,36.47999393
405.485127,39.00417941,-76.49838194,2.494666589,3,23.51000847,36.48999153
405.5354161,39.00417832,-76.49838092,2.507756733,3,23.50000836,36.49999164
405.5856296,39.00417723,-76.4983799,2.513034905,3,23.48999893,36.51000107
405.6358397,39.00417614,-76.49837888,2.513573656,3,23.47999734,36.52000266
405.6860402,39.00417504,-76.49837786,2.514106693,3,23.47000087,36.52999913
405.736271,39.00417395,-76.49837685,2.514634222,3,23.46000857,36.53999143
405.7864854,39.00417285,-76.49837583,2.515156349,3,23.45000403,36.54999597
405.8366822,39.00417176,-76.49837482,2.515673978,3,23.44000773,36.55999227
405.8868834,39.00417066,-76.49837381,2.516186088,3,23.42999773,36.57000227
405.9370657,39.00416957,-76.49837279,2.516693854,3,23.41999738,36.58000262
405.9873137,39.00416847,-76.49837178,2.517196129,3,23.41000197,36.58999803
406.0375117,39.00416737,-76.49837077,2.517693207,3,23.4000061,36.5999939
406.0877476,39.00416628,-76.49836976,2.519256056,3,23.39000196,36.60999804
406.1379323,39.00416518,-76.49836875,2.521130452,3,23.38000212,36.61999788
406.1881367,39.00416408,-76.49836775,2.522986836,3,23.37000772,36.62999228
406.2383941,39.00416297,-76.49836675,2.524825134,3,23.35999488,36.64000512
406.2886283,39.00416187,-76.49836575,2.52664984,3,23.34999877,36.65000123
406.3388851,39.00416077,-76.49836475,2.528454623,3,23.34000565,36.65999435
406.3891405,39.00415966,-76.49836376,2.530242138,3,23.32999799,36.67000201
406.4393993,39.00415855,-76.49836277,2.532015624,3,23.32000161,36.67999839
406.4896733,39.00415744,-76.49836178,2.533770589,3,23.31001006,36.68998994
406.5399407,39.00415633,-76.49836079,2.535508326,3,23.30000498,36.69999502
406.5901512,39.00415522,-76.49835981,2.537232139,3,23.29000399,36.70999601
406.6403469,39.00415411,-76.49835882,2.538939067,3,23.27999317,36.72000683
406.6906086,39.00415299,-76.49835785,2.541260083,3,23.27000073,36.72999927
406.7408945,39.00415188,-76.49835687,2.543016976,3,23.26000531,36.73999469
406.7911762,39.00415076,-76.4983559,2.544757873,3,23.24999651,36.75000349
406.8414104,39.00414964,-76.49835493,2.546484673,3,23.24000662,36.75999338
406.8916957,39.00414852,-76.49835396,2.548191908,3,23.23000581,36.76999419
406.9419573,39.0041474,-76.49835299,2.549884844,3,23.2199965,36.7800035
406.9922453,39.00414628,-76.49835203,2.549884844,3,23.2100042,36.7899958
407.0424862,39.00414515,-76.49835107,2.553239512,3,23.20000828,36.79999172
407.0927308,39.00414403,-76.49835011,2.554883647,3,23.19000199,36.80999801
407.1429495,39.0041429,-76.49834915,2.556513782,3,23.18000074,36.81999926
407.1932046,39.00414177,-76.4983482,2.558127501,3,23.17000827,36.82999173
407.2434296,39.00414064,-76.49834725,2.559724352,3,23.16000826,36.83999174
407.2936762,39.00413951,-76.4983463,2.561307076,3,23.15000135,36.84999865
407.343879,39.00413838,-76.49834535,2.562875661,3,23.14000657,36.85999343
407.3941389,39.00413725,-76.4983444,2.564427239,3,23.13000754,36.86999246
407.4443503,39.00413612,-76.49834346,2.565964503,3,23.12000852,36.87999148
407.4946226,39.00413498,-76.49834252,2.567486903,3,23.11000702,36.88999298
407.5448746,39.00413385,-76.49834158,2.568994938,3,23.09999753,36.90000247
407.5951824,39.00413271,-76.49834065,2.570489535,3,23.09000728,36.90999272
407.645456,39.00413157,-76.49833971,2.571966754,3,23.08000126,36.91999874
407.695707,39.00413043,-76.49833878,2.573431921,3,23.0700027,36.9299973
407.7459376,39.00412929,-76.49833785,2.574881721,3,23.06000552,36.93999448
407.7962538,39.00412815,-76.49833692,2.576317174,3,23.0500082,36.9499918
407.8464628,39.00412701,-76.498336,2.57773862,3,23.04000627,36.95999373
407.8967152,39.00412587,-76.49833508,2.579146806,3,23.03000732,36.96999268
407.9469671,39.00412472,-76.49833415,2.580540772,3,23.0200078,36.9799922
407.9972113,39.00412358,-76.49833323,2.581921135,3,23.01000812,36.98999188
408.0474871,39.00412243,-76.49833232,2.583287953,3,23.0000068,36.9999932
408.0977431,39.00412128,-76.4983314,2.584641542,3,22.99000217,37.00999783
408.1479959,39.00412014,-76.49833049,2.585982234,3,22.9800034,37.0199966
408.1981796,39.00411899,-76.49832958,2.587308914,3,22.97000492,37.02999508
408.2483985,39.00411784,-76.49832867,2.588622452,3,22.96000264,37.03999736
408.298613,39.00411669,-76.49832776,2.589923493,3,22.94999931,37.05000069
408.3488028,39.00411554,-76.49832685,2.591211784,3,22.94000852,37.05999148
408.3990289,39.00411438,-76.49832595,2.592485697,3,22.92999475,37.07000525
408.4492479,39.00411323,-76.49832505,2.59374988,3,22.92000906,37.07999094
408.4994882,39.00411208,-76.49832415,2.594997975,3,22.91000498,37.08999502
408.549793,39.00411092,-76.49832325,2.596235946,3,22.89999805,37.10000195
408.6000191,39.00410976,-76.49832235,2.597461935,3,22.88998576,37.11001424
408.6502634,39.00410861,-76.49832146,2.598676345,3,22.88000244,37.11999756
408.7005035,39.00410745,-76.49832057,2.599875141,3,22.87000564,37.12999436
408.7507368,39.00410629,-76.49831968,2.601063587,3,22.86000757,37.13999243
408.8010015,39.00410513,-76.49831879,2.602240302,3,22.85000203,37.14999797
408.8512886,39.00410397,-76.4983179,2.603406113,3,22.84000659,37.15999341
408.9015333,39.00410281,-76.49831701,2.604559074,3,22.83000301,37.16999699
408.9517432,39.00410165,-76.49831613,2.60570141,3,22.82000203,37.17999797
409.0020085,39.00410049,-76.49831525,2.606831983,3,22.81000764,37.18999236
409.0522682,39.00409932,-76.49831437,2.607950461,3,22.80000292,37.19999708
409.1025084,39.00409816,-76.49831349,2.609058844,3,22.78999926,37.21000074
409.1527278,39.00409699,-76.49831261,2.610155954,3,22.78000663,37.21999337
409.2029525,39.00409583,-76.49831173,2.611240815,3,22.77000144,37.22999856
409.253187,39.00409466,-76.49831086,2.612316098,3,22.76000777,37.23999223
409.303521,39.00409349,-76.49830998,2.613379304,3,22.74999676,37.25000324
409.3537408,39.00409233,-76.49830911,2.614433612,3,22.74000578,37.25999422
409.4039531,39.00409116,-76.49830824,2.615475168,3,22.73000392,37.26999608
409.4542383,39.00408999,-76.49830738,2.616507326,3,22.7200073,37.2799927
409.5044535,39.00408882,-76.49830651,2.617528506,3,22.71000219,37.28999781
409.5546784,39.00408765,-76.49830565,2.618540207,3,22.7000054,37.2999946
409.6049186,39.00408648,-76.49830478,2.619540821,3,22.68999616,37.31000384
409.6551874,39.00408531,-76.49830392,2.620532527,3,22.68000696,37.31999304
409.7054108,39.00408413,-76.49830306,2.621512197,3,22.66999871,37.33000129
409.7556192,39.00408296,-76.4983022,2.62248378,3,22.66000788,37.33999212
409.8058872,39.00408179,-76.49830134,2.623443813,3,22.65000765,37.34999235
409.8561728,39.00408061,-76.49830049,2.62439499,3,22.64000825,37.35999175
409.9064506,39.00407944,-76.49829963,2.625336412,3,22.63000316,37.36999684
409.9567051,39.00407826,-76.49829878,2.626268785,3,22.62000908,37.37999092
410.0069881,39.00407709,-76.49829793,2.627190643,3,22.61000034,37.38999966
410.0572593,39.00407591,-76.49829708,2.628104451,3,22.59999785,37.40000215
410.1074918,39.00407473,-76.49829623,2.629008369,3,22.58999906,37.41000094
410.1577241,39.00407355,-76.49829538,2.629902734,3,22.58000636,37.41999364
410.2079468,39.00407237,-76.49829453,2.630787432,3,22.57000601,37.42999399
410.2582258,39.00407119,-76.49829369,2.631663773,3,22.55999711,37.44000289
410.3085053,39.00407001,-76.49829284,2.632531901,3,22.55000089,37.44999911
410.3587699,39.00406883,-76.498292,2.633390057,3,22.53999217,37.46000783
410.4090394,39.00406765,-76.49829116,2.634240503,3,22.52999641,37.47000359
410.4594961,39.00406647,-76.49829032,2.635081148,3,22.51998259,37.48001741
410.5097225,39.00406529,-76.49828948,2.635914695,3,22.5099983,37.4900017
410.5599377,39.00406411,-76.49828864,2.636737258,3,22.49999175,37.50000825
410.6101929,39.00406277,-76.49828769,2.637553222,3,22.48865832,37.51134168
410.6603822,39.00406174,-76.49828697,2.63846791,3,22.48000244,37.51999756
410.7105803,39.00406056,-76.49828614,2.639158369,3,22.46999318,37.53000682
410.7607849,39.00405937,-76.4982853,2.639949699,3,22.46000511,37.53999489
410.8109843,39.00405819,-76.49828447,2.640731239,3,22.44999855,37.55000145
410.8611858,39.004057,-76.49828364,2.641506196,3,22.43999859,37.56000141
410.9114608,39.00405582,-76.49828281,2.64227268,3,22.43000622,37.56999378
410.9616957,39.00405463,-76.49828199,2.64303071,3,22.4200077,37.5799923
411.0119329,39.00405344,-76.49828116,2.643781414,3,22.41000749,37.58999251
411.0621709,39.00405225,-76.49828033,2.644524523,3,22.39999804,37.60000196
411.1123782,39.00405106,-76.49827951,2.645260665,3,22.39000234,37.60999766
411.1625805,39.00404988,-76.49827868,2.645988223,3,22.38000469,37.61999531
411.2127698,39.00404869,-76.49827786,2.646708433,3,22.36999912,37.63000088
411.2629548,39.0040475,-76.49827704,2.64742179,3,22.36000015,37.63999985
411.3131424,39.00404632,-76.4982762,2.63431941,3,22.34999069,37.65000931
411.3633418,39.00404514,-76.49827534,2.621247038,3,22.34000416,37.65999584
411.4135433,39.00404398,-76.49827446,2.608155685,3,22.33000312,37.66999688
411.4637578,39.00404283,-76.49827356,2.595059199,3,22.31999817,37.68000183
411.5140265,39.00404168,-76.49827264,2.581976578,3,22.3100038,37.6899962
411.5643511,39.00404055,-76.4982717,2.568874935,3,22.29999491,37.70000509
411.6145843,39.00403942,-76.49827074,2.555787013,3,22.2899965,37.7100035
411.6648096,39.0040383,-76.49826977,2.542699121,3,22.27999811,37.72000189
411.7150663,39.0040372,-76.49826877,2.529594264,3,22.26998676,37.73001324
411.7653007,39.0040361,-76.49826776,2.516519122,3,22.25999811,37.74000189
411.8155206,39.00403502,-76.49826673,2.503427784,3,22.24999709,37.75000291
411.865757,39.00403394,-76.49826568,2.490344413,3,22.24000215,37.75999785
411.9159709,39.00403287,-76.49826462,2.485936573,3,22.22999906,37.77000094
411.9662037,39.0040318,-76.49826357,2.486158056,3,22.21999984,37.78000016
412.016432,39.00403073,-76.49826251,2.486377136,3,22.21000094,37.78999906
412.0666321,39.00402966,-76.49826146,2.486593915,3,22.20000001,37.79999999
412.1168834,39.00402859,-76.4982604,2.486808467,3,22.19000185,37.80999815
412.1671359,39.00402751,-76.49825935,2.487020715,3,22.17999832,37.82000168
412.2173699,39.00402644,-76.49825829,2.487230853,3,22.17000082,37.82999918
412.2675727,39.00402537,-76.49825724,2.486121073,3,22.16000464,37.83999536
412.3177961,39.0040243,-76.49825618,2.486105175,3,22.14999887,37.85000113
412.3680206,39.00402323,-76.49825513,2.486089427,3,22.13999803,37.86000197
412.4182485,39.00402216,-76.49825407,2.486073853,3,22.12999959,37.87000041
412.4684394,39.00402109,-76.49825302,2.486058445,3,22.11999723,37.88000277
412.5186558,39.00402001,-76.49825196,2.486043192,3,22.11000186,37.88999814
412.5688729,39.00401894,-76.49825091,2.48602811,3,22.10000622,37.89999378
412.6191773,39.00401787,-76.49824985,2.486013185,3,22.09000141,37.90999859
412.6693819,39.0040168,-76.49824879,2.485998403,3,22.08000267,37.91999733
412.7195956,39.00401573,-76.49824774,2.485983785,3,22.0699981,37.9300019
412.7698,39.00401466,-76.49824668,2.485969311,3,22.0599921,37.9400079
412.8200777,39.00401359,-76.49824563,2.485954987,3,22.04999838,37.95000162
412.8704443,39.00401252,-76.49824457,2.485940831,3,22.03999194,37.96000806
412.9206432,39.00401145,-76.49824351,2.485926805,3,22.02999564,37.97000436
412.9708935,39.00401038,-76.49824246,2.485912939,3,22.02000364,37.97999636
413.0211764,39.0040093,-76.4982414,2.485899225,3,22.00999756,37.99000244
413.0713673,39.00400823,-76.49824035,2.485885635,3,22.00000477,37.99999523
413.1215525,39.00400716,-76.49823929,2.485872206,3,21.99000491,38.00999509
413.171774,39.00400609,-76.49823824,2.485858907,3,21.98000601,38.01999399
413.2219658,39.00400502,-76.49823718,2.485845749,3,21.97000789,38.02999211
413.272259,39.00400395,-76.49823613,2.48583273,3,21.96000709,38.03999291
413.3224646,39.00400288,-76.49823507,2.48583273,3,21.95000134,38.04999866
413.3726221,39.00400181,-76.49823401,2.485819844,3,21.94000673,38.05999327
413.4228332,39.00400074,-76.49823296,2.485794208,3,21.93000749,38.06999251
413.4730666,39.00399967,-76.4982319,2.485781727,3,21.92000236,38.07999764
413.5233565,39.00399859,-76.49823084,2.48576937,3,21.90999161,38.09000839
413.5736082,39.00399752,-76.49822979,2.485757135,3,21.89999903,38.10000097
413.6238366,39.00399645,-76.49822873,2.48574505,3,21.88999736,38.11000264
413.6741045,39.00399538,-76.49822768,2.485733081,3,21.88000727,38.11999273
413.724336,39.00399431,-76.49822662,2.485721251,3,21.87000666,38.12999334
413.7745881,39.00399324,-76.49822556,2.485709533,3,21.85998923,38.14001077
413.8248598,39.00399217,-76.49822451,2.485697917,3,21.85000254,38.14999746
413.875078,39.0039911,-76.49822345,2.485686459,3,21.84000801,38.15999199
413.9252898,39.00399003,-76.4982224,2.485675112,3,21.83000865,38.16999135
413.9755598,39.00398896,-76.49822134,2.485663878,3,21.82000812,38.17999188
414.0257837,39.00398789,-76.49822029,2.48565276,3,21.81000753,38.18999247
414.0759934,39.00398575,-76.49821817,2.485630871,3,21.789998,38.210002
414.1262368,39.00398468,-76.49821712,2.485620092,3,21.78000551,38.21999449
414.1764224,39.0039836,-76.49821606,2.485609442,3,21.76999899,38.23000101
414.2266102,39.00398252,-76.49821502,2.498687758,3,21.76000791,38.23999209
414.2768007,39.00398143,-76.498214,2.511784364,3,21.75000287,38.24999713
414.3270021,39.00398033,-76.498213,2.524879387,3,21.73999903,38.26000097
414.3772759,39.00397922,-76.49821202,2.537959007,3,21.73000696,38.26999304
414.4275045,39.0039781,-76.49821104,2.543708397,3,21.72000899,38.27999101
414.4777133,39.00397698,-76.49821007,2.543089924,3,21.71000739,38.28999261
414.5279257,39.00397587,-76.49820909,2.542477694,3,21.70000628,38.29999372
414.5781939,39.00397475,-76.49820811,2.541871896,3,21.69000692,38.30999308
414.628421,39.00397364,-76.49820714,2.541272539,3,21.68000738,38.31999262
414.6786868,39.00397252,-76.49820616,2.540679439,3,21.67000723,38.32999277
414.728899,39.00397141,-76.49820518,2.540092506,3,21.65999932,38.34000068
414.7791797,39.0039703,-76.4982042,2.539511262,3,21.65000739,38.34999261
414.8293835,39.00396918,-76.49820321,2.538937022,3,21.64000703,38.35999297
414.8795689,39.00396807,-76.49820223,2.538368305,3,21.63000731,38.36999269
414.9297464,39.00396695,-76.49820127,2.551460629,3,21.62000554,38.37999446
414.9799322,39.00396581,-76.49820032,2.564547654,3,21.61000781,38.38999219
415.0301633,39.00396467,-76.4981994,2.577638235,3,21.60000736,38.39999264
415.0803891,39.00396352,-76.49819849,2.590729027,3,21.59000676,38.40999324
415.130583,39.00396236,-76.4981976,2.603817276,3,21.5800081,38.4199919
415.1807822,39.00396119,-76.49819674,2.616906302,3,21.57000884,38.42999116
415.2309575,39.00396001,-76.49819589,2.629994704,3,21.56001006,38.43998994
415.281123,39.00395883,-76.49819506,2.643087483,3,21.55000794,38.44999206
415.3312867,39.00395763,-76.49819425,2.656178654,3,21.54000704,38.45999296
415.3814541,39.00395643,-76.49819346,2.666231024,3,21.53000958,38.46999042
415.4316241,39.00395523,-76.49819267,2.664340572,3,21.52000892,38.47999108
415.4818248,39.00395403,-76.49819187,2.662469123,3,21.51000867,38.48999133
415.5320205,39.00395283,-76.49819107,2.660617176,3,21.50000732,38.49999268
415.5822169,39.00395163,-76.49819029,2.673705338,3,21.49000872,38.50999128
415.6323883,39.00395041,-76.49818952,2.6867955,3,21.4800086,38.5199914
415.6825694,39.00394919,-76.49818878,2.699884944,3,21.47000902,38.52999098
415.7327391,39.00394796,-76.49818806,2.712976895,3,21.46000753,38.53999247
415.7829171,39.00394673,-76.49818737,2.726067055,3,21.45000741,38.54999259
415.833108,39.00394548,-76.49818669,2.739155299,3,21.44000875,38.55999125
415.8833187,39.00394423,-76.49818603,2.752246286,3,21.430008,38.569992
415.9335009,39.00394298,-76.49818539,2.765337348,3,21.42000719,38.57999281
415.9836879,39.00394171,-76.49818478,2.778426438,3,21.41000788,38.58999212
416.0338637,39.00394045,-76.49818417,2.779168779,3,21.40000855,38.59999145
416.084064,39.00393919,-76.49818355,2.776735181,3,21.39000386,38.60999614
416.1343653,39.00393792,-76.49818292,2.774325578,3,21.37999454,38.62000546
416.1845882,39.00393666,-76.4981823,2.771939946,3,21.36998865,38.63001135
416.2348505,39.0039354,-76.49818169,2.785019837,3,21.35999637,38.64000363
416.2851195,39.00393413,-76.49818111,2.798115198,3,21.34999228,38.65000772
416.335315,39.00393285,-76.49818055,2.81120037,3,21.33999596,38.66000404
416.3854982,39.00393157,-76.49818001,2.824276394,3,21.33000664,38.66999336
416.4356823,39.00393028,-76.49817949,2.837367334,3,21.32000592,38.67999408
416.4858731,39.00392898,-76.49817899,2.850463165,3,21.31000147,38.68999853
416.5360652,39.00392768,-76.49817852,2.86354936,3,21.30000438,38.69999562
416.5862717,39.00392638,-76.49817807,2.876638775,3,21.29000482,38.70999518
416.6364441,39.00392507,-76.49817763,2.88972869,3,21.28000489,38.71999511
416.686669,39.00392376,-76.49817721,2.894980602,3,21.27000786,38.72999214
416.7368734,39.00392245,-76.49817678,2.892796134,3,21.25999914,38.74000086
416.787071,39.00392114,-76.49817635,2.89063206,3,21.24999474,38.75000526
416.8372903,39.00391983,-76.49817592,2.888491656,3,21.23999964,38.76000036
416.8874957,39.00391852,-76.49817551,2.901583141,3,21.22999851,38.77000149
416.9376764,39.0039172,-76.49817512,2.914674799,3,21.21999724,38.78000276
416.9878727,39.00391588,-76.49817475,2.927761412,3,21.20999983,38.79000017
417.0380497,39.00391456,-76.49817441,2.940849165,3,21.20000154,38.79999846
417.0882827,39.00391323,-76.49817408,2.953939472,3,21.19000131,38.80999869
417.1384737,39.0039119,-76.49817378,2.967042892,3,21.17999106,38.82000894
417.1886757,39.00391057,-76.49817351,2.980114599,3,21.17000503,38.82999497
417.2388709,39.00390923,-76.49817325,2.993201129,3,21.16000768,38.83999232
417.2891126,39.00390789,-76.49817302,3.0062949,3,21.1500048,38.8499952
417.3393644,39.00390655,-76.4981728,3.014414746,3,21.13999761,38.86000239
417.3895732,39.00390521,-76.49817257,3.012440708,3,21.13000161,38.86999839
417.4397817,39.00390387,-76.49817235,3.010489702,3,21.12000161,38.87999839
417.4900133,39.00390253,-76.49817214,3.023583645,3,21.1099986,38.8900014
417.5402632,39.00390119,-76.49817196,3.036666792,3,21.10000383,38.89999617
417.5904575,39.00389984,-76.4981718,3.049773473,3,21.08999109,38.91000891
417.6406437,39.0038985,-76.49817167,3.062849659,3,21.08000164,38.91999836
417.6908274,39.00389715,-76.49817155,3.07593498,3,21.07000522,38.92999478
417.7410124,39.0038958,-76.49817146,3.089028936,3,21.06000219,38.93999781
417.7912765,39.00389445,-76.49817139,3.102120933,3,21.05000067,38.94999933
417.84147,39.0038931,-76.49817135,3.115211339,3,21.04000036,38.95999964
417.8916669,39.00389175,-76.49817133,3.128296345,3,21.03000417,38.96999583
417.9418561,39.00389039,-76.49817132,3.137757005,3,21.01999687,38.98000313
417.9920567,39.00388904,-76.49817131,3.135955127,3,21.01000182,38.98999818
418.0422737,39.00388769,-76.4981713,3.134174506,3,21.00000537,38.99999463
418.0924647,39.00388634,-76.49817128,3.132412468,3,20.98999347,39.01000653
418.1426517,39.00388499,-76.49817129,-3.137691177,3,20.97999983,39.02000017
418.1928466,39.00388364,-76.49817132,-3.124611222,3,20.97000751,39.02999249
418.2430624,39.00388229,-76.49817137,-3.111522558,3,20.96000853,39.03999147
418.2932783,39.00388094,-76.49817144,-3.09842947,3,20.95000617,39.04999383
418.3434753,39.00387959,-76.49817154,-3.085337777,3,20.94000488,39.05999512
418.3936984,39.00387824,-76.49817166,-3.072248038,3,20.93000508,39.06999492
418.4439056,39.00387689,-76.4981718,-3.059138543,3,20.91999018,39.08000982
418.4941159,39.00387555,-76.49817197,-3.046069494,3,20.91000619,39.08999381
418.5443255,39.00387421,-76.49817216,-3.03297983,3,20.90000645,39.09999355
418.5945357,39.00387287,-76.49817237,-3.020349111,3,20.89000603,39.10999397
418.6447486,39.00387153,-76.49817257,-3.021995797,3,20.88000609,39.11999391
418.6949662,39.00387019,-76.4981728,-3.00890641,3,20.87000656,39.12999344
418.745136,39.00386885,-76.49817305,-2.995811589,3,20.86000288,39.13999712
418.7953274,39.00386752,-76.49817333,-2.982726224,3,20.85000642,39.14999358
418.8455021,39.00386618,-76.49817362,-2.969636014,3,20.84000626,39.15999374
418.8956727,39.00386485,-76.49817394,-2.956537227,3,20.82999954,39.17000046
418.945867,39.00386353,-76.49817428,-2.943449501,3,20.82000128,39.17999872
418.9960352,39.00386221,-76.49817465,-2.930369393,3,20.81000884,39.18999116
419.046266,39.00386089,-76.49817503,-2.917275391,3,20.80000578,39.19999422
419.0964679,39.00385958,-76.49817544,-2.904174225,3,20.78999725,39.21000275
419.1466612,39.00385827,-76.49817587,-2.891681889,3,20.78000697,39.21999303
419.1968568,39.00385696,-76.49817629,-2.893211036,3,20.77000914,39.22999086
419.2470631,39.00385565,-76.49817672,-2.894725162,3,20.76000229,39.23999771
419.2972903,39.00385434,-76.49817716,-2.88163802,3,20.75000447,39.24999553
419.3475,39.00385304,-76.49817763,-2.868549053,3,20.74000526,39.25999474
419.3977051,39.00385175,-76.49817812,-2.85546222,3,20.73000768,39.26999232
419.4479173,39.00385046,-76.49817863,-2.842368568,3,20.72000489,39.27999511
419.4981401,39.00384917,-76.49817916,-2.82927998,3,20.71000597,39.28999403
419.5483342,39.00384789,-76.49817971,-2.816193304,3,20.7000085,39.2999915
419.5985486,39.00384662,-76.49818029,-2.803094247,3,20.69000159,39.30999841
419.6487537,39.00384535,-76.49818088,-2.790009727,3,20.68000577,39.31999423
419.6989761,39.00384408,-76.4981815,-2.776912197,3,20.67000002,39.32999998
419.7491859,39.00384283,-76.49818214,-2.763826528,3,20.66000333,39.33999667
419.7994083,39.00384157,-76.49818278,-2.764096708,3,20.64999827,39.35000173
419.8495786,39.00384031,-76.49818342,-2.765500733,3,20.63999626,39.36000374
419.8998654,39.00383907,-76.49818407,-2.752420067,3,20.63000339,39.36999661
419.9501108,39.00383782,-76.49818475,-2.739326505,3,20.62000067,39.37999933
420.0003628,39.00383659,-76.49818545,-2.72623247,3,20.60999758,39.39000242
420.0505787,39.00383536,-76.49818617,-2.713149158,3,20.60000269,39.39999731
420.1007851,39.00383414,-76.49818691,-2.700064723,3,20.59000694,39.40999306
420.1509958,39.00383292,-76.49818767,-2.686959859,3,20.57999559,39.42000441
420.2012007,39.00383172,-76.49818845,-2.673873865,3,20.56999865,39.43000135
420.2514178,39.00383052,-76.49818925,-2.660797222,3,20.56000885,39.43999115
420.301656,39.00382933,-76.49819007,-2.647681379,3,20.54998911,39.45001089
420.3518888,39.00382815,-76.49819091,-2.634592451,3,20.53998993,39.46001007
420.4022006,39.00382697,-76.49819176,-2.631722319,3,20.53000646,39.46999354
420.4524465,39.0038258,-76.49819262,-2.618618867,3,20.51999618,39.48000382
420.5026884,39.00382464,-76.49819351,-2.605540666,3,20.51000519,39.48999481
420.552947,39.00382348,-76.49819441,-2.592451706,3,20.50000599,39.49999401
420.6031529,39.00382234,-76.49819533,-2.579358314,3,20.4900034,39.5099966
420.6533519,39.00382121,-76.49819628,-2.56627294,3,20.48000693,39.51999307
420.7035476,39.00382008,-76.49819724,-2.553180252,3,20.47000488,39.52999512
420.7537527,39.00381897,-76.49819822,-2.540088716,3,20.46000371,39.53999629
420.8039783,39.00381786,-76.49819922,-2.526998432,3,20.45000349,39.54999651
420.8542646,39.00381677,-76.49820023,-2.513910384,3,20.44000498,39.55999502
420.9045132,39.00381569,-76.49820127,-2.50080642,3,20.42999431,39.57000569
420.9547398,39.0038146,-76.4982023,-2.500445052,3,20.42000299,39.57999701
421.0050305,39.00381353,-76.49820336,-2.487350463,3,20.40999949,39.59000051
421.0552609,39.00381247,-76.49820443,-2.474266766,3,20.4000043,39.5999957
421.1055129,39.00381142,-76.49820552,-2.461175162,3,20.39000308,39.60999692
421.1557218,39.00381038,-76.49820663,-2.448077754,3,20.37999742,39.62000258
421.2059457,39.00380935,-76.49820775,-2.435001545,3,20.37000796,39.62999204
421.2561556,39.00380834,-76.49820889,-2.421913122,3,20.36000916,39.63999084
421.3064564,39.00380733,-76.49821005,-2.408818327,3,20.3500055,39.6499945
421.3566537,39.00380634,-76.49821123,-2.395725863,3,20.34000361,39.65999639
421.4068624,39.00380536,-76.49821242,-2.382645818,3,20.33001122,39.66998878
421.4570674,39.00380439,-76.49821363,-2.369541179,3,20.32000004,39.67999996
421.5073026,39.00380343,-76.49821484,-2.367347346,3,20.3100057,39.6899943
421.5575119,39.00380246,-76.49821605,-2.368516736,3,20.30000372,39.69999628
421.6077231,39.00380151,-76.49821727,-2.355427546,3,20.29000434,39.70999566
421.657946,39.00380056,-76.49821851,-2.342338621,3,20.28000516,39.71999484
421.7081906,39.00379963,-76.49821977,-2.329246074,3,20.27000321,39.72999679
421.7584871,39.00379872,-76.49822104,-2.316157974,3,20.26000466,39.73999534
421.8087214,39.00379781,-76.49822233,-2.303068574,3,20.25000512,39.74999488
421.8589361,39.00379692,-76.49822363,-2.28997296,3,20.24000083,39.75999917
421.9091822,39.00379605,-76.49822495,-2.276887931,3,20.23000463,39.76999537
421.9594454,39.00379518,-76.49822628,-2.263798305,3,20.22000492,39.77999508
422.0096892,39.00379433,-76.49822763,-2.250699665,3,20.20999832,39.79000168
422.0598762,39.0037935,-76.49822899,-2.237621223,3,20.20000715,39.79999285
422.1101441,39.00379267,-76.49823036,-2.233410167,3,20.18999563,39.81000437
422.1603496,39.00379185,-76.49823173,-2.220321782,3,20.17999686,39.82000314
422.2105811,39.00379105,-76.49823313,-2.207238768,3,20.1700022,39.8299978
422.2607751,39.00379026,-76.49823453,-2.194146035,3,20.16000011,39.83999989
422.3110533,39.00378949,-76.49823595,-2.181066853,3,20.15000838,39.84999162
422.3612599,39.00378872,-76.49823739,-2.167949074,3,20.13998716,39.86001284
422.4114714,39.00378798,-76.49823883,-2.154876037,3,20.13000011,39.86999989
422.4617049,39.00378725,-76.49824029,-2.141786562,3,20.12000052,39.87999948
422.5118935,39.00378653,-76.49824175,-2.128694481,3,20.10999893,39.89000107
422.5620757,39.00378583,-76.49824324,-2.115602934,3,20.09999774,39.90000226
422.6122857,39.00378515,-76.49824473,-2.102515149,3,20.08999944,39.91000056
422.6625347,39.00378447,-76.49824623,-2.09795193,3,20.07999754,39.92000246
422.7127189,39.0037838,-76.49824773,-2.084860207,3,20.06999622,39.93000378
422.7629445,39.00378316,-76.49824925,-2.071783844,3,20.06000664,39.93999336
422.8131271,39.00378252,-76.49825078,-2.058684847,3,20.04999977,39.95000023
422.8633128,39.00378191,-76.49825232,-2.04560489,3,20.04000744,39.95999256
422.9135994,39.0037813,-76.49825387,-2.032512388,3,20.03000553,39.96999447
422.9637877,39.00378072,-76.49825543,-2.019419055,3,20.02000298,39.97999702
423.0139657,39.00378015,-76.498257,-2.006323201,3,20.00999851,39.99000149
423.0642565,39.00377959,-76.49825858,-1.993233056,3,20,40
423.1144772,39.00377906,-76.49826017,-1.980154142,3,20,40
423.1646647,39.00377853,-76.49826177,-1.96704965,3,20,40
423.2148987,39.00377802,-76.49826337,-1.962093956,3,20,40
423.2651077,39.00377752,-76.49826498,-1.948999514,3,20,40
423.3153166,39.00377704,-76.4982666,-1.935916601,3,20,40
423.3655059,39.00377657,-76.49826822,-1.922815985,3,20,40
423.4156979,39.00377612,-76.49826985,-1.909738864,3,20,40
423.4658826,39.00377569,-76.49827149,-1.896651569,3,20,40
423.5161104,39.00377527,-76.49827314,-1.883562582,3,20,40
423.5663758,39.00377488,-76.4982748,-1.870475467,3,20,40
423.6165944,39.00377449,-76.49827646,-1.857368192,3,20,40
423.6667872,39.00377413,-76.49827812,-1.844291996,3,20,40
423.7169694,39.00377378,-76.4982798,-1.83118393,3,20,40
423.7671647,39.00377344,-76.49828147,-1.825802801,3,20,40
423.8173446,39.00377312,-76.49828315,-1.812724269,3,20,40
423.8675323,39.00377281,-76.49828484,-1.799631007,3,20,40
423.9177209,39.00377252,-76.49828653,-1.786540282,3,20,40
423.9679643,39.00377225,-76.49828823,-1.773447334,3,20,40
424.018173,39.00377199,-76.49828993,-1.760361737,3,20,40
424.0683553,39.00377176,-76.49829163,-1.747270703,3,20,40
424.1185493,39.00377154,-76.49829334,-1.734180585,3,20,40
424.1687347,39.00377133,-76.49829505,-1.721089393,3,20,40
424.2189361,39.00377115,-76.49829677,-1.708003868,3,20,40
424.2691187,39.00377098,-76.49829849,-1.694911352,3,20,40
424.3193025,39.00377082,-76.49830021,-1.689055324,3,20,40
424.3694861,39.00377068,-76.49830193,-1.6759653,3,20,40
424.419671,39.00377056,-76.49830365,-1.662876384,3,20,40
424.469853,39.00377045,-76.49830538,-1.649771823,3,20,40
424.5200476,39.00377036,-76.49830711,-1.636697569,3,20,40
424.5702599,39.00377029,-76.49830884,-1.623598472,3,20,40
424.6204441,39.00377024,-76.49831057,-1.610511423,3,20,40
424.6706538,39.0037702,-76.4983123,-1.597422719,3,20,40
424.7208441,39.00377018,-76.49831403,-1.584326933,3,20,40
424.7711571,39.00377018,-76.49831576,-1.571239364,3,20,40
424.8213609,39.0037702,-76.4983175,-1.558141242,3,20,40
424.8715614,39.00377023,-76.49831923,-1.545060338,3,20,40
424.92176,39.00377029,-76.49832096,-1.531974247,3,20,40
424.971975,39.00377036,-76.49832269,-1.518883519,3,20,40
425.0221858,39.00377044,-76.49832441,-1.505794661,3,20,40
425.0723801,39.00377055,-76.49832614,-1.492698475,3,20,40
425.1226067,39.00377067,-76.49832786,-1.479612085,3,20,40
425.172815,39.00377081,-76.49832959,-1.466527964,3,20,40
425.2230472,39.00377097,-76.49833131,-1.453438963,3,20,40
425.2733129,39.00377115,-76.49833302,-1.440346425,3,20,40
425.3235152,39.00377134,-76.49833474,-1.427256566,3,20,40
425.3737525,39.00377155,-76.49833645,-1.414164358,3,20,40
425.4239715,39.00377178,-76.49833815,-1.401077859,3,20,40
425.4741627,39.00377203,-76.49833986,-1.387987664,3,20,40
425.5243679,39.00377229,-76.49834155,-1.374899677,3,20,40
425.5746184,39.00377257,-76.49834325,-1.361811588,3,20,40
425.6248748,39.00377287,-76.49834494,-1.348719735,3,20,40
425.6751108,39.00377318,-76.49834662,-1.335630623,3,20,40
425.7253056,39.00377351,-76.4983483,-1.32254103,3,20,40
425.7755316,39.00377386,-76.49834997,-1.309451097,3,20,40
425.8257873,39.00377423,-76.49835164,-1.296351211,3,20,40
425.875981,39.003775,-76.49835496,-1.277295377,3,20,40
425.9261801,39.00377541,-76.49835661,-1.264204758,3,20,40
425.9763483,39.00377584,-76.49835825,-1.25110445,3,20,40
426.0265725,39.00377628,-76.49835989,-1.238012409,3,20,40
426.0767408,39.00377674,-76.49836152,-1.224920594,3,20,40
426.1269508,39.00377721,-76.49836314,-1.211841851,3,20,40
426.1771282,39.0037777,-76.49836475,-1.198756033,3,20,40
426.2273162,39.00377821,-76.49836636,-1.185653993,3,20,40
426.2775039,39.00377873,-76.49836796,-1.172558315,3,20,40
426.3276964,39.00377927,-76.49836954,-1.159483392,3,20,40
426.3779164,39.00377983,-76.49837112,-1.146389806,3,20,40
426.4281286,39.00378039,-76.49837269,-1.139981755,3,20,40
426.4784042,39.00378097,-76.49837426,-1.126901318,3,20,40
426.52857,39.00378157,-76.49837581,-1.113811688,3,20,40
426.5787584,39.00378218,-76.49837736,-1.100717167,3,20,40
426.6289258,39.00378281,-76.49837889,-1.087632122,3,20,40
426.679126,39.00378345,-76.49838041,-1.074534693,3,20,40
426.7292953,39.00378411,-76.49838192,-1.061452836,3,20,40
426.7794775,39.00378479,-76.49838342,-1.048363136,3,20,40
426.8296656,39.00378548,-76.49838491,-1.035273181,3,20,40
426.8799241,39.00378618,-76.49838639,-1.022183631,3,20,40
426.9301175,39.0037869,-76.49838786,-1.009093191,3,20,40
426.9802443,39.00378763,-76.49838931,-1.002071454,3,20,40
427.0304209,39.00378836,-76.49839077,-1.002071454,3,20,40
427.0805962,39.0037891,-76.49839222,-0.988984553,3,20,40
427.1307805,39.00378986,-76.49839366,-0.9758877252,3,20,40
427.1809756,39.00379063,-76.49839508,-0.9628023923,3,20,40
427.2311758,39.00379141,-76.49839648,-0.9497091052,3,20,40
427.2813637,39.00379221,-76.49839788,-0.9366192039,3,20,40
427.331558,39.00379303,-76.49839926,-0.9235283242,3,20,40
427.3817647,39.00379386,-76.49840063,-0.9104420208,3,20,40
427.431957,39.0037947,-76.49840198,-0.8973441739,3,20,40
427.4821438,39.00379556,-76.49840332,-0.8842504302,3,20,40
427.5323212,39.00379643,-76.49840465,-0.8711665704,3,20,40
427.5825606,39.00379731,-76.49840596,-0.8580688534,3,20,40
427.632746,39.00379821,-76.49840725,-0.8449872336,3,20,40
427.6829537,39.00379912,-76.49840853,-0.8318931241,3,20,40
427.7331385,39.00380004,-76.4984098,-0.8188055442,3,20,40
427.7833538,39.00380098,-76.49841105,-0.8057140865,3,20,40
427.8335651,39.00380192,-76.49841228,-0.7926292968,3,20,40
427.8837918,39.00380289,-76.4984135,-0.7795399319,3,20,40
427.9340526,39.00380386,-76.4984147,-0.7664422753,3,20,40
427.9842738,39.00380484,-76.49841588,-0.7533549447,3,20,40
428.0344655,39.00380584,-76.49841705,-0.7402706079,3,20,40
428.0846784,39.00380685,-76.4984182,-0.7271805658,3,20,40
428.1348692,39.00380787,-76.49841934,-0.7140877103,3,20,40
428.1851286,39.00380891,-76.49842045,-0.7009940901,3,20,40
428.2353744,39.00380995,-76.49842155,-0.6879109511,3,20,40
428.2856095,39.003811,-76.49842263,-0.6748213449,3,20,40
428.3358346,39.00381207,-76.4984237,-0.6617302995,3,20,40
428.3860228,39.00381315,-76.49842474,-0.6486313182,3,20,40
428.4362428,39.00381423,-76.49842577,-0.6355527701,3,20,40
428.4864211,39.00381533,-76.49842678,-0.6224420814,3,20,40
428.5366532,39.00381644,-76.49842777,-0.6093678478,3,20,40
428.5868916,39.00381756,-76.49842875,-0.596268641,3,20,40
428.6371174,39.00381869,-76.4984297,-0.5831805344,3,20,40
428.6873019,39.00381982,-76.49843063,-0.5700831215,3,20,40
428.7374731,39.00382097,-76.49843155,-0.5569925783,3,20,40
428.787697,39.00382213,-76.49843244,-0.5439110307,3,20,40
428.8378758,39.00382329,-76.49843332,-0.5308278433,3,20,40
428.8880761,39.00382447,-76.49843418,-0.5177279947,3,20,40
428.9382933,39.00382565,-76.49843502,-0.5046450936,3,20,40
428.9885202,39.00382684,-76.49843583,-0.4915422154,3,20,40
429.0387694,39.00382804,-76.49843663,-0.4784644954,3,20,40
429.089019,39.00382925,-76.49843741,-0.465371147,3,20,40
429.1393317,39.00383046,-76.49843816,-0.452286943,3,20,40
429.1895613,39.00383168,-76.4984389,-0.439201258,3,20,40
429.2397613,39.00383291,-76.49843962,-0.4261120703,3,20,40
429.2899841,39.00383415,-76.49844031,-0.4130239739,3,20,40
429.3402308,39.0038354,-76.49844098,-0.399931725,3,20,40
429.3904484,39.00383665,-76.49844164,-0.3868331464,3,20,40
429.4406651,39.00383791,-76.49844227,-0.3737526599,3,20,40
429.4908825,39.00383917,-76.49844288,-0.3606617844,3,20,40
429.5411067,39.00384044,-76.49844347,-0.3475741972,3,20,40
429.5913075,39.00384172,-76.49844404,-0.3344502279,3,20,40
429.641572,39.003843,-76.49844459,-0.321386821,3,20,40
429.691775,39.00384429,-76.49844511,-0.3082907619,3,20,40
429.741969,39.00384558,-76.49844562,-0.2952057188,3,20,40
429.7921869,39.00384688,-76.4984461,-0.2821239713,3,20,40
429.8424177,39.00384818,-76.49844656,-0.2690198259,3,20,40
429.8926054,39.00384949,-76.498447,-0.2559286651,3,20,40
429.9428012,39.0038508,-76.49844741,-0.2428471532,3,20,40
429.9929649,39.00385211,-76.49844781,-0.2297563024,3,20,40
430.0431631,39.00385343,-76.49844818,-0.2166692829,3,20,40
430.0933299,39.00385476,-76.49844853,-0.2035728076,3,20,40
430.1435574,39.00385608,-76.49844886,-0.1904938689,3,20,40
430.1937916,39.00385741,-76.49844916,-0.1773990942,3,20,40
430.2440027,39.00385875,-76.49844945,-0.164316068,3,20,40
430.2942553,39.00386008,-76.49844971,-0.1512247768,3,20,40
430.3445173,39.00386142,-76.49844995,-0.1381178313,3,20,40
430.3947572,39.00386276,-76.49845016,-0.1250278501,3,20,40
430.4450045,39.0038641,-76.49845035,-0.1119443648,3,20,40
430.4952369,39.00386545,-76.49845053,-0.09886044848,3,20,40
430.5454721,39.0038668,-76.49845067,-0.08576397835,3,20,40
430.5957193,39.00386814,-76.4984508,-0.0726811323,3,20,40
430.6459431,39.00386949,-76.4984509,-0.05959249235,3,20,40
430.6961928,39.00387084,-76.49845098,-0.04649096582,3,20,40
430.7464371,39.00387219,-76.49845104,-0.03341535906,3,20,40
430.7966521,39.00387354,-76.49845108,-0.02031903764,3,20,40
430.8468938,39.00387489,-76.49845109,-0.007231782088,3,20,40
430.8971732,39.00387624,-76.49845108,0.005856165138,3,20,40
430.9474023,39.00387759,-76.49845105,0.01894604942,3,20,40
430.9976518,39.00387894,-76.49845099,0.03203520119,3,20,40
431.0478705,39.00388029,-76.49845091,0.04512472838,3,20,40
431.098137,39.00388164,-76.49845081,0.05821735266,3,20,40
431.1483661,39.00388299,-76.49845069,0.07130642092,3,20,40
431.1986161,39.00388434,-76.49845054,0.08439448491,3,20,40
431.2488644,39.00388568,-76.49845037,0.09748572243,3,20,40
431.2991241,39.00388703,-76.49845018,0.1105756177,3,20,40
431.3493583,39.00388837,-76.49844997,0.1236650763,3,20,40
431.3995653,39.0038897,-76.49844973,0.1367579346,3,20,40
431.4497883,39.00389104,-76.49844947,0.1498616331,3,20,40
431.5000322,39.00389238,-76.49844919,0.1629574372,3,20,40
431.5503037,39.0038937,-76.49844889,0.1760297133,3,20,40
431.600534,39.00389504,-76.49844856,0.1891552529,3,20,40
431.6507758,39.00389636,-76.49844822,0.2022090842,3,20,40
431.7009812,39.00389768,-76.49844785,0.2153084917,3,20,40
431.7512057,39.00389899,-76.49844745,0.2283838922,3,20,40
431.801462,39.0039003,-76.49844704,0.2414873859,3,20,40
431.8517133,39.00390161,-76.4984466,0.2545674781,3,20,40
431.9019381,39.00390291,-76.49844615,0.2676603888,3,20,40
431.9521681,39.00390421,-76.49844567,0.2807525253,3,20,40
432.0024827,39.00390551,-76.49844516,0.2938387494,3,20,40
432.052726,39.00390679,-76.49844464,0.3069251894,3,20,40
432.1029588,39.00390808,-76.4984441,0.3200274273,3,20,40
432.153199,39.00390935,-76.49844353,0.3331069105,3,20,40
432.2033796,39.00391062,-76.49844294,0.3462029235,3,20,40
432.2535967,39.00391189,-76.49844233,0.3592846517,3,20,40
432.3038193,39.00391315,-76.4984417,0.3723806335,3,20,40
432.3540565,39.0039144,-76.49844105,0.3854661657,3,20,40
432.4042948,39.00391565,-76.49844038,0.398569679,3,20,40
432.4545378,39.00391688,-76.49843969,0.4116457347,3,20,40
432.5047627,39.00391811,-76.49843897,0.424741399,3,20,40
432.5549551,39.00391934,-76.49843824,0.4378335162,3,20,40
432.6052029,39.00392055,-76.49843748,0.4509154638,3,20,40
432.6554236,39.00392176,-76.49843671,0.4640067644,3,20,40
432.7056289,39.00392296,-76.49843591,0.4771069565,3,20,40
432.7558907,39.00392415,-76.4984351,0.4901921889,3,20,40
432.8061565,39.00392534,-76.49843426,0.5032773514,3,20,40
432.8563778,39.00392651,-76.49843341,0.5163648108,3,20,40
432.9066053,39.00392768,-76.49843253,0.5294650792,3,20,40
432.9568512,39.00392884,-76.49843164,0.5425466246,3,20,40
433.0070785,39.00392998,-76.49843073,0.55563818,3,20,40
433.0573076,39.00393112,-76.49842979,0.5687270508,3,20,40
433.1075717,39.00393225,-76.49842884,0.5818341943,3,20,40
433.1578023,39.00393337,-76.49842787,0.5949187219,3,20,40
433.2080087,39.00393448,-76.49842688,0.6080013318,3,20,40
433.2582212,39.00393558,-76.49842588,0.6210867827,3,20,40
433.3084406,39.00393667,-76.49842485,0.6341766356,3,20,40
433.3587048,39.00393774,-76.49842381,0.64726204,3,20,40
433.408896,39.00393881,-76.49842274,0.6603625041,3,20,40
433.4591816,39.00393987,-76.49842166,0.6734421512,3,20,40
433.5093504,39.00394091,-76.49842057,0.6865345409,3,20,40
433.5595339,39.00394195,-76.49841945,0.6996231992,3,20,40
433.6097805,39.00394297,-76.49841832,0.712714171,3,20,40
433.6599685,39.00394398,-76.49841717,0.7258028722,3,20,40
433.7101776,39.00394498,-76.498416,0.7389080084,3,20,40
433.7603704,39.00394597,-76.49841482,0.7519957428,3,20,40
433.8105815,39.00394694,-76.49841362,0.7650748842,3,20,40
433.8607883,39.0039479,-76.4984124,0.7781638134,3,20,40
433.9109742,39.00394885,-76.49841117,0.7912710432,3,20,40
433.9611769,39.00394979,-76.49840993,0.803354483,3,20,40
434.0113545,39.00395073,-76.49840868,0.8026159099,3,20,40
434.0615451,39.00395167,-76.49840743,0.8032809066,3,20,40
434.1117733,39.0039526,-76.49840619,0.8039383128,3,20,40
434.1619824,39.00395354,-76.49840494,0.8045898488,3,20,40
434.2121566,39.00395448,-76.49840369,0.8052352397,3,20,40
434.2623653,39.00395541,-76.49840244,0.8058736523,3,20,40
434.3126679,39.00395635,-76.49840119,0.8065063317,3,20,40
434.3628878,39.00395728,-76.49839994,0.8071325689,3,20,40
434.4131209,39.00395822,-76.49839869,0.8077525589,3,20,40
434.4633282,39.00395915,-76.49839744,0.8083665621,3,20,40
434.5135255,39.00396008,-76.49839618,0.8089745344,3,20,40
434.5637285,39.00396101,-76.49839493,0.8109495423,3,20,40
434.6139331,39.00396194,-76.49839367,0.8128388619,3,20,40
434.6641388,39.00396287,-76.49839241,0.8147112428,3,20,40
434.7144013,39.00396379,-76.49839115,0.8165657151,3,20,40
434.7646731,39.00396472,-76.49838989,0.8184038249,3,20,40
434.8149271,39.00396564,-76.49838862,0.8202238606,3,20,40
434.8651639,39.00396656,-76.49838735,0.8220277251,3,20,40
434.9153836,39.00396748,-76.49838608,0.8238142732,3,20,40
434.9655922,39.00396839,-76.49838481,0.8255843546,3,20,40
435.0157954,39.00396931,-76.49838353,0.8273378367,3,20,40
435.0659684,39.00397022,-76.49838226,0.8290765252,3,20,40
435.1161473,39.00397113,-76.49838098,0.8307949706,3,20,40
435.1663809,39.00397204,-76.49837969,0.8325002184,3,20,40
435.2165685,39.00397295,-76.49837841,0.8341893835,3,20,40
435.2667936,39.00397385,-76.49837713,0.8358601234,3,20,40
435.3170281,39.00397476,-76.49837584,0.8375148111,3,20,40
435.3673052,39.00397566,-76.49837455,0.8391553737,3,20,40
435.4175491,39.00397656,-76.49837326,0.8407797153,3,20,40
435.4678383,39.00397746,-76.49837197,0.8423887754,3,20,40
435.5180994,39.00397836,-76.49837068,0.8439822985,3,20,40
435.5683459,39.00397926,-76.49836938,0.8455617557,3,20,40
435.6185725,39.00398015,-76.49836808,0.847125585,3,20,40
435.668882,39.00398104,-76.49836678,0.8486730321,3,20,40
435.7191911,39.00398194,-76.49836548,0.8502081554,3,20,40
435.7694298,39.00398282,-76.49836418,0.8517244652,3,20,40
435.819631,39.00398371,-76.49836287,0.8532275144,3,20,40
435.8698381,39.0039846,-76.49836157,0.854717279,3,20,40
435.9200533,39.00398549,-76.49836026,0.8561906105,3,20,40
435.9702823,39.00398637,-76.49835895,0.8576517204,3,20,40
436.0205424,39.00398725,-76.49835764,0.8590964489,3,20,40
436.0707917,39.00398813,-76.49835633,0.8605308474,3,20,40
436.1210495,39.00398901,-76.49835501,0.861946852,3,20,40
436.171317,39.00398989,-76.49835369,0.8633507651,3,20,40
436.2215779,39.00399077,-76.49835238,0.8647414729,3,20,40
436.2718183,39.00399164,-76.49835106,0.8661170316,3,20,40
436.3220516,39.00399252,-76.49834974,0.8674796714,3,20,40
436.3723005,39.00399339,-76.49834842,0.868830255,3,20,40
436.4225359,39.00399426,-76.49834709,0.8701657119,3,20,40
436.4727784,39.00399513,-76.49834577,0.8714885821,3,20,40
436.5230358,39.003996,-76.49834444,0.8727988865,3,20,40
436.5733265,39.00399693,-76.49834301,0.8740962085,3,20,40
436.6235563,39.00399773,-76.49834178,0.8754750562,3,20,40
436.6738127,39.00399859,-76.49834045,0.8766517278,3,20,40
436.7240698,39.00399946,-76.49833912,0.877910173,3,20,40
436.7745184,39.00400032,-76.49833778,0.8791577497,3,20,40
436.8247589,39.00400118,-76.49833645,0.8803904693,3,20,40
436.8749695,39.00400204,-76.49833511,0.8816125526,3,20,40
436.9253459,39.0040029,-76.49833377,0.8828224152,3,20,40
436.9756926,39.00400375,-76.49833244,0.884019917,3,20,40
437.025984,39.00400546,-76.49832975,0.8863784225,3,20,40
437.0762332,39.00400632,-76.49832841,0.8875395049,3,20,40
437.1264573,39.00400717,-76.49832707,0.888690603,3,20,40
437.1766824,39.00400802,-76.49832572,0.8898292057,3,20,40
437.2268716,39.00400887,-76.49832437,0.8909555121,3,20,40
437.277047,39.00400972,-76.49832303,0.8920727415,3,20,40
437.3272783,39.00401056,-76.49832168,0.8931758088,3,20,40
437.3774649,39.00401141,-76.49832033,0.8942692724,3,20,40
437.4276607,39.00401226,-76.49831897,0.8953521793,3,20,40
437.4778344,39.0040131,-76.49831762,0.8964242899,3,20,40
437.5280302,39.00401394,-76.49831627,0.8974851048,3,20,40
437.5782322,39.00401478,-76.49831491,0.8985343534,3,20,40
437.628492,39.00401562,-76.49831356,0.8995749415,3,20,40
437.6787175,39.00401646,-76.4983122,0.9006035584,3,20,40
437.7289595,39.0040173,-76.49831084,0.9016219561,3,20,40
437.7791766,39.00401814,-76.49830948,0.9026294488,3,20,40
437.8294609,39.00401897,-76.49830812,0.9036276556,3,20,40
437.8796681,39.00401981,-76.49830676,0.9046152979,3,20,40
437.9299339,39.00402064,-76.4983054,0.905593913,3,20,40
437.9801629,39.00402147,-76.49830404,0.9065619139,3,20,40
438.0304396,39.00402231,-76.49830267,0.9075192559,3,20,40
438.0806367,39.00402314,-76.4983013,0.9084675514,3,20,40
438.1308949,39.00402397,-76.49829994,0.9094072624,3,20,40
438.1811264,39.0040248,-76.49829857,0.9103354807,3,20,40
438.2313153,39.00402562,-76.4982972,0.9112559147,3,20,40
438.281491,39.00402645,-76.49829583,0.9121660534,3,20,40
438.3316469,39.00402728,-76.49829446,0.9130675673,3,20,40
438.3818083,39.0040281,-76.49829309,0.9139594833,3,20,40
438.4319749,39.00402893,-76.49829172,0.9148418188,3,20,40
438.4821573,39.00402975,-76.49829034,0.9157155776,3,20,40
438.5323087,39.00403057,-76.49828897,0.9165805627,3,20,40
438.5825267,39.00403139,-76.49828759,0.9174359522,3,20,40
438.6327011,39.00403221,-76.49828622,0.9182841172,3,20,40
438.6829013,39.00403303,-76.49828484,0.9191221058,3,20,40
438.7330683,39.00403385,-76.49828347,0.9199521178,3,20,40
438.7832731,39.00403467,-76.49828209,0.9207728332,3,20,40
438.8334525,39.00403549,-76.49828071,0.9215861979,3,20,40
438.8836898,39.0040363,-76.49827933,0.9223903185,3,20,40
438.9338772,39.00403712,-76.49827795,0.9231874383,3,20,40
438.9841376,39.00403793,-76.49827656,0.923975558,3,20,40
439.034355,39.00403875,-76.49827518,0.9247566293,3,20,40
439.0845166,39.00403956,-76.4982738,0.9255278464,3,20,40
439.1346762,39.00404037,-76.49827241,0.9262922845,3,20,40
439.1848559,39.00404118,-76.49827103,0.9270479526,3,20,40
439.2350282,39.00404199,-76.49826964,0.9277971733,3,20,40
439.2852249,39.0040428,-76.49826826,0.928537826,3,20,40
439.3353885,39.00404361,-76.49826687,0.9292703013,3,20,40
439.3855955,39.00404442,-76.49826548,0.9299961146,3,20,40
439.4357757,39.00404522,-76.49826409,0.9307145904,3,20,40
439.4859871,39.00404603,-76.4982627,0.9314252652,3,20,40
439.5362338,39.00404683,-76.49826131,0.9321289619,3,20,40
439.5864397,39.00404763,-76.49825995,0.9321289619,2.94999259,20,40
